time,status,treat,Group,curve
0.1891891891891892,1,1,Group1,0
0.5675675675675675,1,1,Group1,0
0.8986486486486487,1,1,Group1,0
1.1824324324324325,0,1,Group1,0
1.608108108108108,1,1,Group1,0
1.7027027027027029,1,1,Group1,0
2.222972972972973,0,1,Group1,0
2.885135135135135,1,1,Group1,0
3.310810810810811,1,1,Group1,0
3.4290540540540544,0,1,Group1,0
3.452702702702703,1,1,Group1,0
4.067567567567568,1,1,Group1,0
4.398648648648649,0,1,Group1,0
4.777027027027027,1,1,Group1,0
5.202702702702703,1,1,Group1,0
5.486486486486487,1,1,Group1,0
5.581081081081082,1,1,Group1,0
5.699324324324325,0,1,Group1,0
5.722972972972974,1,1,Group1,0
5.95945945945946,1,1,Group1,0
6.101351351351352,1,1,Group1,0
6.83445945945946,0,1,Group1,0
6.952702702702704,1,1,Group1,0
8.182432432432433,1,1,Group1,0
9.743243243243244,1,1,Group1,0
9.932432432432432,0,1,Group1,0
10.358108108108109,1,1,Group1,0
10.783783783783784,1,1,Group1,0
11.162162162162163,1,1,Group1,0
12.06081081081081,0,1,Group1,0
13.195945945945947,1,1,Group1,0
13.290540540540542,1,1,Group1,0
13.716216216216218,1,1,Group1,0
14.780405405405409,0,1,Group1,0
16.033783783783786,1,1,Group1,0
16.506756756756758,1,1,Group1,0
18.777027027027028,1,1,Group1,0
20.66891891891892,1,1,Group1,0
21.804054054054056,1,1,Group1,0
23.695945945945944,0,1,Group1,0
25.777027027027028,1,1,Group1,0
28.331081081081084,1,1,Group1,0
28.614864864864867,1,1,Group1,0
28.945945945945947,1,1,Group1,0
28.99324324324325,1,1,Group1,0
30.695945945945947,1,1,Group1,0
32.77702702702703,0,1,Group1,0
35.0945945945946,1,1,Group1,0
37.270270270270274,1,1,Group1,0
37.270270270270274,1,1,Group1,0
45.26351351351352,1,1,Group1,0
47.722972972972975,1,1,Group1,0
57.13513513513514,1,1,Group1,0
61.3445945945946,1,1,Group1,0
62.71621621621622,0,1,Group1,0
