time,status,treat,Group,curve
0.3103448275862069,0,1,Group1,0
0.6827586206896552,1,1,Group1,0
0.8275862068965517,0,1,Group1,0
1.0551724137931031,1,1,Group1,0
1.06551724137931,0,1,Group1,0
1.3241379310344827,1,1,Group1,0
1.5413793103448277,0,1,Group1,0
1.7586206896551724,1,1,Group1,0
1.7793103448275862,0,1,Group1,0
1.8413793103448275,1,1,Group1,0
2.886206896551724,0,1,Group1,0
2.886206896551724,0,1,Group1,0
2.886206896551724,0,1,Group1,0
2.886206896551724,0,1,Group1,0
2.886206896551724,0,1,Group1,0
4.0344827586206895,1,1,Group1,0
4.975862068965517,0,1,Group1,0
4.975862068965517,0,1,Group1,0
4.975862068965517,0,1,Group1,0
4.975862068965517,0,1,Group1,0
4.975862068965517,0,1,Group1,0
4.975862068965517,0,1,Group1,0
4.975862068965517,0,1,Group1,0
5.937931034482759,1,1,Group1,0
6.289655172413793,0,1,Group1,0
6.289655172413793,0,1,Group1,0
6.744827586206896,1,1,Group1,0
8.493103448275862,0,1,Group1,0
8.493103448275862,0,1,Group1,0
10.344827586206897,1,1,Group1,0
11.13103448275862,0,1,Group1,0
12.020689655172411,1,1,Group1,0
12.703448275862067,1,1,Group1,0
14.441379310344828,1,1,Group1,0
14.606896551724136,1,1,Group1,0
15.33103448275862,1,1,Group1,0
21.196551724137933,0,1,Group1,0
27.16551724137931,0,1,Group1,0
