time,status,treat,Group,curve
0.7123287671232876,1,1,Group1,0
0.8904109589041096,1,1,Group1,0
1.1130136986301369,0,1,Group1,0
1.6027397260273972,1,1,Group1,0
1.7808219178082192,1,1,Group1,0
2.1369863013698627,1,1,Group1,0
2.448630136986301,0,1,Group1,0
2.9383561643835616,1,1,Group1,0
3.294520547945205,1,1,Group1,0
3.294520547945205,1,1,Group1,0
3.606164383561644,0,1,Group1,0
4.363013698630136,1,1,Group1,0
4.541095890410959,1,1,Group1,0
4.763698630136986,0,1,Group1,0
5.476027397260274,0,1,Group1,0
6.232876712328767,1,1,Group1,0
6.58904109589041,1,1,Group1,0
7.078767123287671,0,1,Group1,0
7.212328767123287,1,1,Group1,0
7.568493150684931,1,1,Group1,0
7.96917808219178,0,1,Group1,0
8.726027397260273,1,1,Group1,0
9.482876712328768,0,1,Group1,0
9.883561643835616,1,1,Group1,0
10.462328767123289,0,1,Group1,0
11.397260273972602,1,1,Group1,0
12.109589041095887,0,1,Group1,0
13.17808219178082,1,1,Group1,0
14.691780821917808,1,1,Group1,0
14.869863013698629,1,1,Group1,0
15.404109589041097,1,1,Group1,0
15.76027397260274,1,1,Group1,0
16.65068493150685,1,1,Group1,0
17.006849315068493,1,1,Group1,0
17.184931506849313,1,1,Group1,0
19.410958904109588,1,1,Group1,0
20.56849315068493,1,1,Group1,0
20.65753424657534,1,1,Group1,0
22.171232876712327,0,1,Group1,0
23.952054794520546,1,1,Group1,0
25.732876712328764,1,1,Group1,0
25.732876712328764,1,1,Group1,0
28.93835616438356,1,1,Group1,0
31.96575342465753,1,1,Group1,0
33.47945205479452,0,1,Group1,0
35.43835616438356,1,1,Group1,0
37.842465753424655,1,1,Group1,0
40.602739726027394,1,1,Group1,0
76.75342465753424,1,1,Group1,0
120.2054794520548,1,1,Group1,0
