time,status,treat,Group,curve
0.0743801652892562,1,1,Group1,0
0.2231404958677686,1,1,Group1,0
0.371900826446281,1,1,Group1,0
0.4462809917355372,1,1,Group1,0
0.5206611570247934,1,1,Group1,0
0.6198347107438017,1,1,Group1,0
0.6446280991735538,1,1,Group1,0
0.8925619834710744,1,1,Group1,0
0.9173553719008264,1,1,Group1,0
1.115702479338843,1,1,Group1,0
1.2148760330578512,1,1,Group1,0
1.5,0,1,Group1,0
1.512396694214876,1,1,Group1,0
1.5619834710743803,1,1,Group1,0
1.6611570247933884,1,1,Group1,0
1.7107438016528926,1,1,Group1,0
1.7355371900826446,1,1,Group1,0
1.9090909090909087,1,1,Group1,0
1.9586776859504127,1,1,Group1,0
1.983471074380165,1,1,Group1,0
2.008264462809917,1,1,Group1,0
2.15702479338843,1,1,Group1,0
2.231404958677686,1,1,Group1,0
2.28099173553719,1,1,Group1,0
2.3801652892561984,1,1,Group1,0
2.925619834710744,1,1,Group1,0
3.074380165289256,1,1,Group1,0
3.1239669421487606,1,1,Group1,0
3.2231404958677685,1,1,Group1,0
3.5702479338842976,1,1,Group1,0
3.59504132231405,1,1,Group1,0
3.6198347107438016,1,1,Group1,0
3.6942148760330578,1,1,Group1,0
3.9421487603305785,1,1,Group1,0
4.041322314049587,1,1,Group1,0
4.413223140495868,1,1,Group1,0
4.462809917355372,1,1,Group1,0
4.834710743801653,1,1,Group1,0
4.933884297520661,1,1,Group1,0
5.206611570247934,1,1,Group1,0
5.305785123966943,1,1,Group1,0
5.479338842975206,1,1,Group1,0
5.900826446280992,1,1,Group1,0
6.223140495867769,1,1,Group1,0
7.413223140495868,1,1,Group1,0
7.56198347107438,1,1,Group1,0
7.648760330578512,0,1,Group1,0
7.859504132231405,1,1,Group1,0
8.008264462809917,1,1,Group1,0
8.75206611570248,1,1,Group1,0
8.801652892561984,1,1,Group1,0
9.347107438016527,1,1,Group1,0
9.644628099173554,1,1,Group1,0
10.611570247933884,1,1,Group1,0
11.206611570247937,1,1,Group1,0
11.776859504132233,1,1,Group1,0
11.801652892561984,1,1,Group1,0
11.975206611570249,1,1,Group1,0
12.570247933884298,1,1,Group1,0
13.165289256198347,1,1,Group1,0
13.723140495867767,0,1,Group1,0
14.305785123966942,1,1,Group1,0
15.024793388429751,1,1,Group1,0
19.46280991735537,1,1,Group1,0
25.1404958677686,1,1,Group1,0
29.97520661157025,1,1,Group1,0
32.15702479338843,1,1,Group1,0
