time,status,treat,Group,curve
0.3513513513513513,0,1,Arm A,0
0.7837837837837838,0,1,Arm A,0
0.8108108108108109,1,1,Arm A,0
1.1621621621621625,0,1,Arm A,0
1.1891891891891893,1,1,Arm A,0
1.4054054054054057,1,1,Arm A,0
1.5405405405405406,0,1,Arm A,0
1.6216216216216215,1,1,Arm A,0
2.5675675675675675,0,1,Arm A,0
2.5675675675675675,0,1,Arm A,0
2.5675675675675675,0,1,Arm A,0
2.5675675675675675,0,1,Arm A,0
2.5675675675675675,0,1,Arm A,0
3.675675675675676,1,1,Arm A,0
4.972972972972974,0,1,Arm A,0
4.972972972972974,0,1,Arm A,0
4.972972972972974,0,1,Arm A,0
4.972972972972974,0,1,Arm A,0
4.972972972972974,0,1,Arm A,0
4.972972972972974,0,1,Arm A,0
4.972972972972974,0,1,Arm A,0
6.378378378378379,0,1,Arm A,0
6.594594594594595,1,1,Arm A,0
6.594594594594595,1,1,Arm A,0
7.324324324324325,0,1,Arm A,0
7.324324324324325,0,1,Arm A,0
7.324324324324325,0,1,Arm A,0
8.108108108108109,1,1,Arm A,0
8.91891891891892,1,1,Arm A,0
9.027027027027028,1,1,Arm A,0
10.108108108108109,1,1,Arm A,0
11.324324324324326,0,1,Arm A,0
12.702702702702704,1,1,Arm A,0
13.297297297297298,1,1,Arm A,0
13.351351351351353,1,1,Arm A,0
16.945945945945947,0,1,Arm A,0
16.945945945945947,0,1,Arm A,0
20.702702702702705,1,1,Arm A,0
21.54054054054054,0,1,Arm A,0
22.54054054054054,1,1,Arm A,0
22.5945945945946,1,1,Arm A,0
29.91891891891892,0,1,Arm A,0
29.91891891891892,0,1,Arm A,0
29.91891891891892,0,1,Arm A,0
29.91891891891892,0,1,Arm A,0
29.91891891891892,0,1,Arm A,0
29.91891891891892,0,1,Arm A,0
29.91891891891892,0,1,Arm A,0
29.91891891891892,0,1,Arm A,0
37.51351351351352,1,1,Arm A,0
71.94594594594595,0,1,Arm A,0
72.0,0,1,Arm A,0
