time,status,treat,Group,curve
1.4421768707482994,1,1,Group1,0
4.146258503401361,0,1,Group1,0
6.489795918367348,1,1,Group1,0
7.210884353741497,1,1,Group1,0
7.571428571428572,1,1,Group1,0
7.751700680272109,0,1,Group1,0
8.292517006802722,1,1,Group1,0
8.653061224489797,1,1,Group1,0
9.013605442176871,1,1,Group1,0
11.17687074829932,0,1,Group1,0
12.258503401360544,1,1,Group1,0
15.32312925170068,0,1,Group1,0
15.50340136054422,1,1,Group1,0
18.027210884353742,1,1,Group1,0
18.027210884353742,1,1,Group1,0
18.74829931972789,0,1,Group1,0
19.46938775510204,1,1,Group1,0
20.911564625850342,1,1,Group1,0
22.89455782312925,0,1,Group1,0
26.5,0,1,Group1,0
26.68027210884354,1,1,Group1,0
28.843537414965983,1,1,Group1,0
29.92517006802721,1,1,Group1,0
30.465986394557824,0,1,Group1,0
32.08843537414966,1,1,Group1,0
32.44897959183674,1,1,Group1,0
34.61224489795919,0,1,Group1,0
38.0374149659864,0,1,Group1,0
39.65986394557823,1,1,Group1,0
41.642857142857146,0,1,Group1,0
43.98639455782313,1,1,Group1,0
45.60884353741497,0,1,Group1,0
46.14965986394558,1,1,Group1,0
48.13265306122449,0,1,Group1,0
51.5578231292517,1,1,Group1,0
52.63945578231293,1,1,Group1,0
54.802721088435376,0,1,Group1,0
58.7687074829932,1,1,Group1,0
59.12925170068027,1,1,Group1,0
65.61904761904762,1,1,Group1,0
67.06122448979592,1,1,Group1,0
68.50340136054422,1,1,Group1,0
74.27210884353741,0,1,Group1,0
82.20408163265306,1,1,Group1,0
92.4795918367347,0,1,Group1,0
92.4795918367347,0,1,Group1,0
103.1156462585034,1,1,Group1,0
103.1156462585034,1,1,Group1,0
116.45578231292518,1,1,Group1,0
127.99319727891157,1,1,Group1,0
162.24489795918367,1,1,Group1,0
214.52380952380952,1,1,Group1,0
307.18367346938777,1,1,Group1,0
480.2448979591837,0,1,Group1,0
