time,status,treat,Group,curve
0.3287671232876712,1,1,Group1,0
0.547945205479452,1,1,Group1,0
1.095890410958904,1,1,Group1,0
1.3150684931506849,1,1,Group1,0
2.73972602739726,1,1,Group1,0
2.73972602739726,1,1,Group1,0
2.958904109589041,1,1,Group1,0
2.958904109589041,1,1,Group1,0
4.493150684931507,1,1,Group1,0
4.712328767123287,1,1,Group1,0
6.2465753424657535,1,1,Group1,0
7.232876712328767,1,1,Group1,0
8.657534246575342,1,1,Group1,0
8.767123287671232,1,1,Group1,0
8.876712328767123,1,1,Group1,0
9.643835616438356,1,1,Group1,0
10.082191780821915,1,1,Group1,0
11.068493150684931,1,1,Group1,0
13.47945205479452,1,1,Group1,0
13.80821917808219,1,1,Group1,0
13.91780821917808,1,1,Group1,0
13.91780821917808,1,1,Group1,0
13.91780821917808,1,1,Group1,0
15.780821917808218,1,1,Group1,0
16.65753424657534,1,1,Group1,0
16.767123287671232,1,1,Group1,0
16.986301369863014,1,1,Group1,0
18.082191780821915,1,1,Group1,0
18.63013698630137,1,1,Group1,0
19.06849315068493,1,1,Group1,0
19.28767123287671,1,1,Group1,0
20.493150684931507,1,1,Group1,0
20.602739726027394,1,1,Group1,0
21.04109589041096,1,1,Group1,0
22.575342465753423,1,1,Group1,0
25.863013698630134,1,1,Group1,0
26.082191780821915,1,1,Group1,0
27.06849315068493,1,1,Group1,0
27.17808219178082,1,1,Group1,0
28.712328767123285,1,1,Group1,0
39.45205479452055,1,1,Group1,0
39.78082191780822,1,1,Group1,0
48.43835616438356,1,1,Group1,0
50.630136986301366,1,1,Group1,0
52.71232876712328,1,1,Group1,0
58.3013698630137,1,1,Group1,0
67.2876712328767,1,1,Group1,0
83.39726027397259,1,1,Group1,0
147.72602739726025,1,1,Group1,0
