time,status,treat,Group,curve
0.983108108108108,0,1,Group1,0
0.9932432432432432,1,1,Group1,0
1.4594594594594597,1,1,Group1,0
1.722972972972973,1,1,Group1,0
2.0371621621621623,0,1,Group1,0
2.4324324324324325,1,1,Group1,0
2.472972972972973,1,1,Group1,0
2.777027027027027,1,1,Group1,0
3.35472972972973,0,1,Group1,0
3.993243243243243,1,1,Group1,0
4.256756756756757,1,1,Group1,0
4.925675675675675,0,1,Group1,0
4.925675675675675,0,1,Group1,0
5.655405405405406,1,1,Group1,0
5.675675675675676,1,1,Group1,0
5.756756756756757,1,1,Group1,0
5.766891891891892,0,1,Group1,0
6.466216216216217,1,1,Group1,0
6.993243243243244,1,1,Group1,0
7.966216216216217,1,1,Group1,0
8.108108108108109,1,1,Group1,0
8.837837837837839,1,1,Group1,0
9.58783783783784,1,1,Group1,0
10.43918918918919,1,1,Group1,0
10.641891891891891,0,1,Group1,0
10.945945945945947,1,1,Group1,0
12.02027027027027,1,1,Group1,0
12.445945945945947,1,1,Group1,0
12.932432432432432,1,1,Group1,0
13.246621621621625,0,1,Group1,0
13.641891891891891,1,1,Group1,0
15.060810810810812,1,1,Group1,0
15.68918918918919,1,1,Group1,0
20.716216216216218,1,1,Group1,0
20.7972972972973,1,1,Group1,0
26.614864864864867,0,1,Group1,0
