time,status,treat,Group,curve
0.1458333333333333,1,1,Group1,0
0.1944444444444444,1,1,Group1,0
0.3888888888888889,1,1,Group1,0
1.1666666666666667,1,1,Group1,0
1.2638888888888888,1,1,Group1,0
2.1875,1,1,Group1,0
2.5277777777777777,1,1,Group1,0
2.9652777777777777,0,1,Group1,0
3.548611111111111,1,1,Group1,0
3.8402777777777777,1,1,Group1,0
4.083333333333333,1,1,Group1,0
4.326388888888889,1,1,Group1,0
5.201388888888889,1,1,Group1,0
5.25,1,1,Group1,0
5.274305555555555,0,1,Group1,0
5.347222222222222,1,1,Group1,0
5.493055555555555,1,1,Group1,0
6.076388888888889,1,1,Group1,0
6.222222222222222,1,1,Group1,0
6.708333333333333,1,1,Group1,0
8.26388888888889,1,1,Group1,0
9.09027777777778,1,1,Group1,0
9.13888888888889,1,1,Group1,0
9.430555555555555,1,1,Group1,0
9.916666666666666,1,1,Group1,0
10.01388888888889,1,1,Group1,0
11.034722222222223,1,1,Group1,0
12.29861111111111,1,1,Group1,0
12.784722222222223,1,1,Group1,0
13.46527777777778,1,1,Group1,0
15.118055555555555,1,1,Group1,0
15.36111111111111,1,1,Group1,0
15.555555555555555,1,1,Group1,0
15.65277777777778,1,1,Group1,0
15.70138888888889,1,1,Group1,0
17.645833333333332,1,1,Group1,0
17.84027777777778,1,1,Group1,0
18.569444444444446,1,1,Group1,0
18.61805555555556,1,1,Group1,0
19.979166666666668,1,1,Group1,0
20.51388888888889,1,1,Group1,0
21.24305555555556,1,1,Group1,0
21.291666666666668,1,1,Group1,0
24.256944444444446,1,1,Group1,0
24.40277777777778,1,1,Group1,0
30.33333333333333,1,1,Group1,0
32.520833333333336,1,1,Group1,0
32.71527777777778,1,1,Group1,0
38.15972222222222,1,1,Group1,0
38.98611111111112,1,1,Group1,0
48.80555555555556,1,1,Group1,0
53.42361111111112,1,1,Group1,0
54.59027777777778,1,1,Group1,0
58.72222222222222,1,1,Group1,0
65.86805555555556,0,1,Group1,0
