time,status,treat,Group,curve
0.0384615384615384,1,1,Group1,0
0.2307692307692307,1,1,Group1,0
0.576923076923077,1,1,Group1,0
0.8846153846153847,1,1,Group1,0
1.1730769230769231,0,1,Group1,0
1.653846153846154,1,1,Group1,0
1.8461538461538465,1,1,Group1,0
2.307692307692308,1,1,Group1,0
2.384615384615385,0,1,Group1,0
2.4615384615384617,1,1,Group1,0
3.5,0,1,Group1,0
4.423076923076923,1,1,Group1,0
4.5769230769230775,1,1,Group1,0
5.288461538461538,0,1,Group1,0
6.115384615384616,1,1,Group1,0
6.384615384615385,1,1,Group1,0
6.538461538461539,1,1,Group1,0
6.75,0,1,Group1,0
7.230769230769231,1,1,Group1,0
7.288461538461539,0,1,Group1,0
7.538461538461539,1,1,Group1,0
7.76923076923077,0,1,Group1,0
7.961538461538462,1,1,Group1,0
8.115384615384615,1,1,Group1,0
8.576923076923077,0,1,Group1,0
8.692307692307693,1,1,Group1,0
9.576923076923077,0,1,Group1,0
9.576923076923077,0,1,Group1,0
10.653846153846157,1,1,Group1,0
11.384615384615383,1,1,Group1,0
12.057692307692308,0,1,Group1,0
12.923076923076923,1,1,Group1,0
13.365384615384617,0,1,Group1,0
14.0,1,1,Group1,0
15.076923076923078,1,1,Group1,0
15.692307692307692,1,1,Group1,0
16.5,0,1,Group1,0
17.346153846153847,1,1,Group1,0
18.76923076923077,0,1,Group1,0
20.384615384615387,1,1,Group1,0
21.03846153846154,0,1,Group1,0
21.884615384615387,1,1,Group1,0
22.57692307692308,0,1,Group1,0
23.423076923076923,1,1,Group1,0
23.78846153846154,0,1,Group1,0
23.884615384615387,1,1,Group1,0
25.07692307692308,1,1,Group1,0
25.65384615384616,1,1,Group1,0
26.192307692307693,1,1,Group1,0
28.423076923076923,1,1,Group1,0
28.73076923076924,1,1,Group1,0
29.57692307692308,1,1,Group1,0
39.92307692307693,1,1,Group1,0
40.46153846153847,1,1,Group1,0
43.80769230769231,1,1,Group1,0
52.0,1,1,Group1,0
