time,status,treat,Group,curve
0.4225352112676056,1,1,Group1,0
0.676056338028169,1,1,Group1,0
0.8450704225352113,1,1,Group1,0
1.5211267605633805,1,1,Group1,0
1.7746478873239435,1,1,Group1,0
2.028169014084507,1,1,Group1,0
2.112676056338028,1,1,Group1,0
2.788732394366197,1,1,Group1,0
3.126760563380281,1,1,Group1,0
3.211267605633803,1,1,Group1,0
3.549295774647887,1,1,Group1,0
3.971830985915493,0,1,Group1,0
4.225352112676056,1,1,Group1,0
4.309859154929577,1,1,Group1,0
4.47887323943662,1,1,Group1,0
4.732394366197183,1,1,Group1,0
4.985915492957746,1,1,Group1,0
6.338028169014084,1,1,Group1,0
6.845070422535211,1,1,Group1,0
7.183098591549296,1,1,Group1,0
7.52112676056338,1,1,Group1,0
7.690140845070422,1,1,Group1,0
8.028169014084508,0,1,Group1,0
8.19718309859155,1,1,Group1,0
10.732394366197182,1,1,Group1,0
10.901408450704226,1,1,Group1,0
10.985915492957746,1,1,Group1,0
12.253521126760564,1,1,Group1,0
12.591549295774648,1,1,Group1,0
14.028169014084506,1,1,Group1,0
14.197183098591548,1,1,Group1,0
14.619718309859154,1,1,Group1,0
15.04225352112676,1,1,Group1,0
15.211267605633802,1,1,Group1,0
15.887323943661972,1,1,Group1,0
15.887323943661972,1,1,Group1,0
16.309859154929576,1,1,Group1,0
18.422535211267604,1,1,Group1,0
19.6056338028169,1,1,Group1,0
19.690140845070424,1,1,Group1,0
22.816901408450704,1,1,Group1,0
24.507042253521128,1,1,Group1,0
24.591549295774648,1,1,Group1,0
25.943661971830984,1,1,Group1,0
27.633802816901408,1,1,Group1,0
29.028169014084504,0,1,Group1,0
30.507042253521128,1,1,Group1,0
33.71830985915493,1,1,Group1,0
36.08450704225352,1,1,Group1,0
50.95774647887324,1,1,Group1,0
73.01408450704226,1,1,Group1,0
114.50704225352112,0,1,Group1,0
