time,status,treat,Group,curve
0.1458333333333333,1,1,Group1,0
0.1944444444444444,1,1,Group1,0
0.4375,1,1,Group1,0
0.7777777777777778,1,1,Group1,0
0.9236111111111112,1,1,Group1,0
1.3125,1,1,Group1,0
1.3611111111111112,1,1,Group1,0
1.8472222222222223,1,1,Group1,0
1.9444444444444444,1,1,Group1,0
2.5277777777777777,1,1,Group1,0
3.1597222222222223,1,1,Group1,0
3.451388888888889,1,1,Group1,0
3.5,1,1,Group1,0
3.572916666666667,0,1,Group1,0
3.6458333333333335,1,1,Group1,0
3.9375,1,1,Group1,0
4.034722222222222,1,1,Group1,0
4.472222222222222,1,1,Group1,0
4.666666666666667,1,1,Group1,0
4.715277777777778,1,1,Group1,0
6.173611111111112,1,1,Group1,0
6.270833333333333,1,1,Group1,0
6.416666666666667,1,1,Group1,0
6.805555555555555,1,1,Group1,0
7.340277777777778,1,1,Group1,0
7.4375,1,1,Group1,0
7.729166666666667,1,1,Group1,0
8.26388888888889,1,1,Group1,0
9.041666666666666,1,1,Group1,0
9.13888888888889,1,1,Group1,0
9.479166666666666,1,1,Group1,0
10.0625,1,1,Group1,0
10.645833333333334,1,1,Group1,0
12.73611111111111,1,1,Group1,0
15.118055555555555,1,1,Group1,0
15.458333333333334,1,1,Group1,0
16.333333333333332,1,1,Group1,0
17.88888888888889,1,1,Group1,0
19.104166666666668,1,1,Group1,0
19.73611111111111,1,1,Group1,0
20.46527777777778,1,1,Group1,0
21.631944444444446,1,1,Group1,0
22.944444444444446,1,1,Group1,0
24.11111111111111,1,1,Group1,0
24.15972222222222,1,1,Group1,0
24.45138888888889,1,1,Group1,0
25.71527777777778,1,1,Group1,0
26.93055555555556,1,1,Group1,0
29.26388888888889,1,1,Group1,0
30.67361111111111,1,1,Group1,0
39.71527777777778,1,1,Group1,0
39.76388888888889,1,1,Group1,0
51.43055555555556,1,1,Group1,0
65.77083333333333,1,1,Group1,0
