time,status,treat,Group,curve
0.5289256198347108,0,1,Group1,0
0.5289256198347108,0,1,Group1,0
0.5289256198347108,0,1,Group1,0
0.5289256198347108,0,1,Group1,0
0.5289256198347108,0,1,Group1,0
0.5289256198347108,0,1,Group1,0
1.1074380165289257,1,1,Group1,0
2.0826446280991737,0,1,Group1,0
2.0826446280991737,0,1,Group1,0
2.0826446280991737,0,1,Group1,0
2.0826446280991737,0,1,Group1,0
2.0826446280991737,0,1,Group1,0
2.0826446280991737,0,1,Group1,0
2.0826446280991737,0,1,Group1,0
2.0826446280991737,0,1,Group1,0
2.0826446280991737,0,1,Group1,0
2.0826446280991737,0,1,Group1,0
2.0826446280991737,0,1,Group1,0
3.1404958677685952,1,1,Group1,0
3.652892561983471,0,1,Group1,0
3.652892561983471,0,1,Group1,0
3.652892561983471,0,1,Group1,0
3.652892561983471,0,1,Group1,0
3.652892561983471,0,1,Group1,0
4.264462809917355,1,1,Group1,0
5.066115702479339,0,1,Group1,0
5.066115702479339,0,1,Group1,0
5.066115702479339,0,1,Group1,0
5.950413223140496,1,1,Group1,0
6.066115702479339,1,1,Group1,0
6.595041322314049,1,1,Group1,0
6.84297520661157,0,1,Group1,0
7.1735537190082646,1,1,Group1,0
7.636363636363637,0,1,Group1,0
8.181818181818182,1,1,Group1,0
8.743801652892563,1,1,Group1,0
9.305785123966942,1,1,Group1,0
10.214876033057852,1,1,Group1,0
15.537190082644628,1,1,Group1,0
15.801652892561986,0,1,Group1,0
16.09917355371901,1,1,Group1,0
21.743801652892564,0,1,Group1,0
