time,status,treat,Group,curve
0.5704225352112676,0,1,Group1,0
0.5704225352112676,0,1,Group1,0
0.5704225352112676,0,1,Group1,0
0.5704225352112676,0,1,Group1,0
0.5704225352112676,0,1,Group1,0
0.5704225352112676,0,1,Group1,0
0.5704225352112676,0,1,Group1,0
0.5704225352112676,0,1,Group1,0
0.5704225352112676,0,1,Group1,0
1.1690140845070425,1,1,Group1,0
1.3661971830985915,0,1,Group1,0
1.3661971830985915,0,1,Group1,0
1.3661971830985915,0,1,Group1,0
1.3661971830985915,0,1,Group1,0
1.619718309859155,1,1,Group1,0
1.711267605633803,0,1,Group1,0
1.711267605633803,0,1,Group1,0
1.8591549295774648,1,1,Group1,0
1.943661971830986,0,1,Group1,0
2.0704225352112675,1,1,Group1,0
2.274647887323944,0,1,Group1,0
2.3380281690140845,1,1,Group1,0
2.711267605633803,0,1,Group1,0
2.711267605633803,0,1,Group1,0
2.711267605633803,0,1,Group1,0
3.154929577464789,1,1,Group1,0
3.330985915492958,0,1,Group1,0
3.591549295774648,1,1,Group1,0
3.690140845070423,0,1,Group1,0
3.7887323943661975,1,1,Group1,0
3.845070422535212,1,1,Group1,0
3.992957746478873,0,1,Group1,0
4.211267605633803,1,1,Group1,0
4.253521126760563,1,1,Group1,0
5.056338028169014,0,1,Group1,0
5.056338028169014,0,1,Group1,0
5.929577464788733,1,1,Group1,0
7.69718309859155,0,1,Group1,0
7.69718309859155,0,1,Group1,0
7.69718309859155,0,1,Group1,0
7.69718309859155,0,1,Group1,0
9.535211267605634,1,1,Group1,0
10.070422535211268,0,1,Group1,0
10.67605633802817,1,1,Group1,0
12.563380281690142,1,1,Group1,0
14.28169014084507,1,1,Group1,0
16.380281690140844,0,1,Group1,0
18.549295774647888,1,1,Group1,0
