time,status,treat,Group,curve
0.2312925170068027,1,1,Group1,0
0.4625850340136054,1,1,Group1,0
0.5782312925170068,1,1,Group1,0
0.8095238095238095,1,1,Group1,0
1.0408163265306123,1,1,Group1,0
1.3299319727891157,0,1,Group1,0
2.0816326530612246,1,1,Group1,0
2.197278911564626,1,1,Group1,0
2.312925170068027,1,1,Group1,0
2.54421768707483,1,1,Group1,0
2.7755102040816326,1,1,Group1,0
3.238095238095238,0,1,Group1,0
3.700680272108844,1,1,Group1,0
4.278911564625851,1,1,Group1,0
4.568027210884354,0,1,Group1,0
4.625850340136054,1,1,Group1,0
5.204081632653061,1,1,Group1,0
5.666666666666667,1,1,Group1,0
5.8979591836734695,1,1,Group1,0
6.129251700680273,0,1,Group1,0
6.707482993197279,1,1,Group1,0
7.285714285714286,0,1,Group1,0
8.4421768707483,1,1,Group1,0
9.078231292517009,0,1,Group1,0
9.136054421768709,1,1,Group1,0
9.598639455782314,1,1,Group1,0
10.06122448979592,1,1,Group1,0
10.17687074829932,1,1,Group1,0
10.523809523809526,0,1,Group1,0
11.10204081632653,1,1,Group1,0
12.085034013605442,0,1,Group1,0
12.489795918367347,1,1,Group1,0
12.60544217687075,1,1,Group1,0
12.83673469387755,1,1,Group1,0
13.41496598639456,0,1,Group1,0
13.877551020408164,1,1,Group1,0
14.571428571428571,1,1,Group1,0
14.976190476190476,0,1,Group1,0
15.959183673469388,1,1,Group1,0
16.421768707482993,1,1,Group1,0
16.595238095238095,0,1,Group1,0
16.768707482993197,1,1,Group1,0
18.61904761904762,1,1,Group1,0
18.965986394557824,1,1,Group1,0
19.54421768707483,1,1,Group1,0
21.16326530612245,1,1,Group1,0
21.27891156462585,1,1,Group1,0
26.02040816326531,1,1,Group1,0
26.07823129251701,0,1,Group1,0
32.72789115646258,1,1,Group1,0
32.72789115646258,1,1,Group1,0
34.57823129251701,1,1,Group1,0
36.89115646258504,1,1,Group1,0
38.16326530612245,1,1,Group1,0
40.70748299319728,1,1,Group1,0
44.98639455782313,1,1,Group1,0
48.10884353741497,1,1,Group1,0
51.57823129251701,1,1,Group1,0
68.2312925170068,1,1,Group1,0
97.60544217687077,1,1,Group1,0
152.8843537414966,1,1,Group1,0
