time,status,treat,Group,curve
0.2992125984251968,0,1,Group1,0
0.5984251968503937,0,1,Group1,0
0.6929133858267716,1,1,Group1,0
0.6929133858267716,1,1,Group1,0
0.8503937007874016,0,1,Group1,0
0.9133858267716536,1,1,Group1,0
1.4645669291338583,0,1,Group1,0
1.4645669291338583,0,1,Group1,0
1.4645669291338583,0,1,Group1,0
2.0,0,1,Group1,0
2.1102362204724407,1,1,Group1,0
2.8188976377952755,0,1,Group1,0
2.8188976377952755,0,1,Group1,0
2.8188976377952755,0,1,Group1,0
2.8188976377952755,0,1,Group1,0
2.8188976377952755,0,1,Group1,0
3.653543307086614,1,1,Group1,0
3.748031496062992,0,1,Group1,0
4.0,1,1,Group1,0
5.559055118110236,0,1,Group1,0
5.559055118110236,0,1,Group1,0
5.559055118110236,0,1,Group1,0
5.559055118110236,0,1,Group1,0
7.181102362204724,1,1,Group1,0
7.496062992125984,0,1,Group1,0
8.031496062992126,1,1,Group1,0
9.228346456692911,0,1,Group1,0
10.58267716535433,1,1,Group1,0
11.921259842519683,0,1,Group1,0
13.417322834645669,1,1,Group1,0
13.669291338582678,1,1,Group1,0
13.669291338582678,1,1,Group1,0
21.35433070866141,0,1,Group1,0
21.35433070866141,0,1,Group1,0
29.196850393700785,1,1,Group1,0
34.23622047244094,1,1,Group1,0
38.03149606299212,0,1,Group1,0
41.98425196850393,1,1,Group1,0
