time,status,treat,Group,curve
0.1751824817518248,1,1,Arm A,0
1.2554744525547443,0,1,Arm A,0
1.2554744525547443,0,1,Arm A,0
1.2554744525547443,0,1,Arm A,0
1.2554744525547443,0,1,Arm A,0
1.2554744525547443,0,1,Arm A,0
1.2554744525547443,0,1,Arm A,0
1.2554744525547443,0,1,Arm A,0
1.2554744525547443,0,1,Arm A,0
1.2554744525547443,0,1,Arm A,0
2.452554744525548,1,1,Arm A,0
2.4817518248175183,0,1,Arm A,0
2.56934306569343,1,1,Arm A,0
2.6861313868613137,1,1,Arm A,0
3.737226277372263,0,1,Arm A,0
3.737226277372263,0,1,Arm A,0
3.737226277372263,0,1,Arm A,0
3.737226277372263,0,1,Arm A,0
3.737226277372263,0,1,Arm A,0
3.737226277372263,0,1,Arm A,0
3.737226277372263,0,1,Arm A,0
3.737226277372263,0,1,Arm A,0
3.737226277372263,0,1,Arm A,0
4.992700729927007,0,1,Arm A,0
5.08029197080292,1,1,Arm A,0
5.401459854014599,0,1,Arm A,0
5.401459854014599,0,1,Arm A,0
5.751824817518248,0,1,Arm A,0
5.956204379562044,1,1,Arm A,0
6.014598540145985,1,1,Arm A,0
6.481751824817518,0,1,Arm A,0
6.481751824817518,0,1,Arm A,0
6.481751824817518,0,1,Arm A,0
6.481751824817518,0,1,Arm A,0
7.065693430656934,0,1,Arm A,0
7.240875912408759,1,1,Arm A,0
7.2700729927007295,0,1,Arm A,0
7.416058394160584,1,1,Arm A,0
7.416058394160584,1,1,Arm A,0
8.0,0,1,Arm A,0
8.0,0,1,Arm A,0
8.0,0,1,Arm A,0
8.0,0,1,Arm A,0
8.817518248175181,1,1,Arm A,0
9.751824817518248,1,1,Arm A,0
9.81021897810219,1,1,Arm A,0
11.328467153284672,1,1,Arm A,0
13.83941605839416,1,1,Arm A,0
14.481751824817518,1,1,Arm A,0
14.54014598540146,1,1,Arm A,0
46.74452554744525,0,1,Arm A,0
46.74452554744525,0,1,Arm A,0
46.74452554744525,0,1,Arm A,0
46.74452554744525,0,1,Arm A,0
46.74452554744525,0,1,Arm A,0
46.74452554744525,0,1,Arm A,0
46.74452554744525,0,1,Arm A,0
46.74452554744525,0,1,Arm A,0
79.03649635036496,0,1,Arm A,0
