time,status,treat,Group,curve
0.1212121212121212,1,1,Group1,0
0.5454545454545454,1,1,Group1,0
0.6060606060606061,1,1,Group1,0
0.8636363636363635,0,1,Group1,0
1.2121212121212122,1,1,Group1,0
1.2424242424242424,1,1,Group1,0
1.3181818181818183,0,1,Group1,0
1.3333333333333337,1,1,Group1,0
1.3636363636363638,1,1,Group1,0
2.015151515151515,0,1,Group1,0
2.090909090909091,1,1,Group1,0
2.1818181818181817,1,1,Group1,0
2.303030303030303,1,1,Group1,0
2.545454545454546,0,1,Group1,0
2.878787878787879,1,1,Group1,0
3.3484848484848486,0,1,Group1,0
3.9696969696969697,1,1,Group1,0
4.0606060606060606,1,1,Group1,0
4.454545454545455,1,1,Group1,0
4.606060606060606,1,1,Group1,0
4.787878787878788,0,1,Group1,0
5.121212121212121,1,1,Group1,0
5.575757575757576,0,1,Group1,0
6.045454545454545,0,1,Group1,0
6.151515151515151,1,1,Group1,0
6.303030303030303,1,1,Group1,0
6.303030303030303,1,1,Group1,0
6.333333333333334,1,1,Group1,0
6.8484848484848495,0,1,Group1,0
7.378787878787879,0,1,Group1,0
7.484848484848485,1,1,Group1,0
7.606060606060606,1,1,Group1,0
7.727272727272727,1,1,Group1,0
8.212121212121213,1,1,Group1,0
8.333333333333334,1,1,Group1,0
8.727272727272727,1,1,Group1,0
9.363636363636363,1,1,Group1,0
10.166666666666668,0,1,Group1,0
10.303030303030305,1,1,Group1,0
11.787878787878787,1,1,Group1,0
11.90909090909091,1,1,Group1,0
12.333333333333334,1,1,Group1,0
12.393939393939394,1,1,Group1,0
14.363636363636363,0,1,Group1,0
16.363636363636363,1,1,Group1,0
18.12121212121212,1,1,Group1,0
20.03030303030303,0,1,Group1,0
22.060606060606062,1,1,Group1,0
26.60606060606061,1,1,Group1,0
38.06060606060606,1,1,Group1,0
40.84848484848485,0,1,Group1,0
