time,status,treat,Group,curve
0.5241379310344828,1,1,Group1,0
0.6551724137931035,1,1,Group1,0
1.0482758620689656,1,1,Group1,0
1.310344827586207,1,1,Group1,0
2.3586206896551727,1,1,Group1,0
2.620689655172414,1,1,Group1,0
2.751724137931035,1,1,Group1,0
3.1448275862068966,1,1,Group1,0
3.2758620689655173,1,1,Group1,0
4.324137931034483,1,1,Group1,0
4.979310344827587,1,1,Group1,0
5.63448275862069,1,1,Group1,0
6.355172413793104,0,1,Group1,0
6.420689655172414,1,1,Group1,0
6.813793103448276,1,1,Group1,0
6.944827586206897,1,1,Group1,0
7.075862068965518,1,1,Group1,0
7.6,1,1,Group1,0
9.696551724137931,1,1,Group1,0
10.482758620689657,1,1,Group1,0
11.00689655172414,1,1,Group1,0
11.531034482758622,1,1,Group1,0
11.793103448275865,1,1,Group1,0
12.644827586206898,0,1,Group1,0
12.710344827586209,1,1,Group1,0
14.413793103448278,1,1,Group1,0
15.986206896551726,1,1,Group1,0
16.51034482758621,1,1,Group1,0
16.903448275862072,1,1,Group1,0
16.903448275862072,1,1,Group1,0
18.86896551724138,1,1,Group1,0
19.262068965517244,1,1,Group1,0
21.882758620689657,1,1,Group1,0
22.53793103448276,1,1,Group1,0
23.062068965517245,1,1,Group1,0
23.324137931034485,1,1,Group1,0
24.50344827586207,1,1,Group1,0
24.63448275862069,1,1,Group1,0
25.027586206896554,1,1,Group1,0
28.434482758620693,1,1,Group1,0
30.13793103448276,1,1,Group1,0
30.4,1,1,Group1,0
35.24827586206897,1,1,Group1,0
37.868965517241385,1,1,Group1,0
37.868965517241385,1,1,Group1,0
40.09655172413793,1,1,Group1,0
42.58620689655173,1,1,Group1,0
47.17241379310345,1,1,Group1,0
52.15172413793104,1,1,Group1,0
55.820689655172416,1,1,Group1,0
59.75172413793104,1,1,Group1,0
79.01379310344828,1,1,Group1,0
112.95172413793104,1,1,Group1,0
177.15862068965518,1,1,Group1,0
