time,status,treat,Group,curve
0.1041666666666666,1,1,Group1,0
1.059027777777778,0,1,Group1,0
1.059027777777778,0,1,Group1,0
1.059027777777778,0,1,Group1,0
1.059027777777778,0,1,Group1,0
1.059027777777778,0,1,Group1,0
1.059027777777778,0,1,Group1,0
1.059027777777778,0,1,Group1,0
2.013888888888889,1,1,Group1,0
3.055555555555556,0,1,Group1,0
3.055555555555556,0,1,Group1,0
3.055555555555556,0,1,Group1,0
3.055555555555556,0,1,Group1,0
3.055555555555556,0,1,Group1,0
3.055555555555556,0,1,Group1,0
3.055555555555556,0,1,Group1,0
3.055555555555556,0,1,Group1,0
4.201388888888889,1,1,Group1,0
4.236111111111112,1,1,Group1,0
5.729166666666667,0,1,Group1,0
5.729166666666667,0,1,Group1,0
5.729166666666667,0,1,Group1,0
5.729166666666667,0,1,Group1,0
5.729166666666667,0,1,Group1,0
5.729166666666667,0,1,Group1,0
5.729166666666667,0,1,Group1,0
5.729166666666667,0,1,Group1,0
5.729166666666667,0,1,Group1,0
5.729166666666667,0,1,Group1,0
5.729166666666667,0,1,Group1,0
7.395833333333334,1,1,Group1,0
9.80902777777778,0,1,Group1,0
9.80902777777778,0,1,Group1,0
9.80902777777778,0,1,Group1,0
9.80902777777778,0,1,Group1,0
9.80902777777778,0,1,Group1,0
9.80902777777778,0,1,Group1,0
9.80902777777778,0,1,Group1,0
9.80902777777778,0,1,Group1,0
9.80902777777778,0,1,Group1,0
9.80902777777778,0,1,Group1,0
9.80902777777778,0,1,Group1,0
12.395833333333334,1,1,Group1,0
13.61111111111111,0,1,Group1,0
13.61111111111111,0,1,Group1,0
13.61111111111111,0,1,Group1,0
13.61111111111111,0,1,Group1,0
13.61111111111111,0,1,Group1,0
13.61111111111111,0,1,Group1,0
13.61111111111111,0,1,Group1,0
15.0,1,1,Group1,0
15.069444444444445,1,1,Group1,0
19.72222222222222,0,1,Group1,0
19.72222222222222,0,1,Group1,0
24.54861111111111,1,1,Group1,0
33.75,0,1,Group1,0
33.75,0,1,Group1,0
33.75,0,1,Group1,0
33.75,0,1,Group1,0
43.125,1,1,Group1,0
44.09722222222222,1,1,Group1,0
46.75347222222223,0,1,Group1,0
