time,status,treat,Group,curve
0.3698630136986301,1,1,Group1,0
0.6164383561643836,1,1,Group1,0
1.541095890410959,0,1,Group1,0
3.0821917808219177,1,1,Group1,0
3.0821917808219177,1,1,Group1,0
3.883561643835616,0,1,Group1,0
4.931506849315069,1,1,Group1,0
5.178082191780821,1,1,Group1,0
5.856164383561644,0,1,Group1,0
7.150684931506849,1,1,Group1,0
8.321917808219178,0,1,Group1,0
8.321917808219178,0,1,Group1,0
9.863013698630136,1,1,Group1,0
11.280821917808218,0,1,Group1,0
11.465753424657532,1,1,Group1,0
11.465753424657532,1,1,Group1,0
17.013698630136986,0,1,Group1,0
17.013698630136986,0,1,Group1,0
17.013698630136986,0,1,Group1,0
17.013698630136986,0,1,Group1,0
17.013698630136986,0,1,Group1,0
23.17808219178082,1,1,Group1,0
23.17808219178082,1,1,Group1,0
25.52054794520548,1,1,Group1,0
25.52054794520548,1,1,Group1,0
45.43150684931506,0,1,Group1,0
45.43150684931506,0,1,Group1,0
45.43150684931506,0,1,Group1,0
45.43150684931506,0,1,Group1,0
65.95890410958904,1,1,Group1,0
167.05479452054794,1,1,Group1,0
