time,status,treat,Group,curve
0.2993197278911564,1,1,Group1,0
2.394557823129252,1,1,Group1,0
4.489795918367347,1,1,Group1,0
4.938775510204081,0,1,Group1,0
6.884353741496598,1,1,Group1,0
7.183673469387755,1,1,Group1,0
7.782312925170068,1,1,Group1,0
8.680272108843537,1,1,Group1,0
9.727891156462585,0,1,Group1,0
9.877551020408164,1,1,Group1,0
13.46938775510204,1,1,Group1,0
14.816326530612244,0,1,Group1,0
17.06122448979592,1,1,Group1,0
17.959183673469386,1,1,Group1,0
18.857142857142858,1,1,Group1,0
19.605442176870746,0,1,Group1,0
19.755102040816325,1,1,Group1,0
22.14965986394558,1,1,Group1,0
24.544217687074827,0,1,Group1,0
26.93877551020408,1,1,Group1,0
28.73469387755102,1,1,Group1,0
29.33333333333333,1,1,Group1,0
29.48299319727891,0,1,Group1,0
30.53061224489796,1,1,Group1,0
32.625850340136054,1,1,Group1,0
34.12244897959184,0,1,Group1,0
35.02040816326531,1,1,Group1,0
35.31972789115646,1,1,Group1,0
35.91836734693877,1,1,Group1,0
39.06122448979592,0,1,Group1,0
39.2108843537415,1,1,Group1,0
44.0,1,1,Group1,0
47.59183673469388,1,1,Group1,0
48.7891156462585,1,1,Group1,0
49.38775510204081,1,1,Group1,0
49.98639455782313,1,1,Group1,0
50.8843537414966,1,1,Group1,0
55.97278911564626,1,1,Group1,0
60.31292517006803,0,1,Group1,0
66.74829931972789,1,1,Group1,0
68.54421768707483,1,1,Group1,0
69.74149659863946,1,1,Group1,0
73.63265306122449,1,1,Group1,0
76.3265306122449,0,1,Group1,0
80.51700680272108,1,1,Group1,0
95.78231292517006,1,1,Group1,0
97.578231292517,1,1,Group1,0
106.5578231292517,1,1,Group1,0
107.45578231292517,1,1,Group1,0
112.84353741496598,1,1,Group1,0
113.74149659863946,1,1,Group1,0
120.9251700680272,1,1,Group1,0
123.91836734693878,1,1,Group1,0
130.50340136054422,1,1,Group1,0
148.16326530612244,1,1,Group1,0
165.37414965986397,0,1,Group1,0
184.08163265306123,1,1,Group1,0
205.6326530612245,1,1,Group1,0
206.53061224489795,1,1,Group1,0
214.6122448979592,1,1,Group1,0
395.4013605442177,1,1,Group1,0
