time,status,treat,Group,curve
0.0236220472440944,1,1,Group1,0
0.1653543307086614,0,1,Group1,0
0.4015748031496063,1,1,Group1,0
0.4606299212598425,0,1,Group1,0
0.6141732283464567,1,1,Group1,0
0.7322834645669292,0,1,Group1,0
0.9448818897637796,1,1,Group1,0
0.9566929133858268,0,1,Group1,0
1.062992125984252,1,1,Group1,0
1.4409448818897637,0,1,Group1,0
1.4409448818897637,0,1,Group1,0
1.4409448818897637,0,1,Group1,0
1.889763779527559,1,1,Group1,0
1.9251968503937007,0,1,Group1,0
1.937007874015748,1,1,Group1,0
2.2913385826771653,0,1,Group1,0
2.2913385826771653,0,1,Group1,0
2.633858267716535,0,1,Group1,0
2.716535433070866,1,1,Group1,0
3.165354330708661,0,1,Group1,0
3.165354330708661,0,1,Group1,0
3.165354330708661,0,1,Group1,0
3.7086614173228334,1,1,Group1,0
3.7086614173228334,1,1,Group1,0
4.24015748031496,0,1,Group1,0
4.24015748031496,0,1,Group1,0
4.889763779527559,1,1,Group1,0
5.161417322834646,0,1,Group1,0
5.52755905511811,1,1,Group1,0
5.822834645669291,0,1,Group1,0
6.21259842519685,1,1,Group1,0
7.2047244094488185,1,1,Group1,0
7.322834645669292,1,1,Group1,0
7.346456692913386,1,1,Group1,0
7.854330708661417,0,1,Group1,0
8.48031496062992,1,1,Group1,0
10.051181102362204,0,1,Group1,0
10.051181102362204,0,1,Group1,0
11.669291338582678,1,1,Group1,0
11.881889763779528,0,1,Group1,0
11.881889763779528,0,1,Group1,0
12.21259842519685,1,1,Group1,0
14.078740157480317,1,1,Group1,0
15.354330708661418,0,1,Group1,0
16.79527559055118,1,1,Group1,0
20.456692913385822,1,1,Group1,0
20.834645669291337,1,1,Group1,0
20.85826771653544,1,1,Group1,0
31.724409448818896,1,1,Group1,0
