time,status,treat,Group,curve
3.208333333333333,0,1,Arm A,0
3.208333333333333,0,1,Arm A,0
3.208333333333333,0,1,Arm A,0
3.208333333333333,0,1,Arm A,0
3.208333333333333,0,1,Arm A,0
3.208333333333333,0,1,Arm A,0
3.208333333333333,0,1,Arm A,0
3.208333333333333,0,1,Arm A,0
3.208333333333333,0,1,Arm A,0
3.208333333333333,0,1,Arm A,0
3.208333333333333,0,1,Arm A,0
6.583333333333333,1,1,Arm A,0
7.25,0,1,Arm A,0
7.25,0,1,Arm A,0
7.25,0,1,Arm A,0
8.166666666666666,1,1,Arm A,0
9.208333333333332,0,1,Arm A,0
9.208333333333332,0,1,Arm A,0
9.208333333333332,0,1,Arm A,0
9.208333333333332,0,1,Arm A,0
10.333333333333332,1,1,Arm A,0
10.958333333333332,0,1,Arm A,0
10.958333333333332,0,1,Arm A,0
11.708333333333332,0,1,Arm A,0
11.75,1,1,Arm A,0
12.625,0,1,Arm A,0
12.625,0,1,Arm A,0
13.666666666666666,1,1,Arm A,0
13.75,1,1,Arm A,0
16.916666666666664,0,1,Arm A,0
16.916666666666664,0,1,Arm A,0
16.916666666666664,0,1,Arm A,0
16.916666666666664,0,1,Arm A,0
16.916666666666664,0,1,Arm A,0
16.916666666666664,0,1,Arm A,0
20.041666666666664,0,1,Arm A,0
20.33333333333333,1,1,Arm A,0
20.416666666666664,1,1,Arm A,0
21.0,0,1,Arm A,0
21.25,1,1,Arm A,0
23.95833333333333,0,1,Arm A,0
23.95833333333333,0,1,Arm A,0
23.95833333333333,0,1,Arm A,0
23.95833333333333,0,1,Arm A,0
23.95833333333333,0,1,Arm A,0
27.0,1,1,Arm A,0
28.666666666666664,1,1,Arm A,0
29.625,0,1,Arm A,0
31.166666666666664,1,1,Arm A,0
32.45833333333333,0,1,Arm A,0
32.5,1,1,Arm A,0
42.54166666666666,0,1,Arm A,0
42.54166666666666,0,1,Arm A,0
42.54166666666666,0,1,Arm A,0
42.54166666666666,0,1,Arm A,0
42.54166666666666,0,1,Arm A,0
42.54166666666666,0,1,Arm A,0
53.0,1,1,Arm A,0
69.16666666666666,0,1,Arm A,0
69.16666666666666,0,1,Arm A,0
85.91666666666666,1,1,Arm A,0
112.58333333333331,0,1,Arm A,0
