time,status,treat,Group,curve
0.3356164383561644,1,1,Group1,0
0.4315068493150684,1,1,Group1,0
0.6232876712328766,1,1,Group1,0
0.7671232876712328,1,1,Group1,0
0.7671232876712328,1,1,Group1,0
1.0068493150684932,1,1,Group1,0
1.0547945205479452,1,1,Group1,0
1.294520547945205,1,1,Group1,0
1.3424657534246576,1,1,Group1,0
2.0136986301369864,1,1,Group1,0
2.3013698630136985,1,1,Group1,0
2.541095890410958,1,1,Group1,0
3.1643835616438354,0,1,Group1,0
3.97945205479452,1,1,Group1,0
3.97945205479452,1,1,Group1,0
4.075342465753424,1,1,Group1,0
4.219178082191781,1,1,Group1,0
4.363013698630136,1,1,Group1,0
5.417808219178082,1,1,Group1,0
5.417808219178082,1,1,Group1,0
5.993150684931506,1,1,Group1,0
6.041095890410959,1,1,Group1,0
6.08904109589041,1,1,Group1,0
6.424657534246575,1,1,Group1,0
6.664383561643835,1,1,Group1,0
6.856164383561644,1,1,Group1,0
6.856164383561644,1,1,Group1,0
6.904109589041095,1,1,Group1,0
6.904109589041095,1,1,Group1,0
7.815068493150685,1,1,Group1,0
8.534246575342465,1,1,Group1,0
8.726027397260273,1,1,Group1,0
8.965753424657533,1,1,Group1,0
9.061643835616438,1,1,Group1,0
9.205479452054794,1,1,Group1,0
9.253424657534246,1,1,Group1,0
10.61986301369863,0,1,Group1,0
10.787671232876711,1,1,Group1,0
11.315068493150685,1,1,Group1,0
11.554794520547944,1,1,Group1,0
12.657534246575342,1,1,Group1,0
13.32876712328767,1,1,Group1,0
14.431506849315069,1,1,Group1,0
14.623287671232877,1,1,Group1,0
14.71917808219178,1,1,Group1,0
14.910958904109588,1,1,Group1,0
15.006849315068491,1,1,Group1,0
18.554794520547944,1,1,Group1,0
21.863013698630137,1,1,Group1,0
23.15753424657534,1,1,Group1,0
24.5958904109589,1,1,Group1,0
26.8972602739726,1,1,Group1,0
31.97945205479452,1,1,Group1,0
34.47260273972603,1,1,Group1,0
37.49315068493151,1,1,Group1,0
37.97260273972603,1,1,Group1,0
45.97945205479452,1,1,Group1,0
64.24657534246575,0,1,Group1,0
