time,status,treat,Group,curve
0.2105263157894736,1,1,Group1,0
0.2105263157894736,1,1,Group1,0
0.4210526315789473,1,1,Group1,0
1.1578947368421053,1,1,Group1,0
2.394736842105263,0,1,Group1,0
2.394736842105263,0,1,Group1,0
3.894736842105263,1,1,Group1,0
4.684210526315789,1,1,Group1,0
5.026315789473684,0,1,Group1,0
5.473684210526315,1,1,Group1,0
5.578947368421052,1,1,Group1,0
5.789473684210526,1,1,Group1,0
6.473684210526315,1,1,Group1,0
6.63157894736842,1,1,Group1,0
7.763157894736842,0,1,Group1,0
8.842105263157894,1,1,Group1,0
9.736842105263158,1,1,Group1,0
10.0,1,1,Group1,0
10.105263157894736,1,1,Group1,0
10.236842105263158,0,1,Group1,0
10.63157894736842,1,1,Group1,0
11.105263157894736,0,1,Group1,0
11.842105263157894,1,1,Group1,0
12.394736842105262,0,1,Group1,0
13.210526315789473,1,1,Group1,0
13.789473684210526,1,1,Group1,0
14.473684210526317,1,1,Group1,0
16.736842105263158,1,1,Group1,0
16.842105263157894,1,1,Group1,0
18.94736842105263,1,1,Group1,0
19.157894736842103,1,1,Group1,0
20.052631578947366,1,1,Group1,0
22.84210526315789,1,1,Group1,0
26.105263157894736,1,1,Group1,0
26.26315789473684,1,1,Group1,0
32.63157894736842,1,1,Group1,0
33.84210526315789,0,1,Group1,0
35.1578947368421,1,1,Group1,0
41.89473684210526,1,1,Group1,0
52.47368421052632,1,1,Group1,0
57.368421052631575,1,1,Group1,0
58.73684210526316,1,1,Group1,0
60.815789473684205,0,1,Group1,0
70.63157894736841,1,1,Group1,0
