time,status,treat,Group,curve
0.2978723404255319,1,1,Group1,0
0.3617021276595744,0,1,Group1,0
0.3829787234042553,1,1,Group1,0
1.0851063829787233,0,1,Group1,0
1.0851063829787233,0,1,Group1,0
1.0851063829787233,0,1,Group1,0
1.7659574468085104,0,1,Group1,0
1.9574468085106385,1,1,Group1,0
2.191489361702128,0,1,Group1,0
2.5106382978723403,0,1,Group1,0
2.595744680851064,1,1,Group1,0
2.6382978723404253,1,1,Group1,0
2.7872340425531914,0,1,Group1,0
3.021276595744681,1,1,Group1,0
4.531914893617022,0,1,Group1,0
4.531914893617022,0,1,Group1,0
4.531914893617022,0,1,Group1,0
4.531914893617022,0,1,Group1,0
4.531914893617022,0,1,Group1,0
4.531914893617022,0,1,Group1,0
4.531914893617022,0,1,Group1,0
4.531914893617022,0,1,Group1,0
6.25531914893617,1,1,Group1,0
7.361702127659575,1,1,Group1,0
9.170212765957446,0,1,Group1,0
9.170212765957446,0,1,Group1,0
9.170212765957446,0,1,Group1,0
11.148936170212766,1,1,Group1,0
12.361702127659573,0,1,Group1,0
13.74468085106383,1,1,Group1,0
16.638297872340424,1,1,Group1,0
16.680851063829788,1,1,Group1,0
18.404255319148938,0,1,Group1,0
20.34042553191489,1,1,Group1,0
21.74468085106383,1,1,Group1,0
39.53191489361702,0,1,Group1,0
57.4468085106383,0,1,Group1,0
