time,status,treat,Group,curve
0.3937007874015748,0,1,Group1,0
0.3937007874015748,0,1,Group1,0
0.7401574803149606,0,1,Group1,0
0.8503937007874016,1,1,Group1,0
1.6377952755905514,0,1,Group1,0
1.6377952755905514,0,1,Group1,0
1.6377952755905514,0,1,Group1,0
1.6377952755905514,0,1,Group1,0
1.6377952755905514,0,1,Group1,0
1.6377952755905514,0,1,Group1,0
2.456692913385827,0,1,Group1,0
2.5196850393700787,1,1,Group1,0
3.4645669291338583,0,1,Group1,0
3.4645669291338583,0,1,Group1,0
3.4645669291338583,0,1,Group1,0
3.4645669291338583,0,1,Group1,0
3.4645669291338583,0,1,Group1,0
3.4645669291338583,0,1,Group1,0
3.4645669291338583,0,1,Group1,0
4.440944881889764,1,1,Group1,0
5.590551181102362,0,1,Group1,0
5.590551181102362,0,1,Group1,0
5.590551181102362,0,1,Group1,0
6.803149606299213,0,1,Group1,0
6.897637795275591,1,1,Group1,0
7.118110236220472,1,1,Group1,0
7.181102362204724,1,1,Group1,0
8.551181102362204,0,1,Group1,0
8.551181102362204,0,1,Group1,0
8.551181102362204,0,1,Group1,0
8.551181102362204,0,1,Group1,0
10.141732283464568,1,1,Group1,0
10.362204724409448,1,1,Group1,0
14.89763779527559,0,1,Group1,0
14.89763779527559,0,1,Group1,0
14.89763779527559,0,1,Group1,0
14.89763779527559,0,1,Group1,0
14.89763779527559,0,1,Group1,0
14.89763779527559,0,1,Group1,0
14.89763779527559,0,1,Group1,0
14.89763779527559,0,1,Group1,0
14.89763779527559,0,1,Group1,0
14.89763779527559,0,1,Group1,0
14.89763779527559,0,1,Group1,0
19.590551181102363,1,1,Group1,0
21.133858267716533,1,1,Group1,0
22.69291338582677,0,1,Group1,0
24.40944881889764,1,1,Group1,0
24.976377952755904,1,1,Group1,0
25.5748031496063,1,1,Group1,0
27.133858267716533,0,1,Group1,0
28.8503937007874,1,1,Group1,0
33.77952755905512,0,1,Group1,0
33.77952755905512,0,1,Group1,0
38.86614173228347,1,1,Group1,0
42.58267716535433,0,1,Group1,0
