time,status,treat,Group,curve
0.0287769784172661,1,1,Group1,0
0.1726618705035971,1,1,Group1,0
0.4316546762589928,1,1,Group1,0
0.6618705035971223,1,1,Group1,0
0.8920863309352518,0,1,Group1,0
1.20863309352518,1,1,Group1,0
1.381294964028777,1,1,Group1,0
1.6978417266187051,1,1,Group1,0
1.7553956834532376,0,1,Group1,0
1.8705035971223023,1,1,Group1,0
2.5899280575539567,0,1,Group1,0
3.3669064748201443,1,1,Group1,0
3.899280575539569,0,1,Group1,0
4.489208633093526,1,1,Group1,0
4.517985611510792,1,1,Group1,0
4.719424460431655,1,1,Group1,0
4.83453237410072,1,1,Group1,0
4.992805755395684,0,1,Group1,0
5.294964028776978,1,1,Group1,0
5.410071942446043,1,1,Group1,0
5.58273381294964,1,1,Group1,0
5.726618705035971,0,1,Group1,0
6.014388489208633,1,1,Group1,0
6.41726618705036,1,1,Group1,0
7.079136690647482,0,1,Group1,0
7.079136690647482,0,1,Group1,0
7.884892086330936,1,1,Group1,0
8.633093525179856,0,1,Group1,0
8.633093525179856,0,1,Group1,0
9.553956834532377,1,1,Group1,0
10.33093525179856,1,1,Group1,0
10.661870503597122,0,1,Group1,0
11.136690647482014,1,1,Group1,0
11.58273381294964,0,1,Group1,0
11.597122302158274,1,1,Group1,0
12.83453237410072,1,1,Group1,0
13.85611510791367,0,1,Group1,0
14.935251798561152,0,1,Group1,0
15.050359712230216,1,1,Group1,0
16.086330935251798,1,1,Group1,0
16.201438848920866,1,1,Group1,0
17.323741007194247,1,1,Group1,0
17.640287769784173,1,1,Group1,0
18.532374100719423,1,1,Group1,0
18.964028776978417,1,1,Group1,0
19.33812949640288,1,1,Group1,0
19.42446043165468,1,1,Group1,0
19.654676258992808,1,1,Group1,0
21.035971223021583,1,1,Group1,0
21.266187050359715,1,1,Group1,0
21.89928057553957,1,1,Group1,0
26.33093525179856,1,1,Group1,0
29.52517985611511,1,1,Group1,0
29.89928057553957,1,1,Group1,0
29.92805755395684,1,1,Group1,0
32.40287769784173,1,1,Group1,0
38.47482014388489,1,1,Group1,0
