time,status,treat,Group,curve
0.7346938775510204,1,1,Group1,0
0.9183673469387756,1,1,Group1,0
2.0204081632653064,0,1,Group1,0
3.857142857142857,1,1,Group1,0
4.591836734693878,1,1,Group1,0
5.510204081632653,0,1,Group1,0
6.612244897959184,1,1,Group1,0
6.612244897959184,1,1,Group1,0
9.0,0,1,Group1,0
9.551020408163266,1,1,Group1,0
12.03061224489796,0,1,Group1,0
12.306122448979592,1,1,Group1,0
15.153061224489797,0,1,Group1,0
15.244897959183676,1,1,Group1,0
16.714285714285715,1,1,Group1,0
16.89795918367347,1,1,Group1,0
17.63265306122449,1,1,Group1,0
18.09183673469388,0,1,Group1,0
18.918367346938776,1,1,Group1,0
19.46938775510204,1,1,Group1,0
20.29591836734694,0,1,Group1,0
21.6734693877551,1,1,Group1,0
22.59183673469388,1,1,Group1,0
26.357142857142858,0,1,Group1,0
26.357142857142858,0,1,Group1,0
31.040816326530614,1,1,Group1,0
32.69387755102041,1,1,Group1,0
35.44897959183674,1,1,Group1,0
35.816326530612244,1,1,Group1,0
36.275510204081634,0,1,Group1,0
37.285714285714285,1,1,Group1,0
39.85714285714286,1,1,Group1,0
45.18367346938776,0,1,Group1,0
45.18367346938776,0,1,Group1,0
51.42857142857143,1,1,Group1,0
55.92857142857143,0,1,Group1,0
61.34693877551021,1,1,Group1,0
67.5,0,1,Group1,0
74.57142857142857,1,1,Group1,0
86.51020408163265,1,1,Group1,0
92.02040816326532,1,1,Group1,0
100.83673469387756,0,1,Group1,0
110.57142857142858,1,1,Group1,0
116.265306122449,1,1,Group1,0
130.04081632653063,1,1,Group1,0
141.24489795918367,1,1,Group1,0
147.85714285714286,1,1,Group1,0
169.25510204081633,0,1,Group1,0
191.75510204081635,1,1,Group1,0
248.1428571428572,1,1,Group1,0
248.1428571428572,1,1,Group1,0
