time,status,treat,Group,curve
0.1506849315068493,1,1,Group1,0
3.089041095890411,0,1,Group1,0
3.089041095890411,0,1,Group1,0
3.089041095890411,0,1,Group1,0
6.63013698630137,1,1,Group1,0
9.342465753424657,0,1,Group1,0
9.342465753424657,0,1,Group1,0
9.342465753424657,0,1,Group1,0
12.13013698630137,0,1,Group1,0
12.356164383561644,1,1,Group1,0
12.356164383561644,1,1,Group1,0
13.863013698630136,0,1,Group1,0
15.52054794520548,1,1,Group1,0
16.123287671232877,0,1,Group1,0
17.404109589041095,0,1,Group1,0
17.47945205479452,1,1,Group1,0
26.14383561643836,0,1,Group1,0
26.14383561643836,0,1,Group1,0
26.14383561643836,0,1,Group1,0
26.14383561643836,0,1,Group1,0
26.14383561643836,0,1,Group1,0
26.14383561643836,0,1,Group1,0
26.14383561643836,0,1,Group1,0
26.14383561643836,0,1,Group1,0
26.14383561643836,0,1,Group1,0
35.56164383561644,1,1,Group1,0
40.23287671232876,0,1,Group1,0
40.23287671232876,0,1,Group1,0
40.23287671232876,0,1,Group1,0
40.23287671232876,0,1,Group1,0
40.23287671232876,0,1,Group1,0
40.23287671232876,0,1,Group1,0
40.23287671232876,0,1,Group1,0
45.65753424657534,1,1,Group1,0
49.72602739726027,0,1,Group1,0
54.54794520547945,1,1,Group1,0
54.54794520547945,1,1,Group1,0
63.73972602739726,0,1,Group1,0
63.73972602739726,0,1,Group1,0
73.98630136986301,1,1,Group1,0
84.3835616438356,1,1,Group1,0
103.21917808219176,0,1,Group1,0
103.21917808219176,0,1,Group1,0
122.80821917808218,1,1,Group1,0
129.8904109589041,1,1,Group1,0
165.3013698630137,0,1,Group1,0
165.3013698630137,0,1,Group1,0
201.46575342465752,1,1,Group1,0
