time,status,treat,Group,curve
0.0833333333333333,1,1,Group1,0
6.624999999999999,0,1,Group1,0
6.624999999999999,0,1,Group1,0
6.624999999999999,0,1,Group1,0
6.624999999999999,0,1,Group1,0
6.624999999999999,0,1,Group1,0
6.624999999999999,0,1,Group1,0
6.624999999999999,0,1,Group1,0
6.624999999999999,0,1,Group1,0
6.624999999999999,0,1,Group1,0
6.624999999999999,0,1,Group1,0
6.624999999999999,0,1,Group1,0
6.624999999999999,0,1,Group1,0
6.624999999999999,0,1,Group1,0
6.624999999999999,0,1,Group1,0
6.624999999999999,0,1,Group1,0
6.624999999999999,0,1,Group1,0
6.624999999999999,0,1,Group1,0
6.624999999999999,0,1,Group1,0
6.624999999999999,0,1,Group1,0
6.624999999999999,0,1,Group1,0
6.624999999999999,0,1,Group1,0
6.624999999999999,0,1,Group1,0
6.624999999999999,0,1,Group1,0
6.624999999999999,0,1,Group1,0
6.624999999999999,0,1,Group1,0
13.333333333333332,1,1,Group1,0
13.416666666666666,1,1,Group1,0
16.083333333333332,0,1,Group1,0
16.083333333333332,0,1,Group1,0
19.166666666666664,1,1,Group1,0
20.58333333333333,0,1,Group1,0
20.58333333333333,0,1,Group1,0
22.58333333333333,1,1,Group1,0
26.291666666666664,0,1,Group1,0
26.291666666666664,0,1,Group1,0
26.291666666666664,0,1,Group1,0
30.33333333333333,1,1,Group1,0
33.83333333333333,0,1,Group1,0
33.83333333333333,0,1,Group1,0
33.83333333333333,0,1,Group1,0
33.83333333333333,0,1,Group1,0
33.83333333333333,0,1,Group1,0
37.58333333333333,1,1,Group1,0
40.33333333333333,0,1,Group1,0
43.58333333333333,1,1,Group1,0
45.125,0,1,Group1,0
47.08333333333333,1,1,Group1,0
47.5,1,1,Group1,0
49.54166666666666,0,1,Group1,0
51.83333333333333,1,1,Group1,0
54.33333333333333,1,1,Group1,0
58.125,0,1,Group1,0
58.125,0,1,Group1,0
62.41666666666666,1,1,Group1,0
64.25,1,1,Group1,0
70.54166666666666,0,1,Group1,0
70.54166666666666,0,1,Group1,0
77.25,1,1,Group1,0
87.75,1,1,Group1,0
112.54166666666666,0,1,Group1,0
