time,status,treat,Group,curve
0.0567375886524822,1,1,Group1,0
0.4539007092198581,1,1,Group1,0
1.8723404255319147,0,1,Group1,0
1.8723404255319147,0,1,Group1,0
1.8723404255319147,0,1,Group1,0
1.8723404255319147,0,1,Group1,0
3.631205673758865,1,1,Group1,0
4.085106382978723,0,1,Group1,0
4.567375886524822,0,1,Group1,0
4.879432624113475,1,1,Group1,0
4.9361702127659575,1,1,Group1,0
7.801418439716311,0,1,Group1,0
7.801418439716311,0,1,Group1,0
7.801418439716311,0,1,Group1,0
7.801418439716311,0,1,Group1,0
7.801418439716311,0,1,Group1,0
7.801418439716311,0,1,Group1,0
7.801418439716311,0,1,Group1,0
10.950354609929075,1,1,Group1,0
12.567375886524822,0,1,Group1,0
12.595744680851064,1,1,Group1,0
18.21276595744681,0,1,Group1,0
18.21276595744681,0,1,Group1,0
18.21276595744681,0,1,Group1,0
18.21276595744681,0,1,Group1,0
18.21276595744681,0,1,Group1,0
23.8581560283688,0,1,Group1,0
23.94326241134752,0,1,Group1,0
23.94326241134752,0,1,Group1,0
23.94326241134752,0,1,Group1,0
23.94326241134752,0,1,Group1,0
24.113475177304963,1,1,Group1,0
24.51063829787234,1,1,Group1,0
28.595744680851062,1,1,Group1,0
28.822695035460992,1,1,Group1,0
31.43262411347518,0,1,Group1,0
34.326241134751776,1,1,Group1,0
34.326241134751776,1,1,Group1,0
43.57446808510638,0,1,Group1,0
43.57446808510638,0,1,Group1,0
43.57446808510638,0,1,Group1,0
43.57446808510638,0,1,Group1,0
43.57446808510638,0,1,Group1,0
53.1063829787234,1,1,Group1,0
64.7659574468085,0,1,Group1,0
76.6241134751773,0,1,Group1,0
