time,status,treat,Group,curve
4.72972972972973,0,1,Group1,0
4.72972972972973,0,1,Group1,0
4.72972972972973,0,1,Group1,0
4.72972972972973,0,1,Group1,0
9.54054054054054,1,1,Group1,0
14.527027027027028,0,1,Group1,0
14.527027027027028,0,1,Group1,0
14.527027027027028,0,1,Group1,0
14.527027027027028,0,1,Group1,0
14.527027027027028,0,1,Group1,0
14.527027027027028,0,1,Group1,0
19.64864864864865,1,1,Group1,0
26.5945945945946,0,1,Group1,0
26.5945945945946,0,1,Group1,0
26.5945945945946,0,1,Group1,0
26.5945945945946,0,1,Group1,0
26.5945945945946,0,1,Group1,0
26.5945945945946,0,1,Group1,0
26.5945945945946,0,1,Group1,0
26.5945945945946,0,1,Group1,0
26.5945945945946,0,1,Group1,0
26.5945945945946,0,1,Group1,0
33.67567567567568,1,1,Group1,0
34.28378378378379,0,1,Group1,0
35.02702702702703,1,1,Group1,0
35.16216216216216,1,1,Group1,0
36.054054054054056,0,1,Group1,0
36.054054054054056,0,1,Group1,0
36.054054054054056,0,1,Group1,0
36.054054054054056,0,1,Group1,0
36.054054054054056,0,1,Group1,0
36.054054054054056,0,1,Group1,0
