time,status,treat,Group,curve
0.5084745762711864,0,1,Group1,0
0.5084745762711864,0,1,Group1,0
1.0593220338983051,0,1,Group1,0
1.0677966101694916,1,1,Group1,0
1.5847457627118646,0,1,Group1,0
1.5847457627118646,0,1,Group1,0
2.169491525423729,1,1,Group1,0
4.576271186440678,0,1,Group1,0
4.576271186440678,0,1,Group1,0
4.576271186440678,0,1,Group1,0
7.050847457627119,1,1,Group1,0
7.211864406779661,0,1,Group1,0
7.211864406779661,0,1,Group1,0
7.381355932203389,0,1,Group1,0
7.4576271186440675,1,1,Group1,0
7.762711864406779,0,1,Group1,0
7.762711864406779,0,1,Group1,0
7.762711864406779,0,1,Group1,0
7.762711864406779,0,1,Group1,0
8.152542372881356,1,1,Group1,0
9.338983050847457,0,1,Group1,0
9.338983050847457,0,1,Group1,0
9.338983050847457,0,1,Group1,0
9.338983050847457,0,1,Group1,0
10.610169491525424,1,1,Group1,0
11.050847457627118,0,1,Group1,0
11.050847457627118,0,1,Group1,0
11.601694915254235,0,1,Group1,0
11.610169491525424,1,1,Group1,0
12.14406779661017,0,1,Group1,0
12.14406779661017,0,1,Group1,0
12.76271186440678,1,1,Group1,0
13.338983050847457,1,1,Group1,0
13.35593220338983,1,1,Group1,0
13.491525423728811,1,1,Group1,0
13.627118644067796,1,1,Group1,0
13.813559322033898,1,1,Group1,0
13.813559322033898,1,1,Group1,0
13.830508474576272,1,1,Group1,0
13.830508474576272,1,1,Group1,0
18.10169491525424,0,1,Group1,0
22.45762711864407,1,1,Group1,0
22.45762711864407,1,1,Group1,0
