time,status,treat,Group,curve
0.23,0,1,Group1,0
0.23,0,1,Group1,0
0.4733333333333334,1,1,Group1,0
0.86,0,1,Group1,0
0.86,0,1,Group1,0
0.86,0,1,Group1,0
0.86,0,1,Group1,0
1.2733333333333334,1,1,Group1,0
1.4066666666666667,1,1,Group1,0
2.25,0,1,Group1,0
2.25,0,1,Group1,0
2.25,0,1,Group1,0
2.25,0,1,Group1,0
2.25,0,1,Group1,0
2.25,0,1,Group1,0
3.1133333333333337,1,1,Group1,0
3.2700000000000005,0,1,Group1,0
3.4466666666666668,1,1,Group1,0
3.606666666666667,1,1,Group1,0
3.66,1,1,Group1,0
3.770000000000001,0,1,Group1,0
3.9,1,1,Group1,0
4.0,1,1,Group1,0
4.233333333333333,1,1,Group1,0
4.253333333333334,1,1,Group1,0
4.563333333333334,0,1,Group1,0
4.6000000000000005,1,1,Group1,0
4.66,1,1,Group1,0
4.7,1,1,Group1,0
4.733333333333333,1,1,Group1,0
4.773333333333333,1,1,Group1,0
4.8933333333333335,1,1,Group1,0
4.953333333333334,1,1,Group1,0
5.16,1,1,Group1,0
5.24,1,1,Group1,0
5.273333333333333,1,1,Group1,0
5.373333333333334,1,1,Group1,0
5.54,1,1,Group1,0
5.546666666666667,1,1,Group1,0
5.546666666666667,1,1,Group1,0
5.563333333333334,0,1,Group1,0
5.573333333333333,1,1,Group1,0
5.593333333333334,1,1,Group1,0
5.78,1,1,Group1,0
5.786666666666667,1,1,Group1,0
5.800000000000001,1,1,Group1,0
5.806666666666667,1,1,Group1,0
5.913333333333334,1,1,Group1,0
5.920000000000001,1,1,Group1,0
6.006666666666667,1,1,Group1,0
6.12,1,1,Group1,0
6.126666666666667,1,1,Group1,0
6.346666666666667,1,1,Group1,0
6.506666666666667,1,1,Group1,0
8.783333333333335,0,1,Group1,0
