time,status,treat,Group,curve
0.1862068965517241,1,1,Group1,0
1.1482758620689657,0,1,Group1,0
1.1482758620689657,0,1,Group1,0
2.193103448275862,1,1,Group1,0
4.375862068965517,0,1,Group1,0
4.375862068965517,0,1,Group1,0
4.375862068965517,0,1,Group1,0
4.375862068965517,0,1,Group1,0
4.375862068965517,0,1,Group1,0
6.703448275862069,1,1,Group1,0
8.482758620689655,1,1,Group1,0
8.979310344827587,1,1,Group1,0
9.806896551724138,1,1,Group1,0
10.8,1,1,Group1,0
11.193103448275863,0,1,Group1,0
11.66896551724138,1,1,Group1,0
12.310344827586206,1,1,Group1,0
12.558620689655172,1,1,Group1,0
13.179310344827586,1,1,Group1,0
13.63448275862069,1,1,Group1,0
14.006896551724138,1,1,Group1,0
14.06896551724138,1,1,Group1,0
14.110344827586207,1,1,Group1,0
14.503448275862068,1,1,Group1,0
15.993103448275862,1,1,Group1,0
16.075862068965517,1,1,Group1,0
16.075862068965517,1,1,Group1,0
16.179310344827584,1,1,Group1,0
16.26206896551724,1,1,Group1,0
16.30344827586207,1,1,Group1,0
16.344827586206897,1,1,Group1,0
16.36551724137931,1,1,Group1,0
16.427586206896553,1,1,Group1,0
16.46896551724138,1,1,Group1,0
16.489655172413794,1,1,Group1,0
16.593103448275862,1,1,Group1,0
16.613793103448277,1,1,Group1,0
16.63448275862069,1,1,Group1,0
16.862068965517242,1,1,Group1,0
16.882758620689653,1,1,Group1,0
17.358620689655172,1,1,Group1,0
17.46206896551724,1,1,Group1,0
17.855172413793102,1,1,Group1,0
18.248275862068965,1,1,Group1,0
18.248275862068965,1,1,Group1,0
18.6,1,1,Group1,0
19.03448275862069,1,1,Group1,0
19.07586206896552,1,1,Group1,0
23.06896551724138,0,1,Group1,0
27.393103448275863,1,1,Group1,0
