time,status,treat,Group,curve
0.2702702702702703,1,1,Group1,0
9.094594594594597,0,1,Group1,0
9.094594594594597,0,1,Group1,0
17.91891891891892,1,1,Group1,0
18.486486486486488,1,1,Group1,0
18.864864864864867,1,1,Group1,0
19.783783783783782,1,1,Group1,0
21.054054054054056,1,1,Group1,0
24.2972972972973,1,1,Group1,0
24.945945945945947,1,1,Group1,0
26.06756756756757,0,1,Group1,0
27.2972972972973,1,1,Group1,0
27.864864864864867,1,1,Group1,0
28.81081081081081,1,1,Group1,0
30.864864864864867,1,1,Group1,0
31.351351351351354,1,1,Group1,0
31.81081081081081,1,1,Group1,0
31.83783783783784,1,1,Group1,0
32.16216216216216,1,1,Group1,0
33.054054054054056,1,1,Group1,0
36.054054054054056,1,1,Group1,0
36.054054054054056,1,1,Group1,0
36.054054054054056,1,1,Group1,0
36.054054054054056,1,1,Group1,0
36.054054054054056,1,1,Group1,0
36.054054054054056,1,1,Group1,0
36.054054054054056,1,1,Group1,0
36.054054054054056,1,1,Group1,0
36.054054054054056,1,1,Group1,0
36.054054054054056,1,1,Group1,0
36.054054054054056,1,1,Group1,0
36.054054054054056,1,1,Group1,0
36.054054054054056,1,1,Group1,0
36.054054054054056,1,1,Group1,0
36.054054054054056,1,1,Group1,0
36.054054054054056,1,1,Group1,0
36.054054054054056,1,1,Group1,0
36.054054054054056,1,1,Group1,0
36.054054054054056,1,1,Group1,0
36.054054054054056,1,1,Group1,0
36.054054054054056,1,1,Group1,0
36.054054054054056,1,1,Group1,0
36.054054054054056,1,1,Group1,0
36.054054054054056,1,1,Group1,0
36.054054054054056,1,1,Group1,0
36.054054054054056,1,1,Group1,0
36.054054054054056,1,1,Group1,0
36.054054054054056,1,1,Group1,0
36.054054054054056,1,1,Group1,0
36.054054054054056,1,1,Group1,0
36.054054054054056,1,1,Group1,0
36.054054054054056,1,1,Group1,0
36.054054054054056,1,1,Group1,0
36.054054054054056,1,1,Group1,0
36.054054054054056,1,1,Group1,0
36.054054054054056,1,1,Group1,0
