time,status,treat,Group,curve
4.567567567567568,0,1,Group1,0
4.567567567567568,0,1,Group1,0
4.567567567567568,0,1,Group1,0
4.567567567567568,0,1,Group1,0
9.216216216216218,1,1,Group1,0
17.364864864864867,0,1,Group1,0
17.364864864864867,0,1,Group1,0
17.364864864864867,0,1,Group1,0
17.364864864864867,0,1,Group1,0
17.364864864864867,0,1,Group1,0
17.364864864864867,0,1,Group1,0
25.64864864864865,1,1,Group1,0
26.39189189189189,0,1,Group1,0
27.27027027027027,1,1,Group1,0
27.67567567567568,1,1,Group1,0
28.432432432432435,1,1,Group1,0
28.97297297297297,1,1,Group1,0
31.864864864864867,1,1,Group1,0
33.2972972972973,1,1,Group1,0
34.63513513513514,1,1,Group1,0
36.054054054054056,1,1,Group1,0
36.054054054054056,1,1,Group1,0
36.054054054054056,1,1,Group1,0
36.054054054054056,1,1,Group1,0
36.054054054054056,1,1,Group1,0
36.054054054054056,1,1,Group1,0
36.054054054054056,1,1,Group1,0
36.054054054054056,1,1,Group1,0
36.054054054054056,1,1,Group1,0
36.054054054054056,1,1,Group1,0
36.054054054054056,1,1,Group1,0
36.054054054054056,1,1,Group1,0
36.054054054054056,1,1,Group1,0
36.054054054054056,1,1,Group1,0
36.054054054054056,1,1,Group1,0
36.054054054054056,1,1,Group1,0
36.054054054054056,1,1,Group1,0
