time,status,treat,Group,curve
2.552083333333333,0,1,Group1,0
2.552083333333333,0,1,Group1,0
2.552083333333333,0,1,Group1,0
2.552083333333333,0,1,Group1,0
2.552083333333333,0,1,Group1,0
2.552083333333333,0,1,Group1,0
2.552083333333333,0,1,Group1,0
2.552083333333333,0,1,Group1,0
2.552083333333333,0,1,Group1,0
2.552083333333333,0,1,Group1,0
2.552083333333333,0,1,Group1,0
2.552083333333333,0,1,Group1,0
2.552083333333333,0,1,Group1,0
2.552083333333333,0,1,Group1,0
2.552083333333333,0,1,Group1,0
2.552083333333333,0,1,Group1,0
2.552083333333333,0,1,Group1,0
2.552083333333333,0,1,Group1,0
2.552083333333333,0,1,Group1,0
2.552083333333333,0,1,Group1,0
2.552083333333333,0,1,Group1,0
2.552083333333333,0,1,Group1,0
5.135416666666666,1,1,Group1,0
5.21875,1,1,Group1,0
6.697916666666666,0,1,Group1,0
6.697916666666666,0,1,Group1,0
6.697916666666666,0,1,Group1,0
6.697916666666666,0,1,Group1,0
6.697916666666666,0,1,Group1,0
6.697916666666666,0,1,Group1,0
6.697916666666666,0,1,Group1,0
8.25,1,1,Group1,0
8.973958333333332,0,1,Group1,0
8.973958333333332,0,1,Group1,0
8.973958333333332,0,1,Group1,0
8.973958333333332,0,1,Group1,0
9.75,1,1,Group1,0
10.359375,0,1,Group1,0
10.359375,0,1,Group1,0
11.020833333333332,1,1,Group1,0
11.0625,1,1,Group1,0
11.166666666666666,1,1,Group1,0
11.729166666666666,1,1,Group1,0
11.8125,1,1,Group1,0
11.947916666666666,1,1,Group1,0
12.270833333333332,1,1,Group1,0
12.270833333333332,1,1,Group1,0
12.28125,1,1,Group1,0
13.489583333333332,0,1,Group1,0
