time,status,treat,Group,curve
3.081081081081081,1,1,Group1,0
6.4324324324324325,0,1,Group1,0
9.756756756756758,1,1,Group1,0
13.283783783783786,0,1,Group1,0
13.283783783783786,0,1,Group1,0
16.89189189189189,1,1,Group1,0
17.513513513513516,1,1,Group1,0
18.5945945945946,1,1,Group1,0
19.16216216216216,0,1,Group1,0
19.81081081081081,1,1,Group1,0
21.405405405405407,1,1,Group1,0
22.45945945945946,1,1,Group1,0
23.97297297297297,1,1,Group1,0
24.37837837837838,1,1,Group1,0
25.75675675675676,1,1,Group1,0
26.5945945945946,1,1,Group1,0
26.621621621621625,1,1,Group1,0
27.324324324324326,1,1,Group1,0
27.405405405405407,1,1,Group1,0
28.324324324324326,1,1,Group1,0
28.75675675675676,1,1,Group1,0
30.162162162162165,1,1,Group1,0
30.5945945945946,1,1,Group1,0
31.027027027027028,1,1,Group1,0
31.135135135135137,1,1,Group1,0
33.08108108108108,1,1,Group1,0
33.351351351351354,1,1,Group1,0
33.83783783783784,1,1,Group1,0
33.91891891891892,1,1,Group1,0
34.33783783783784,0,1,Group1,0
34.810810810810814,1,1,Group1,0
35.32432432432432,1,1,Group1,0
35.7027027027027,1,1,Group1,0
35.72972972972973,1,1,Group1,0
35.810810810810814,1,1,Group1,0
36.054054054054056,1,1,Group1,0
36.054054054054056,1,1,Group1,0
36.054054054054056,1,1,Group1,0
36.054054054054056,1,1,Group1,0
36.054054054054056,1,1,Group1,0
36.054054054054056,1,1,Group1,0
36.054054054054056,1,1,Group1,0
36.054054054054056,1,1,Group1,0
36.054054054054056,1,1,Group1,0
36.054054054054056,1,1,Group1,0
36.054054054054056,1,1,Group1,0
36.054054054054056,1,1,Group1,0
36.054054054054056,1,1,Group1,0
36.054054054054056,1,1,Group1,0
36.054054054054056,1,1,Group1,0
36.054054054054056,1,1,Group1,0
36.054054054054056,1,1,Group1,0
36.054054054054056,1,1,Group1,0
36.054054054054056,1,1,Group1,0
36.054054054054056,1,1,Group1,0
36.054054054054056,1,1,Group1,0
36.054054054054056,1,1,Group1,0
36.054054054054056,1,1,Group1,0
