time,status,treat,Group,curve
0.5074626865671642,1,1,Group1,0
1.582089552238806,0,1,Group1,0
1.582089552238806,0,1,Group1,0
1.582089552238806,0,1,Group1,0
2.7313432835820897,1,1,Group1,0
2.9402985074626864,1,1,Group1,0
4.2388059701492535,0,1,Group1,0
4.2388059701492535,0,1,Group1,0
5.611940298507463,1,1,Group1,0
5.813432835820896,0,1,Group1,0
5.813432835820896,0,1,Group1,0
6.08955223880597,1,1,Group1,0
6.119402985074626,1,1,Group1,0
6.649253731343283,0,1,Group1,0
7.253731343283582,1,1,Group1,0
8.201492537313433,0,1,Group1,0
9.223880597014926,1,1,Group1,0
9.402985074626866,1,1,Group1,0
9.626865671641792,1,1,Group1,0
10.0,1,1,Group1,0
10.044776119402984,1,1,Group1,0
10.597014925373134,1,1,Group1,0
11.26865671641791,1,1,Group1,0
11.410447761194028,0,1,Group1,0
11.626865671641792,1,1,Group1,0
11.626865671641792,1,1,Group1,0
11.746268656716415,1,1,Group1,0
11.761194029850746,1,1,Group1,0
11.865671641791044,1,1,Group1,0
11.880597014925373,1,1,Group1,0
12.880597014925373,1,1,Group1,0
13.0,1,1,Group1,0
16.044776119402986,1,1,Group1,0
19.85820895522388,0,1,Group1,0
