time,status,treat,Group,curve
0.036036036036036,1,1,Group1,0
0.4774774774774775,1,1,Group1,0
0.6036036036036035,1,1,Group1,0
1.4954954954954955,1,1,Group1,0
1.6126126126126126,1,1,Group1,0
1.792792792792793,1,1,Group1,0
2.027027027027027,1,1,Group1,0
2.144144144144144,1,1,Group1,0
2.90990990990991,1,1,Group1,0
3.2972972972972974,1,1,Group1,0
3.617117117117117,0,1,Group1,0
3.963963963963964,1,1,Group1,0
4.162162162162161,0,1,Group1,0
4.387387387387387,1,1,Group1,0
4.54054054054054,1,1,Group1,0
4.648648648648648,1,1,Group1,0
4.657657657657658,1,1,Group1,0
4.657657657657658,1,1,Group1,0
4.693693693693693,1,1,Group1,0
4.963963963963964,1,1,Group1,0
5.09009009009009,1,1,Group1,0
5.378378378378378,1,1,Group1,0
5.414414414414415,1,1,Group1,0
5.468468468468468,1,1,Group1,0
5.864864864864865,1,1,Group1,0
5.900900900900901,1,1,Group1,0
5.936936936936937,1,1,Group1,0
5.990990990990991,1,1,Group1,0
6.027027027027027,1,1,Group1,0
6.072072072072072,1,1,Group1,0
6.2342342342342345,1,1,Group1,0
6.297297297297297,1,1,Group1,0
6.337837837837838,0,1,Group1,0
6.396396396396396,1,1,Group1,0
6.576576576576577,1,1,Group1,0
6.648648648648648,1,1,Group1,0
6.671171171171171,0,1,Group1,0
6.675675675675675,1,1,Group1,0
6.675675675675675,1,1,Group1,0
6.846846846846847,1,1,Group1,0
6.855855855855856,1,1,Group1,0
6.981981981981982,1,1,Group1,0
6.990990990990991,1,1,Group1,0
7.009009009009009,1,1,Group1,0
7.054054054054054,1,1,Group1,0
7.063063063063063,1,1,Group1,0
7.063063063063063,1,1,Group1,0
7.081081081081081,1,1,Group1,0
7.09009009009009,1,1,Group1,0
7.099099099099099,1,1,Group1,0
7.126126126126126,1,1,Group1,0
7.207207207207207,1,1,Group1,0
7.36936936936937,1,1,Group1,0
7.36936936936937,1,1,Group1,0
7.378378378378378,1,1,Group1,0
7.387387387387387,1,1,Group1,0
7.387387387387387,1,1,Group1,0
7.522522522522522,1,1,Group1,0
7.531531531531532,1,1,Group1,0
7.63963963963964,1,1,Group1,0
7.657657657657658,1,1,Group1,0
7.693693693693693,1,1,Group1,0
7.783783783783783,1,1,Group1,0
7.792792792792793,1,1,Group1,0
8.072072072072071,1,1,Group1,0
8.108108108108109,1,1,Group1,0
8.27927927927928,1,1,Group1,0
8.288288288288289,1,1,Group1,0
11.675675675675675,0,1,Group1,0
