time,status,treat,Group,curve
1.4054054054054057,1,1,Group1,0
7.72972972972973,1,1,Group1,0
8.324324324324325,1,1,Group1,0
9.64864864864865,1,1,Group1,0
10.594594594594597,1,1,Group1,0
15.864864864864863,1,1,Group1,0
16.527027027027028,0,1,Group1,0
17.2972972972973,1,1,Group1,0
18.81081081081081,1,1,Group1,0
20.51351351351352,1,1,Group1,0
21.324324324324326,1,1,Group1,0
21.91891891891892,0,1,Group1,0
22.621621621621625,1,1,Group1,0
24.162162162162165,1,1,Group1,0
25.783783783783782,1,1,Group1,0
26.10810810810811,1,1,Group1,0
26.5945945945946,1,1,Group1,0
27.216216216216218,1,1,Group1,0
28.135135135135137,1,1,Group1,0
28.324324324324326,1,1,Group1,0
28.432432432432435,1,1,Group1,0
29.5945945945946,1,1,Group1,0
29.97297297297297,1,1,Group1,0
30.18918918918919,1,1,Group1,0
30.5945945945946,1,1,Group1,0
32.91891891891892,1,1,Group1,0
32.94594594594595,1,1,Group1,0
32.94594594594595,1,1,Group1,0
33.270270270270274,1,1,Group1,0
33.5945945945946,1,1,Group1,0
33.64864864864865,1,1,Group1,0
34.0,1,1,Group1,0
34.054054054054056,1,1,Group1,0
34.44594594594595,0,1,Group1,0
34.972972972972975,1,1,Group1,0
35.16216216216216,1,1,Group1,0
35.32432432432432,1,1,Group1,0
35.972972972972975,1,1,Group1,0
36.0,1,1,Group1,0
36.054054054054056,0,1,Group1,0
36.054054054054056,0,1,Group1,0
36.054054054054056,0,1,Group1,0
36.054054054054056,0,1,Group1,0
36.054054054054056,0,1,Group1,0
36.054054054054056,0,1,Group1,0
36.054054054054056,0,1,Group1,0
36.054054054054056,0,1,Group1,0
36.054054054054056,0,1,Group1,0
36.054054054054056,0,1,Group1,0
