time,status,treat,Group,curve
2.1081081081081083,1,1,Group1,0
6.770270270270271,0,1,Group1,0
11.54054054054054,1,1,Group1,0
12.45945945945946,1,1,Group1,0
14.432432432432432,1,1,Group1,0
15.108108108108109,0,1,Group1,0
15.891891891891891,1,1,Group1,0
19.75675675675676,0,1,Group1,0
19.75675675675676,0,1,Group1,0
19.75675675675676,0,1,Group1,0
23.783783783783782,1,1,Group1,0
24.783783783783782,0,1,Group1,0
24.783783783783782,0,1,Group1,0
24.783783783783782,0,1,Group1,0
24.783783783783782,0,1,Group1,0
25.91891891891892,1,1,Group1,0
28.27027027027028,0,1,Group1,0
30.75675675675676,1,1,Group1,0
32.25675675675676,0,1,Group1,0
32.25675675675676,0,1,Group1,0
33.86486486486487,1,1,Group1,0
34.932432432432435,1,1,Group1,0
36.054054054054056,1,1,Group1,0
36.054054054054056,1,1,Group1,0
36.054054054054056,1,1,Group1,0
36.054054054054056,1,1,Group1,0
36.054054054054056,1,1,Group1,0
36.054054054054056,1,1,Group1,0
36.054054054054056,1,1,Group1,0
36.054054054054056,1,1,Group1,0
36.054054054054056,1,1,Group1,0
36.054054054054056,1,1,Group1,0
36.054054054054056,1,1,Group1,0
36.054054054054056,1,1,Group1,0
36.054054054054056,1,1,Group1,0
36.054054054054056,1,1,Group1,0
36.054054054054056,1,1,Group1,0
36.054054054054056,1,1,Group1,0
36.054054054054056,1,1,Group1,0
36.054054054054056,1,1,Group1,0
36.054054054054056,1,1,Group1,0
36.054054054054056,1,1,Group1,0
36.054054054054056,1,1,Group1,0
36.054054054054056,1,1,Group1,0
36.054054054054056,1,1,Group1,0
36.054054054054056,1,1,Group1,0
36.054054054054056,1,1,Group1,0
36.054054054054056,1,1,Group1,0
