time,status,treat,Group,curve
4.040540540540541,0,1,Group1,0
4.040540540540541,0,1,Group1,0
4.040540540540541,0,1,Group1,0
4.040540540540541,0,1,Group1,0
4.040540540540541,0,1,Group1,0
8.135135135135135,1,1,Group1,0
9.945945945945947,0,1,Group1,0
11.756756756756758,1,1,Group1,0
15.432432432432432,0,1,Group1,0
15.432432432432432,0,1,Group1,0
15.432432432432432,0,1,Group1,0
19.2972972972973,1,1,Group1,0
19.95945945945946,0,1,Group1,0
19.95945945945946,0,1,Group1,0
20.75675675675676,1,1,Group1,0
21.054054054054056,1,1,Group1,0
23.135135135135137,0,1,Group1,0
25.351351351351354,1,1,Group1,0
26.2027027027027,0,1,Group1,0
27.216216216216218,1,1,Group1,0
27.24324324324325,1,1,Group1,0
27.54054054054054,0,1,Group1,0
27.945945945945947,1,1,Group1,0
28.67567567567568,1,1,Group1,0
29.87837837837838,0,1,Group1,0
31.18918918918919,1,1,Group1,0
32.229729729729726,0,1,Group1,0
33.2972972972973,1,1,Group1,0
34.52702702702703,0,1,Group1,0
34.52702702702703,0,1,Group1,0
35.75675675675676,1,1,Group1,0
36.054054054054056,1,1,Group1,0
36.054054054054056,1,1,Group1,0
36.054054054054056,1,1,Group1,0
36.054054054054056,1,1,Group1,0
36.054054054054056,1,1,Group1,0
36.054054054054056,1,1,Group1,0
36.054054054054056,1,1,Group1,0
36.054054054054056,1,1,Group1,0
36.054054054054056,1,1,Group1,0
36.054054054054056,1,1,Group1,0
36.054054054054056,1,1,Group1,0
36.054054054054056,1,1,Group1,0
36.054054054054056,1,1,Group1,0
36.054054054054056,1,1,Group1,0
36.054054054054056,1,1,Group1,0
36.054054054054056,1,1,Group1,0
36.054054054054056,1,1,Group1,0
36.054054054054056,1,1,Group1,0
36.054054054054056,1,1,Group1,0
36.054054054054056,1,1,Group1,0
36.054054054054056,1,1,Group1,0
36.054054054054056,1,1,Group1,0
36.054054054054056,1,1,Group1,0
