time,status,treat,Group,curve
1.3963963963963963,0,1,Group1,0
1.3963963963963963,0,1,Group1,0
1.3963963963963963,0,1,Group1,0
1.3963963963963963,0,1,Group1,0
1.3963963963963963,0,1,Group1,0
2.828828828828829,1,1,Group1,0
5.648648648648648,0,1,Group1,0
5.648648648648648,0,1,Group1,0
5.648648648648648,0,1,Group1,0
5.648648648648648,0,1,Group1,0
5.648648648648648,0,1,Group1,0
5.648648648648648,0,1,Group1,0
5.648648648648648,0,1,Group1,0
5.648648648648648,0,1,Group1,0
5.648648648648648,0,1,Group1,0
5.648648648648648,0,1,Group1,0
5.648648648648648,0,1,Group1,0
5.648648648648648,0,1,Group1,0
5.648648648648648,0,1,Group1,0
5.648648648648648,0,1,Group1,0
5.648648648648648,0,1,Group1,0
5.648648648648648,0,1,Group1,0
5.648648648648648,0,1,Group1,0
5.648648648648648,0,1,Group1,0
5.648648648648648,0,1,Group1,0
8.468468468468469,1,1,Group1,0
10.783783783783784,0,1,Group1,0
10.783783783783784,0,1,Group1,0
10.783783783783784,0,1,Group1,0
10.783783783783784,0,1,Group1,0
10.783783783783784,0,1,Group1,0
10.783783783783784,0,1,Group1,0
10.783783783783784,0,1,Group1,0
10.783783783783784,0,1,Group1,0
10.783783783783784,0,1,Group1,0
10.783783783783784,0,1,Group1,0
10.783783783783784,0,1,Group1,0
10.783783783783784,0,1,Group1,0
10.783783783783784,0,1,Group1,0
10.783783783783784,0,1,Group1,0
13.18918918918919,1,1,Group1,0
13.495495495495495,0,1,Group1,0
13.495495495495495,0,1,Group1,0
13.495495495495495,0,1,Group1,0
13.495495495495495,0,1,Group1,0
13.846846846846848,0,1,Group1,0
13.891891891891891,1,1,Group1,0
14.01801801801802,1,1,Group1,0
14.108108108108109,1,1,Group1,0
14.306306306306306,1,1,Group1,0
15.135135135135137,1,1,Group1,0
16.54054054054054,1,1,Group1,0
17.18918918918919,1,1,Group1,0
17.44144144144144,1,1,Group1,0
23.67567567567568,0,1,Group1,0
