time,status,treat,Group,curve
1.0,1,1,Group1,0
4.702702702702703,1,1,Group1,0
7.905405405405406,0,1,Group1,0
7.905405405405406,0,1,Group1,0
11.216216216216218,1,1,Group1,0
11.756756756756758,1,1,Group1,0
13.87837837837838,0,1,Group1,0
13.87837837837838,0,1,Group1,0
16.054054054054056,1,1,Group1,0
19.64864864864865,1,1,Group1,0
23.2972972972973,1,1,Group1,0
25.2027027027027,0,1,Group1,0
25.2027027027027,0,1,Group1,0
27.162162162162165,1,1,Group1,0
27.41891891891892,0,1,Group1,0
27.486486486486488,1,1,Group1,0
27.729729729729733,0,1,Group1,0
28.10810810810811,1,1,Group1,0
28.945945945945947,1,1,Group1,0
31.621621621621625,1,1,Group1,0
33.56756756756757,1,1,Group1,0
34.891891891891895,1,1,Group1,0
35.10810810810811,1,1,Group1,0
36.054054054054056,1,1,Group1,0
36.054054054054056,1,1,Group1,0
36.054054054054056,1,1,Group1,0
36.054054054054056,1,1,Group1,0
36.054054054054056,1,1,Group1,0
36.054054054054056,1,1,Group1,0
36.054054054054056,1,1,Group1,0
36.054054054054056,1,1,Group1,0
36.054054054054056,1,1,Group1,0
36.054054054054056,1,1,Group1,0
36.054054054054056,1,1,Group1,0
36.054054054054056,1,1,Group1,0
36.054054054054056,1,1,Group1,0
36.054054054054056,1,1,Group1,0
36.054054054054056,1,1,Group1,0
