time,status,treat,Group,curve
0.5675675675675675,1,1,Group1,0
0.7837837837837838,1,1,Group1,0
1.7567567567567568,1,1,Group1,0
3.527027027027027,0,1,Group1,0
5.324324324324325,1,1,Group1,0
18.24324324324325,1,1,Group1,0
19.37837837837838,1,1,Group1,0
19.64864864864865,1,1,Group1,0
20.216216216216218,1,1,Group1,0
20.56756756756757,1,1,Group1,0
21.432432432432435,1,1,Group1,0
21.702702702702705,1,1,Group1,0
22.64864864864865,1,1,Group1,0
23.54054054054054,1,1,Group1,0
23.67567567567568,1,1,Group1,0
26.432432432432435,1,1,Group1,0
28.2972972972973,1,1,Group1,0
28.864864864864867,1,1,Group1,0
28.91891891891892,1,1,Group1,0
29.72972972972973,1,1,Group1,0
29.945945945945947,1,1,Group1,0
30.216216216216218,1,1,Group1,0
30.24324324324325,1,1,Group1,0
30.81081081081081,1,1,Group1,0
31.216216216216218,1,1,Group1,0
31.2972972972973,1,1,Group1,0
31.324324324324326,1,1,Group1,0
31.351351351351354,1,1,Group1,0
31.864864864864867,1,1,Group1,0
32.810810810810814,1,1,Group1,0
33.02702702702703,1,1,Group1,0
33.10810810810811,1,1,Group1,0
33.45945945945946,1,1,Group1,0
34.48648648648649,1,1,Group1,0
35.08108108108108,1,1,Group1,0
35.72972972972973,1,1,Group1,0
36.054054054054056,0,1,Group1,0
36.054054054054056,0,1,Group1,0
