time,status,treat,Group,curve
0.3620689655172414,1,1,Group1,0
0.375,0,1,Group1,0
2.1077586206896552,0,1,Group1,0
2.1077586206896552,0,1,Group1,0
2.1077586206896552,0,1,Group1,0
2.1077586206896552,0,1,Group1,0
2.1077586206896552,0,1,Group1,0
2.1077586206896552,0,1,Group1,0
2.1077586206896552,0,1,Group1,0
2.1077586206896552,0,1,Group1,0
3.956896551724138,1,1,Group1,0
4.771551724137931,0,1,Group1,0
5.741379310344827,1,1,Group1,0
14.301724137931036,0,1,Group1,0
14.301724137931036,0,1,Group1,0
14.301724137931036,0,1,Group1,0
14.301724137931036,0,1,Group1,0
14.301724137931036,0,1,Group1,0
14.301724137931036,0,1,Group1,0
14.301724137931036,0,1,Group1,0
14.301724137931036,0,1,Group1,0
14.301724137931036,0,1,Group1,0
14.301724137931036,0,1,Group1,0
14.301724137931036,0,1,Group1,0
22.991379310344826,1,1,Group1,0
24.051724137931032,0,1,Group1,0
24.051724137931032,0,1,Group1,0
24.051724137931032,0,1,Group1,0
24.051724137931032,0,1,Group1,0
24.051724137931032,0,1,Group1,0
24.051724137931032,0,1,Group1,0
25.241379310344826,1,1,Group1,0
26.405172413793103,0,1,Group1,0
26.405172413793103,0,1,Group1,0
26.405172413793103,0,1,Group1,0
27.620689655172413,1,1,Group1,0
28.099137931034484,0,1,Group1,0
28.70689655172414,1,1,Group1,0
28.70689655172414,1,1,Group1,0
28.823275862068964,0,1,Group1,0
28.86206896551724,1,1,Group1,0
29.44396551724138,0,1,Group1,0
29.48275862068965,1,1,Group1,0
29.741379310344826,1,1,Group1,0
30.20689655172414,1,1,Group1,0
31.344827586206897,1,1,Group1,0
32.043103448275865,1,1,Group1,0
32.043103448275865,1,1,Group1,0
34.11206896551724,0,1,Group1,0
