time,status,treat,Group,curve
0.3388429752066116,0,1,Arm A,0
0.7107438016528926,1,1,Arm A,0
0.71900826446281,0,1,Arm A,0
4.338842975206612,0,1,Arm A,0
4.338842975206612,0,1,Arm A,0
4.338842975206612,0,1,Arm A,0
4.338842975206612,0,1,Arm A,0
4.338842975206612,0,1,Arm A,0
4.338842975206612,0,1,Arm A,0
4.338842975206612,0,1,Arm A,0
4.338842975206612,0,1,Arm A,0
4.338842975206612,0,1,Arm A,0
4.338842975206612,0,1,Arm A,0
4.338842975206612,0,1,Arm A,0
4.338842975206612,0,1,Arm A,0
4.338842975206612,0,1,Arm A,0
4.338842975206612,0,1,Arm A,0
4.338842975206612,0,1,Arm A,0
4.338842975206612,0,1,Arm A,0
4.338842975206612,0,1,Arm A,0
4.338842975206612,0,1,Arm A,0
4.338842975206612,0,1,Arm A,0
7.958677685950414,0,1,Arm A,0
7.958677685950414,0,1,Arm A,0
7.983471074380166,0,1,Arm A,0
7.983471074380166,0,1,Arm A,0
7.983471074380166,0,1,Arm A,0
7.983471074380166,0,1,Arm A,0
7.983471074380166,0,1,Arm A,0
7.983471074380166,0,1,Arm A,0
8.03305785123967,1,1,Arm A,0
8.363636363636363,1,1,Arm A,0
8.942148760330578,0,1,Arm A,0
8.991735537190083,1,1,Arm A,0
9.925619834710744,0,1,Arm A,0
10.942148760330578,1,1,Arm A,0
11.40495867768595,0,1,Arm A,0
11.40495867768595,0,1,Arm A,0
11.40495867768595,0,1,Arm A,0
11.40495867768595,0,1,Arm A,0
11.40495867768595,0,1,Arm A,0
11.950413223140496,1,1,Arm A,0
11.950413223140496,1,1,Arm A,0
12.165289256198347,0,1,Arm A,0
12.165289256198347,0,1,Arm A,0
12.462809917355372,1,1,Arm A,0
12.512396694214877,1,1,Arm A,0
12.512396694214877,1,1,Arm A,0
13.008264462809915,1,1,Arm A,0
13.851239669421489,1,1,Arm A,0
21.68595041322314,0,1,Arm A,0
22.0,0,1,Arm A,0
