time,status,treat,Group,curve
2.7702702702702706,0,1,Group1,0
2.7702702702702706,0,1,Group1,0
2.7702702702702706,0,1,Group1,0
2.7702702702702706,0,1,Group1,0
2.7702702702702706,0,1,Group1,0
2.7702702702702706,0,1,Group1,0
2.7702702702702706,0,1,Group1,0
5.594594594594595,1,1,Group1,0
9.391891891891891,0,1,Group1,0
9.391891891891891,0,1,Group1,0
9.391891891891891,0,1,Group1,0
9.391891891891891,0,1,Group1,0
9.391891891891891,0,1,Group1,0
9.391891891891891,0,1,Group1,0
9.391891891891891,0,1,Group1,0
13.297297297297298,1,1,Group1,0
13.972972972972974,1,1,Group1,0
14.27027027027027,1,1,Group1,0
15.824324324324325,0,1,Group1,0
15.824324324324325,0,1,Group1,0
17.45945945945946,1,1,Group1,0
18.72972972972973,1,1,Group1,0
18.75675675675676,1,1,Group1,0
19.216216216216218,0,1,Group1,0
19.75675675675676,1,1,Group1,0
21.97297297297297,1,1,Group1,0
22.91891891891892,1,1,Group1,0
23.2972972972973,0,1,Group1,0
23.72972972972973,1,1,Group1,0
24.5945945945946,1,1,Group1,0
26.162162162162165,1,1,Group1,0
26.2972972972973,1,1,Group1,0
26.445945945945947,0,1,Group1,0
26.702702702702705,1,1,Group1,0
27.324324324324326,1,1,Group1,0
27.45945945945946,1,1,Group1,0
28.2972972972973,1,1,Group1,0
29.17567567567568,0,1,Group1,0
29.17567567567568,0,1,Group1,0
30.162162162162165,1,1,Group1,0
30.351351351351354,1,1,Group1,0
30.37837837837838,1,1,Group1,0
30.5,0,1,Group1,0
30.75675675675676,1,1,Group1,0
30.864864864864867,1,1,Group1,0
30.97297297297297,1,1,Group1,0
31.027027027027028,1,1,Group1,0
31.10810810810811,1,1,Group1,0
31.48648648648649,0,1,Group1,0
31.91891891891892,1,1,Group1,0
32.054054054054056,1,1,Group1,0
32.62162162162162,1,1,Group1,0
32.83783783783784,1,1,Group1,0
33.18918918918919,1,1,Group1,0
33.432432432432435,1,1,Group1,0
34.02702702702703,1,1,Group1,0
34.270270270270274,1,1,Group1,0
36.054054054054056,1,1,Group1,0
36.054054054054056,0,1,Group1,0
