time,status,treat,Group,curve
1.675675675675676,1,1,Group1,0
5.337837837837838,0,1,Group1,0
5.337837837837838,0,1,Group1,0
9.108108108108109,1,1,Group1,0
9.83783783783784,1,1,Group1,0
11.405405405405403,1,1,Group1,0
12.513513513513514,1,1,Group1,0
16.432432432432435,0,1,Group1,0
16.432432432432435,0,1,Group1,0
16.432432432432435,0,1,Group1,0
16.432432432432435,0,1,Group1,0
16.432432432432435,0,1,Group1,0
16.432432432432435,0,1,Group1,0
20.37837837837838,1,1,Group1,0
20.45945945945946,1,1,Group1,0
22.18918918918919,1,1,Group1,0
26.25675675675676,0,1,Group1,0
26.25675675675676,0,1,Group1,0
26.25675675675676,0,1,Group1,0
30.45945945945946,1,1,Group1,0
31.432432432432435,1,1,Group1,0
32.18918918918919,1,1,Group1,0
33.432432432432435,1,1,Group1,0
33.62162162162162,1,1,Group1,0
34.21621621621622,0,1,Group1,0
34.94594594594595,1,1,Group1,0
35.64864864864865,1,1,Group1,0
36.054054054054056,1,1,Group1,0
36.054054054054056,1,1,Group1,0
36.054054054054056,1,1,Group1,0
36.054054054054056,1,1,Group1,0
36.054054054054056,1,1,Group1,0
36.054054054054056,1,1,Group1,0
36.054054054054056,1,1,Group1,0
36.054054054054056,1,1,Group1,0
36.054054054054056,1,1,Group1,0
36.054054054054056,1,1,Group1,0
36.054054054054056,1,1,Group1,0
36.054054054054056,1,1,Group1,0
36.054054054054056,1,1,Group1,0
36.054054054054056,1,1,Group1,0
36.054054054054056,1,1,Group1,0
36.054054054054056,1,1,Group1,0
36.054054054054056,1,1,Group1,0
36.054054054054056,1,1,Group1,0
36.054054054054056,1,1,Group1,0
36.054054054054056,1,1,Group1,0
