time,status,treat,Group,curve
2.283783783783784,0,1,Group1,0
2.283783783783784,0,1,Group1,0
4.648648648648649,1,1,Group1,0
5.608108108108109,0,1,Group1,0
6.675675675675676,1,1,Group1,0
8.621621621621621,0,1,Group1,0
10.675675675675675,1,1,Group1,0
14.14864864864865,0,1,Group1,0
14.14864864864865,0,1,Group1,0
14.14864864864865,0,1,Group1,0
17.64864864864865,1,1,Group1,0
18.5,0,1,Group1,0
19.37837837837838,1,1,Group1,0
20.054054054054056,1,1,Group1,0
20.72972972972973,1,1,Group1,0
23.17567567567568,0,1,Group1,0
23.17567567567568,0,1,Group1,0
25.67567567567568,1,1,Group1,0
26.89189189189189,1,1,Group1,0
27.2972972972973,1,1,Group1,0
29.04054054054054,0,1,Group1,0
30.91891891891892,1,1,Group1,0
31.054054054054056,1,1,Group1,0
31.229729729729733,0,1,Group1,0
31.45945945945946,1,1,Group1,0
31.905405405405407,0,1,Group1,0
32.351351351351354,1,1,Group1,0
34.24324324324324,1,1,Group1,0
34.75675675675676,1,1,Group1,0
34.83783783783784,1,1,Group1,0
35.45945945945946,1,1,Group1,0
35.54054054054054,1,1,Group1,0
36.054054054054056,0,1,Group1,0
36.054054054054056,0,1,Group1,0
36.054054054054056,0,1,Group1,0
36.054054054054056,0,1,Group1,0
36.054054054054056,0,1,Group1,0
36.054054054054056,0,1,Group1,0
36.054054054054056,0,1,Group1,0
36.054054054054056,0,1,Group1,0
36.054054054054056,0,1,Group1,0
