time,status,treat,Group,curve
1.495145631067961,0,1,Group1,0
1.495145631067961,0,1,Group1,0
1.495145631067961,0,1,Group1,0
1.495145631067961,0,1,Group1,0
1.495145631067961,0,1,Group1,0
1.495145631067961,0,1,Group1,0
1.495145631067961,0,1,Group1,0
1.495145631067961,0,1,Group1,0
1.495145631067961,0,1,Group1,0
1.495145631067961,0,1,Group1,0
1.495145631067961,0,1,Group1,0
1.495145631067961,0,1,Group1,0
1.495145631067961,0,1,Group1,0
1.495145631067961,0,1,Group1,0
1.495145631067961,0,1,Group1,0
1.495145631067961,0,1,Group1,0
2.990291262135922,0,1,Group1,0
2.990291262135922,0,1,Group1,0
3.019417475728155,1,1,Group1,0
3.703883495145632,0,1,Group1,0
3.703883495145632,0,1,Group1,0
3.703883495145632,0,1,Group1,0
4.436893203883495,1,1,Group1,0
4.635922330097086,0,1,Group1,0
4.854368932038835,0,1,Group1,0
4.883495145631067,1,1,Group1,0
5.577669902912621,0,1,Group1,0
5.577669902912621,0,1,Group1,0
5.577669902912621,0,1,Group1,0
5.577669902912621,0,1,Group1,0
5.577669902912621,0,1,Group1,0
6.3203883495145625,1,1,Group1,0
6.805825242718446,0,1,Group1,0
6.805825242718446,0,1,Group1,0
6.805825242718446,0,1,Group1,0
6.805825242718446,0,1,Group1,0
6.805825242718446,0,1,Group1,0
6.805825242718446,0,1,Group1,0
6.805825242718446,0,1,Group1,0
7.339805825242718,1,1,Group1,0
7.36893203883495,1,1,Group1,0
7.378640776699028,1,1,Group1,0
7.388349514563106,1,1,Group1,0
7.417475728155339,1,1,Group1,0
7.577669902912621,0,1,Group1,0
7.78640776699029,1,1,Group1,0
7.87378640776699,1,1,Group1,0
7.883495145631067,1,1,Group1,0
8.087378640776699,1,1,Group1,0
8.592233009708737,1,1,Group1,0
8.601941747572814,1,1,Group1,0
12.213592233009708,1,1,Group1,0
