time,status,treat,Group,curve
0.0759493670886076,1,1,Group1,0
2.0443037974683542,0,1,Group1,0
2.0443037974683542,0,1,Group1,0
2.0443037974683542,0,1,Group1,0
2.0443037974683542,0,1,Group1,0
2.0443037974683542,0,1,Group1,0
2.0443037974683542,0,1,Group1,0
2.0443037974683542,0,1,Group1,0
2.0443037974683542,0,1,Group1,0
2.0443037974683542,0,1,Group1,0
2.0443037974683542,0,1,Group1,0
2.0443037974683542,0,1,Group1,0
2.0443037974683542,0,1,Group1,0
2.0443037974683542,0,1,Group1,0
2.0443037974683542,0,1,Group1,0
2.0443037974683542,0,1,Group1,0
4.012658227848101,1,1,Group1,0
4.873417721518988,0,1,Group1,0
4.873417721518988,0,1,Group1,0
4.873417721518988,0,1,Group1,0
4.873417721518988,0,1,Group1,0
5.746835443037974,1,1,Group1,0
7.468354430379746,0,1,Group1,0
7.468354430379746,0,1,Group1,0
7.468354430379746,0,1,Group1,0
7.468354430379746,0,1,Group1,0
7.468354430379746,0,1,Group1,0
7.468354430379746,0,1,Group1,0
7.468354430379746,0,1,Group1,0
7.468354430379746,0,1,Group1,0
7.468354430379746,0,1,Group1,0
7.468354430379746,0,1,Group1,0
9.20253164556962,1,1,Group1,0
9.60126582278481,0,1,Group1,0
9.60126582278481,0,1,Group1,0
9.60126582278481,0,1,Group1,0
10.063291139240508,1,1,Group1,0
10.38607594936709,0,1,Group1,0
10.772151898734178,1,1,Group1,0
11.90506329113924,0,1,Group1,0
11.90506329113924,0,1,Group1,0
11.90506329113924,0,1,Group1,0
11.90506329113924,0,1,Group1,0
13.10126582278481,1,1,Group1,0
13.151898734177214,1,1,Group1,0
13.81012658227848,1,1,Group1,0
14.544303797468354,1,1,Group1,0
14.569620253164556,1,1,Group1,0
15.379746835443038,1,1,Group1,0
15.620253164556962,0,1,Group1,0
15.620253164556962,0,1,Group1,0
