time,status,treat,Group,curve
0.0991735537190082,1,1,Group1,0
0.1570247933884297,1,1,Group1,0
0.3305785123966942,1,1,Group1,0
0.6652892561983471,0,1,Group1,0
1.0247933884297522,1,1,Group1,0
1.2644628099173554,1,1,Group1,0
2.6198347107438016,1,1,Group1,0
3.041322314049587,0,1,Group1,0
3.487603305785124,1,1,Group1,0
3.5289256198347108,1,1,Group1,0
3.809917355371901,1,1,Group1,0
3.909090909090909,1,1,Group1,0
3.991735537190083,1,1,Group1,0
4.148760330578512,1,1,Group1,0
4.206611570247934,1,1,Group1,0
4.305785123966943,1,1,Group1,0
4.380165289256198,1,1,Group1,0
4.553719008264463,1,1,Group1,0
4.586776859504132,1,1,Group1,0
5.12396694214876,1,1,Group1,0
5.479338842975206,1,1,Group1,0
5.586776859504132,1,1,Group1,0
5.595041322314049,1,1,Group1,0
5.760330578512397,1,1,Group1,0
5.801652892561983,1,1,Group1,0
5.818181818181818,1,1,Group1,0
5.826446280991736,1,1,Group1,0
5.859504132231405,1,1,Group1,0
5.859504132231405,1,1,Group1,0
5.950413223140496,1,1,Group1,0
5.966942148760331,1,1,Group1,0
6.041322314049587,1,1,Group1,0
6.066115702479339,1,1,Group1,0
6.074380165289257,1,1,Group1,0
6.090909090909091,1,1,Group1,0
6.1735537190082646,1,1,Group1,0
6.2727272727272725,1,1,Group1,0
6.355371900826446,1,1,Group1,0
6.3966942148760335,1,1,Group1,0
6.413223140495868,1,1,Group1,0
6.487603305785124,1,1,Group1,0
6.5123966942148765,1,1,Group1,0
6.570247933884298,1,1,Group1,0
6.669421487603306,1,1,Group1,0
6.677685950413223,1,1,Group1,0
6.710743801652892,1,1,Group1,0
6.793388429752066,1,1,Group1,0
6.917355371900826,1,1,Group1,0
10.173553719008265,1,1,Group1,0
10.173553719008265,1,1,Group1,0
