time,status,treat,Group,curve
2.540540540540541,0,1,Group1,0
2.540540540540541,0,1,Group1,0
2.540540540540541,0,1,Group1,0
2.540540540540541,0,1,Group1,0
5.162162162162162,1,1,Group1,0
8.68918918918919,0,1,Group1,0
8.68918918918919,0,1,Group1,0
8.68918918918919,0,1,Group1,0
8.68918918918919,0,1,Group1,0
12.351351351351353,1,1,Group1,0
18.905405405405407,0,1,Group1,0
25.5945945945946,1,1,Group1,0
27.635135135135137,0,1,Group1,0
27.635135135135137,0,1,Group1,0
27.635135135135137,0,1,Group1,0
29.83783783783784,1,1,Group1,0
30.216216216216218,1,1,Group1,0
30.89189189189189,1,1,Group1,0
31.81081081081081,1,1,Group1,0
34.75675675675676,1,1,Group1,0
36.054054054054056,1,1,Group1,0
36.054054054054056,1,1,Group1,0
36.054054054054056,1,1,Group1,0
36.054054054054056,1,1,Group1,0
36.054054054054056,1,1,Group1,0
36.054054054054056,1,1,Group1,0
36.054054054054056,1,1,Group1,0
36.054054054054056,1,1,Group1,0
36.054054054054056,1,1,Group1,0
36.054054054054056,1,1,Group1,0
36.054054054054056,1,1,Group1,0
36.054054054054056,1,1,Group1,0
36.054054054054056,1,1,Group1,0
36.054054054054056,1,1,Group1,0
36.054054054054056,1,1,Group1,0
36.054054054054056,1,1,Group1,0
