time,status,treat,Group,curve
0.2678571428571428,0,1,Group1,0
0.5714285714285714,1,1,Group1,0
1.809523809523809,0,1,Group1,0
1.809523809523809,0,1,Group1,0
1.809523809523809,0,1,Group1,0
1.809523809523809,0,1,Group1,0
1.809523809523809,0,1,Group1,0
1.809523809523809,0,1,Group1,0
3.1071428571428568,1,1,Group1,0
4.7142857142857135,0,1,Group1,0
4.7142857142857135,0,1,Group1,0
4.7142857142857135,0,1,Group1,0
6.3809523809523805,1,1,Group1,0
8.851190476190476,0,1,Group1,0
8.851190476190476,0,1,Group1,0
8.851190476190476,0,1,Group1,0
8.851190476190476,0,1,Group1,0
8.851190476190476,0,1,Group1,0
8.851190476190476,0,1,Group1,0
8.851190476190476,0,1,Group1,0
8.851190476190476,0,1,Group1,0
8.851190476190476,0,1,Group1,0
8.851190476190476,0,1,Group1,0
8.851190476190476,0,1,Group1,0
8.851190476190476,0,1,Group1,0
11.38095238095238,1,1,Group1,0
11.44047619047619,1,1,Group1,0
11.74404761904762,0,1,Group1,0
12.13095238095238,1,1,Group1,0
12.791666666666664,0,1,Group1,0
12.791666666666664,0,1,Group1,0
12.791666666666664,0,1,Group1,0
12.791666666666664,0,1,Group1,0
13.51190476190476,1,1,Group1,0
13.51190476190476,1,1,Group1,0
13.678571428571429,1,1,Group1,0
13.904761904761903,0,1,Group1,0
14.19047619047619,1,1,Group1,0
15.0,1,1,Group1,0
