time,status,treat,Group,curve
1.7939189189189189,0,1,Group1,0
1.7939189189189189,0,1,Group1,0
1.7939189189189189,0,1,Group1,0
3.6486486486486487,1,1,Group1,0
3.932432432432433,1,1,Group1,0
5.66554054054054,0,1,Group1,0
5.66554054054054,0,1,Group1,0
7.5,1,1,Group1,0
7.783783783783784,0,1,Group1,0
8.14864864864865,1,1,Group1,0
9.070945945945947,0,1,Group1,0
9.070945945945947,0,1,Group1,0
9.070945945945947,0,1,Group1,0
9.070945945945947,0,1,Group1,0
10.074324324324325,1,1,Group1,0
12.567567567567568,1,1,Group1,0
12.851351351351353,1,1,Group1,0
13.256756756756758,1,1,Group1,0
13.317567567567568,0,1,Group1,0
13.41891891891892,1,1,Group1,0
13.945945945945947,1,1,Group1,0
14.14864864864865,1,1,Group1,0
14.179054054054054,0,1,Group1,0
14.25,1,1,Group1,0
14.432432432432432,1,1,Group1,0
15.060810810810812,1,1,Group1,0
15.547297297297298,1,1,Group1,0
15.547297297297298,1,1,Group1,0
15.871621621621625,1,1,Group1,0
15.891891891891891,1,1,Group1,0
16.054054054054056,1,1,Group1,0
16.074324324324326,1,1,Group1,0
16.52027027027027,1,1,Group1,0
16.66216216216216,1,1,Group1,0
17.18918918918919,1,1,Group1,0
17.37162162162162,1,1,Group1,0
17.614864864864867,1,1,Group1,0
19.60135135135135,1,1,Group1,0
21.445945945945947,1,1,Group1,0
26.533783783783782,0,1,Group1,0
