time,status,treat,Group,curve
1.3848920863309353,0,1,Group1,0
1.3848920863309353,0,1,Group1,0
1.3848920863309353,0,1,Group1,0
1.3848920863309353,0,1,Group1,0
1.3848920863309353,0,1,Group1,0
2.8776978417266186,1,1,Group1,0
4.190647482014388,0,1,Group1,0
4.190647482014388,0,1,Group1,0
4.190647482014388,0,1,Group1,0
4.190647482014388,0,1,Group1,0
4.190647482014388,0,1,Group1,0
5.683453237410072,1,1,Group1,0
6.7086330935251794,0,1,Group1,0
6.7086330935251794,0,1,Group1,0
7.7517985611510785,0,1,Group1,0
7.985611510791367,1,1,Group1,0
8.093525179856115,1,1,Group1,0
8.956834532374101,0,1,Group1,0
8.956834532374101,0,1,Group1,0
10.071942446043163,1,1,Group1,0
11.8705035971223,0,1,Group1,0
13.81294964028777,1,1,Group1,0
15.449640287769784,0,1,Group1,0
17.230215827338128,1,1,Group1,0
19.29856115107913,0,1,Group1,0
19.29856115107913,0,1,Group1,0
19.29856115107913,0,1,Group1,0
19.29856115107913,0,1,Group1,0
21.546762589928058,1,1,Group1,0
23.70503597122302,1,1,Group1,0
24.874100719424455,0,1,Group1,0
26.18705035971223,1,1,Group1,0
28.05755395683453,1,1,Group1,0
38.56115107913669,1,1,Group1,0
48.20143884892086,0,1,Group1,0
