time,status,treat,Group,curve
0.3305785123966942,1,1,Group1,0
0.4132231404958678,1,1,Group1,0
1.2396694214876034,1,1,Group1,0
1.6859504132231409,1,1,Group1,0
2.347107438016529,1,1,Group1,0
3.2231404958677685,1,1,Group1,0
3.43801652892562,1,1,Group1,0
4.033057851239669,1,1,Group1,0
4.8429752066115705,1,1,Group1,0
4.975206611570248,1,1,Group1,0
5.181818181818182,0,1,Group1,0
5.206611570247934,1,1,Group1,0
5.636363636363637,1,1,Group1,0
5.851239669421488,1,1,Group1,0
6.429752066115703,1,1,Group1,0
6.4958677685950414,1,1,Group1,0
7.181818181818182,0,1,Group1,0
7.1900826446281,1,1,Group1,0
7.223140495867769,1,1,Group1,0
7.603305785123967,1,1,Group1,0
8.066115702479339,1,1,Group1,0
8.082644628099175,1,1,Group1,0
8.826446280991735,1,1,Group1,0
8.87603305785124,1,1,Group1,0
8.975206611570249,1,1,Group1,0
9.057851239669422,1,1,Group1,0
9.289256198347108,1,1,Group1,0
9.68595041322314,1,1,Group1,0
9.71900826446281,1,1,Group1,0
10.59504132231405,1,1,Group1,0
10.694214876033058,1,1,Group1,0
11.173553719008265,1,1,Group1,0
11.537190082644628,1,1,Group1,0
11.917355371900827,1,1,Group1,0
13.1900826446281,1,1,Group1,0
14.694214876033058,1,1,Group1,0
14.975206611570249,1,1,Group1,0
15.520661157024794,1,1,Group1,0
15.867768595041325,1,1,Group1,0
21.537190082644628,1,1,Group1,0
