time,status,treat,Group,curve
6.358208955223881,0,1,Group1,0
6.358208955223881,0,1,Group1,0
12.8955223880597,1,1,Group1,0
13.28358208955224,0,1,Group1,0
13.91044776119403,1,1,Group1,0
15.28358208955224,0,1,Group1,0
15.28358208955224,0,1,Group1,0
15.28358208955224,0,1,Group1,0
16.955223880597014,1,1,Group1,0
18.44776119402985,1,1,Group1,0
19.64179104477612,1,1,Group1,0
21.970149253731343,1,1,Group1,0
24.92537313432836,0,1,Group1,0
28.119402985074625,1,1,Group1,0
30.656716417910445,0,1,Group1,0
30.656716417910445,0,1,Group1,0
30.656716417910445,0,1,Group1,0
33.43283582089552,1,1,Group1,0
33.492537313432834,1,1,Group1,0
33.492537313432834,1,1,Group1,0
33.73134328358209,1,1,Group1,0
36.62686567164179,0,1,Group1,0
39.582089552238806,1,1,Group1,0
41.67164179104478,1,1,Group1,0
43.46268656716418,1,1,Group1,0
45.25373134328358,1,1,Group1,0
45.67164179104478,0,1,Group1,0
46.38805970149254,1,1,Group1,0
50.507462686567166,1,1,Group1,0
51.82089552238806,1,1,Group1,0
54.44776119402985,1,1,Group1,0
58.26865671641791,1,1,Group1,0
63.88059701492537,1,1,Group1,0
65.07462686567165,1,1,Group1,0
79.07462686567163,0,1,Group1,0
