time,status,treat,Group,curve
0.3258426966292135,0,1,Group1,0
0.3258426966292135,0,1,Group1,0
0.3258426966292135,0,1,Group1,0
0.3258426966292135,0,1,Group1,0
0.3258426966292135,0,1,Group1,0
0.6741573033707865,1,1,Group1,0
0.9382022471910112,0,1,Group1,0
0.9382022471910112,0,1,Group1,0
0.9382022471910112,0,1,Group1,0
0.9382022471910112,0,1,Group1,0
1.247191011235955,1,1,Group1,0
1.4438202247191012,0,1,Group1,0
1.4438202247191012,0,1,Group1,0
1.4438202247191012,0,1,Group1,0
1.6629213483146068,0,1,Group1,0
1.6853932584269662,1,1,Group1,0
1.7752808988764044,0,1,Group1,0
1.808988764044944,1,1,Group1,0
1.8876404494382024,0,1,Group1,0
2.02247191011236,1,1,Group1,0
2.162921348314607,0,1,Group1,0
2.162921348314607,0,1,Group1,0
2.3820224719101124,1,1,Group1,0
2.550561797752809,0,1,Group1,0
2.550561797752809,0,1,Group1,0
2.550561797752809,0,1,Group1,0
2.764044943820225,1,1,Group1,0
3.01123595505618,0,1,Group1,0
3.01123595505618,0,1,Group1,0
3.01123595505618,0,1,Group1,0
3.303370786516854,1,1,Group1,0
3.5786516853932584,0,1,Group1,0
3.5786516853932584,0,1,Group1,0
3.8651685393258415,0,1,Group1,0
3.898876404494382,1,1,Group1,0
4.179775280898877,0,1,Group1,0
4.179775280898877,0,1,Group1,0
4.52808988764045,1,1,Group1,0
4.910112359550562,0,1,Group1,0
4.910112359550562,0,1,Group1,0
4.910112359550562,0,1,Group1,0
4.910112359550562,0,1,Group1,0
4.910112359550562,0,1,Group1,0
5.348314606741573,1,1,Group1,0
5.764044943820225,0,1,Group1,0
5.764044943820225,0,1,Group1,0
5.764044943820225,0,1,Group1,0
6.202247191011236,1,1,Group1,0
6.831460674157303,1,1,Group1,0
7.325842696629214,0,1,Group1,0
7.865168539325842,1,1,Group1,0
7.865168539325842,1,1,Group1,0
7.97191011235955,0,1,Group1,0
8.089887640449438,1,1,Group1,0
9.02247191011236,1,1,Group1,0
9.404494382022472,1,1,Group1,0
9.629213483146067,1,1,Group1,0
14.067415730337078,0,1,Group1,0
