time,status,treat,Group,curve
1.858108108108108,1,1,Group1,0
2.0439189189189197,0,1,Group1,0
2.22972972972973,1,1,Group1,0
2.5,1,1,Group1,0
3.952702702702703,1,1,Group1,0
4.070945945945946,0,1,Group1,0
4.29054054054054,1,1,Group1,0
6.148648648648649,1,1,Group1,0
6.216216216216217,1,1,Group1,0
6.418918918918919,1,1,Group1,0
6.452702702702703,1,1,Group1,0
7.094594594594595,1,1,Group1,0
7.736486486486487,1,1,Group1,0
7.972972972972974,1,1,Group1,0
8.02364864864865,0,1,Group1,0
8.175675675675675,1,1,Group1,0
8.277027027027028,1,1,Group1,0
8.344594594594595,1,1,Group1,0
9.358108108108109,1,1,Group1,0
9.56081081081081,1,1,Group1,0
10.0,1,1,Group1,0
10.87837837837838,1,1,Group1,0
10.945945945945947,1,1,Group1,0
11.114864864864863,1,1,Group1,0
11.452702702702704,1,1,Group1,0
11.621621621621625,1,1,Group1,0
11.655405405405403,1,1,Group1,0
11.858108108108109,1,1,Group1,0
12.432432432432432,1,1,Group1,0
12.989864864864863,0,1,Group1,0
13.682432432432432,1,1,Group1,0
13.851351351351353,1,1,Group1,0
13.885135135135137,1,1,Group1,0
13.952702702702704,1,1,Group1,0
15.101351351351353,1,1,Group1,0
15.202702702702704,1,1,Group1,0
15.33783783783784,1,1,Group1,0
15.810810810810812,1,1,Group1,0
15.945945945945947,1,1,Group1,0
16.283783783783786,1,1,Group1,0
16.35135135135135,1,1,Group1,0
16.89189189189189,1,1,Group1,0
16.925675675675677,1,1,Group1,0
17.12837837837838,1,1,Group1,0
17.736486486486488,1,1,Group1,0
18.81756756756757,1,1,Group1,0
18.986486486486488,1,1,Group1,0
19.054054054054056,1,1,Group1,0
19.39189189189189,1,1,Group1,0
20.0,1,1,Group1,0
22.33108108108108,1,1,Group1,0
22.77027027027027,0,1,Group1,0
23.445945945945947,1,1,Group1,0
23.51351351351352,1,1,Group1,0
24.56081081081081,1,1,Group1,0
25.945945945945947,1,1,Group1,0
26.554054054054056,1,1,Group1,0
28.47972972972973,1,1,Group1,0
30.574324324324326,1,1,Group1,0
34.054054054054056,1,1,Group1,0
45.33783783783784,1,1,Group1,0
