time,status,treat,Group,curve
1.1559633027522938,0,1,Group1,0
1.1559633027522938,0,1,Group1,0
1.1559633027522938,0,1,Group1,0
1.1559633027522938,0,1,Group1,0
1.1559633027522938,0,1,Group1,0
1.1559633027522938,0,1,Group1,0
2.3486238532110093,1,1,Group1,0
2.623853211009174,0,1,Group1,0
2.623853211009174,0,1,Group1,0
2.889908256880734,0,1,Group1,0
2.9541284403669725,1,1,Group1,0
3.3577981651376145,0,1,Group1,0
3.3577981651376145,0,1,Group1,0
3.3577981651376145,0,1,Group1,0
3.3577981651376145,0,1,Group1,0
3.834862385321101,1,1,Group1,0
4.302752293577981,0,1,Group1,0
4.302752293577981,0,1,Group1,0
4.302752293577981,0,1,Group1,0
4.302752293577981,0,1,Group1,0
4.844036697247707,1,1,Group1,0
5.779816513761468,0,1,Group1,0
5.779816513761468,0,1,Group1,0
5.779816513761468,0,1,Group1,0
5.779816513761468,0,1,Group1,0
5.779816513761468,0,1,Group1,0
5.779816513761468,0,1,Group1,0
5.779816513761468,0,1,Group1,0
5.779816513761468,0,1,Group1,0
6.752293577981652,1,1,Group1,0
6.752293577981652,1,1,Group1,0
8.238532110091743,0,1,Group1,0
8.238532110091743,0,1,Group1,0
8.238532110091743,0,1,Group1,0
8.238532110091743,0,1,Group1,0
8.238532110091743,0,1,Group1,0
8.238532110091743,0,1,Group1,0
8.238532110091743,0,1,Group1,0
9.761467889908255,1,1,Group1,0
10.3302752293578,0,1,Group1,0
10.990825688073397,1,1,Group1,0
11.990825688073397,0,1,Group1,0
13.064220183486238,1,1,Group1,0
14.715596330275227,0,1,Group1,0
14.715596330275227,0,1,Group1,0
14.715596330275227,0,1,Group1,0
16.440366972477065,1,1,Group1,0
18.24770642201835,0,1,Group1,0
20.18348623853211,1,1,Group1,0
24.31192660550459,1,1,Group1,0
