time,status,treat,Group,curve
0.7194244604316546,1,1,Group1,0
0.935251798561151,1,1,Group1,0
1.762589928057554,0,1,Group1,0
2.76978417266187,1,1,Group1,0
3.776978417266186,1,1,Group1,0
5.287769784172662,1,1,Group1,0
7.266187050359711,1,1,Group1,0
7.733812949640288,1,1,Group1,0
9.028776978417266,1,1,Group1,0
10.899280575539567,1,1,Group1,0
11.151079136690647,1,1,Group1,0
11.690647482014388,1,1,Group1,0
13.16546762589928,1,1,Group1,0
14.424460431654676,1,1,Group1,0
14.568345323741006,1,1,Group1,0
16.115107913669064,1,1,Group1,0
16.18705035971223,1,1,Group1,0
17.050359712230215,1,1,Group1,0
17.302158273381295,1,1,Group1,0
18.093525179856115,1,1,Group1,0
18.16546762589928,1,1,Group1,0
19.820143884892087,1,1,Group1,0
19.928057553956837,1,1,Group1,0
20.14388489208633,1,1,Group1,0
20.28776978417266,1,1,Group1,0
21.72661870503597,1,1,Group1,0
21.83453237410072,1,1,Group1,0
23.992805755395683,1,1,Group1,0
25.071942446043163,1,1,Group1,0
25.79136690647482,1,1,Group1,0
25.899280575539567,1,1,Group1,0
26.72661870503597,1,1,Group1,0
29.568345323741006,1,1,Group1,0
32.94964028776978,1,1,Group1,0
33.59712230215827,1,1,Group1,0
34.856115107913666,1,1,Group1,0
35.611510791366904,1,1,Group1,0
48.30935251798561,1,1,Group1,0
