time,status,treat,Group,curve
0.4831460674157303,0,1,Group1,0
0.4831460674157303,0,1,Group1,0
0.9887640449438202,1,1,Group1,0
1.2528089887640448,0,1,Group1,0
1.550561797752809,1,1,Group1,0
1.820224719101124,1,1,Group1,0
2.404494382022472,0,1,Group1,0
2.404494382022472,0,1,Group1,0
3.0,0,1,Group1,0
3.033707865168539,1,1,Group1,0
3.202247191011236,1,1,Group1,0
3.713483146067416,0,1,Group1,0
4.258426966292134,1,1,Group1,0
4.651685393258427,0,1,Group1,0
4.651685393258427,0,1,Group1,0
5.078651685393258,1,1,Group1,0
5.314606741573034,1,1,Group1,0
5.382022471910112,1,1,Group1,0
5.47191011235955,1,1,Group1,0
5.662921348314606,1,1,Group1,0
5.735955056179775,0,1,Group1,0
5.853932584269662,1,1,Group1,0
5.8988764044943816,1,1,Group1,0
6.415730337078651,1,1,Group1,0
6.426966292134831,1,1,Group1,0
6.4943820224719095,1,1,Group1,0
6.707865168539326,1,1,Group1,0
6.741573033707865,1,1,Group1,0
6.803370786516854,0,1,Group1,0
6.910112359550562,1,1,Group1,0
7.157303370786517,1,1,Group1,0
7.438202247191011,1,1,Group1,0
7.46067415730337,1,1,Group1,0
7.719101123595506,1,1,Group1,0
7.876404494382022,1,1,Group1,0
8.303370786516854,1,1,Group1,0
8.606741573033707,1,1,Group1,0
8.741573033707866,0,1,Group1,0
8.932584269662922,1,1,Group1,0
9.0,1,1,Group1,0
9.292134831460674,1,1,Group1,0
9.438202247191011,0,1,Group1,0
9.651685393258427,1,1,Group1,0
9.730337078651685,1,1,Group1,0
10.089887640449438,1,1,Group1,0
10.191011235955056,1,1,Group1,0
10.337078651685394,1,1,Group1,0
10.629213483146067,1,1,Group1,0
10.696629213483146,1,1,Group1,0
11.887640449438202,1,1,Group1,0
12.584269662921349,1,1,Group1,0
12.674157303370784,1,1,Group1,0
12.808988764044944,0,1,Group1,0
13.0,1,1,Group1,0
13.123595505617978,1,1,Group1,0
14.370786516853933,1,1,Group1,0
