time,status,treat,Group,curve
2.236220472440945,0,1,Group1,0
2.236220472440945,0,1,Group1,0
2.236220472440945,0,1,Group1,0
2.236220472440945,0,1,Group1,0
2.236220472440945,0,1,Group1,0
2.236220472440945,0,1,Group1,0
4.566929133858268,1,1,Group1,0
7.858267716535433,0,1,Group1,0
7.858267716535433,0,1,Group1,0
7.858267716535433,0,1,Group1,0
7.858267716535433,0,1,Group1,0
11.275590551181102,1,1,Group1,0
11.77952755905512,1,1,Group1,0
15.84251968503937,0,1,Group1,0
15.84251968503937,0,1,Group1,0
15.84251968503937,0,1,Group1,0
15.84251968503937,0,1,Group1,0
15.84251968503937,0,1,Group1,0
15.84251968503937,0,1,Group1,0
15.84251968503937,0,1,Group1,0
15.84251968503937,0,1,Group1,0
19.921259842519685,0,1,Group1,0
19.968503937007878,0,1,Group1,0
19.968503937007878,0,1,Group1,0
19.968503937007878,0,1,Group1,0
19.968503937007878,0,1,Group1,0
20.06299212598425,1,1,Group1,0
20.094488188976374,1,1,Group1,0
22.47244094488189,0,1,Group1,0
22.47244094488189,0,1,Group1,0
22.47244094488189,0,1,Group1,0
22.47244094488189,0,1,Group1,0
25.00787401574803,1,1,Group1,0
25.322834645669293,1,1,Group1,0
25.322834645669293,1,1,Group1,0
26.40944881889764,0,1,Group1,0
26.40944881889764,0,1,Group1,0
27.62204724409449,1,1,Group1,0
28.67716535433071,0,1,Group1,0
28.67716535433071,0,1,Group1,0
29.79527559055118,1,1,Group1,0
31.275590551181104,1,1,Group1,0
31.275590551181104,1,1,Group1,0
36.96062992125984,0,1,Group1,0
42.7244094488189,0,1,Group1,0
