time,status,treat,Group,curve
0.3693693693693693,0,1,Group1,0
0.3693693693693693,0,1,Group1,0
0.3693693693693693,0,1,Group1,0
0.7567567567567568,1,1,Group1,0
0.8693693693693694,0,1,Group1,0
1.009009009009009,1,1,Group1,0
1.2882882882882885,0,1,Group1,0
1.6036036036036037,1,1,Group1,0
2.036036036036036,0,1,Group1,0
2.477477477477477,1,1,Group1,0
2.4954954954954958,1,1,Group1,0
2.5945945945945947,1,1,Group1,0
2.8783783783783785,0,1,Group1,0
2.8783783783783785,0,1,Group1,0
2.8783783783783785,0,1,Group1,0
3.2072072072072078,1,1,Group1,0
3.756756756756757,1,1,Group1,0
4.405405405405405,1,1,Group1,0
4.414414414414415,1,1,Group1,0
4.675675675675675,1,1,Group1,0
4.716216216216216,0,1,Group1,0
4.756756756756757,1,1,Group1,0
5.121621621621621,0,1,Group1,0
5.486486486486487,1,1,Group1,0
5.567567567567568,1,1,Group1,0
6.063063063063063,1,1,Group1,0
6.117117117117117,1,1,Group1,0
6.558558558558558,1,1,Group1,0
6.567567567567568,1,1,Group1,0
6.7657657657657655,1,1,Group1,0
6.783783783783783,1,1,Group1,0
6.873873873873873,1,1,Group1,0
7.117117117117117,1,1,Group1,0
7.337837837837838,0,1,Group1,0
7.621621621621622,1,1,Group1,0
7.815315315315315,0,1,Group1,0
8.018018018018019,1,1,Group1,0
9.396396396396396,1,1,Group1,0
9.432432432432432,1,1,Group1,0
10.414414414414413,0,1,Group1,0
11.432432432432432,1,1,Group1,0
11.576576576576576,0,1,Group1,0
