time,status,treat,Group,curve
1.0825688073394495,0,1,Group1,0
1.0825688073394495,0,1,Group1,0
1.0825688073394495,0,1,Group1,0
1.0825688073394495,0,1,Group1,0
2.220183486238532,1,1,Group1,0
4.596330275229358,0,1,Group1,0
4.596330275229358,0,1,Group1,0
4.596330275229358,0,1,Group1,0
4.596330275229358,0,1,Group1,0
4.596330275229358,0,1,Group1,0
4.596330275229358,0,1,Group1,0
4.596330275229358,0,1,Group1,0
7.064220183486239,1,1,Group1,0
10.541284403669724,0,1,Group1,0
10.541284403669724,0,1,Group1,0
10.541284403669724,0,1,Group1,0
10.541284403669724,0,1,Group1,0
10.541284403669724,0,1,Group1,0
10.541284403669724,0,1,Group1,0
10.541284403669724,0,1,Group1,0
10.541284403669724,0,1,Group1,0
10.541284403669724,0,1,Group1,0
10.541284403669724,0,1,Group1,0
14.091743119266056,1,1,Group1,0
14.458715596330276,1,1,Group1,0
14.935779816513762,1,1,Group1,0
16.752293577981654,1,1,Group1,0
17.137614678899084,1,1,Group1,0
18.908256880733944,0,1,Group1,0
20.69724770642202,1,1,Group1,0
22.93577981651376,1,1,Group1,0
23.449541284403672,1,1,Group1,0
24.68807339449541,0,1,Group1,0
