time,status,treat,Group,curve
1.7027027027027026,1,1,Group1,0
1.7747747747747749,1,1,Group1,0
1.8378378378378375,1,1,Group1,0
2.045045045045045,1,1,Group1,0
2.063063063063063,1,1,Group1,0
2.2432432432432434,1,1,Group1,0
2.328828828828829,0,1,Group1,0
2.4414414414414414,1,1,Group1,0
2.603603603603604,1,1,Group1,0
2.743243243243243,0,1,Group1,0
2.90990990990991,1,1,Group1,0
3.099099099099099,1,1,Group1,0
3.126126126126126,1,1,Group1,0
3.18018018018018,1,1,Group1,0
3.27027027027027,1,1,Group1,0
3.3963963963963963,1,1,Group1,0
3.5855855855855854,1,1,Group1,0
3.59009009009009,0,1,Group1,0
3.6666666666666665,1,1,Group1,0
3.72972972972973,1,1,Group1,0
3.810810810810811,1,1,Group1,0
3.846846846846847,1,1,Group1,0
3.90990990990991,1,1,Group1,0
4.144144144144144,1,1,Group1,0
4.1891891891891895,1,1,Group1,0
4.27027027027027,1,1,Group1,0
4.4324324324324325,1,1,Group1,0
4.441441441441442,1,1,Group1,0
4.468468468468468,1,1,Group1,0
4.657657657657658,1,1,Group1,0
4.72972972972973,1,1,Group1,0
4.756756756756757,1,1,Group1,0
4.927927927927928,1,1,Group1,0
5.243243243243243,1,1,Group1,0
5.297297297297297,1,1,Group1,0
5.306306306306306,1,1,Group1,0
5.513513513513513,1,1,Group1,0
5.531531531531532,1,1,Group1,0
5.594594594594595,1,1,Group1,0
5.657657657657658,0,1,Group1,0
5.756756756756757,1,1,Group1,0
5.891891891891892,1,1,Group1,0
6.009009009009009,1,1,Group1,0
6.099099099099099,1,1,Group1,0
6.153153153153153,1,1,Group1,0
6.36036036036036,1,1,Group1,0
6.423423423423423,1,1,Group1,0
6.45045045045045,1,1,Group1,0
6.558558558558558,1,1,Group1,0
6.693693693693693,1,1,Group1,0
6.828828828828828,1,1,Group1,0
6.873873873873873,1,1,Group1,0
7.36936936936937,1,1,Group1,0
7.527027027027027,0,1,Group1,0
7.72972972972973,1,1,Group1,0
7.738738738738738,1,1,Group1,0
8.027027027027026,1,1,Group1,0
8.297297297297296,1,1,Group1,0
8.477477477477477,1,1,Group1,0
8.585585585585585,1,1,Group1,0
8.774774774774775,1,1,Group1,0
10.414414414414416,1,1,Group1,0
10.486486486486486,1,1,Group1,0
11.711711711711713,1,1,Group1,0
