time,status,treat,Group,curve
5.142857142857142,1,1,Group1,0
5.306122448979592,1,1,Group1,0
7.265306122448979,0,1,Group1,0
9.551020408163264,1,1,Group1,0
12.163265306122447,1,1,Group1,0
13.142857142857142,1,1,Group1,0
15.510204081632653,1,1,Group1,0
15.673469387755102,1,1,Group1,0
18.40816326530612,0,1,Group1,0
18.44897959183673,1,1,Group1,0
18.77551020408163,1,1,Group1,0
21.46938775510204,1,1,Group1,0
23.83673469387755,1,1,Group1,0
25.061224489795915,1,1,Group1,0
25.142857142857142,1,1,Group1,0
25.632653061224488,1,1,Group1,0
26.612244897959183,1,1,Group1,0
26.93877551020408,1,1,Group1,0
28.489795918367346,1,1,Group1,0
29.061224489795915,1,1,Group1,0
30.204081632653057,1,1,Group1,0
33.55102040816326,1,1,Group1,0
33.87755102040816,1,1,Group1,0
34.20408163265306,1,1,Group1,0
35.10204081632653,1,1,Group1,0
36.57142857142857,1,1,Group1,0
36.73469387755102,1,1,Group1,0
37.46938775510204,1,1,Group1,0
38.77551020408163,1,1,Group1,0
40.57142857142857,1,1,Group1,0
40.65306122448979,1,1,Group1,0
42.77551020408163,1,1,Group1,0
44.08163265306122,1,1,Group1,0
48.16326530612245,1,1,Group1,0
52.48979591836734,1,1,Group1,0
53.06122448979591,1,1,Group1,0
54.53061224489795,1,1,Group1,0
57.06122448979591,1,1,Group1,0
58.93877551020408,1,1,Group1,0
59.91836734693877,1,1,Group1,0
64.57142857142857,1,1,Group1,0
66.28571428571428,1,1,Group1,0
66.77551020408163,1,1,Group1,0
68.40816326530611,1,1,Group1,0
70.0408163265306,1,1,Group1,0
72.97959183673468,1,1,Group1,0
74.6938775510204,1,1,Group1,0
85.06122448979592,1,1,Group1,0
85.06122448979592,1,1,Group1,0
96.81632653061224,1,1,Group1,0
109.3877551020408,0,1,Group1,0
