time,status,treat,Group,curve
1.3734177215189871,0,1,Group1,0
1.3734177215189871,0,1,Group1,0
1.3734177215189871,0,1,Group1,0
1.3734177215189871,0,1,Group1,0
1.3734177215189871,0,1,Group1,0
1.3734177215189871,0,1,Group1,0
1.3734177215189871,0,1,Group1,0
1.3734177215189871,0,1,Group1,0
1.3734177215189871,0,1,Group1,0
1.3734177215189871,0,1,Group1,0
1.3734177215189871,0,1,Group1,0
2.7721518987341773,1,1,Group1,0
2.9936708860759493,0,1,Group1,0
2.9936708860759493,0,1,Group1,0
2.9936708860759493,0,1,Group1,0
3.278481012658228,1,1,Group1,0
4.139240506329114,0,1,Group1,0
4.139240506329114,0,1,Group1,0
4.139240506329114,0,1,Group1,0
4.139240506329114,0,1,Group1,0
4.139240506329114,0,1,Group1,0
4.139240506329114,0,1,Group1,0
4.139240506329114,0,1,Group1,0
4.139240506329114,0,1,Group1,0
5.050632911392405,1,1,Group1,0
5.5,0,1,Group1,0
6.0,1,1,Group1,0
6.227848101265823,1,1,Group1,0
6.518987341772152,0,1,Group1,0
6.873417721518988,1,1,Group1,0
7.227848101265823,1,1,Group1,0
7.594936708860759,1,1,Group1,0
7.810126582278481,1,1,Group1,0
8.531645569620252,0,1,Group1,0
8.531645569620252,0,1,Group1,0
9.316455696202532,1,1,Group1,0
10.82278481012658,1,1,Group1,0
11.253164556962023,0,1,Group1,0
11.746835443037977,1,1,Group1,0
11.82278481012658,1,1,Group1,0
11.835443037974684,1,1,Group1,0
11.955696202531644,0,1,Group1,0
12.936708860759492,1,1,Group1,0
16.455696202531644,0,1,Group1,0
