time,status,treat,Group,curve
0.6262135922330097,0,1,Group1,0
0.6262135922330097,0,1,Group1,0
0.6262135922330097,0,1,Group1,0
1.2815533980582523,1,1,Group1,0
1.4320388349514563,0,1,Group1,0
1.6310679611650485,1,1,Group1,0
1.8300970873786409,0,1,Group1,0
2.087378640776699,1,1,Group1,0
2.0970873786407767,1,1,Group1,0
2.4466019417475726,0,1,Group1,0
2.4757281553398056,1,1,Group1,0
2.5145631067961163,1,1,Group1,0
2.864077669902912,1,1,Group1,0
3.0873786407766985,0,1,Group1,0
3.3592233009708736,1,1,Group1,0
3.378640776699029,1,1,Group1,0
3.4271844660194173,1,1,Group1,0
3.5145631067961163,0,1,Group1,0
3.611650485436893,1,1,Group1,0
3.694174757281553,0,1,Group1,0
3.815533980582524,1,1,Group1,0
3.912621359223301,0,1,Group1,0
4.038834951456311,1,1,Group1,0
4.572815533980582,1,1,Group1,0
4.577669902912621,0,1,Group1,0
4.689320388349514,1,1,Group1,0
4.893203883495145,1,1,Group1,0
4.912621359223301,1,1,Group1,0
5.184466019417475,1,1,Group1,0
5.427184466019417,1,1,Group1,0
5.446601941747573,1,1,Group1,0
5.7281553398058245,1,1,Group1,0
5.791262135922329,0,1,Group1,0
5.893203883495145,1,1,Group1,0
6.446601941747573,1,1,Group1,0
6.74757281553398,0,1,Group1,0
6.74757281553398,0,1,Group1,0
7.097087378640776,1,1,Group1,0
7.300970873786407,1,1,Group1,0
7.451456310679611,0,1,Group1,0
7.650485436893203,1,1,Group1,0
7.893203883495145,1,1,Group1,0
8.019417475728154,1,1,Group1,0
8.864077669902912,1,1,Group1,0
8.941747572815533,1,1,Group1,0
9.378640776699028,1,1,Group1,0
10.0,1,1,Group1,0
10.669902912621358,0,1,Group1,0
12.922330097087375,1,1,Group1,0
