time,status,treat,Group,curve
0.5180180180180181,0,1,Group1,0
0.5180180180180181,0,1,Group1,0
0.5180180180180181,0,1,Group1,0
0.5180180180180181,0,1,Group1,0
1.063063063063063,1,1,Group1,0
1.355855855855856,0,1,Group1,0
1.355855855855856,0,1,Group1,0
1.355855855855856,0,1,Group1,0
1.6846846846846846,1,1,Group1,0
2.1486486486486487,0,1,Group1,0
2.1486486486486487,0,1,Group1,0
2.1486486486486487,0,1,Group1,0
2.1486486486486487,0,1,Group1,0
2.612612612612613,1,1,Group1,0
2.621621621621621,1,1,Group1,0
2.720720720720721,1,1,Group1,0
3.653153153153153,0,1,Group1,0
3.653153153153153,0,1,Group1,0
3.653153153153153,0,1,Group1,0
3.653153153153153,0,1,Group1,0
3.653153153153153,0,1,Group1,0
3.653153153153153,0,1,Group1,0
3.653153153153153,0,1,Group1,0
3.653153153153153,0,1,Group1,0
4.63063063063063,1,1,Group1,0
4.63963963963964,1,1,Group1,0
4.648648648648648,1,1,Group1,0
4.7657657657657655,0,1,Group1,0
4.927927927927928,1,1,Group1,0
5.342342342342342,0,1,Group1,0
5.342342342342342,0,1,Group1,0
5.342342342342342,0,1,Group1,0
5.783783783783783,1,1,Group1,0
6.063063063063063,0,1,Group1,0
6.063063063063063,0,1,Group1,0
6.063063063063063,0,1,Group1,0
6.387387387387387,1,1,Group1,0
6.536036036036036,0,1,Group1,0
6.72972972972973,1,1,Group1,0
6.900900900900901,0,1,Group1,0
7.117117117117117,1,1,Group1,0
7.135135135135135,1,1,Group1,0
8.045045045045045,1,1,Group1,0
8.432432432432432,1,1,Group1,0
9.891891891891891,1,1,Group1,0
10.644144144144144,0,1,Group1,0
10.644144144144144,0,1,Group1,0
11.432432432432432,1,1,Group1,0
