time,status,treat,Group,curve
0.918918918918919,0,1,Group1,0
0.918918918918919,0,1,Group1,0
0.918918918918919,0,1,Group1,0
0.918918918918919,0,1,Group1,0
0.918918918918919,0,1,Group1,0
0.918918918918919,0,1,Group1,0
0.918918918918919,0,1,Group1,0
1.864864864864865,1,1,Group1,0
2.391891891891892,0,1,Group1,0
2.391891891891892,0,1,Group1,0
2.391891891891892,0,1,Group1,0
2.391891891891892,0,1,Group1,0
2.391891891891892,0,1,Group1,0
2.391891891891892,0,1,Group1,0
2.391891891891892,0,1,Group1,0
2.391891891891892,0,1,Group1,0
2.391891891891892,0,1,Group1,0
2.391891891891892,0,1,Group1,0
2.391891891891892,0,1,Group1,0
2.954954954954955,1,1,Group1,0
3.189189189189189,0,1,Group1,0
3.189189189189189,0,1,Group1,0
3.189189189189189,0,1,Group1,0
3.468468468468469,1,1,Group1,0
3.558558558558558,1,1,Group1,0
3.5675675675675675,1,1,Group1,0
4.148648648648649,0,1,Group1,0
4.148648648648649,0,1,Group1,0
4.148648648648649,0,1,Group1,0
4.774774774774775,1,1,Group1,0
5.013513513513514,0,1,Group1,0
5.013513513513514,0,1,Group1,0
5.013513513513514,0,1,Group1,0
5.297297297297297,1,1,Group1,0
5.4324324324324325,1,1,Group1,0
5.572072072072072,0,1,Group1,0
5.774774774774775,1,1,Group1,0
6.0,0,1,Group1,0
6.27027027027027,1,1,Group1,0
6.288288288288288,1,1,Group1,0
6.887387387387387,0,1,Group1,0
7.522522522522522,1,1,Group1,0
7.738738738738738,1,1,Group1,0
7.81981981981982,1,1,Group1,0
8.873873873873874,1,1,Group1,0
11.144144144144144,0,1,Group1,0
