time,status,treat,Group,curve
1.9324324324324325,1,1,Group1,0
9.513513513513514,1,1,Group1,0
11.966216216216218,1,1,Group1,0
12.04054054054054,1,1,Group1,0
15.013513513513514,1,1,Group1,0
15.533783783783784,1,1,Group1,0
16.574324324324326,1,1,Group1,0
16.7972972972973,1,1,Group1,0
19.695945945945947,1,1,Group1,0
20.216216216216218,1,1,Group1,0
20.736486486486488,1,1,Group1,0
21.182432432432435,1,1,Group1,0
21.33108108108108,1,1,Group1,0
21.33108108108108,1,1,Group1,0
23.783783783783782,1,1,Group1,0
24.155405405405407,1,1,Group1,0
25.121621621621625,1,1,Group1,0
27.42567567567568,1,1,Group1,0
29.20945945945946,1,1,Group1,0
29.283783783783782,1,1,Group1,0
30.8445945945946,1,1,Group1,0
30.99324324324325,1,1,Group1,0
31.43918918918919,1,1,Group1,0
33.66891891891892,1,1,Group1,0
33.74324324324324,1,1,Group1,0
34.70945945945946,1,1,Group1,0
35.52702702702703,1,1,Group1,0
35.82432432432432,1,1,Group1,0
36.0472972972973,1,1,Group1,0
36.641891891891895,1,1,Group1,0
37.83108108108108,1,1,Group1,0
38.61148648648649,0,1,Group1,0
39.61486486486487,1,1,Group1,0
40.72972972972973,1,1,Group1,0
41.32432432432433,1,1,Group1,0
44.37162162162162,1,1,Group1,0
44.66891891891892,1,1,Group1,0
46.972972972972975,1,1,Group1,0
49.42567567567568,1,1,Group1,0
49.94594594594595,0,1,Group1,0
50.46621621621622,1,1,Group1,0
50.46621621621622,1,1,Group1,0
50.61486486486487,1,1,Group1,0
51.72972972972973,1,1,Group1,0
52.02702702702703,1,1,Group1,0
53.06756756756757,1,1,Group1,0
54.62837837837838,1,1,Group1,0
55.37162162162163,1,1,Group1,0
55.74324324324325,1,1,Group1,0
56.560810810810814,1,1,Group1,0
56.78378378378379,1,1,Group1,0
57.08108108108108,1,1,Group1,0
62.43243243243244,1,1,Group1,0
62.95270270270271,1,1,Group1,0
66.81756756756756,1,1,Group1,0
67.04054054054055,1,1,Group1,0
68.37837837837839,1,1,Group1,0
68.89864864864865,1,1,Group1,0
69.6418918918919,1,1,Group1,0
72.31756756756756,1,1,Group1,0
77.5945945945946,1,1,Group1,0
82.05405405405406,1,1,Group1,0
82.94594594594595,1,1,Group1,0
85.8445945945946,1,1,Group1,0
96.69594594594597,1,1,Group1,0
98.77702702702705,1,1,Group1,0
