time,status,treat,Group,curve
0.2297297297297297,0,1,Group1,0
0.5135135135135136,1,1,Group1,0
2.5945945945945947,0,1,Group1,0
2.5945945945945947,0,1,Group1,0
2.5945945945945947,0,1,Group1,0
2.5945945945945947,0,1,Group1,0
2.5945945945945947,0,1,Group1,0
2.5945945945945947,0,1,Group1,0
2.5945945945945947,0,1,Group1,0
2.5945945945945947,0,1,Group1,0
2.5945945945945947,0,1,Group1,0
2.5945945945945947,0,1,Group1,0
2.5945945945945947,0,1,Group1,0
2.5945945945945947,0,1,Group1,0
2.5945945945945947,0,1,Group1,0
2.5945945945945947,0,1,Group1,0
4.675675675675676,1,1,Group1,0
4.783783783783784,1,1,Group1,0
5.027027027027027,1,1,Group1,0
6.22972972972973,0,1,Group1,0
6.22972972972973,0,1,Group1,0
6.22972972972973,0,1,Group1,0
7.418918918918919,0,1,Group1,0
7.513513513513514,1,1,Group1,0
7.594594594594595,1,1,Group1,0
7.783783783783784,1,1,Group1,0
7.810810810810811,1,1,Group1,0
9.702702702702704,0,1,Group1,0
9.702702702702704,0,1,Group1,0
9.702702702702704,0,1,Group1,0
9.702702702702704,0,1,Group1,0
9.702702702702704,0,1,Group1,0
11.64864864864865,0,1,Group1,0
11.68918918918919,0,1,Group1,0
11.72972972972973,1,1,Group1,0
11.972972972972974,0,1,Group1,0
11.972972972972974,0,1,Group1,0
11.972972972972974,0,1,Group1,0
11.972972972972974,0,1,Group1,0
11.972972972972974,0,1,Group1,0
11.972972972972974,0,1,Group1,0
11.972972972972974,0,1,Group1,0
11.972972972972974,0,1,Group1,0
11.972972972972974,0,1,Group1,0
11.972972972972974,0,1,Group1,0
12.351351351351353,1,1,Group1,0
12.405405405405403,1,1,Group1,0
12.513513513513514,1,1,Group1,0
12.54054054054054,1,1,Group1,0
13.62162162162162,0,1,Group1,0
14.783783783783784,1,1,Group1,0
15.162162162162163,1,1,Group1,0
15.783783783783784,1,1,Group1,0
15.864864864864863,1,1,Group1,0
17.283783783783786,0,1,Group1,0
18.83783783783784,1,1,Group1,0
19.41891891891892,0,1,Group1,0
20.18918918918919,1,1,Group1,0
21.51351351351352,1,1,Group1,0
21.56756756756757,1,1,Group1,0
24.432432432432435,1,1,Group1,0
25.37837837837838,1,1,Group1,0
35.054054054054056,0,1,Group1,0
