time,status,treat,Group,curve
0.3164556962025316,1,1,Group1,0
0.9430379746835444,0,1,Group1,0
0.9430379746835444,0,1,Group1,0
0.9430379746835444,0,1,Group1,0
1.5569620253164558,1,1,Group1,0
2.0253164556962027,0,1,Group1,0
2.0253164556962027,0,1,Group1,0
2.0253164556962027,0,1,Group1,0
2.0253164556962027,0,1,Group1,0
2.0253164556962027,0,1,Group1,0
2.5316455696202533,1,1,Group1,0
2.7088607594936707,1,1,Group1,0
3.2151898734177213,1,1,Group1,0
3.3037974683544302,1,1,Group1,0
3.3797468354430378,1,1,Group1,0
3.4556962025316453,1,1,Group1,0
3.4683544303797467,1,1,Group1,0
3.481012658227848,1,1,Group1,0
3.886075949367088,1,1,Group1,0
3.9493670886075942,1,1,Group1,0
4.10126582278481,1,1,Group1,0
4.272151898734177,0,1,Group1,0
4.436708860759493,0,1,Group1,0
4.481012658227848,1,1,Group1,0
4.613924050632912,0,1,Group1,0
4.772151898734177,1,1,Group1,0
4.784810126582278,1,1,Group1,0
4.911392405063291,0,1,Group1,0
5.037974683544304,1,1,Group1,0
5.493670886075949,1,1,Group1,0
5.506329113924051,1,1,Group1,0
5.6265822784810124,0,1,Group1,0
5.79746835443038,1,1,Group1,0
5.835443037974684,1,1,Group1,0
5.974683544303797,1,1,Group1,0
6.177215189873418,1,1,Group1,0
6.430379746835444,0,1,Group1,0
6.658227848101266,1,1,Group1,0
6.69620253164557,1,1,Group1,0
6.968354430379747,0,1,Group1,0
7.240506329113924,1,1,Group1,0
7.2784810126582276,1,1,Group1,0
7.291139240506329,1,1,Group1,0
7.455696202531645,0,1,Group1,0
7.6455696202531644,1,1,Group1,0
7.924050632911392,0,1,Group1,0
8.227848101265822,1,1,Group1,0
8.240506329113924,1,1,Group1,0
8.265822784810126,1,1,Group1,0
8.575949367088608,0,1,Group1,0
8.89873417721519,1,1,Group1,0
9.063291139240508,1,1,Group1,0
9.113924050632912,1,1,Group1,0
9.240506329113924,1,1,Group1,0
9.341772151898734,1,1,Group1,0
10.189873417721518,1,1,Group1,0
10.651898734177216,0,1,Group1,0
11.164556962025316,1,1,Group1,0
11.253164556962023,1,1,Group1,0
11.354430379746836,1,1,Group1,0
14.0126582278481,1,1,Group1,0
16.139240506329113,1,1,Group1,0
