time,status,treat,Group,curve
0.8446601941747572,0,1,Group1,0
0.8446601941747572,0,1,Group1,0
1.7281553398058251,1,1,Group1,0
2.640776699029126,0,1,Group1,0
2.640776699029126,0,1,Group1,0
3.6019417475728157,0,1,Group1,0
3.631067961165048,1,1,Group1,0
3.9805825242718447,0,1,Group1,0
3.9805825242718447,0,1,Group1,0
3.9805825242718447,0,1,Group1,0
3.9805825242718447,0,1,Group1,0
3.9805825242718447,0,1,Group1,0
3.9805825242718447,0,1,Group1,0
3.9805825242718447,0,1,Group1,0
3.9805825242718447,0,1,Group1,0
3.9805825242718447,0,1,Group1,0
4.466019417475728,1,1,Group1,0
6.300970873786408,0,1,Group1,0
6.300970873786408,0,1,Group1,0
6.300970873786408,0,1,Group1,0
6.300970873786408,0,1,Group1,0
6.300970873786408,0,1,Group1,0
6.300970873786408,0,1,Group1,0
6.300970873786408,0,1,Group1,0
6.300970873786408,0,1,Group1,0
8.213592233009708,1,1,Group1,0
8.601941747572814,1,1,Group1,0
9.592233009708735,0,1,Group1,0
9.592233009708735,0,1,Group1,0
9.592233009708735,0,1,Group1,0
10.718446601941746,1,1,Group1,0
10.718446601941746,1,1,Group1,0
11.16504854368932,0,1,Group1,0
11.16504854368932,0,1,Group1,0
11.16504854368932,0,1,Group1,0
11.679611650485436,0,1,Group1,0
11.70873786407767,1,1,Group1,0
11.961165048543688,0,1,Group1,0
12.310679611650484,1,1,Group1,0
12.524271844660191,1,1,Group1,0
13.038834951456309,0,1,Group1,0
13.650485436893202,1,1,Group1,0
15.300970873786406,0,1,Group1,0
15.300970873786406,0,1,Group1,0
17.048543689320386,1,1,Group1,0
17.514563106796114,1,1,Group1,0
19.41747572815534,1,1,Group1,0
19.689320388349515,0,1,Group1,0
20.03883495145631,1,1,Group1,0
20.19417475728155,1,1,Group1,0
25.262135922330096,1,1,Group1,0
25.262135922330096,1,1,Group1,0
25.52427184466019,0,1,Group1,0
