time,status,treat,Group,curve
4.999999999999999,0,1,Group1,0
4.999999999999999,0,1,Group1,0
4.999999999999999,0,1,Group1,0
4.999999999999999,0,1,Group1,0
4.999999999999999,0,1,Group1,0
4.999999999999999,0,1,Group1,0
4.999999999999999,0,1,Group1,0
4.999999999999999,0,1,Group1,0
4.999999999999999,0,1,Group1,0
4.999999999999999,0,1,Group1,0
10.157894736842104,1,1,Group1,0
16.210526315789473,0,1,Group1,0
16.210526315789473,0,1,Group1,0
16.210526315789473,0,1,Group1,0
16.210526315789473,0,1,Group1,0
16.210526315789473,0,1,Group1,0
16.210526315789473,0,1,Group1,0
16.210526315789473,0,1,Group1,0
16.210526315789473,0,1,Group1,0
16.210526315789473,0,1,Group1,0
16.210526315789473,0,1,Group1,0
16.210526315789473,0,1,Group1,0
16.210526315789473,0,1,Group1,0
16.210526315789473,0,1,Group1,0
16.210526315789473,0,1,Group1,0
16.210526315789473,0,1,Group1,0
16.210526315789473,0,1,Group1,0
16.210526315789473,0,1,Group1,0
22.52631578947368,1,1,Group1,0
23.210526315789476,1,1,Group1,0
23.710526315789476,0,1,Group1,0
24.473684210526315,1,1,Group1,0
30.34210526315789,0,1,Group1,0
30.34210526315789,0,1,Group1,0
30.34210526315789,0,1,Group1,0
30.34210526315789,0,1,Group1,0
30.34210526315789,0,1,Group1,0
30.34210526315789,0,1,Group1,0
36.47368421052632,1,1,Group1,0
37.815789473684205,0,1,Group1,0
39.42105263157895,1,1,Group1,0
39.42105263157895,1,1,Group1,0
42.13157894736842,0,1,Group1,0
45.10526315789473,1,1,Group1,0
58.0,0,1,Group1,0
58.0,0,1,Group1,0
71.1578947368421,0,1,Group1,0
