time,status,treat,Group,curve
0.2567567567567568,1,1,Group1,0
0.8310810810810811,0,1,Group1,0
0.8310810810810811,0,1,Group1,0
0.8310810810810811,0,1,Group1,0
0.8310810810810811,0,1,Group1,0
1.4054054054054057,1,1,Group1,0
1.635135135135135,0,1,Group1,0
1.95945945945946,1,1,Group1,0
2.1283783783783785,0,1,Group1,0
2.3513513513513518,1,1,Group1,0
2.675675675675676,1,1,Group1,0
2.8513513513513518,1,1,Group1,0
3.2635135135135136,0,1,Group1,0
3.2635135135135136,0,1,Group1,0
3.72972972972973,1,1,Group1,0
4.027027027027027,1,1,Group1,0
4.135135135135135,1,1,Group1,0
4.324324324324325,1,1,Group1,0
4.668918918918919,0,1,Group1,0
4.675675675675676,1,1,Group1,0
5.006756756756757,0,1,Group1,0
5.391891891891892,1,1,Group1,0
5.391891891891892,1,1,Group1,0
5.621621621621622,1,1,Group1,0
5.972972972972974,1,1,Group1,0
5.986486486486487,1,1,Group1,0
6.27027027027027,1,1,Group1,0
6.391891891891892,1,1,Group1,0
6.581081081081082,1,1,Group1,0
6.716216216216217,1,1,Group1,0
7.337837837837839,1,1,Group1,0
7.432432432432432,1,1,Group1,0
7.513513513513514,1,1,Group1,0
7.702702702702703,1,1,Group1,0
8.027027027027028,1,1,Group1,0
8.067567567567568,1,1,Group1,0
8.797297297297298,1,1,Group1,0
8.878378378378379,1,1,Group1,0
9.04054054054054,0,1,Group1,0
9.27027027027027,1,1,Group1,0
9.324324324324325,1,1,Group1,0
9.54054054054054,1,1,Group1,0
9.581081081081082,1,1,Group1,0
9.891891891891891,1,1,Group1,0
10.013513513513514,1,1,Group1,0
10.95945945945946,1,1,Group1,0
12.175675675675675,1,1,Group1,0
12.891891891891891,1,1,Group1,0
13.175675675675675,1,1,Group1,0
17.87837837837838,1,1,Group1,0
