time,status,treat,Group,curve
0.360759493670886,0,1,Group1,0
0.360759493670886,0,1,Group1,0
0.7594936708860759,1,1,Group1,0
0.7911392405063291,0,1,Group1,0
0.8227848101265822,1,1,Group1,0
2.2658227848101262,0,1,Group1,0
2.2658227848101262,0,1,Group1,0
2.2658227848101262,0,1,Group1,0
2.2658227848101262,0,1,Group1,0
2.2658227848101262,0,1,Group1,0
2.2658227848101262,0,1,Group1,0
2.2658227848101262,0,1,Group1,0
2.2658227848101262,0,1,Group1,0
2.2658227848101262,0,1,Group1,0
2.2658227848101262,0,1,Group1,0
3.772151898734177,1,1,Group1,0
3.886075949367089,0,1,Group1,0
4.063291139240507,1,1,Group1,0
4.151898734177215,1,1,Group1,0
4.493670886075949,1,1,Group1,0
4.556962025316456,1,1,Group1,0
4.569620253164557,1,1,Group1,0
4.89873417721519,1,1,Group1,0
4.949367088607595,1,1,Group1,0
5.7215189873417724,1,1,Group1,0
5.987341772151899,1,1,Group1,0
6.025316455696203,1,1,Group1,0
6.113924050632911,1,1,Group1,0
6.265822784810126,1,1,Group1,0
6.594936708860759,0,1,Group1,0
6.987341772151899,1,1,Group1,0
7.30379746835443,1,1,Group1,0
7.525316455696203,0,1,Group1,0
7.7974683544303796,1,1,Group1,0
7.8734177215189876,1,1,Group1,0
7.8734177215189876,1,1,Group1,0
8.094936708860759,0,1,Group1,0
8.354430379746836,1,1,Group1,0
9.177215189873415,1,1,Group1,0
9.189873417721518,1,1,Group1,0
9.79746835443038,1,1,Group1,0
9.835443037974684,1,1,Group1,0
10.974683544303796,1,1,Group1,0
12.430379746835444,1,1,Group1,0
13.91139240506329,1,1,Group1,0
13.91139240506329,1,1,Group1,0
14.22151898734177,0,1,Group1,0
14.556962025316457,1,1,Group1,0
16.17721518987342,1,1,Group1,0
