time,status,treat,Group,curve
0.4468085106382978,1,1,Group1,0
1.297872340425532,0,1,Group1,0
1.297872340425532,0,1,Group1,0
2.25531914893617,1,1,Group1,0
2.6808510638297878,0,1,Group1,0
3.1702127659574466,1,1,Group1,0
4.319148936170213,1,1,Group1,0
4.595744680851063,1,1,Group1,0
5.382978723404255,1,1,Group1,0
6.042553191489362,1,1,Group1,0
6.48936170212766,1,1,Group1,0
6.659574468085106,1,1,Group1,0
7.531914893617021,1,1,Group1,0
7.8510638297872335,1,1,Group1,0
8.042553191489361,1,1,Group1,0
8.617021276595745,1,1,Group1,0
8.702127659574467,1,1,Group1,0
9.085106382978724,1,1,Group1,0
9.638297872340424,1,1,Group1,0
9.680851063829786,1,1,Group1,0
10.127659574468083,1,1,Group1,0
10.191489361702128,1,1,Group1,0
10.340425531914894,1,1,Group1,0
10.617021276595745,1,1,Group1,0
10.808510638297872,1,1,Group1,0
10.851063829787234,1,1,Group1,0
11.851063829787234,1,1,Group1,0
11.914893617021276,1,1,Group1,0
12.0,1,1,Group1,0
12.127659574468083,1,1,Group1,0
12.446808510638297,1,1,Group1,0
12.957446808510635,1,1,Group1,0
13.02127659574468,1,1,Group1,0
14.212765957446807,1,1,Group1,0
14.319148936170212,1,1,Group1,0
14.97872340425532,1,1,Group1,0
15.404255319148936,1,1,Group1,0
15.46808510638298,1,1,Group1,0
15.957446808510635,1,1,Group1,0
16.148936170212764,1,1,Group1,0
17.680851063829788,1,1,Group1,0
19.680851063829788,1,1,Group1,0
20.06382978723404,1,1,Group1,0
20.80851063829787,1,1,Group1,0
21.25531914893617,1,1,Group1,0
28.851063829787236,0,1,Group1,0
