time,status,treat,Group,curve
2.3931297709923665,0,1,Group1,0
4.854961832061068,1,1,Group1,0
5.324427480916031,0,1,Group1,0
5.908396946564886,1,1,Group1,0
6.412213740458015,1,1,Group1,0
7.648854961832061,1,1,Group1,0
7.67175572519084,1,1,Group1,0
8.00381679389313,0,1,Group1,0
8.15267175572519,1,1,Group1,0
9.801526717557252,1,1,Group1,0
10.00763358778626,1,1,Group1,0
10.122137404580153,1,1,Group1,0
10.900763358778626,1,1,Group1,0
11.221374045801529,0,1,Group1,0
11.65648854961832,1,1,Group1,0
11.65648854961832,1,1,Group1,0
11.748091603053435,1,1,Group1,0
12.206106870229007,1,1,Group1,0
12.435114503816791,1,1,Group1,0
12.916030534351146,1,1,Group1,0
13.786259541984732,1,1,Group1,0
13.923664122137405,1,1,Group1,0
14.51908396946565,1,1,Group1,0
15.13740458015267,1,1,Group1,0
15.778625954198471,1,1,Group1,0
16.16793893129771,1,1,Group1,0
16.46564885496183,0,1,Group1,0
16.87786259541985,1,1,Group1,0
16.946564885496183,1,1,Group1,0
17.244274809160306,1,1,Group1,0
17.587786259541986,1,1,Group1,0
18.04580152671756,1,1,Group1,0
18.98473282442748,1,1,Group1,0
20.267175572519083,1,1,Group1,0
22.213740458015263,1,1,Group1,0
22.236641221374047,1,1,Group1,0
27.34351145038168,1,1,Group1,0
27.572519083969464,1,1,Group1,0
30.73282442748092,1,1,Group1,0
