time,status,treat,Group,curve
0.2837837837837838,0,1,Group1,0
0.2837837837837838,0,1,Group1,0
0.2837837837837838,0,1,Group1,0
0.5855855855855856,1,1,Group1,0
1.0810810810810811,0,1,Group1,0
1.0810810810810811,0,1,Group1,0
1.0810810810810811,0,1,Group1,0
1.0810810810810811,0,1,Group1,0
1.0810810810810811,0,1,Group1,0
1.0810810810810811,0,1,Group1,0
1.5675675675675675,1,1,Group1,0
1.9954954954954955,0,1,Group1,0
1.9954954954954955,0,1,Group1,0
1.9954954954954955,0,1,Group1,0
1.9954954954954955,0,1,Group1,0
1.9954954954954955,0,1,Group1,0
1.9954954954954955,0,1,Group1,0
1.9954954954954955,0,1,Group1,0
1.9954954954954955,0,1,Group1,0
2.4414414414414414,1,1,Group1,0
2.6666666666666665,0,1,Group1,0
2.6666666666666665,0,1,Group1,0
2.918918918918919,1,1,Group1,0
3.333333333333333,0,1,Group1,0
3.333333333333333,0,1,Group1,0
3.333333333333333,0,1,Group1,0
3.783783783783784,1,1,Group1,0
3.864864864864865,0,1,Group1,0
3.972972972972973,1,1,Group1,0
4.288288288288289,0,1,Group1,0
4.288288288288289,0,1,Group1,0
4.288288288288289,0,1,Group1,0
4.63063063063063,1,1,Group1,0
4.63963963963964,1,1,Group1,0
4.666666666666667,1,1,Group1,0
4.761261261261261,0,1,Group1,0
4.801801801801802,1,1,Group1,0
4.837837837837838,1,1,Group1,0
5.148648648648649,0,1,Group1,0
5.148648648648649,0,1,Group1,0
5.148648648648649,0,1,Group1,0
5.504504504504505,1,1,Group1,0
5.612612612612613,1,1,Group1,0
5.806306306306306,0,1,Group1,0
5.806306306306306,0,1,Group1,0
6.036036036036036,1,1,Group1,0
6.108108108108108,1,1,Group1,0
6.518018018018018,0,1,Group1,0
6.972972972972973,1,1,Group1,0
7.725225225225225,0,1,Group1,0
8.486486486486486,1,1,Group1,0
8.792792792792794,1,1,Group1,0
8.792792792792794,1,1,Group1,0
9.644144144144144,0,1,Group1,0
9.644144144144144,0,1,Group1,0
9.644144144144144,0,1,Group1,0
10.54054054054054,1,1,Group1,0
11.387387387387388,1,1,Group1,0
11.594594594594597,0,1,Group1,0
