time,status,treat,Group,curve
1.1595744680851063,0,1,Group1,0
1.1595744680851063,0,1,Group1,0
1.1595744680851063,0,1,Group1,0
1.1595744680851063,0,1,Group1,0
1.1595744680851063,0,1,Group1,0
1.1595744680851063,0,1,Group1,0
1.1595744680851063,0,1,Group1,0
2.382978723404255,1,1,Group1,0
6.404255319148936,0,1,Group1,0
6.404255319148936,0,1,Group1,0
6.404255319148936,0,1,Group1,0
6.404255319148936,0,1,Group1,0
6.404255319148936,0,1,Group1,0
6.404255319148936,0,1,Group1,0
6.404255319148936,0,1,Group1,0
6.404255319148936,0,1,Group1,0
6.404255319148936,0,1,Group1,0
6.404255319148936,0,1,Group1,0
6.404255319148936,0,1,Group1,0
6.404255319148936,0,1,Group1,0
6.404255319148936,0,1,Group1,0
6.404255319148936,0,1,Group1,0
6.404255319148936,0,1,Group1,0
6.404255319148936,0,1,Group1,0
6.404255319148936,0,1,Group1,0
6.404255319148936,0,1,Group1,0
6.404255319148936,0,1,Group1,0
6.404255319148936,0,1,Group1,0
6.404255319148936,0,1,Group1,0
6.404255319148936,0,1,Group1,0
6.404255319148936,0,1,Group1,0
6.404255319148936,0,1,Group1,0
6.404255319148936,0,1,Group1,0
6.404255319148936,0,1,Group1,0
10.53191489361702,1,1,Group1,0
11.702127659574469,0,1,Group1,0
11.702127659574469,0,1,Group1,0
11.702127659574469,0,1,Group1,0
11.702127659574469,0,1,Group1,0
12.957446808510635,1,1,Group1,0
14.095744680851062,0,1,Group1,0
15.319148936170212,1,1,Group1,0
21.851063829787236,0,1,Group1,0
28.425531914893615,0,1,Group1,0
