time,status,treat,Group,curve
5.224489795918367,1,1,Group1,0
5.496598639455782,1,1,Group1,0
5.687074829931973,1,1,Group1,0
6.394557823129252,1,1,Group1,0
6.653061224489796,0,1,Group1,0
6.91156462585034,1,1,Group1,0
7.537414965986394,1,1,Group1,0
8.02721088435374,1,1,Group1,0
8.952380952380953,1,1,Group1,0
9.006802721088436,1,1,Group1,0
9.578231292517009,1,1,Group1,0
9.63265306122449,1,1,Group1,0
9.79591836734694,1,1,Group1,0
10.476190476190476,1,1,Group1,0
11.482993197278912,1,1,Group1,0
11.727891156462585,1,1,Group1,0
11.863945578231291,1,1,Group1,0
12.816326530612244,1,1,Group1,0
13.170068027210885,1,1,Group1,0
13.65986394557823,1,1,Group1,0
13.687074829931973,1,1,Group1,0
13.768707482993197,1,1,Group1,0
14.585034013605442,1,1,Group1,0
14.666666666666666,1,1,Group1,0
15.183673469387754,1,1,Group1,0
16.19047619047619,1,1,Group1,0
16.3265306122449,1,1,Group1,0
17.034013605442176,1,1,Group1,0
17.224489795918366,1,1,Group1,0
17.741496598639454,1,1,Group1,0
18.136054421768705,0,1,Group1,0
18.53061224489796,1,1,Group1,0
18.77551020408163,1,1,Group1,0
18.965986394557824,1,1,Group1,0
19.619047619047617,1,1,Group1,0
19.80952380952381,1,1,Group1,0
19.891156462585037,1,1,Group1,0
20.21768707482993,1,1,Group1,0
20.62585034013605,1,1,Group1,0
21.034013605442176,1,1,Group1,0
21.197278911564624,1,1,Group1,0
22.258503401360542,1,1,Group1,0
22.72108843537415,1,1,Group1,0
24.73469387755102,1,1,Group1,0
26.12244897959184,1,1,Group1,0
26.149659863945576,1,1,Group1,0
26.639455782312925,1,1,Group1,0
27.07482993197279,1,1,Group1,0
32.136054421768705,1,1,Group1,0
32.38095238095238,1,1,Group1,0
36.08163265306122,0,1,Group1,0
