time,status,treat,Group,curve
4.244897959183674,0,1,Group1,0
4.244897959183674,0,1,Group1,0
8.326530612244898,0,1,Group1,0
8.707482993197278,1,1,Group1,0
10.993197278911564,1,1,Group1,0
11.482993197278912,0,1,Group1,0
12.299319727891156,1,1,Group1,0
14.476190476190476,0,1,Group1,0
17.088435374149658,1,1,Group1,0
18.068027210884352,1,1,Group1,0
20.027210884353742,1,1,Group1,0
21.931972789115644,0,1,Group1,0
24.163265306122447,1,1,Group1,0
27.972789115646258,1,1,Group1,0
28.136054421768705,0,1,Group1,0
28.517006802721088,1,1,Group1,0
28.843537414965983,1,1,Group1,0
29.605442176870746,1,1,Group1,0
34.39455782312925,1,1,Group1,0
35.59183673469388,1,1,Group1,0
36.68027210884354,1,1,Group1,0
36.734693877551024,0,1,Group1,0
39.29251700680272,1,1,Group1,0
40.38095238095238,0,1,Group1,0
41.90476190476191,1,1,Group1,0
43.21088435374149,0,1,Group1,0
45.17006802721088,1,1,Group1,0
45.224489795918366,0,1,Group1,0
45.49659863945578,1,1,Group1,0
48.0,1,1,Group1,0
48.54421768707483,1,1,Group1,0
51.265306122448976,1,1,Group1,0
51.48299319727891,1,1,Group1,0
52.19047619047619,0,1,Group1,0
52.35374149659864,1,1,Group1,0
53.33333333333333,1,1,Group1,0
54.63945578231292,1,1,Group1,0
54.63945578231292,1,1,Group1,0
56.48979591836735,0,1,Group1,0
58.8843537414966,1,1,Group1,0
60.40816326530612,1,1,Group1,0
60.517006802721085,1,1,Group1,0
62.69387755102041,0,1,Group1,0
65.41496598639455,1,1,Group1,0
67.80952380952381,1,1,Group1,0
67.80952380952381,1,1,Group1,0
69.65986394557822,1,1,Group1,0
75.64625850340136,1,1,Group1,0
85.1156462585034,1,1,Group1,0
97.8503401360544,1,1,Group1,0
117.1156462585034,1,1,Group1,0
146.50340136054422,1,1,Group1,0
