time,status,treat,Group,curve
0.6428571428571428,0,1,Group1,0
0.6428571428571428,0,1,Group1,0
0.6428571428571428,0,1,Group1,0
0.6428571428571428,0,1,Group1,0
0.6428571428571428,0,1,Group1,0
1.3214285714285714,1,1,Group1,0
1.5535714285714284,0,1,Group1,0
1.5535714285714284,0,1,Group1,0
1.809523809523809,0,1,Group1,0
1.8452380952380951,1,1,Group1,0
1.9285714285714284,1,1,Group1,0
2.244047619047619,0,1,Group1,0
2.244047619047619,0,1,Group1,0
2.244047619047619,0,1,Group1,0
2.595238095238095,1,1,Group1,0
2.7678571428571423,0,1,Group1,0
2.7678571428571423,0,1,Group1,0
2.988095238095238,1,1,Group1,0
3.0476190476190474,1,1,Group1,0
3.095238095238095,1,1,Group1,0
3.1666666666666665,1,1,Group1,0
3.470238095238095,0,1,Group1,0
3.797619047619048,1,1,Group1,0
3.9166666666666665,1,1,Group1,0
4.0,1,1,Group1,0
4.047619047619048,1,1,Group1,0
4.244047619047619,0,1,Group1,0
4.476190476190476,1,1,Group1,0
4.726190476190476,1,1,Group1,0
4.75,0,1,Group1,0
4.785714285714286,1,1,Group1,0
4.833333333333333,1,1,Group1,0
4.857142857142857,1,1,Group1,0
5.178571428571428,1,1,Group1,0
5.464285714285714,1,1,Group1,0
5.5,1,1,Group1,0
5.684523809523808,0,1,Group1,0
5.69047619047619,1,1,Group1,0
5.821428571428571,1,1,Group1,0
5.833333333333333,1,1,Group1,0
6.297619047619048,1,1,Group1,0
6.476190476190476,1,1,Group1,0
7.0,1,1,Group1,0
7.25,1,1,Group1,0
7.452380952380952,1,1,Group1,0
7.571428571428571,0,1,Group1,0
7.702380952380952,1,1,Group1,0
8.095238095238095,1,1,Group1,0
8.5,1,1,Group1,0
8.797619047619047,1,1,Group1,0
10.464285714285714,1,1,Group1,0
12.523809523809524,1,1,Group1,0
15.678571428571429,1,1,Group1,0
