time,status,treat,Group,curve
2.40625,0,1,Group1,0
2.40625,0,1,Group1,0
4.958333333333333,1,1,Group1,0
6.222222222222222,0,1,Group1,0
7.680555555555555,1,1,Group1,0
9.09027777777778,1,1,Group1,0
9.30902777777778,0,1,Group1,0
9.333333333333334,1,1,Group1,0
10.645833333333334,1,1,Group1,0
12.760416666666668,0,1,Group1,0
12.760416666666668,0,1,Group1,0
15.069444444444445,1,1,Group1,0
15.944444444444445,1,1,Group1,0
18.52083333333333,0,1,Group1,0
18.52083333333333,0,1,Group1,0
18.52083333333333,0,1,Group1,0
18.52083333333333,0,1,Group1,0
21.194444444444446,1,1,Group1,0
23.770833333333336,0,1,Group1,0
26.42013888888889,0,1,Group1,0
26.444444444444446,1,1,Group1,0
26.83333333333333,1,1,Group1,0
29.166666666666668,1,1,Group1,0
29.26388888888889,1,1,Group1,0
31.88888888888889,1,1,Group1,0
31.9375,1,1,Group1,0
33.49305555555556,1,1,Group1,0
35.53472222222222,1,1,Group1,0
36.99305555555556,1,1,Group1,0
37.04166666666666,1,1,Group1,0
38.45138888888889,1,1,Group1,0
41.22222222222222,1,1,Group1,0
44.38194444444444,1,1,Group1,0
47.88194444444444,1,1,Group1,0
48.41666666666666,1,1,Group1,0
50.65277777777778,1,1,Group1,0
50.70138888888889,1,1,Group1,0
51.38194444444444,1,1,Group1,0
53.083333333333336,1,1,Group1,0
59.11111111111112,1,1,Group1,0
62.51388888888889,1,1,Group1,0
64.55555555555556,1,1,Group1,0
64.60416666666667,1,1,Group1,0
65.04166666666667,1,1,Group1,0
65.52777777777779,1,1,Group1,0
