time,status,treat,Group,curve
0.2247191011235955,1,1,Group1,0
0.2921348314606741,1,1,Group1,0
0.550561797752809,0,1,Group1,0
0.8651685393258427,1,1,Group1,0
1.1797752808988764,1,1,Group1,0
2.247191011235955,1,1,Group1,0
2.752808988764045,0,1,Group1,0
2.797752808988764,1,1,Group1,0
3.3820224719101124,1,1,Group1,0
3.460674157303371,1,1,Group1,0
3.617977528089888,1,1,Group1,0
3.9213483146067416,1,1,Group1,0
4.078651685393258,1,1,Group1,0
4.47191011235955,1,1,Group1,0
4.511235955056179,0,1,Group1,0
4.51685393258427,1,1,Group1,0
5.0,1,1,Group1,0
5.022471910112359,1,1,Group1,0
5.303370786516854,1,1,Group1,0
5.359550561797753,1,1,Group1,0
5.617977528089887,1,1,Group1,0
5.640449438202247,1,1,Group1,0
6.157303370786517,1,1,Group1,0
6.179775280898876,1,1,Group1,0
6.235955056179775,1,1,Group1,0
6.303370786516854,1,1,Group1,0
6.741573033707865,1,1,Group1,0
7.741573033707865,1,1,Group1,0
7.870786516853933,0,1,Group1,0
8.0,1,1,Group1,0
8.03370786516854,1,1,Group1,0
8.292134831460674,1,1,Group1,0
9.179775280898877,1,1,Group1,0
10.224719101123595,1,1,Group1,0
10.797752808988765,1,1,Group1,0
11.03370786516854,1,1,Group1,0
14.98876404494382,1,1,Group1,0
