time,status,treat,Group,curve
2.7025316455696204,0,1,Group1,0
2.7025316455696204,0,1,Group1,0
2.7025316455696204,0,1,Group1,0
2.7025316455696204,0,1,Group1,0
2.7025316455696204,0,1,Group1,0
2.7025316455696204,0,1,Group1,0
2.7025316455696204,0,1,Group1,0
2.7025316455696204,0,1,Group1,0
2.7025316455696204,0,1,Group1,0
2.7025316455696204,0,1,Group1,0
2.7025316455696204,0,1,Group1,0
2.7025316455696204,0,1,Group1,0
2.7025316455696204,0,1,Group1,0
2.7025316455696204,0,1,Group1,0
2.7025316455696204,0,1,Group1,0
2.7025316455696204,0,1,Group1,0
2.7025316455696204,0,1,Group1,0
2.7025316455696204,0,1,Group1,0
2.7025316455696204,0,1,Group1,0
2.7025316455696204,0,1,Group1,0
2.7025316455696204,0,1,Group1,0
2.7025316455696204,0,1,Group1,0
5.443037974683544,1,1,Group1,0
5.848101265822784,0,1,Group1,0
5.848101265822784,0,1,Group1,0
5.848101265822784,0,1,Group1,0
5.848101265822784,0,1,Group1,0
6.30379746835443,1,1,Group1,0
7.2215189873417724,0,1,Group1,0
7.2215189873417724,0,1,Group1,0
8.20253164556962,1,1,Group1,0
8.30379746835443,1,1,Group1,0
8.594936708860759,1,1,Group1,0
8.594936708860759,1,1,Group1,0
8.60759493670886,1,1,Group1,0
9.21518987341772,0,1,Group1,0
9.886075949367088,1,1,Group1,0
10.9873417721519,1,1,Group1,0
11.417721518987342,1,1,Group1,0
11.89873417721519,1,1,Group1,0
12.316455696202532,1,1,Group1,0
12.746835443037977,1,1,Group1,0
13.0126582278481,1,1,Group1,0
13.645569620253164,1,1,Group1,0
14.829113924050631,0,1,Group1,0
14.829113924050631,0,1,Group1,0
14.829113924050631,0,1,Group1,0
16.075949367088608,1,1,Group1,0
