time,status,treat,Group,curve
0.05,1,1,Group1,0
0.15000000000000002,1,1,Group1,0
0.21250000000000002,0,1,Group1,0
0.25,1,1,Group1,0
0.30000000000000004,1,1,Group1,0
0.41250000000000003,0,1,Group1,0
0.45,1,1,Group1,0
0.55,1,1,Group1,0
0.55,1,1,Group1,0
0.6125,0,1,Group1,0
0.625,1,1,Group1,0
0.775,1,1,Group1,0
0.8125,0,1,Group1,0
0.8500000000000001,1,1,Group1,0
0.9,1,1,Group1,0
0.925,1,1,Group1,0
1.0,1,1,Group1,0
1.0125000000000002,0,1,Group1,0
1.05,1,1,Group1,0
1.2125000000000001,0,1,Group1,0
1.225,1,1,Group1,0
1.3250000000000002,1,1,Group1,0
1.4125,0,1,Group1,0
1.5,1,1,Group1,0
1.5250000000000001,1,1,Group1,0
1.6,1,1,Group1,0
1.6125,0,1,Group1,0
1.675,1,1,Group1,0
1.75,1,1,Group1,0
1.8125,0,1,Group1,0
1.8250000000000002,1,1,Group1,0
1.9000000000000001,1,1,Group1,0
2.0,0,1,Group1,0
2.1,1,1,Group1,0
2.2,1,1,Group1,0
2.2125000000000004,0,1,Group1,0
2.3000000000000003,1,1,Group1,0
2.4125000000000005,0,1,Group1,0
2.4250000000000003,1,1,Group1,0
2.6125,0,1,Group1,0
2.825,0,1,Group1,0
2.875,1,1,Group1,0
2.9000000000000004,1,1,Group1,0
2.975,1,1,Group1,0
3.125,1,1,Group1,0
3.2750000000000004,1,1,Group1,0
3.4000000000000004,1,1,Group1,0
3.475,1,1,Group1,0
3.575,1,1,Group1,0
3.7750000000000004,1,1,Group1,0
3.8000000000000003,1,1,Group1,0
3.875,1,1,Group1,0
4.0,1,1,Group1,0
4.2,1,1,Group1,0
4.25,1,1,Group1,0
4.425,1,1,Group1,0
4.625,1,1,Group1,0
4.7250000000000005,1,1,Group1,0
4.800000000000001,1,1,Group1,0
4.875,1,1,Group1,0
5.075,1,1,Group1,0
5.2250000000000005,1,1,Group1,0
5.25,1,1,Group1,0
5.325,1,1,Group1,0
5.875,1,1,Group1,0
5.925000000000001,1,1,Group1,0
6.15,1,1,Group1,0
6.25,1,1,Group1,0
6.7875000000000005,0,1,Group1,0
6.7875000000000005,0,1,Group1,0
7.4,1,1,Group1,0
7.525,1,1,Group1,0
7.6000000000000005,1,1,Group1,0
7.75,1,1,Group1,0
8.100000000000001,0,1,Group1,0
8.100000000000001,0,1,Group1,0
8.55,1,1,Group1,0
8.925,1,1,Group1,0
9.225,1,1,Group1,0
9.5,1,1,Group1,0
9.825000000000001,1,1,Group1,0
9.925,1,1,Group1,0
10.425,0,1,Group1,0
10.600000000000001,1,1,Group1,0
10.8,1,1,Group1,0
10.975000000000001,1,1,Group1,0
11.600000000000001,1,1,Group1,0
11.9,1,1,Group1,0
12.075000000000001,1,1,Group1,0
12.675,1,1,Group1,0
13.925,1,1,Group1,0
14.3,1,1,Group1,0
14.625,1,1,Group1,0
15.15,1,1,Group1,0
18.275000000000002,1,1,Group1,0
19.700000000000003,0,1,Group1,0
19.75,1,1,Group1,0
21.425,1,1,Group1,0
21.900000000000002,1,1,Group1,0
24.875,1,1,Group1,0
27.55,1,1,Group1,0
32.725,0,1,Group1,0
