time,status,treat,Group,curve
0.5034013605442177,1,1,Group1,0
1.2585034013605443,1,1,Group1,0
2.7687074829931975,1,1,Group1,0
3.272108843537415,1,1,Group1,0
4.530612244897959,1,1,Group1,0
5.034013605442177,1,1,Group1,0
6.040816326530612,1,1,Group1,0
6.795918367346939,1,1,Group1,0
8.5578231292517,1,1,Group1,0
9.312925170068027,1,1,Group1,0
9.564625850340136,1,1,Group1,0
11.07482993197279,1,1,Group1,0
12.333333333333334,1,1,Group1,0
12.83673469387755,1,1,Group1,0
13.34013605442177,1,1,Group1,0
14.346938775510203,1,1,Group1,0
15.857142857142858,1,1,Group1,0
16.360544217687075,1,1,Group1,0
17.367346938775512,1,1,Group1,0
18.122448979591837,1,1,Group1,0
19.12925170068027,1,1,Group1,0
20.639455782312925,1,1,Group1,0
21.89795918367347,1,1,Group1,0
22.653061224489797,1,1,Group1,0
24.163265306122447,1,1,Group1,0
24.918367346938776,1,1,Group1,0
25.92517006802721,1,1,Group1,0
27.687074829931973,1,1,Group1,0
28.4421768707483,1,1,Group1,0
29.448979591836736,1,1,Group1,0
29.700680272108844,1,1,Group1,0
30.45578231292517,1,1,Group1,0
31.2108843537415,1,1,Group1,0
31.714285714285715,1,1,Group1,0
34.734693877551024,1,1,Group1,0
35.48979591836735,1,1,Group1,0
38.006802721088434,1,1,Group1,0
40.02040816326531,1,1,Group1,0
40.775510204081634,1,1,Group1,0
42.53741496598639,1,1,Group1,0
43.54421768707483,1,1,Group1,0
43.67006802721089,0,1,Group1,0
44.55102040816327,1,1,Group1,0
47.31972789115646,1,1,Group1,0
48.57823129251701,1,1,Group1,0
49.96258503401361,0,1,Group1,0
52.605442176870746,1,1,Group1,0
55.12244897959184,1,1,Group1,0
56.00340136054422,0,1,Group1,0
57.136054421768705,1,1,Group1,0
62.17006802721089,0,1,Group1,0
63.68027210884354,1,1,Group1,0
67.95918367346938,1,1,Group1,0
68.08503401360544,0,1,Group1,0
71.2312925170068,1,1,Group1,0
77.77551020408163,1,1,Group1,0
81.29931972789116,1,1,Group1,0
89.35374149659864,1,1,Group1,0
93.12925170068027,1,1,Group1,0
97.91156462585035,1,1,Group1,0
104.95918367346938,1,1,Group1,0
147.7482993197279,1,1,Group1,0
224.26530612244898,1,1,Group1,0
278.0034013605442,0,1,Group1,0
