time,status,treat,Group,curve
0.28448275862068967,1,1,Group1,0
0.3620689655172414,0,1,Group1,0
0.5172413793103449,1,1,Group1,0
0.6724137931034483,0,1,Group1,0
0.9051724137931034,1,1,Group1,0
0.9568965517241379,1,1,Group1,0
1.396551724137931,0,1,Group1,0
1.396551724137931,0,1,Group1,0
1.8362068965517242,1,1,Group1,0
1.875,0,1,Group1,0
1.9396551724137931,1,1,Group1,0
2.262931034482759,0,1,Group1,0
2.2758620689655173,1,1,Group1,0
2.3017241379310343,1,1,Group1,0
2.5732758620689653,0,1,Group1,0
2.896551724137931,1,1,Group1,0
3.0517241379310343,1,1,Group1,0
3.1810344827586206,1,1,Group1,0
3.258620689655172,1,1,Group1,0
3.336206896551724,1,1,Group1,0
3.556034482758621,0,1,Group1,0
3.853448275862069,1,1,Group1,0
3.8663793103448274,0,1,Group1,0
4.603448275862069,0,1,Group1,0
4.603448275862069,0,1,Group1,0
4.603448275862069,0,1,Group1,0
5.456896551724138,1,1,Group1,0
5.521551724137931,0,1,Group1,0
5.767241379310344,1,1,Group1,0
5.767241379310344,1,1,Group1,0
6.0,1,1,Group1,0
7.370689655172414,1,1,Group1,0
7.396551724137931,1,1,Group1,0
7.422413793103448,1,1,Group1,0
7.629310344827586,1,1,Group1,0
8.275862068965516,0,1,Group1,0
8.948275862068966,1,1,Group1,0
10.474137931034482,1,1,Group1,0
10.913793103448276,0,1,Group1,0
11.534482758620689,1,1,Group1,0
12.181034482758621,1,1,Group1,0
14.35344827586207,1,1,Group1,0
15.801724137931034,1,1,Group1,0
15.956896551724137,1,1,Group1,0
16.137931034482758,1,1,Group1,0
16.163793103448274,1,1,Group1,0
20.79310344827586,1,1,Group1,0
20.79310344827586,1,1,Group1,0
24.28448275862069,1,1,Group1,0
25.344827586206897,1,1,Group1,0
26.612068965517242,1,1,Group1,0
31.913793103448274,1,1,Group1,0
34.91379310344828,0,1,Group1,0
