time,status,treat,Group,curve
0.0425531914893617,1,1,Group1,0
0.22340425531914893,0,1,Group1,0
0.5531914893617021,1,1,Group1,0
0.8085106382978724,0,1,Group1,0
0.8723404255319148,1,1,Group1,0
1.127659574468085,0,1,Group1,0
1.4893617021276595,1,1,Group1,0
1.893617021276596,0,1,Group1,0
1.893617021276596,0,1,Group1,0
2.340425531914893,0,1,Group1,0
2.4255319148936167,1,1,Group1,0
2.7978723404255317,0,1,Group1,0
3.276595744680851,1,1,Group1,0
3.6595744680851063,1,1,Group1,0
3.7872340425531914,1,1,Group1,0
7.617021276595745,1,1,Group1,0
8.404255319148936,1,1,Group1,0
9.76595744680851,1,1,Group1,0
13.382978723404255,0,1,Group1,0
17.085106382978722,1,1,Group1,0
18.46808510638298,1,1,Group1,0
28.106382978723403,1,1,Group1,0
