time,status,treat,Group,curve
0.7755102040816326,1,1,Group1,0
0.9693877551020409,0,1,Group1,0
1.8741496598639458,0,1,Group1,0
2.7789115646258504,0,1,Group1,0
3.360544217687075,1,1,Group1,0
3.812925170068027,0,1,Group1,0
4.653061224489796,1,1,Group1,0
4.717687074829932,0,1,Group1,0
5.428571428571429,1,1,Group1,0
5.7517006802721085,0,1,Group1,0
6.591836734693878,1,1,Group1,0
6.656462585034014,0,1,Group1,0
7.36734693877551,1,1,Group1,0
7.561224489795919,0,1,Group1,0
8.724489795918368,0,1,Group1,0
9.5,0,1,Group1,0
9.564625850340136,1,1,Group1,0
10.404761904761905,0,1,Group1,0
11.503401360544217,0,1,Group1,0
11.891156462585034,1,1,Group1,0
12.343537414965986,0,1,Group1,0
12.795918367346939,1,1,Group1,0
13.248299319727892,0,1,Group1,0
14.282312925170068,0,1,Group1,0
14.993197278911564,1,1,Group1,0
15.122448979591837,0,1,Group1,0
16.091836734693878,0,1,Group1,0
17.125850340136054,0,1,Group1,0
17.19047619047619,1,1,Group1,0
18.03061224489796,0,1,Group1,0
18.095238095238095,1,1,Group1,0
18.35374149659864,1,1,Group1,0
18.612244897959183,1,1,Group1,0
20.16326530612245,1,1,Group1,0
21.132653061224488,0,1,Group1,0
22.74829931972789,1,1,Group1,0
22.812925170068027,0,1,Group1,0
23.523809523809526,1,1,Group1,0
24.816326530612244,0,1,Group1,0
25.462585034013607,1,1,Group1,0
26.367346938775512,0,1,Group1,0
28.564625850340136,1,1,Group1,0
28.693877551020407,0,1,Group1,0
30.30952380952381,0,1,Group1,0
31.27891156462585,1,1,Group1,0
32.506802721088434,0,1,Group1,0
34.7687074829932,0,1,Group1,0
34.7687074829932,0,1,Group1,0
36.965986394557824,1,1,Group1,0
40.19727891156463,1,1,Group1,0
42.523809523809526,0,1,Group1,0
45.23809523809524,1,1,Group1,0
46.982993197278915,0,1,Group1,0
48.34013605442177,1,1,Group1,0
54.091836734693885,0,1,Group1,0
57.51700680272109,1,1,Group1,0
61.00680272108844,1,1,Group1,0
106.1156462585034,0,1,Group1,0
130.41496598639455,1,1,Group1,0
