time,status,treat,Group,curve
0.20270270270270271,0,1,Group1,0
0.4864864864864865,1,1,Group1,0
0.5945945945945946,0,1,Group1,0
0.8243243243243243,0,1,Group1,0
0.8378378378378379,1,1,Group1,0
1.5945945945945947,0,1,Group1,0
1.5945945945945947,0,1,Group1,0
1.5945945945945947,0,1,Group1,0
1.5945945945945947,0,1,Group1,0
1.5945945945945947,0,1,Group1,0
2.4729729729729732,0,1,Group1,0
2.486486486486487,1,1,Group1,0
3.310810810810811,0,1,Group1,0
3.310810810810811,0,1,Group1,0
3.310810810810811,0,1,Group1,0
3.310810810810811,0,1,Group1,0
3.310810810810811,0,1,Group1,0
4.27027027027027,1,1,Group1,0
7.0,0,1,Group1,0
7.0,0,1,Group1,0
7.0,0,1,Group1,0
7.0,0,1,Group1,0
7.0,0,1,Group1,0
7.0,0,1,Group1,0
7.0,0,1,Group1,0
7.0,0,1,Group1,0
7.0,0,1,Group1,0
7.0,0,1,Group1,0
7.0,0,1,Group1,0
9.864864864864865,1,1,Group1,0
12.68918918918919,0,1,Group1,0
12.68918918918919,0,1,Group1,0
15.702702702702704,1,1,Group1,0
20.932432432432435,0,1,Group1,0
26.216216216216218,1,1,Group1,0
26.216216216216218,1,1,Group1,0
27.37837837837838,0,1,Group1,0
28.702702702702705,1,1,Group1,0
35.986486486486484,0,1,Group1,0
