time,status,treat,Group,curve
0.24324324324324326,1,1,Group1,0
0.4256756756756757,1,1,Group1,0
0.7297297297297298,1,1,Group1,0
0.9121621621621622,1,1,Group1,0
1.125,0,1,Group1,0
1.2162162162162162,1,1,Group1,0
1.4594594594594597,1,1,Group1,0
1.6418918918918919,1,1,Group1,0
2.006756756756757,1,1,Group1,0
2.1891891891891895,1,1,Group1,0
2.2804054054054053,0,1,Group1,0
2.371621621621622,1,1,Group1,0
2.736486486486487,1,1,Group1,0
3.2837837837837838,1,1,Group1,0
3.4054054054054053,0,1,Group1,0
3.7094594594594597,1,1,Group1,0
4.013513513513514,1,1,Group1,0
4.074324324324325,1,1,Group1,0
4.3175675675675675,1,1,Group1,0
4.530405405405405,0,1,Group1,0
4.560810810810811,1,1,Group1,0
4.743243243243244,1,1,Group1,0
5.533783783783784,1,1,Group1,0
5.625,0,1,Group1,0
5.95945945945946,1,1,Group1,0
6.4459459459459465,1,1,Group1,0
6.75,1,1,Group1,0
6.780405405405405,0,1,Group1,0
7.662162162162162,1,1,Group1,0
7.996621621621622,0,1,Group1,0
8.452702702702704,1,1,Group1,0
8.878378378378379,1,1,Group1,0
9.547297297297298,1,1,Group1,0
9.851351351351353,1,1,Group1,0
10.277027027027028,1,1,Group1,0
10.702702702702704,1,1,Group1,0
10.763513513513514,1,1,Group1,0
10.945945945945947,1,1,Group1,0
11.128378378378379,1,1,Group1,0
11.736486486486488,1,1,Group1,0
12.77027027027027,1,1,Group1,0
13.256756756756758,1,1,Group1,0
14.290540540540542,1,1,Group1,0
15.141891891891893,1,1,Group1,0
15.68918918918919,1,1,Group1,0
16.722972972972975,1,1,Group1,0
17.635135135135137,1,1,Group1,0
19.094594594594597,1,1,Group1,0
19.33783783783784,1,1,Group1,0
21.64864864864865,0,1,Group1,0
22.43918918918919,1,1,Group1,0
23.10810810810811,1,1,Group1,0
23.533783783783786,1,1,Group1,0
24.08108108108108,0,1,Group1,0
24.932432432432435,1,1,Group1,0
28.216216216216218,1,1,Group1,0
30.283783783783786,1,1,Group1,0
30.58783783783784,1,1,Group1,0
33.65878378378379,0,1,Group1,0
36.182432432432435,1,1,Group1,0
38.67567567567568,1,1,Group1,0
42.44594594594595,0,1,Group1,0
46.520270270270274,1,1,Group1,0
50.138513513513516,0,1,Group1,0
55.33783783783784,1,1,Group1,0
