time,status,treat,Group,curve
0.5306122448979592,1,1,Group1,0
1.326530612244898,1,1,Group1,0
2.122448979591837,1,1,Group1,0
2.918367346938776,1,1,Group1,0
2.918367346938776,1,1,Group1,0
3.979591836734694,1,1,Group1,0
4.775510204081633,1,1,Group1,0
5.306122448979592,1,1,Group1,0
5.836734693877552,1,1,Group1,0
6.36734693877551,1,1,Group1,0
7.959183673469388,1,1,Group1,0
8.489795918367347,1,1,Group1,0
9.020408163265307,1,1,Group1,0
10.346938775510205,1,1,Group1,0
10.877551020408164,1,1,Group1,0
13.0,1,1,Group1,0
14.061224489795919,1,1,Group1,0
14.857142857142858,1,1,Group1,0
15.387755102040817,1,1,Group1,0
16.183673469387756,1,1,Group1,0
16.979591836734695,1,1,Group1,0
17.775510204081634,1,1,Group1,0
18.040816326530614,1,1,Group1,0
20.42857142857143,1,1,Group1,0
21.22448979591837,1,1,Group1,0
22.28571428571429,1,1,Group1,0
24.142857142857146,1,1,Group1,0
24.938775510204085,1,1,Group1,0
26.53061224489796,1,1,Group1,0
28.122448979591837,1,1,Group1,0
29.183673469387756,1,1,Group1,0
30.510204081632654,1,1,Group1,0
31.571428571428573,1,1,Group1,0
32.89795918367347,1,1,Group1,0
35.55102040816327,1,1,Group1,0
37.142857142857146,1,1,Group1,0
38.46938775510204,1,1,Group1,0
40.06122448979592,1,1,Group1,0
40.06122448979592,1,1,Group1,0
40.59183673469388,1,1,Group1,0
41.6530612244898,1,1,Group1,0
43.775510204081634,1,1,Group1,0
44.83673469387755,1,1,Group1,0
45.632653061224495,1,1,Group1,0
48.02040816326531,1,1,Group1,0
49.08163265306123,1,1,Group1,0
50.142857142857146,1,1,Group1,0
56.51020408163266,1,1,Group1,0
58.36734693877551,1,1,Group1,0
59.42857142857143,1,1,Group1,0
62.61224489795919,1,1,Group1,0
65.79591836734694,1,1,Group1,0
70.57142857142857,1,1,Group1,0
71.36734693877551,1,1,Group1,0
72.42857142857143,1,1,Group1,0
80.91836734693878,1,1,Group1,0
84.6326530612245,1,1,Group1,0
86.48979591836735,1,1,Group1,0
89.93877551020408,1,1,Group1,0
93.12244897959184,1,1,Group1,0
101.34693877551021,1,1,Group1,0
106.12244897959184,1,1,Group1,0
112.75510204081634,1,1,Group1,0
117.26530612244899,1,1,Group1,0
122.3061224489796,1,1,Group1,0
132.12244897959184,1,1,Group1,0
137.42857142857144,1,1,Group1,0
173.51020408163265,1,1,Group1,0
187.3061224489796,1,1,Group1,0
203.22448979591837,1,1,Group1,0
235.85714285714286,1,1,Group1,0
305.10204081632656,1,1,Group1,0
340.12244897959187,1,1,Group1,0
