time,status,treat,Group,curve
3.2083333333333335,0,1,Group1,0
3.2083333333333335,0,1,Group1,0
3.2083333333333335,0,1,Group1,0
3.2083333333333335,0,1,Group1,0
3.2083333333333335,0,1,Group1,0
3.2083333333333335,0,1,Group1,0
3.2083333333333335,0,1,Group1,0
3.2083333333333335,0,1,Group1,0
3.2083333333333335,0,1,Group1,0
3.2083333333333335,0,1,Group1,0
3.2083333333333335,0,1,Group1,0
6.583333333333333,1,1,Group1,0
7.25,0,1,Group1,0
7.25,0,1,Group1,0
7.25,0,1,Group1,0
8.166666666666666,1,1,Group1,0
9.208333333333332,0,1,Group1,0
9.208333333333332,0,1,Group1,0
9.208333333333332,0,1,Group1,0
9.208333333333332,0,1,Group1,0
10.333333333333332,1,1,Group1,0
10.958333333333332,0,1,Group1,0
10.958333333333332,0,1,Group1,0
11.708333333333332,0,1,Group1,0
11.75,1,1,Group1,0
12.625,0,1,Group1,0
12.625,0,1,Group1,0
13.666666666666666,1,1,Group1,0
13.75,1,1,Group1,0
16.916666666666664,0,1,Group1,0
16.916666666666664,0,1,Group1,0
16.916666666666664,0,1,Group1,0
16.916666666666664,0,1,Group1,0
16.916666666666664,0,1,Group1,0
16.916666666666664,0,1,Group1,0
16.916666666666664,0,1,Group1,0
16.916666666666664,0,1,Group1,0
16.916666666666664,0,1,Group1,0
16.916666666666664,0,1,Group1,0
16.916666666666664,0,1,Group1,0
16.916666666666664,0,1,Group1,0
20.291666666666664,0,1,Group1,0
20.416666666666664,1,1,Group1,0
20.625,0,1,Group1,0
21.25,1,1,Group1,0
23.958333333333332,0,1,Group1,0
23.958333333333332,0,1,Group1,0
23.958333333333332,0,1,Group1,0
23.958333333333332,0,1,Group1,0
23.958333333333332,0,1,Group1,0
23.958333333333332,0,1,Group1,0
23.958333333333332,0,1,Group1,0
23.958333333333332,0,1,Group1,0
23.958333333333332,0,1,Group1,0
23.958333333333332,0,1,Group1,0
28.583333333333332,1,1,Group1,0
32.5,1,1,Group1,0
53.0,1,1,Group1,0
69.16666666666666,0,1,Group1,0
69.16666666666666,0,1,Group1,0
85.91666666666666,1,1,Group1,0
112.58333333333333,0,1,Group1,0
