time,status,treat,Group,curve
0.027210884353741496,1,1,Group1,0
0.21768707482993196,1,1,Group1,0
0.5170068027210885,1,1,Group1,0
0.7074829931972789,1,1,Group1,0
0.7619047619047619,1,1,Group1,0
1.0068027210884354,1,1,Group1,0
1.3877551020408163,1,1,Group1,0
1.9591836734693877,1,1,Group1,0
2.204081632653061,1,1,Group1,0
2.9931972789115644,0,1,Group1,0
3.836734693877551,1,1,Group1,0
5.142857142857142,1,1,Group1,0
5.986394557823129,1,1,Group1,0
6.1768707482993195,1,1,Group1,0
6.340136054421769,1,1,Group1,0
7.292517006802721,1,1,Group1,0
7.346938775510204,1,1,Group1,0
7.401360544217686,1,1,Group1,0
8.73469387755102,1,1,Group1,0
8.761904761904761,1,1,Group1,0
8.952380952380953,1,1,Group1,0
9.605442176870747,1,1,Group1,0
10.857142857142856,1,1,Group1,0
11.755102040816325,1,1,Group1,0
11.782312925170068,1,1,Group1,0
12.680272108843537,1,1,Group1,0
14.585034013605442,1,1,Group1,0
15.700680272108842,1,1,Group1,0
16.92517006802721,1,1,Group1,0
18.285714285714285,1,1,Group1,0
18.421768707482993,1,1,Group1,0
19.700680272108844,1,1,Group1,0
20.081632653061224,1,1,Group1,0
21.98639455782313,1,1,Group1,0
22.095238095238095,1,1,Group1,0
22.639455782312925,1,1,Group1,0
24.217687074829932,1,1,Group1,0
24.92517006802721,1,1,Group1,0
29.959183673469386,1,1,Group1,0
31.70068027210884,0,1,Group1,0
33.578231292517,1,1,Group1,0
34.04081632653061,1,1,Group1,0
35.755102040816325,1,1,Group1,0
35.86394557823129,1,1,Group1,0
36.29931972789115,1,1,Group1,0
