time,status,treat,Group,curve
0.03305785123966942,1,1,Group1,0
0.39669421487603307,1,1,Group1,0
0.628099173553719,1,1,Group1,0
0.6611570247933884,1,1,Group1,0
1.0578512396694215,1,1,Group1,0
1.2231404958677685,1,1,Group1,0
1.2231404958677685,1,1,Group1,0
1.43801652892562,0,1,Group1,0
1.7520661157024793,1,1,Group1,0
1.9173553719008265,1,1,Group1,0
2.0165289256198347,1,1,Group1,0
2.0495867768595044,1,1,Group1,0
2.5454545454545454,1,1,Group1,0
2.644628099173554,1,1,Group1,0
2.7272727272727275,0,1,Group1,0
2.8429752066115705,1,1,Group1,0
3.3719008264462813,1,1,Group1,0
3.8016528925619837,1,1,Group1,0
3.834710743801653,1,1,Group1,0
4.264462809917355,1,1,Group1,0
4.462809917355372,1,1,Group1,0
5.090909090909091,1,1,Group1,0
5.12396694214876,1,1,Group1,0
5.652892561983471,1,1,Group1,0
5.75206611570248,1,1,Group1,0
5.785123966942149,1,1,Group1,0
6.016528925619835,1,1,Group1,0
6.462809917355372,0,1,Group1,0
6.479338842975206,1,1,Group1,0
7.041322314049587,1,1,Group1,0
7.471074380165289,1,1,Group1,0
7.636363636363637,1,1,Group1,0
8.958677685950413,1,1,Group1,0
8.991735537190083,1,1,Group1,0
9.851239669421489,1,1,Group1,0
10.578512396694215,0,1,Group1,0
11.43801652892562,1,1,Group1,0
12.03305785123967,1,1,Group1,0
12.165289256198347,1,1,Group1,0
12.694214876033058,1,1,Group1,0
13.388429752066116,1,1,Group1,0
13.818181818181818,1,1,Group1,0
13.983471074380166,1,1,Group1,0
14.413223140495868,1,1,Group1,0
14.479338842975206,1,1,Group1,0
14.677685950413224,1,1,Group1,0
17.520661157024794,1,1,Group1,0
20.09917355371901,1,1,Group1,0
20.991735537190085,1,1,Group1,0
21.1900826446281,1,1,Group1,0
21.68595041322314,1,1,Group1,0
23.50413223140496,1,1,Group1,0
24.826446280991735,1,1,Group1,0
30.214876033057852,1,1,Group1,0
30.87603305785124,1,1,Group1,0
33.057851239669425,1,1,Group1,0
43.83471074380165,0,1,Group1,0
