time,status,treat,Group,curve
0.06338028169014084,1,1,Group1,0
0.823943661971831,1,1,Group1,0
1.267605633802817,1,1,Group1,0
1.9647887323943662,1,1,Group1,0
2.1549295774647885,1,1,Group1,0
2.471830985915493,1,1,Group1,0
2.97887323943662,0,1,Group1,0
3.73943661971831,1,1,Group1,0
3.9295774647887325,1,1,Group1,0
4.943661971830986,1,1,Group1,0
5.133802816901408,1,1,Group1,0
5.514084507042253,1,1,Group1,0
6.338028169014084,0,1,Group1,0
6.528169014084507,1,1,Group1,0
7.415492957746479,1,1,Group1,0
7.47887323943662,1,1,Group1,0
8.30281690140845,1,1,Group1,0
8.619718309859154,1,1,Group1,0
9.887323943661972,1,1,Group1,0
10.964788732394366,1,1,Group1,0
11.154929577464788,1,1,Group1,0
11.28169014084507,1,1,Group1,0
12.549295774647888,1,1,Group1,0
14.577464788732394,1,1,Group1,0
14.830985915492958,1,1,Group1,0
17.176056338028168,1,1,Group1,0
17.366197183098592,1,1,Group1,0
17.429577464788732,1,1,Group1,0
19.204225352112676,1,1,Group1,0
22.246478873239436,1,1,Group1,0
22.373239436619716,1,1,Group1,0
23.387323943661972,1,1,Group1,0
23.640845070422536,1,1,Group1,0
24.654929577464788,1,1,Group1,0
26.112676056338028,1,1,Group1,0
26.93661971830986,1,1,Group1,0
27.19014084507042,1,1,Group1,0
28.014084507042252,1,1,Group1,0
28.52112676056338,1,1,Group1,0
34.03521126760563,1,1,Group1,0
39.105633802816904,1,1,Group1,0
39.232394366197184,1,1,Group1,0
40.88028169014085,1,1,Group1,0
41.45070422535211,1,1,Group1,0
42.33802816901408,1,1,Group1,0
45.76056338028169,1,1,Group1,0
58.816901408450704,1,1,Group1,0
64.33098591549296,1,1,Group1,0
85.30985915492957,1,1,Group1,0
