time,status,treat,Group,curve
0.12244897959183673,1,1,Group1,0
0.18367346938775508,1,1,Group1,0
0.30612244897959184,1,1,Group1,0
0.9183673469387755,1,1,Group1,0
1.163265306122449,1,1,Group1,0
1.2244897959183674,1,1,Group1,0
1.4693877551020407,1,1,Group1,0
1.653061224489796,1,1,Group1,0
1.7142857142857142,1,1,Group1,0
1.9591836734693877,1,1,Group1,0
2.204081632653061,1,1,Group1,0
2.693877551020408,1,1,Group1,0
2.9387755102040813,1,1,Group1,0
3.0306122448979593,0,1,Group1,0
3.36734693877551,1,1,Group1,0
3.5510204081632653,1,1,Group1,0
3.673469387755102,1,1,Group1,0
3.857142857142857,1,1,Group1,0
3.9795918367346936,1,1,Group1,0
4.224489795918367,1,1,Group1,0
4.346938775510204,1,1,Group1,0
5.081632653061225,1,1,Group1,0
5.387755102040816,1,1,Group1,0
5.63265306122449,1,1,Group1,0
5.877551020408163,1,1,Group1,0
6.030612244897959,0,1,Group1,0
6.122448979591836,1,1,Group1,0
6.36734693877551,1,1,Group1,0
6.551020408163265,1,1,Group1,0
7.163265306122449,1,1,Group1,0
7.285714285714286,1,1,Group1,0
7.775510204081632,1,1,Group1,0
7.8979591836734695,1,1,Group1,0
8.938775510204081,1,1,Group1,0
9.428571428571429,1,1,Group1,0
9.673469387755102,1,1,Group1,0
9.73469387755102,1,1,Group1,0
10.040816326530612,1,1,Group1,0
11.204081632653061,1,1,Group1,0
11.387755102040815,1,1,Group1,0
12.183673469387754,1,1,Group1,0
12.489795918367347,1,1,Group1,0
13.16326530612245,1,1,Group1,0
13.83673469387755,1,1,Group1,0
14.326530612244898,1,1,Group1,0
14.816326530612244,1,1,Group1,0
15.73469387755102,1,1,Group1,0
16.040816326530614,1,1,Group1,0
16.10204081632653,1,1,Group1,0
16.591836734693878,1,1,Group1,0
16.897959183673468,1,1,Group1,0
17.20408163265306,1,1,Group1,0
17.877551020408163,1,1,Group1,0
18.489795918367346,1,1,Group1,0
18.79591836734694,1,1,Group1,0
19.959183673469386,1,1,Group1,0
20.816326530612244,1,1,Group1,0
21.183673469387756,1,1,Group1,0
21.551020408163264,1,1,Group1,0
21.612244897959183,1,1,Group1,0
21.73469387755102,1,1,Group1,0
23.877551020408163,1,1,Group1,0
24.30612244897959,1,1,Group1,0
27.06122448979592,1,1,Group1,0
28.591836734693878,1,1,Group1,0
28.83673469387755,1,1,Group1,0
29.816326530612244,1,1,Group1,0
31.43877551020408,0,1,Group1,0
32.38775510204081,1,1,Group1,0
36.48979591836735,1,1,Group1,0
41.51020408163265,1,1,Group1,0
43.40816326530612,1,1,Group1,0
43.95918367346939,1,1,Group1,0
45.30612244897959,1,1,Group1,0
54.795918367346935,1,1,Group1,0
82.89795918367346,1,1,Group1,0
