time,status,treat,Group,curve
0.16891891891891891,1,1,Group1,0
0.40540540540540543,1,1,Group1,0
0.6756756756756757,1,1,Group1,0
1.0135135135135136,1,1,Group1,0
1.1824324324324325,1,1,Group1,0
1.25,1,1,Group1,0
2.0945945945945947,1,1,Group1,0
2.3986486486486487,1,1,Group1,0
2.888513513513514,0,1,Group1,0
2.9391891891891895,1,1,Group1,0
2.9729729729729732,1,1,Group1,0
3.445945945945946,1,1,Group1,0
3.783783783783784,1,1,Group1,0
4.087837837837838,1,1,Group1,0
4.256756756756757,1,1,Group1,0
4.324324324324325,1,1,Group1,0
4.966216216216217,1,1,Group1,0
5.844594594594595,1,1,Group1,0
6.95945945945946,1,1,Group1,0
7.364864864864865,1,1,Group1,0
7.398648648648649,1,1,Group1,0
7.7027027027027035,1,1,Group1,0
7.837837837837839,1,1,Group1,0
7.888513513513514,0,1,Group1,0
7.972972972972974,1,1,Group1,0
9.493243243243244,1,1,Group1,0
9.831081081081082,1,1,Group1,0
10.0,1,1,Group1,0
11.317567567567568,1,1,Group1,0
11.452702702702704,1,1,Group1,0
13.277027027027028,1,1,Group1,0
13.445945945945947,1,1,Group1,0
13.783783783783784,1,1,Group1,0
19.054054054054056,1,1,Group1,0
20.236486486486488,1,1,Group1,0
20.641891891891895,1,1,Group1,0
21.925675675675677,1,1,Group1,0
26.655405405405407,1,1,Group1,0
26.655405405405407,1,1,Group1,0
40.87837837837838,1,1,Group1,0
43.81756756756757,1,1,Group1,0
44.83108108108108,1,1,Group1,0
