time,status,treat,Group,curve
3.650349650349651,1,1,Group1,0
4.27972027972028,1,1,Group1,0
5.223776223776224,0,1,Group1,0
6.41958041958042,1,1,Group1,0
7.426573426573428,1,1,Group1,0
8.433566433566435,1,1,Group1,0
10.573426573426575,1,1,Group1,0
10.573426573426575,1,1,Group1,0
12.020979020979022,0,1,Group1,0
12.083916083916085,1,1,Group1,0
14.349650349650352,1,1,Group1,0
17.244755244755247,1,1,Group1,0
18.0,1,1,Group1,0
18.37762237762238,1,1,Group1,0
21.3986013986014,1,1,Group1,0
24.419580419580424,1,1,Group1,0
24.419580419580424,1,1,Group1,0
24.923076923076927,1,1,Group1,0
26.93706293706294,1,1,Group1,0
27.81818181818182,1,1,Group1,0
30.083916083916087,1,1,Group1,0
34.99300699300699,1,1,Group1,0
38.13986013986014,1,1,Group1,0
41.16083916083917,1,1,Group1,0
45.566433566433574,1,1,Group1,0
46.95104895104895,1,1,Group1,0
49.97202797202797,1,1,Group1,0
51.10489510489511,1,1,Group1,0
51.608391608391614,1,1,Group1,0
53.37062937062937,1,1,Group1,0
55.51048951048951,1,1,Group1,0
58.53146853146854,1,1,Group1,0
64.69930069930071,1,1,Group1,0
67.21678321678323,1,1,Group1,0
74.01398601398603,1,1,Group1,0
79.93006993006993,1,1,Group1,0
88.993006993007,1,1,Group1,0
89.37062937062937,1,1,Group1,0
92.51748251748252,1,1,Group1,0
134.81118881118883,1,1,Group1,0
136.69930069930072,1,1,Group1,0
170.05594405594408,1,1,Group1,0
