time,status,treat,Group,curve
2.787671232876712,0,1,Group1,0
2.787671232876712,0,1,Group1,0
6.335616438356165,1,1,Group1,0
10.263698630136988,0,1,Group1,0
10.263698630136988,0,1,Group1,0
10.263698630136988,0,1,Group1,0
10.263698630136988,0,1,Group1,0
14.698630136986303,0,1,Group1,0
15.458904109589042,1,1,Group1,0
18.880136986301373,0,1,Group1,0
18.880136986301373,0,1,Group1,0
18.880136986301373,0,1,Group1,0
23.188356164383563,0,1,Group1,0
24.075342465753426,1,1,Group1,0
24.328767123287673,1,1,Group1,0
32.31164383561644,0,1,Group1,0
32.31164383561644,0,1,Group1,0
32.31164383561644,0,1,Group1,0
32.31164383561644,0,1,Group1,0
32.31164383561644,0,1,Group1,0
32.31164383561644,0,1,Group1,0
32.31164383561644,0,1,Group1,0
41.561643835616444,1,1,Group1,0
52.58561643835617,0,1,Group1,0
52.965753424657535,1,1,Group1,0
64.75,0,1,Group1,0
65.13013698630138,1,1,Group1,0
69.94520547945206,1,1,Group1,0
79.44863013698631,0,1,Group1,0
90.21917808219179,1,1,Group1,0
140.77739726027397,0,1,Group1,0
140.77739726027397,0,1,Group1,0
192.6027397260274,1,1,Group1,0
226.05479452054794,1,1,Group1,0
229.09589041095893,1,1,Group1,0
339.8424657534247,0,1,Group1,0
