time,status,treat,Group,curve
0.09090909090909091,1,1,Group1,0
0.12121212121212122,1,1,Group1,0
0.3181818181818182,0,1,Group1,0
0.6363636363636364,1,1,Group1,0
0.7272727272727273,1,1,Group1,0
0.8333333333333334,0,1,Group1,0
1.0303030303030303,1,1,Group1,0
1.2424242424242424,0,1,Group1,0
1.5454545454545454,1,1,Group1,0
1.8636363636363638,0,1,Group1,0
2.1818181818181817,1,1,Group1,0
2.257575757575758,0,1,Group1,0
2.3636363636363638,1,1,Group1,0
2.5454545454545454,1,1,Group1,0
2.6363636363636362,1,1,Group1,0
2.8636363636363638,0,1,Group1,0
3.166666666666667,0,1,Group1,0
3.181818181818182,1,1,Group1,0
3.2424242424242427,1,1,Group1,0
3.3333333333333335,1,1,Group1,0
3.6363636363636367,0,1,Group1,0
3.6969696969696972,1,1,Group1,0
3.787878787878788,1,1,Group1,0
4.090909090909091,1,1,Group1,0
5.606060606060606,1,1,Group1,0
5.757575757575758,1,1,Group1,0
5.772727272727273,0,1,Group1,0
6.0606060606060606,1,1,Group1,0
6.121212121212121,1,1,Group1,0
6.757575757575758,1,1,Group1,0
7.454545454545455,0,1,Group1,0
7.545454545454546,1,1,Group1,0
7.878787878787879,1,1,Group1,0
9.303030303030303,1,1,Group1,0
9.575757575757576,1,1,Group1,0
9.606060606060606,1,1,Group1,0
9.666666666666666,1,1,Group1,0
10.166666666666668,0,1,Group1,0
10.818181818181818,1,1,Group1,0
10.93939393939394,1,1,Group1,0
11.393939393939394,1,1,Group1,0
12.272727272727273,1,1,Group1,0
13.06060606060606,1,1,Group1,0
13.06060606060606,1,1,Group1,0
15.0,1,1,Group1,0
18.666666666666668,1,1,Group1,0
19.31818181818182,0,1,Group1,0
19.31818181818182,0,1,Group1,0
20.12121212121212,1,1,Group1,0
23.424242424242426,1,1,Group1,0
23.93939393939394,1,1,Group1,0
26.28787878787879,0,1,Group1,0
28.78787878787879,1,1,Group1,0
32.81818181818182,1,1,Group1,0
34.39393939393939,0,1,Group1,0
40.3939393939394,1,1,Group1,0
