time,status,treat,Group,curve
0.4489795918367347,1,1,Group1,0
0.4489795918367347,1,1,Group1,0
0.8979591836734694,1,1,Group1,0
1.346938775510204,1,1,Group1,0
2.4693877551020407,0,1,Group1,0
3.5918367346938775,1,1,Group1,0
4.489795918367347,1,1,Group1,0
5.051020408163265,0,1,Group1,0
5.387755102040816,1,1,Group1,0
5.612244897959184,1,1,Group1,0
7.408163265306122,1,1,Group1,0
7.63265306122449,0,1,Group1,0
8.979591836734693,1,1,Group1,0
10.214285714285715,0,1,Group1,0
11.0,1,1,Group1,0
12.346938775510203,1,1,Group1,0
12.795918367346939,1,1,Group1,0
12.908163265306122,0,1,Group1,0
13.918367346938776,1,1,Group1,0
15.040816326530612,1,1,Group1,0
15.377551020408163,0,1,Group1,0
15.489795918367347,1,1,Group1,0
16.836734693877553,1,1,Group1,0
17.73469387755102,1,1,Group1,0
17.73469387755102,1,1,Group1,0
18.07142857142857,0,1,Group1,0
19.081632653061224,1,1,Group1,0
21.214285714285715,0,1,Group1,0
23.346938775510203,0,1,Group1,0
23.79591836734694,1,1,Group1,0
24.693877551020407,1,1,Group1,0
25.816326530612244,0,1,Group1,0
26.489795918367346,1,1,Group1,0
27.612244897959183,1,1,Group1,0
28.285714285714285,1,1,Group1,0
28.39795918367347,0,1,Group1,0
29.183673469387756,1,1,Group1,0
30.867346938775512,0,1,Group1,0
31.428571428571427,1,1,Group1,0
36.59183673469388,1,1,Group1,0
37.48979591836735,1,1,Group1,0
40.857142857142854,1,1,Group1,0
43.326530612244895,1,1,Group1,0
44.44897959183673,1,1,Group1,0
45.12244897959184,1,1,Group1,0
45.57142857142857,1,1,Group1,0
48.48979591836735,0,1,Group1,0
52.97959183673469,1,1,Group1,0
54.10204081632653,1,1,Group1,0
57.244897959183675,1,1,Group1,0
58.36734693877551,1,1,Group1,0
58.36734693877551,1,1,Group1,0
60.83673469387755,1,1,Group1,0
61.73469387755102,1,1,Group1,0
62.183673469387756,1,1,Group1,0
65.10204081632654,1,1,Group1,0
66.44897959183673,1,1,Group1,0
68.24489795918367,1,1,Group1,0
69.59183673469387,1,1,Group1,0
71.16326530612245,1,1,Group1,0
79.46938775510203,1,1,Group1,0
83.95918367346938,1,1,Group1,0
88.89795918367346,1,1,Group1,0
95.63265306122449,1,1,Group1,0
105.06122448979592,1,1,Group1,0
107.86734693877551,0,1,Group1,0
111.57142857142857,1,1,Group1,0
113.81632653061224,1,1,Group1,0
115.05102040816327,0,1,Group1,0
121.6734693877551,0,1,Group1,0
126.61224489795919,1,1,Group1,0
130.09183673469389,0,1,Group1,0
136.48979591836735,1,1,Group1,0
149.0612244897959,1,1,Group1,0
171.51020408163265,1,1,Group1,0
239.6428571428571,0,1,Group1,0
