time,status,treat,Group,curve
0.014084507042253521,1,1,Group1,0
0.09859154929577466,1,1,Group1,0
0.26760563380281693,1,1,Group1,0
0.35211267605633806,1,1,Group1,0
0.49295774647887325,1,1,Group1,0
0.7887323943661972,1,1,Group1,0
0.852112676056338,0,1,Group1,0
0.971830985915493,1,1,Group1,0
1.0845070422535212,1,1,Group1,0
1.507042253521127,0,1,Group1,0
1.915492957746479,1,1,Group1,0
2.563380281690141,1,1,Group1,0
2.6056338028169015,1,1,Group1,0
2.9859154929577465,1,1,Group1,0
3.084507042253521,1,1,Group1,0
3.1690140845070425,1,1,Group1,0
3.647887323943662,1,1,Group1,0
3.6619718309859155,1,1,Group1,0
3.6901408450704225,1,1,Group1,0
4.352112676056338,1,1,Group1,0
4.366197183098592,1,1,Group1,0
4.464788732394366,1,1,Group1,0
4.774647887323944,1,1,Group1,0
4.788732394366197,1,1,Group1,0
5.408450704225352,1,1,Group1,0
5.859154929577465,1,1,Group1,0
5.887323943661972,1,1,Group1,0
6.338028169014085,1,1,Group1,0
7.295774647887324,1,1,Group1,0
7.845070422535211,1,1,Group1,0
8.450704225352112,1,1,Group1,0
9.140845070422536,1,1,Group1,0
9.19718309859155,1,1,Group1,0
9.492957746478874,0,1,Group1,0
9.845070422535212,1,1,Group1,0
10.04225352112676,1,1,Group1,0
10.535211267605634,1,1,Group1,0
10.985915492957746,1,1,Group1,0
11.04225352112676,1,1,Group1,0
11.309859154929578,1,1,Group1,0
12.098591549295774,1,1,Group1,0
14.91549295774648,1,1,Group1,0
16.71830985915493,1,1,Group1,0
16.985915492957748,1,1,Group1,0
17.387323943661972,0,1,Group1,0
17.87323943661972,1,1,Group1,0
17.91549295774648,1,1,Group1,0
18.408450704225352,1,1,Group1,0
