time,status,treat,Group,curve
0.2765957446808511,1,1,Group1,0
0.43617021276595747,0,1,Group1,0
0.5319148936170213,1,1,Group1,0
0.7446808510638298,0,1,Group1,0
1.0638297872340425,1,1,Group1,0
1.2340425531914891,0,1,Group1,0
1.4042553191489362,1,1,Group1,0
1.6595744680851063,0,1,Group1,0
1.9148936170212765,1,1,Group1,0
1.9361702127659575,1,1,Group1,0
1.9574468085106382,1,1,Group1,0
2.021276595744681,1,1,Group1,0
2.127659574468085,0,1,Group1,0
2.1914893617021276,1,1,Group1,0
2.4893617021276597,1,1,Group1,0
2.5531914893617023,0,1,Group1,0
2.617021276595745,1,1,Group1,0
2.7872340425531914,1,1,Group1,0
3.095744680851064,0,1,Group1,0
3.5106382978723403,1,1,Group1,0
3.7659574468085104,1,1,Group1,0
4.085106382978723,1,1,Group1,0
4.127659574468085,1,1,Group1,0
4.553191489361702,0,1,Group1,0
5.085106382978723,1,1,Group1,0
5.276595744680851,1,1,Group1,0
5.595744680851063,1,1,Group1,0
5.73404255319149,0,1,Group1,0
5.9361702127659575,1,1,Group1,0
7.085106382978723,1,1,Group1,0
7.691489361702128,0,1,Group1,0
8.351063829787233,0,1,Group1,0
8.446808510638297,1,1,Group1,0
8.595744680851064,1,1,Group1,0
9.106382978723405,1,1,Group1,0
10.638297872340425,1,1,Group1,0
11.0,1,1,Group1,0
13.638297872340425,1,1,Group1,0
14.340425531914894,1,1,Group1,0
16.29787234042553,1,1,Group1,0
17.085106382978722,1,1,Group1,0
28.680851063829788,1,1,Group1,0
