time,status,treat,Group,curve
0.2,1,1,Group1,0
0.45000000000000007,0,1,Group1,0
0.65,1,1,Group1,0
0.875,0,1,Group1,0
1.25,1,1,Group1,0
1.275,0,1,Group1,0
1.7000000000000002,0,1,Group1,0
1.8,1,1,Group1,0
2.6,0,1,Group1,0
2.6,0,1,Group1,0
2.6,0,1,Group1,0
3.325,0,1,Group1,0
3.35,1,1,Group1,0
3.6750000000000003,0,1,Group1,0
3.95,1,1,Group1,0
4.175000000000001,0,1,Group1,0
4.25,1,1,Group1,0
4.75,0,1,Group1,0
4.75,0,1,Group1,0
5.425000000000001,0,1,Group1,0
5.5,1,1,Group1,0
5.825,0,1,Group1,0
6.275,0,1,Group1,0
6.4,1,1,Group1,0
7.375,0,1,Group1,0
7.375,0,1,Group1,0
7.375,0,1,Group1,0
7.375,0,1,Group1,0
8.6,1,1,Group1,0
9.25,1,1,Group1,0
9.55,0,1,Group1,0
10.100000000000001,1,1,Group1,0
10.5,1,1,Group1,0
11.275,0,1,Group1,0
11.275,0,1,Group1,0
12.3,1,1,Group1,0
12.4,1,1,Group1,0
12.9,1,1,Group1,0
13.650000000000002,0,1,Group1,0
14.5,1,1,Group1,0
20.525,0,1,Group1,0
20.525,0,1,Group1,0
20.525,0,1,Group1,0
20.525,0,1,Group1,0
20.525,0,1,Group1,0
26.8,1,1,Group1,0
29.65,0,1,Group1,0
32.75,1,1,Group1,0
32.800000000000004,1,1,Group1,0
33.25,1,1,Group1,0
36.6,1,1,Group1,0
45.150000000000006,0,1,Group1,0
54.050000000000004,1,1,Group1,0
54.1,1,1,Group1,0
66.975,0,1,Group1,0
