time,status,treat,Group,curve
0.0390625,1,1,Group1,0
0.078125,1,1,Group1,0
0.1171875,1,1,Group1,0
0.1953125,1,1,Group1,0
0.29296875,0,1,Group1,0
0.390625,1,1,Group1,0
0.60546875,0,1,Group1,0
0.6640625,1,1,Group1,0
0.78125,1,1,Group1,0
0.8203125,1,1,Group1,0
0.91796875,0,1,Group1,0
0.9375,1,1,Group1,0
1.19140625,0,1,Group1,0
1.2109375,1,1,Group1,0
1.3671875,1,1,Group1,0
1.50390625,0,1,Group1,0
1.6015625,1,1,Group1,0
1.81640625,0,1,Group1,0
2.03125,1,1,Group1,0
2.0703125,0,1,Group1,0
2.34375,1,1,Group1,0
2.40234375,0,1,Group1,0
2.5,1,1,Group1,0
2.578125,1,1,Group1,0
2.6171875,1,1,Group1,0
2.6953125,1,1,Group1,0
2.71484375,0,1,Group1,0
2.8515625,1,1,Group1,0
3.02734375,0,1,Group1,0
3.0859375,1,1,Group1,0
3.28125,0,1,Group1,0
3.59375,1,1,Group1,0
3.61328125,0,1,Group1,0
3.828125,1,1,Group1,0
3.9453125,0,1,Group1,0
4.19921875,0,1,Group1,0
4.2578125,1,1,Group1,0
4.375,1,1,Group1,0
4.51171875,0,1,Group1,0
4.609375,1,1,Group1,0
4.7265625,1,1,Group1,0
4.82421875,0,1,Group1,0
4.84375,1,1,Group1,0
5.2734375,1,1,Group1,0
5.546875,1,1,Group1,0
5.859375,1,1,Group1,0
6.015625,1,1,Group1,0
6.1328125,1,1,Group1,0
6.25,1,1,Group1,0
6.5234375,1,1,Group1,0
6.640625,1,1,Group1,0
6.71875,1,1,Group1,0
6.77734375,0,1,Group1,0
6.9921875,1,1,Group1,0
7.421875,1,1,Group1,0
7.5,1,1,Group1,0
7.734375,1,1,Group1,0
8.125,1,1,Group1,0
8.4375,1,1,Group1,0
8.515625,0,1,Group1,0
8.7109375,1,1,Group1,0
8.984375,1,1,Group1,0
9.140625,1,1,Group1,0
9.7265625,1,1,Group1,0
10.2734375,1,1,Group1,0
10.625,1,1,Group1,0
10.9765625,0,1,Group1,0
11.1328125,1,1,Group1,0
11.50390625,0,1,Group1,0
12.421875,1,1,Group1,0
12.55859375,0,1,Group1,0
12.8125,1,1,Group1,0
13.37890625,0,1,Group1,0
13.515625,1,1,Group1,0
13.828125,1,1,Group1,0
14.0625,0,1,Group1,0
14.4921875,1,1,Group1,0
15.0,1,1,Group1,0
15.15625,1,1,Group1,0
15.7421875,1,1,Group1,0
16.26953125,0,1,Group1,0
16.5234375,1,1,Group1,0
17.265625,1,1,Group1,0
17.59765625,0,1,Group1,0
17.96875,1,1,Group1,0
18.53515625,0,1,Group1,0
19.8828125,1,1,Group1,0
21.2890625,1,1,Group1,0
22.1875,1,1,Group1,0
22.6953125,0,1,Group1,0
23.671875,1,1,Group1,0
24.609375,1,1,Group1,0
25.1171875,1,1,Group1,0
27.5,1,1,Group1,0
28.18359375,0,1,Group1,0
28.671875,1,1,Group1,0
32.9296875,1,1,Group1,0
38.8671875,1,1,Group1,0
