time,status,treat,Group,curve
3.4285714285714284,1,1,Group1,0
3.5510204081632653,0,1,Group1,0
3.9183673469387754,1,1,Group1,0
3.9183673469387754,1,1,Group1,0
5.142857142857142,1,1,Group1,0
6.36734693877551,1,1,Group1,0
6.979591836734693,0,1,Group1,0
7.346938775510204,1,1,Group1,0
10.408163265306122,0,1,Group1,0
10.53061224489796,1,1,Group1,0
12.979591836734693,1,1,Group1,0
16.285714285714285,0,1,Group1,0
16.285714285714285,0,1,Group1,0
20.57142857142857,1,1,Group1,0
20.693877551020407,0,1,Group1,0
22.285714285714285,1,1,Group1,0
24.122448979591837,0,1,Group1,0
27.551020408163264,0,1,Group1,0
27.6734693877551,1,1,Group1,0
29.632653061224488,1,1,Group1,0
30.244897959183675,0,1,Group1,0
31.346938775510203,1,1,Group1,0
34.285714285714285,0,1,Group1,0
35.265306122448976,1,1,Group1,0
35.51020408163265,1,1,Group1,0
40.16326530612245,0,1,Group1,0
40.16326530612245,0,1,Group1,0
45.06122448979592,1,1,Group1,0
47.51020408163265,1,1,Group1,0
47.755102040816325,1,1,Group1,0
58.53061224489796,1,1,Group1,0
58.897959183673464,0,1,Group1,0
59.51020408163265,1,1,Group1,0
74.20408163265306,1,1,Group1,0
75.42857142857143,1,1,Group1,0
75.6734693877551,1,1,Group1,0
76.89795918367346,1,1,Group1,0
76.89795918367346,1,1,Group1,0
93.55102040816327,1,1,Group1,0
95.51020408163265,1,1,Group1,0
126.36734693877551,1,1,Group1,0
138.12244897959184,1,1,Group1,0
164.57142857142856,0,1,Group1,0
164.57142857142856,0,1,Group1,0
192.24489795918367,1,1,Group1,0
194.93877551020407,1,1,Group1,0
329.87755102040813,1,1,Group1,0
