time,status,treat,Group,curve
1.821917808219178,0,1,Group1,0
1.821917808219178,0,1,Group1,0
4.034246575342466,1,1,Group1,0
9.89041095890411,0,1,Group1,0
9.89041095890411,0,1,Group1,0
9.89041095890411,0,1,Group1,0
9.89041095890411,0,1,Group1,0
9.89041095890411,0,1,Group1,0
9.89041095890411,0,1,Group1,0
9.89041095890411,0,1,Group1,0
9.89041095890411,0,1,Group1,0
16.397260273972602,1,1,Group1,0
20.431506849315067,0,1,Group1,0
20.431506849315067,0,1,Group1,0
20.431506849315067,0,1,Group1,0
20.431506849315067,0,1,Group1,0
20.431506849315067,0,1,Group1,0
24.85616438356164,1,1,Group1,0
26.80821917808219,1,1,Group1,0
27.32876712328767,1,1,Group1,0
28.239726027397257,1,1,Group1,0
28.955479452054796,0,1,Group1,0
30.191780821917806,1,1,Group1,0
33.25,0,1,Group1,0
36.95890410958904,1,1,Group1,0
44.70205479452055,0,1,Group1,0
44.70205479452055,0,1,Group1,0
44.70205479452055,0,1,Group1,0
53.0958904109589,1,1,Group1,0
55.958904109589035,1,1,Group1,0
56.08904109589041,1,1,Group1,0
58.62671232876712,0,1,Group1,0
72.61643835616438,1,1,Group1,0
73.13698630136986,1,1,Group1,0
118.42465753424656,0,1,Group1,0
164.36301369863014,1,1,Group1,0
176.53082191780823,0,1,Group1,0
