time,status,treat,Group,curve
2.2857142857142856,0,1,Group1,0
2.2857142857142856,0,1,Group1,0
2.2857142857142856,0,1,Group1,0
2.2857142857142856,0,1,Group1,0
4.857142857142857,1,1,Group1,0
7.071428571428571,0,1,Group1,0
7.071428571428571,0,1,Group1,0
7.071428571428571,0,1,Group1,0
7.071428571428571,0,1,Group1,0
9.357142857142858,0,1,Group1,0
9.714285714285714,1,1,Group1,0
10.857142857142858,0,1,Group1,0
10.857142857142858,0,1,Group1,0
12.0,1,1,Group1,0
12.142857142857142,1,1,Group1,0
19.07142857142857,0,1,Group1,0
19.07142857142857,0,1,Group1,0
19.07142857142857,0,1,Group1,0
19.07142857142857,0,1,Group1,0
19.07142857142857,0,1,Group1,0
19.07142857142857,0,1,Group1,0
19.07142857142857,0,1,Group1,0
19.07142857142857,0,1,Group1,0
19.07142857142857,0,1,Group1,0
19.07142857142857,0,1,Group1,0
19.07142857142857,0,1,Group1,0
19.07142857142857,0,1,Group1,0
19.07142857142857,0,1,Group1,0
26.142857142857142,1,1,Group1,0
28.285714285714285,1,1,Group1,0
29.928571428571427,0,1,Group1,0
31.857142857142854,0,1,Group1,0
32.285714285714285,1,1,Group1,0
35.857142857142854,0,1,Group1,0
35.857142857142854,0,1,Group1,0
40.14285714285714,1,1,Group1,0
43.57142857142857,0,1,Group1,0
43.57142857142857,0,1,Group1,0
47.57142857142857,1,1,Group1,0
51.71428571428571,1,1,Group1,0
55.21428571428571,0,1,Group1,0
59.42857142857142,1,1,Group1,0
61.57142857142857,1,1,Group1,0
81.92857142857142,0,1,Group1,0
81.92857142857142,0,1,Group1,0
81.92857142857142,0,1,Group1,0
81.92857142857142,0,1,Group1,0
81.92857142857142,0,1,Group1,0
102.57142857142857,1,1,Group1,0
103.0,1,1,Group1,0
110.28571428571428,1,1,Group1,0
149.78571428571428,0,1,Group1,0
149.78571428571428,0,1,Group1,0
189.85714285714283,0,1,Group1,0
