time,status,treat,Group,curve
0.3055555555555556,1,1,Group1,0
0.7256944444444445,0,1,Group1,0
0.7256944444444445,0,1,Group1,0
1.4131944444444446,0,1,Group1,0
2.4826388888888893,0,1,Group1,0
2.4826388888888893,0,1,Group1,0
2.4826388888888893,0,1,Group1,0
2.4826388888888893,0,1,Group1,0
4.8125,0,1,Group1,0
4.8125,0,1,Group1,0
4.8125,0,1,Group1,0
4.8125,0,1,Group1,0
4.8125,0,1,Group1,0
6.263888888888889,0,1,Group1,0
6.416666666666667,1,1,Group1,0
6.760416666666667,0,1,Group1,0
7.104166666666668,0,1,Group1,0
7.256944444444445,1,1,Group1,0
7.791666666666667,0,1,Group1,0
8.097222222222223,1,1,Group1,0
8.135416666666668,0,1,Group1,0
9.625,0,1,Group1,0
9.625,0,1,Group1,0
9.625,0,1,Group1,0
9.625,0,1,Group1,0
9.625,0,1,Group1,0
11.152777777777779,1,1,Group1,0
12.145833333333334,0,1,Group1,0
12.909722222222225,0,1,Group1,0
13.979166666666668,1,1,Group1,0
14.972222222222223,0,1,Group1,0
14.972222222222223,0,1,Group1,0
17.607638888888893,0,1,Group1,0
17.607638888888893,0,1,Group1,0
19.211805555555557,0,1,Group1,0
19.25,1,1,Group1,0
21.503472222222225,0,1,Group1,0
21.503472222222225,0,1,Group1,0
23.069444444444446,1,1,Group1,0
23.986111111111114,1,1,Group1,0
25.781250000000004,0,1,Group1,0
36.39930555555556,0,1,Group1,0
36.39930555555556,0,1,Group1,0
36.39930555555556,0,1,Group1,0
36.39930555555556,0,1,Group1,0
36.39930555555556,0,1,Group1,0
36.39930555555556,0,1,Group1,0
44.91666666666667,1,1,Group1,0
69.66666666666667,0,1,Group1,0
69.66666666666667,0,1,Group1,0
69.66666666666667,0,1,Group1,0
93.11805555555556,1,1,Group1,0
