time,status,treat,Group,curve
0.34507042253521125,1,1,Group1,0
0.4436619718309859,1,1,Group1,0
0.7394366197183098,1,1,Group1,0
0.8380281690140845,0,1,Group1,0
1.0352112676056338,1,1,Group1,0
1.084507042253521,1,1,Group1,0
1.3309859154929577,1,1,Group1,0
1.4295774647887323,1,1,Group1,0
1.725352112676056,0,1,Group1,0
2.02112676056338,1,1,Group1,0
2.119718309859155,1,1,Group1,0
2.119718309859155,1,1,Group1,0
2.464788732394366,1,1,Group1,0
2.612676056338028,1,1,Group1,0
2.637323943661972,0,1,Group1,0
3.3028169014084505,0,1,Group1,0
4.140845070422535,1,1,Group1,0
4.140845070422535,1,1,Group1,0
4.190140845070422,1,1,Group1,0
4.411971830985916,0,1,Group1,0
4.436619718309859,1,1,Group1,0
4.535211267605633,1,1,Group1,0
4.929577464788732,0,1,Group1,0
5.570422535211267,1,1,Group1,0
6.186619718309858,0,1,Group1,0
6.26056338028169,1,1,Group1,0
6.704225352112676,1,1,Group1,0
7.098591549295774,1,1,Group1,0
8.133802816901408,1,1,Group1,0
8.873239436619718,1,1,Group1,0
9.045774647887324,0,1,Group1,0
9.119718309859154,1,1,Group1,0
9.267605633802816,1,1,Group1,0
9.415492957746478,1,1,Group1,0
10.992957746478872,0,1,Group1,0
11.190140845070422,1,1,Group1,0
11.78169014084507,1,1,Group1,0
13.014084507042252,0,1,Group1,0
13.161971830985914,1,1,Group1,0
13.80281690140845,1,1,Group1,0
15.133802816901408,1,1,Group1,0
15.232394366197182,1,1,Group1,0
15.528169014084506,1,1,Group1,0
18.830985915492956,1,1,Group1,0
22.577464788732392,1,1,Group1,0
25.485915492957744,1,1,Group1,0
27.852112676056336,1,1,Group1,0
33.07746478873239,1,1,Group1,0
35.739436619718305,1,1,Group1,0
38.79577464788732,1,1,Group1,0
39.28873239436619,1,1,Group1,0
52.74647887323943,0,1,Group1,0
66.5,1,1,Group1,0
