time,status,treat,Group,curve
3.8243243243243246,0,1,Group1,0
3.8243243243243246,0,1,Group1,0
3.8243243243243246,0,1,Group1,0
3.8243243243243246,0,1,Group1,0
7.7027027027027035,1,1,Group1,0
11.445945945945947,0,1,Group1,0
15.18918918918919,1,1,Group1,0
18.04054054054054,0,1,Group1,0
18.04054054054054,0,1,Group1,0
18.04054054054054,0,1,Group1,0
18.04054054054054,0,1,Group1,0
18.04054054054054,0,1,Group1,0
18.04054054054054,0,1,Group1,0
18.04054054054054,0,1,Group1,0
21.0,1,1,Group1,0
21.932432432432435,0,1,Group1,0
21.932432432432435,0,1,Group1,0
22.891891891891895,0,1,Group1,0
22.945945945945947,1,1,Group1,0
23.391891891891895,0,1,Group1,0
23.83783783783784,1,1,Group1,0
24.391891891891895,0,1,Group1,0
25.027027027027028,1,1,Group1,0
25.351351351351354,1,1,Group1,0
27.432432432432435,1,1,Group1,0
27.83783783783784,1,1,Group1,0
29.689189189189193,0,1,Group1,0
31.621621621621625,1,1,Group1,0
31.72972972972973,1,1,Group1,0
32.37837837837838,1,1,Group1,0
32.62162162162162,1,1,Group1,0
32.810810810810814,1,1,Group1,0
33.5945945945946,0,1,Group1,0
34.45945945945946,1,1,Group1,0
34.932432432432435,0,1,Group1,0
35.432432432432435,1,1,Group1,0
35.94594594594595,1,1,Group1,0
36.0,1,1,Group1,0
36.054054054054056,0,1,Group1,0
36.054054054054056,0,1,Group1,0
36.054054054054056,0,1,Group1,0
36.054054054054056,0,1,Group1,0
36.054054054054056,0,1,Group1,0
36.054054054054056,0,1,Group1,0
36.054054054054056,0,1,Group1,0
36.054054054054056,0,1,Group1,0
36.054054054054056,0,1,Group1,0
36.054054054054056,0,1,Group1,0
36.054054054054056,0,1,Group1,0
36.054054054054056,0,1,Group1,0
36.054054054054056,0,1,Group1,0
36.054054054054056,0,1,Group1,0
36.054054054054056,0,1,Group1,0
36.054054054054056,0,1,Group1,0
36.054054054054056,0,1,Group1,0
36.054054054054056,0,1,Group1,0
36.054054054054056,0,1,Group1,0
36.054054054054056,0,1,Group1,0
36.054054054054056,0,1,Group1,0
36.054054054054056,0,1,Group1,0
36.054054054054056,0,1,Group1,0
36.054054054054056,0,1,Group1,0
36.054054054054056,0,1,Group1,0
