time,status,treat,Group,curve
1.2215189873417722,0,1,Group1,0
2.4683544303797467,1,1,Group1,0
3.5443037974683542,1,1,Group1,0
5.8354430379746836,1,1,Group1,0
5.987341772151899,0,1,Group1,0
5.987341772151899,0,1,Group1,0
5.987341772151899,0,1,Group1,0
5.987341772151899,0,1,Group1,0
6.151898734177215,1,1,Group1,0
6.291139240506329,1,1,Group1,0
6.379746835443038,1,1,Group1,0
6.5696202531645564,1,1,Group1,0
7.69620253164557,1,1,Group1,0
7.829113924050633,0,1,Group1,0
7.829113924050633,0,1,Group1,0
8.025316455696203,1,1,Group1,0
8.215189873417721,1,1,Group1,0
8.379746835443038,1,1,Group1,0
8.468354430379748,1,1,Group1,0
8.69620253164557,1,1,Group1,0
9.443037974683545,1,1,Group1,0
9.69620253164557,1,1,Group1,0
10.10126582278481,1,1,Group1,0
10.468354430379748,1,1,Group1,0
10.626582278481013,0,1,Group1,0
10.848101265822784,1,1,Group1,0
11.481012658227847,1,1,Group1,0
11.582278481012658,1,1,Group1,0
11.734177215189874,1,1,Group1,0
11.740506329113924,0,1,Group1,0
11.759493670886076,1,1,Group1,0
11.924050632911392,1,1,Group1,0
12.037974683544304,1,1,Group1,0
12.082278481012658,0,1,Group1,0
12.164556962025316,0,1,Group1,0
12.164556962025316,0,1,Group1,0
12.272151898734176,0,1,Group1,0
12.278481012658228,1,1,Group1,0
12.354430379746836,0,1,Group1,0
12.411392405063292,0,1,Group1,0
12.468354430379746,1,1,Group1,0
12.474683544303797,0,1,Group1,0
12.61392405063291,0,1,Group1,0
12.61392405063291,0,1,Group1,0
12.61392405063291,0,1,Group1,0
12.61392405063291,0,1,Group1,0
12.803797468354428,0,1,Group1,0
12.860759493670885,0,1,Group1,0
12.936708860759493,0,1,Group1,0
12.962025316455696,1,1,Group1,0
13.126582278481013,1,1,Group1,0
13.379746835443038,1,1,Group1,0
13.39240506329114,1,1,Group1,0
13.493670886075948,1,1,Group1,0
13.582278481012658,1,1,Group1,0
13.670886075949367,1,1,Group1,0
13.734177215189874,1,1,Group1,0
13.873417721518987,1,1,Group1,0
14.126582278481012,1,1,Group1,0
14.468354430379746,1,1,Group1,0
14.5,0,1,Group1,0
14.721518987341772,1,1,Group1,0
15.037974683544304,1,1,Group1,0
15.981012658227847,0,1,Group1,0
