time,status,treat,Group,curve
6.648648648648649,0,1,Group1,0
6.648648648648649,0,1,Group1,0
6.648648648648649,0,1,Group1,0
6.648648648648649,0,1,Group1,0
6.648648648648649,0,1,Group1,0
6.648648648648649,0,1,Group1,0
13.378378378378379,1,1,Group1,0
17.7972972972973,0,1,Group1,0
17.7972972972973,0,1,Group1,0
17.7972972972973,0,1,Group1,0
22.35135135135135,1,1,Group1,0
22.635135135135137,0,1,Group1,0
23.027027027027028,1,1,Group1,0
25.472972972972975,0,1,Group1,0
25.472972972972975,0,1,Group1,0
25.472972972972975,0,1,Group1,0
25.472972972972975,0,1,Group1,0
25.472972972972975,0,1,Group1,0
25.472972972972975,0,1,Group1,0
25.472972972972975,0,1,Group1,0
27.945945945945947,0,1,Group1,0
27.945945945945947,0,1,Group1,0
27.986486486486488,0,1,Group1,0
28.027027027027028,1,1,Group1,0
29.445945945945947,0,1,Group1,0
29.445945945945947,0,1,Group1,0
30.891891891891895,1,1,Group1,0
31.824324324324326,0,1,Group1,0
32.891891891891895,1,1,Group1,0
34.41891891891892,0,1,Group1,0
36.054054054054056,0,1,Group1,0
36.054054054054056,0,1,Group1,0
36.054054054054056,0,1,Group1,0
36.054054054054056,0,1,Group1,0
36.054054054054056,0,1,Group1,0
36.054054054054056,0,1,Group1,0
36.054054054054056,0,1,Group1,0
36.054054054054056,0,1,Group1,0
36.054054054054056,0,1,Group1,0
36.054054054054056,0,1,Group1,0
36.054054054054056,0,1,Group1,0
36.054054054054056,0,1,Group1,0
36.054054054054056,0,1,Group1,0
