time,status,treat,Group,curve
0.10810810810810811,1,1,Group1,0
0.16216216216216217,1,1,Group1,0
0.36936936936936937,1,1,Group1,0
0.7432432432432432,0,1,Group1,0
1.1441441441441442,1,1,Group1,0
1.4144144144144144,1,1,Group1,0
2.9279279279279278,1,1,Group1,0
3.3963963963963963,0,1,Group1,0
3.900900900900901,1,1,Group1,0
3.9369369369369367,1,1,Group1,0
4.18018018018018,1,1,Group1,0
4.252252252252252,1,1,Group1,0
4.36936936936937,1,1,Group1,0
4.63063063063063,1,1,Group1,0
4.702702702702703,1,1,Group1,0
4.801801801801802,1,1,Group1,0
4.900900900900901,1,1,Group1,0
5.09009009009009,1,1,Group1,0
5.117117117117117,1,1,Group1,0
5.666666666666667,1,1,Group1,0
5.7207207207207205,1,1,Group1,0
6.117117117117117,1,1,Group1,0
6.2342342342342345,1,1,Group1,0
6.252252252252252,1,1,Group1,0
6.4324324324324325,1,1,Group1,0
6.4774774774774775,1,1,Group1,0
6.495495495495495,1,1,Group1,0
6.513513513513513,1,1,Group1,0
6.545045045045045,0,1,Group1,0
6.54954954954955,1,1,Group1,0
6.54954954954955,1,1,Group1,0
6.648648648648648,1,1,Group1,0
6.666666666666667,1,1,Group1,0
6.72972972972973,1,1,Group1,0
6.756756756756757,1,1,Group1,0
6.774774774774775,1,1,Group1,0
6.774774774774775,1,1,Group1,0
6.783783783783783,1,1,Group1,0
6.801801801801802,1,1,Group1,0
6.900900900900901,1,1,Group1,0
7.009009009009009,1,1,Group1,0
7.099099099099099,1,1,Group1,0
7.153153153153153,1,1,Group1,0
7.162162162162162,1,1,Group1,0
7.27027027027027,1,1,Group1,0
7.333333333333333,1,1,Group1,0
7.441441441441442,1,1,Group1,0
7.495495495495495,1,1,Group1,0
7.585585585585585,1,1,Group1,0
7.7207207207207205,1,1,Group1,0
11.36036036036036,1,1,Group1,0
11.36936936936937,1,1,Group1,0
