time,status,treat,Group,curve
0.9417475728155339,1,1,Group1,0
1.5970873786407767,0,1,Group1,0
2.2427184466019416,1,1,Group1,0
2.349514563106796,1,1,Group1,0
2.699029126213592,1,1,Group1,0
2.8543689320388346,1,1,Group1,0
3.203883495145631,1,1,Group1,0
3.9223300970873782,1,1,Group1,0
4.048543689320388,1,1,Group1,0
4.427184466019417,1,1,Group1,0
4.601941747572815,1,1,Group1,0
4.640776699029126,1,1,Group1,0
4.6456310679611645,0,1,Group1,0
4.864077669902912,1,1,Group1,0
4.922330097087378,1,1,Group1,0
5.310679611650485,1,1,Group1,0
5.427184466019417,1,1,Group1,0
5.485436893203883,1,1,Group1,0
5.621359223300971,1,1,Group1,0
5.776699029126213,1,1,Group1,0
5.834951456310679,1,1,Group1,0
6.3203883495145625,1,1,Group1,0
6.349514563106796,1,1,Group1,0
6.708737864077669,1,1,Group1,0
6.9611650485436884,1,1,Group1,0
7.019417475728154,1,1,Group1,0
7.359223300970873,1,1,Group1,0
7.427184466019416,1,1,Group1,0
7.4368932038834945,1,1,Group1,0
7.446601941747572,1,1,Group1,0
7.45631067961165,1,1,Group1,0
7.475728155339805,1,1,Group1,0
7.572815533980582,1,1,Group1,0
7.650485436893203,1,1,Group1,0
7.650485436893203,1,1,Group1,0
7.6699029126213585,1,1,Group1,0
7.689320388349514,1,1,Group1,0
7.737864077669903,1,1,Group1,0
7.805825242718446,1,1,Group1,0
7.805825242718446,1,1,Group1,0
7.8446601941747565,1,1,Group1,0
7.864077669902912,1,1,Group1,0
7.864077669902912,1,1,Group1,0
7.864077669902912,1,1,Group1,0
7.893203883495145,1,1,Group1,0
7.932038834951456,1,1,Group1,0
8.03883495145631,1,1,Group1,0
8.174757281553397,1,1,Group1,0
8.291262135922329,1,1,Group1,0
8.504854368932039,1,1,Group1,0
8.524271844660193,1,1,Group1,0
8.53398058252427,1,1,Group1,0
8.58252427184466,1,1,Group1,0
8.669902912621358,1,1,Group1,0
9.097087378640776,1,1,Group1,0
12.563106796116504,1,1,Group1,0
12.563106796116504,1,1,Group1,0
12.563106796116504,1,1,Group1,0
