time,status,treat,Group,curve
0.21621621621621623,1,1,Group1,0
2.7027027027027026,1,1,Group1,0
3.4594594594594597,1,1,Group1,0
8.567567567567568,1,1,Group1,0
9.243243243243244,1,1,Group1,0
10.256756756756758,0,1,Group1,0
10.27027027027027,1,1,Group1,0
11.594594594594595,1,1,Group1,0
12.27027027027027,1,1,Group1,0
16.594594594594597,1,1,Group1,0
22.621621621621625,1,1,Group1,0
25.054054054054056,1,1,Group1,0
26.162162162162165,1,1,Group1,0
26.54054054054054,1,1,Group1,0
26.594594594594597,1,1,Group1,0
28.351351351351354,1,1,Group1,0
29.081081081081084,1,1,Group1,0
30.702702702702705,1,1,Group1,0
30.891891891891895,1,1,Group1,0
31.18918918918919,1,1,Group1,0
33.891891891891895,1,1,Group1,0
34.18918918918919,1,1,Group1,0
34.67567567567568,1,1,Group1,0
35.513513513513516,1,1,Group1,0
35.56756756756757,1,1,Group1,0
35.972972972972975,1,1,Group1,0
36.054054054054056,0,1,Group1,0
36.054054054054056,0,1,Group1,0
36.054054054054056,0,1,Group1,0
36.054054054054056,0,1,Group1,0
36.054054054054056,0,1,Group1,0
36.054054054054056,0,1,Group1,0
36.054054054054056,0,1,Group1,0
36.054054054054056,0,1,Group1,0
36.054054054054056,0,1,Group1,0
36.054054054054056,0,1,Group1,0
36.054054054054056,0,1,Group1,0
36.054054054054056,0,1,Group1,0
36.054054054054056,0,1,Group1,0
36.054054054054056,0,1,Group1,0
36.054054054054056,0,1,Group1,0
36.054054054054056,0,1,Group1,0
36.054054054054056,0,1,Group1,0
36.054054054054056,0,1,Group1,0
36.054054054054056,0,1,Group1,0
36.054054054054056,0,1,Group1,0
36.054054054054056,0,1,Group1,0
36.054054054054056,0,1,Group1,0
36.054054054054056,0,1,Group1,0
36.054054054054056,0,1,Group1,0
36.054054054054056,0,1,Group1,0
