time,status,treat,Group,curve
1.0970149253731343,1,1,Group1,0
1.626865671641791,0,1,Group1,0
2.1641791044776117,1,1,Group1,0
2.9850746268656714,1,1,Group1,0
3.2686567164179103,1,1,Group1,0
3.298507462686567,1,1,Group1,0
3.3134328358208953,1,1,Group1,0
3.3955223880597014,1,1,Group1,0
3.559701492537313,1,1,Group1,0
3.58955223880597,1,1,Group1,0
3.6119402985074625,1,1,Group1,0
3.8694029850746268,0,1,Group1,0
3.9104477611940296,1,1,Group1,0
3.970149253731343,1,1,Group1,0
4.507462686567164,1,1,Group1,0
4.522388059701492,1,1,Group1,0
4.619402985074627,1,1,Group1,0
4.641791044776119,1,1,Group1,0
4.671641791044776,1,1,Group1,0
4.701492537313433,1,1,Group1,0
4.902985074626866,1,1,Group1,0
4.91044776119403,1,1,Group1,0
5.044776119402985,1,1,Group1,0
5.119402985074627,1,1,Group1,0
5.126865671641791,1,1,Group1,0
5.201492537313433,1,1,Group1,0
5.2164179104477615,1,1,Group1,0
5.231343283582089,1,1,Group1,0
5.2388059701492535,1,1,Group1,0
5.246268656716418,1,1,Group1,0
5.3059701492537314,1,1,Group1,0
5.358208955223881,1,1,Group1,0
5.402985074626866,1,1,Group1,0
5.417910447761194,1,1,Group1,0
5.447761194029851,1,1,Group1,0
5.485074626865671,1,1,Group1,0
5.492537313432836,1,1,Group1,0
5.529850746268656,1,1,Group1,0
5.567164179104478,1,1,Group1,0
5.582089552238806,1,1,Group1,0
5.611940298507463,1,1,Group1,0
5.634328358208955,1,1,Group1,0
5.6940298507462686,1,1,Group1,0
5.7611940298507465,1,1,Group1,0
5.798507462686567,1,1,Group1,0
5.835820895522388,1,1,Group1,0
5.888059701492537,1,1,Group1,0
6.059701492537314,1,1,Group1,0
6.111940298507463,1,1,Group1,0
6.208955223880597,1,1,Group1,0
6.26865671641791,1,1,Group1,0
6.358208955223881,1,1,Group1,0
6.3731343283582085,1,1,Group1,0
6.440298507462686,1,1,Group1,0
6.470149253731343,1,1,Group1,0
6.477611940298507,1,1,Group1,0
6.649253731343284,1,1,Group1,0
6.686567164179104,1,1,Group1,0
6.7835820895522385,1,1,Group1,0
6.925373134328358,1,1,Group1,0
9.238805970149254,1,1,Group1,0
