time,status,treat,Group,curve
0.41891891891891897,0,1,Group1,0
0.41891891891891897,0,1,Group1,0
0.8648648648648649,1,1,Group1,0
1.7972972972972974,0,1,Group1,0
1.7972972972972974,0,1,Group1,0
1.7972972972972974,0,1,Group1,0
1.7972972972972974,0,1,Group1,0
1.7972972972972974,0,1,Group1,0
1.7972972972972974,0,1,Group1,0
2.72972972972973,1,1,Group1,0
3.7905405405405403,0,1,Group1,0
3.7905405405405403,0,1,Group1,0
3.7905405405405403,0,1,Group1,0
3.7905405405405403,0,1,Group1,0
3.7905405405405403,0,1,Group1,0
3.7905405405405403,0,1,Group1,0
3.7905405405405403,0,1,Group1,0
3.7905405405405403,0,1,Group1,0
4.891891891891892,1,1,Group1,0
5.5608108108108105,0,1,Group1,0
5.5608108108108105,0,1,Group1,0
5.5608108108108105,0,1,Group1,0
5.5608108108108105,0,1,Group1,0
5.5608108108108105,0,1,Group1,0
5.5608108108108105,0,1,Group1,0
5.5608108108108105,0,1,Group1,0
5.5608108108108105,0,1,Group1,0
6.283783783783784,1,1,Group1,0
6.925675675675676,0,1,Group1,0
6.925675675675676,0,1,Group1,0
6.925675675675676,0,1,Group1,0
6.925675675675676,0,1,Group1,0
6.925675675675676,0,1,Group1,0
6.925675675675676,0,1,Group1,0
6.925675675675676,0,1,Group1,0
7.635135135135136,1,1,Group1,0
7.641891891891893,0,1,Group1,0
7.824324324324325,0,1,Group1,0
8.04054054054054,1,1,Group1,0
8.432432432432433,1,1,Group1,0
8.513513513513514,0,1,Group1,0
8.662162162162163,1,1,Group1,0
8.932432432432433,0,1,Group1,0
9.297297297297298,1,1,Group1,0
9.297297297297298,1,1,Group1,0
9.31081081081081,1,1,Group1,0
9.45945945945946,1,1,Group1,0
9.486486486486488,1,1,Group1,0
9.75,0,1,Group1,0
10.081081081081082,1,1,Group1,0
10.945945945945947,1,1,Group1,0
11.054054054054054,1,1,Group1,0
11.243243243243244,1,1,Group1,0
11.283783783783784,1,1,Group1,0
12.081081081081082,1,1,Group1,0
12.472972972972974,1,1,Group1,0
17.074324324324323,0,1,Group1,0
