time,status,treat,Group,curve
1.1081081081081081,0,1,Group1,0
2.27027027027027,1,1,Group1,0
2.2837837837837838,0,1,Group1,0
3.0810810810810816,0,1,Group1,0
3.891891891891892,1,1,Group1,0
4.648648648648649,1,1,Group1,0
6.391891891891893,0,1,Group1,0
6.391891891891893,0,1,Group1,0
8.243243243243244,1,1,Group1,0
15.162162162162163,1,1,Group1,0
17.243243243243242,0,1,Group1,0
17.243243243243242,0,1,Group1,0
17.243243243243242,0,1,Group1,0
17.243243243243242,0,1,Group1,0
19.405405405405407,1,1,Group1,0
19.513513513513516,0,1,Group1,0
19.702702702702705,1,1,Group1,0
20.243243243243242,0,1,Group1,0
20.243243243243242,0,1,Group1,0
20.243243243243242,0,1,Group1,0
20.243243243243242,0,1,Group1,0
20.81081081081081,1,1,Group1,0
22.37837837837838,1,1,Group1,0
22.56756756756757,0,1,Group1,0
22.83783783783784,1,1,Group1,0
23.405405405405407,1,1,Group1,0
24.324324324324326,1,1,Group1,0
25.162162162162165,1,1,Group1,0
25.472972972972975,0,1,Group1,0
25.864864864864867,1,1,Group1,0
26.54054054054054,1,1,Group1,0
27.5,0,1,Group1,0
28.54054054054054,1,1,Group1,0
28.675675675675677,1,1,Group1,0
28.72972972972973,1,1,Group1,0
28.891891891891895,1,1,Group1,0
29.027027027027028,1,1,Group1,0
29.10810810810811,1,1,Group1,0
29.162162162162165,1,1,Group1,0
29.324324324324326,1,1,Group1,0
29.405405405405407,1,1,Group1,0
29.594594594594597,1,1,Group1,0
29.72972972972973,1,1,Group1,0
29.756756756756758,1,1,Group1,0
29.91891891891892,1,1,Group1,0
30.081081081081084,1,1,Group1,0
30.162162162162165,1,1,Group1,0
30.162162162162165,1,1,Group1,0
30.41891891891892,0,1,Group1,0
30.810810810810814,1,1,Group1,0
30.945945945945947,1,1,Group1,0
31.72972972972973,1,1,Group1,0
31.972972972972975,1,1,Group1,0
32.270270270270274,1,1,Group1,0
32.56756756756757,1,1,Group1,0
33.24324324324324,1,1,Group1,0
34.0,1,1,Group1,0
36.054054054054056,0,1,Group1,0
36.054054054054056,0,1,Group1,0
