time,status,treat,Group,curve
1.1145833333333333,0,1,Group1,0
1.1145833333333333,0,1,Group1,0
1.1145833333333333,0,1,Group1,0
1.1145833333333333,0,1,Group1,0
1.1145833333333333,0,1,Group1,0
1.1145833333333333,0,1,Group1,0
1.1145833333333333,0,1,Group1,0
1.1145833333333333,0,1,Group1,0
1.1145833333333333,0,1,Group1,0
1.1145833333333333,0,1,Group1,0
1.1145833333333333,0,1,Group1,0
1.1145833333333333,0,1,Group1,0
1.1145833333333333,0,1,Group1,0
1.1145833333333333,0,1,Group1,0
2.2447916666666665,1,1,Group1,0
2.3697916666666665,1,1,Group1,0
3.138020833333333,0,1,Group1,0
3.138020833333333,0,1,Group1,0
3.138020833333333,0,1,Group1,0
3.138020833333333,0,1,Group1,0
3.138020833333333,0,1,Group1,0
3.138020833333333,0,1,Group1,0
3.138020833333333,0,1,Group1,0
3.138020833333333,0,1,Group1,0
3.138020833333333,0,1,Group1,0
3.138020833333333,0,1,Group1,0
3.9322916666666665,1,1,Group1,0
3.9322916666666665,1,1,Group1,0
4.231770833333333,0,1,Group1,0
4.231770833333333,0,1,Group1,0
4.231770833333333,0,1,Group1,0
4.231770833333333,0,1,Group1,0
4.231770833333333,0,1,Group1,0
4.231770833333333,0,1,Group1,0
4.557291666666666,1,1,Group1,0
4.625,1,1,Group1,0
4.635416666666666,1,1,Group1,0
4.708333333333333,0,1,Group1,0
4.796875,1,1,Group1,0
4.807291666666666,1,1,Group1,0
5.0859375,0,1,Group1,0
5.0859375,0,1,Group1,0
5.380208333333333,1,1,Group1,0
5.411458333333333,1,1,Group1,0
5.479166666666666,1,1,Group1,0
5.557291666666666,1,1,Group1,0
5.682291666666666,0,1,Group1,0
5.833333333333333,1,1,Group1,0
5.833333333333333,1,1,Group1,0
6.208333333333333,0,1,Group1,0
