time,status,treat,Group,curve
0.16455696202531644,1,1,Group1,0
0.22784810126582278,1,1,Group1,0
0.5189873417721519,1,1,Group1,0
1.620253164556962,1,1,Group1,0
1.7911392405063291,0,1,Group1,0
2.0126582278481013,1,1,Group1,0
2.7341772151898733,1,1,Group1,0
4.151898734177215,1,1,Group1,0
4.80379746835443,0,1,Group1,0
4.80379746835443,0,1,Group1,0
4.80379746835443,0,1,Group1,0
5.481012658227848,1,1,Group1,0
5.481012658227848,1,1,Group1,0
5.531645569620253,1,1,Group1,0
5.6075949367088604,1,1,Group1,0
5.7594936708860756,0,1,Group1,0
5.7594936708860756,0,1,Group1,0
5.974683544303797,1,1,Group1,0
6.177215189873418,1,1,Group1,0
6.291139240506329,1,1,Group1,0
6.556962025316456,1,1,Group1,0
6.658227848101266,1,1,Group1,0
6.810126582278481,1,1,Group1,0
7.1645569620253164,1,1,Group1,0
7.240506329113924,1,1,Group1,0
7.3544303797468356,0,1,Group1,0
7.506329113924051,1,1,Group1,0
7.746835443037975,0,1,Group1,0
8.025316455696203,1,1,Group1,0
8.082278481012658,0,1,Group1,0
8.08860759493671,1,1,Group1,0
8.145569620253164,0,1,Group1,0
8.164556962025316,1,1,Group1,0
8.22151898734177,0,1,Group1,0
8.40506329113924,0,1,Group1,0
8.40506329113924,0,1,Group1,0
8.40506329113924,0,1,Group1,0
8.40506329113924,0,1,Group1,0
8.40506329113924,0,1,Group1,0
8.60759493670886,0,1,Group1,0
8.658227848101266,1,1,Group1,0
8.721518987341772,0,1,Group1,0
8.721518987341772,0,1,Group1,0
8.829113924050631,0,1,Group1,0
8.835443037974683,1,1,Group1,0
8.943037974683545,0,1,Group1,0
8.943037974683545,0,1,Group1,0
9.177215189873417,1,1,Group1,0
9.215189873417721,1,1,Group1,0
9.234177215189874,0,1,Group1,0
9.39240506329114,1,1,Group1,0
9.436708860759495,0,1,Group1,0
9.518987341772151,1,1,Group1,0
9.594936708860759,1,1,Group1,0
9.60759493670886,1,1,Group1,0
9.626582278481013,0,1,Group1,0
9.80379746835443,0,1,Group1,0
9.936708860759493,1,1,Group1,0
10.227848101265822,1,1,Group1,0
10.544303797468354,1,1,Group1,0
12.974683544303797,1,1,Group1,0
14.5,0,1,Group1,0
