time,status,treat,Group,curve
0.25619834710743805,1,1,Group1,0
1.4049586776859504,1,1,Group1,0
1.512396694214876,1,1,Group1,0
2.3057851239669422,0,1,Group1,0
3.1404958677685952,1,1,Group1,0
3.1487603305785123,1,1,Group1,0
4.8429752066115705,1,1,Group1,0
4.950413223140496,1,1,Group1,0
5.148760330578512,1,1,Group1,0
5.1735537190082646,1,1,Group1,0
5.454545454545455,1,1,Group1,0
5.991735537190083,1,1,Group1,0
6.115702479338843,1,1,Group1,0
6.12396694214876,1,1,Group1,0
6.1900826446281,1,1,Group1,0
6.198347107438017,1,1,Group1,0
6.421487603305786,1,1,Group1,0
6.545454545454546,1,1,Group1,0
6.62809917355372,1,1,Group1,0
6.636363636363637,1,1,Group1,0
8.264462809917356,1,1,Group1,0
10.239669421487603,1,1,Group1,0
