time,status,treat,Group,curve
0.1694915254237288,1,1,Group1,0
1.0338983050847457,1,1,Group1,0
1.7796610169491525,1,1,Group1,0
2.1186440677966103,1,1,Group1,0
2.593220338983051,1,1,Group1,0
4.703389830508474,0,1,Group1,0
6.898305084745763,1,1,Group1,0
7.271186440677966,1,1,Group1,0
7.966101694915254,1,1,Group1,0
9.457627118644067,1,1,Group1,0
9.983050847457626,1,1,Group1,0
10.169491525423728,1,1,Group1,0
10.372881355932204,1,1,Group1,0
11.05084745762712,1,1,Group1,0
11.338983050847457,1,1,Group1,0
11.389830508474576,1,1,Group1,0
11.76271186440678,1,1,Group1,0
12.474576271186441,1,1,Group1,0
12.966101694915254,1,1,Group1,0
13.033898305084746,1,1,Group1,0
13.033898305084746,1,1,Group1,0
13.101694915254237,1,1,Group1,0
13.220338983050848,1,1,Group1,0
13.254237288135593,1,1,Group1,0
13.322033898305085,1,1,Group1,0
13.338983050847457,1,1,Group1,0
13.35593220338983,1,1,Group1,0
13.440677966101696,1,1,Group1,0
13.491525423728813,1,1,Group1,0
13.64406779661017,1,1,Group1,0
13.677966101694915,1,1,Group1,0
13.677966101694915,1,1,Group1,0
14.135593220338983,1,1,Group1,0
14.152542372881356,1,1,Group1,0
14.474576271186441,1,1,Group1,0
14.525423728813559,1,1,Group1,0
14.796610169491526,1,1,Group1,0
15.084745762711865,1,1,Group1,0
15.423728813559322,1,1,Group1,0
15.440677966101696,1,1,Group1,0
21.949152542372882,1,1,Group1,0
22.25423728813559,1,1,Group1,0
