time,status,treat,Group,curve
0.5730337078651686,0,1,Group1,0
0.5730337078651686,0,1,Group1,0
0.5730337078651686,0,1,Group1,0
1.1797752808988764,1,1,Group1,0
1.4101123595505618,0,1,Group1,0
1.4101123595505618,0,1,Group1,0
1.696629213483146,1,1,Group1,0
3.438202247191011,0,1,Group1,0
3.438202247191011,0,1,Group1,0
3.438202247191011,0,1,Group1,0
3.438202247191011,0,1,Group1,0
3.438202247191011,0,1,Group1,0
3.438202247191011,0,1,Group1,0
3.438202247191011,0,1,Group1,0
3.438202247191011,0,1,Group1,0
3.438202247191011,0,1,Group1,0
3.438202247191011,0,1,Group1,0
3.438202247191011,0,1,Group1,0
3.438202247191011,0,1,Group1,0
3.438202247191011,0,1,Group1,0
5.258426966292134,1,1,Group1,0
5.443820224719101,0,1,Group1,0
5.6966292134831455,1,1,Group1,0
6.0,0,1,Group1,0
6.0,0,1,Group1,0
6.314606741573034,1,1,Group1,0
6.539325842696629,0,1,Group1,0
6.820224719101123,1,1,Group1,0
6.915730337078651,0,1,Group1,0
6.921348314606742,1,1,Group1,0
7.533707865168539,0,1,Group1,0
7.533707865168539,0,1,Group1,0
7.533707865168539,0,1,Group1,0
8.202247191011235,1,1,Group1,0
8.460674157303371,1,1,Group1,0
8.674157303370785,1,1,Group1,0
8.674157303370785,1,1,Group1,0
8.831460674157302,1,1,Group1,0
8.842696629213483,1,1,Group1,0
8.853932584269662,1,1,Group1,0
8.9438202247191,1,1,Group1,0
8.98876404494382,1,1,Group1,0
9.02247191011236,1,1,Group1,0
9.359550561797752,1,1,Group1,0
9.359550561797752,1,1,Group1,0
9.730337078651685,1,1,Group1,0
9.797752808988763,1,1,Group1,0
10.685393258426966,1,1,Group1,0
11.134831460674157,1,1,Group1,0
14.685393258426966,1,1,Group1,0
