time,status,treat,Group,curve
0.5126582278481012,0,1,Group1,0
0.5126582278481012,0,1,Group1,0
1.0506329113924051,1,1,Group1,0
1.8037974683544302,0,1,Group1,0
2.620253164556962,1,1,Group1,0
2.848101265822785,0,1,Group1,0
2.848101265822785,0,1,Group1,0
3.1392405063291138,1,1,Group1,0
3.5443037974683542,1,1,Group1,0
3.7468354430379747,1,1,Group1,0
5.841772151898734,0,1,Group1,0
5.841772151898734,0,1,Group1,0
5.841772151898734,0,1,Group1,0
8.0,1,1,Group1,0
8.645569620253164,1,1,Group1,0
8.873417721518987,1,1,Group1,0
9.620253164556962,0,1,Group1,0
10.430379746835444,1,1,Group1,0
10.582278481012658,1,1,Group1,0
10.848101265822784,1,1,Group1,0
11.455696202531646,1,1,Group1,0
11.708860759493671,1,1,Group1,0
11.924050632911392,1,1,Group1,0
12.20253164556962,1,1,Group1,0
12.278481012658228,1,1,Group1,0
12.291139240506329,1,1,Group1,0
12.848101265822784,1,1,Group1,0
13.316455696202532,1,1,Group1,0
13.39240506329114,1,1,Group1,0
13.556962025316455,1,1,Group1,0
13.569620253164556,1,1,Group1,0
15.126582278481012,1,1,Group1,0
16.265822784810126,0,1,Group1,0
