time,status,treat,Group,curve
0.945945945945946,0,1,Group1,0
0.945945945945946,0,1,Group1,0
1.945945945945946,1,1,Group1,0
11.945945945945946,0,1,Group1,0
11.945945945945946,0,1,Group1,0
11.945945945945946,0,1,Group1,0
11.945945945945946,0,1,Group1,0
11.945945945945946,0,1,Group1,0
11.945945945945946,0,1,Group1,0
11.945945945945946,0,1,Group1,0
11.945945945945946,0,1,Group1,0
11.945945945945946,0,1,Group1,0
11.945945945945946,0,1,Group1,0
11.945945945945946,0,1,Group1,0
11.945945945945946,0,1,Group1,0
11.945945945945946,0,1,Group1,0
11.945945945945946,0,1,Group1,0
11.945945945945946,0,1,Group1,0
11.945945945945946,0,1,Group1,0
11.945945945945946,0,1,Group1,0
11.945945945945946,0,1,Group1,0
11.945945945945946,0,1,Group1,0
11.945945945945946,0,1,Group1,0
11.945945945945946,0,1,Group1,0
11.945945945945946,0,1,Group1,0
11.945945945945946,0,1,Group1,0
11.945945945945946,0,1,Group1,0
11.945945945945946,0,1,Group1,0
22.054054054054056,1,1,Group1,0
22.445945945945947,0,1,Group1,0
22.972972972972975,1,1,Group1,0
23.756756756756758,0,1,Group1,0
24.702702702702705,1,1,Group1,0
27.310810810810814,0,1,Group1,0
27.310810810810814,0,1,Group1,0
27.310810810810814,0,1,Group1,0
27.310810810810814,0,1,Group1,0
27.310810810810814,0,1,Group1,0
30.054054054054056,1,1,Group1,0
31.364864864864867,0,1,Group1,0
31.364864864864867,0,1,Group1,0
31.364864864864867,0,1,Group1,0
32.810810810810814,1,1,Group1,0
33.810810810810814,1,1,Group1,0
34.24324324324324,1,1,Group1,0
34.37837837837838,1,1,Group1,0
34.37837837837838,1,1,Group1,0
34.40540540540541,1,1,Group1,0
35.48648648648649,1,1,Group1,0
35.75675675675676,1,1,Group1,0
36.054054054054056,0,1,Group1,0
36.054054054054056,0,1,Group1,0
