time,status,treat,Group,curve
0.0945945945945946,1,1,Group1,0
1.9864864864864866,1,1,Group1,0
3.8513513513513518,0,1,Group1,0
5.77027027027027,1,1,Group1,0
5.972972972972974,1,1,Group1,0
6.783783783783784,1,1,Group1,0
7.398648648648649,0,1,Group1,0
8.04054054054054,1,1,Group1,0
8.797297297297298,1,1,Group1,0
8.986486486486488,1,1,Group1,0
9.283783783783784,1,1,Group1,0
10.094594594594595,1,1,Group1,0
10.256756756756758,1,1,Group1,0
10.364864864864865,1,1,Group1,0
10.364864864864865,1,1,Group1,0
10.64864864864865,1,1,Group1,0
11.14864864864865,0,1,Group1,0
11.702702702702704,1,1,Group1,0
11.891891891891893,1,1,Group1,0
12.297297297297298,1,1,Group1,0
12.324324324324325,1,1,Group1,0
12.337837837837839,1,1,Group1,0
12.797297297297298,1,1,Group1,0
12.891891891891893,1,1,Group1,0
13.101351351351353,0,1,Group1,0
13.378378378378379,1,1,Group1,0
13.675675675675677,1,1,Group1,0
13.68918918918919,1,1,Group1,0
13.68918918918919,1,1,Group1,0
13.851351351351353,1,1,Group1,0
13.945945945945947,1,1,Group1,0
13.945945945945947,1,1,Group1,0
14.040540540540542,1,1,Group1,0
14.094594594594595,1,1,Group1,0
14.135135135135135,1,1,Group1,0
14.216216216216218,1,1,Group1,0
14.27027027027027,1,1,Group1,0
14.283783783783784,1,1,Group1,0
14.324324324324325,1,1,Group1,0
14.635135135135135,1,1,Group1,0
14.756756756756758,1,1,Group1,0
14.837837837837839,1,1,Group1,0
15.054054054054054,0,1,Group1,0
15.283783783783784,1,1,Group1,0
15.432432432432433,1,1,Group1,0
16.56756756756757,1,1,Group1,0
17.243243243243246,1,1,Group1,0
