time,status,treat,Group,curve
2.2142857142857144,0,1,Group1,0
4.571428571428571,1,1,Group1,0
4.714285714285714,1,1,Group1,0
6.392857142857142,0,1,Group1,0
8.357142857142856,1,1,Group1,0
11.428571428571427,1,1,Group1,0
12.357142857142856,1,1,Group1,0
12.892857142857142,0,1,Group1,0
13.642857142857142,1,1,Group1,0
13.785714285714285,1,1,Group1,0
14.82142857142857,0,1,Group1,0
16.142857142857142,1,1,Group1,0
16.57142857142857,1,1,Group1,0
17.535714285714285,0,1,Group1,0
18.785714285714285,1,1,Group1,0
18.82142857142857,0,1,Group1,0
20.928571428571427,1,1,Group1,0
22.07142857142857,1,1,Group1,0
22.142857142857142,1,1,Group1,0
22.5,1,1,Group1,0
23.428571428571427,1,1,Group1,0
24.142857142857142,0,1,Group1,0
25.07142857142857,1,1,Group1,0
25.357142857142854,1,1,Group1,0
26.285714285714285,1,1,Group1,0
26.642857142857142,1,1,Group1,0
27.964285714285715,0,1,Group1,0
29.5,1,1,Group1,0
29.857142857142854,1,1,Group1,0
30.07142857142857,1,1,Group1,0
30.857142857142854,1,1,Group1,0
32.14285714285714,1,1,Group1,0
32.214285714285715,1,1,Group1,0
32.285714285714285,1,1,Group1,0
32.92857142857142,1,1,Group1,0
34.035714285714285,0,1,Group1,0
34.07142857142857,1,1,Group1,0
35.64285714285714,1,1,Group1,0
35.857142857142854,1,1,Group1,0
36.5,1,1,Group1,0
37.42857142857143,0,1,Group1,0
38.714285714285715,1,1,Group1,0
39.0,1,1,Group1,0
42.285714285714285,1,1,Group1,0
46.14285714285714,1,1,Group1,0
46.64285714285714,1,1,Group1,0
47.92857142857142,1,1,Group1,0
50.21428571428571,1,1,Group1,0
51.785714285714285,1,1,Group1,0
52.71428571428571,1,1,Group1,0
53.64285714285714,1,1,Group1,0
55.21428571428571,1,1,Group1,0
56.71428571428571,1,1,Group1,0
58.21428571428571,1,1,Group1,0
58.285714285714285,1,1,Group1,0
60.14285714285714,1,1,Group1,0
64.14285714285714,1,1,Group1,0
74.71428571428571,1,1,Group1,0
74.78571428571428,1,1,Group1,0
92.78571428571428,1,1,Group1,0
96.14285714285714,1,1,Group1,0
