time,status,treat,Group,curve
4.436619718309859,1,1,Group1,0
4.788732394366197,1,1,Group1,0
7.183098591549296,1,1,Group1,0
11.971830985915494,1,1,Group1,0
12.746478873239438,1,1,Group1,0
13.309859154929578,1,1,Group1,0
15.281690140845072,1,1,Group1,0
17.3943661971831,1,1,Group1,0
18.52112676056338,1,1,Group1,0
22.112676056338028,1,1,Group1,0
22.95774647887324,1,1,Group1,0
23.87323943661972,1,1,Group1,0
24.366197183098592,1,1,Group1,0
25.422535211267608,0,1,Group1,0
26.408450704225352,1,1,Group1,0
26.760563380281692,1,1,Group1,0
26.901408450704228,1,1,Group1,0
27.253521126760564,1,1,Group1,0
28.87323943661972,1,1,Group1,0
29.084507042253524,1,1,Group1,0
30.211267605633804,1,1,Group1,0
33.66197183098592,1,1,Group1,0
35.21126760563381,1,1,Group1,0
35.38732394366197,0,1,Group1,0
35.42253521126761,1,1,Group1,0
35.91549295774648,1,1,Group1,0
36.760563380281695,1,1,Group1,0
36.971830985915496,1,1,Group1,0
38.87323943661972,1,1,Group1,0
41.056338028169016,1,1,Group1,0
41.901408450704224,1,1,Group1,0
42.887323943661976,1,1,Group1,0
45.91549295774648,1,1,Group1,0
46.19718309859155,1,1,Group1,0
46.267605633802816,1,1,Group1,0
46.40845070422535,1,1,Group1,0
49.43661971830986,1,1,Group1,0
50.35211267605634,1,1,Group1,0
50.49295774647887,1,1,Group1,0
52.32394366197183,1,1,Group1,0
53.098591549295776,1,1,Group1,0
54.014084507042256,1,1,Group1,0
54.014084507042256,1,1,Group1,0
57.676056338028175,1,1,Group1,0
57.816901408450704,1,1,Group1,0
64.50704225352113,1,1,Group1,0
66.83098591549296,1,1,Group1,0
66.9718309859155,1,1,Group1,0
72.32394366197184,1,1,Group1,0
73.16901408450704,1,1,Group1,0
81.83098591549296,1,1,Group1,0
85.63380281690141,1,1,Group1,0
86.47887323943662,1,1,Group1,0
89.7887323943662,1,1,Group1,0
95.14084507042254,1,1,Group1,0
