time,status,treat,Group,curve
1.1081081081081083,0,1,Group1,0
1.1081081081081083,0,1,Group1,0
1.1081081081081083,0,1,Group1,0
1.1081081081081083,0,1,Group1,0
1.1081081081081083,0,1,Group1,0
1.1081081081081083,0,1,Group1,0
1.1081081081081083,0,1,Group1,0
1.1081081081081083,0,1,Group1,0
1.1081081081081083,0,1,Group1,0
1.1081081081081083,0,1,Group1,0
1.1081081081081083,0,1,Group1,0
2.2432432432432434,1,1,Group1,0
2.5743243243243246,0,1,Group1,0
2.5743243243243246,0,1,Group1,0
2.5743243243243246,0,1,Group1,0
2.9054054054054057,1,1,Group1,0
3.2432432432432434,0,1,Group1,0
3.2432432432432434,0,1,Group1,0
3.2432432432432434,0,1,Group1,0
3.2432432432432434,0,1,Group1,0
3.6621621621621623,1,1,Group1,0
3.675675675675676,1,1,Group1,0
3.7094594594594597,0,1,Group1,0
3.7702702702702706,1,1,Group1,0
3.837837837837838,0,1,Group1,0
3.945945945945946,1,1,Group1,0
3.9594594594594597,1,1,Group1,0
4.668918918918919,0,1,Group1,0
4.668918918918919,0,1,Group1,0
4.668918918918919,0,1,Group1,0
4.668918918918919,0,1,Group1,0
4.668918918918919,0,1,Group1,0
4.668918918918919,0,1,Group1,0
4.668918918918919,0,1,Group1,0
5.4324324324324325,1,1,Group1,0
6.0,0,1,Group1,0
6.0,0,1,Group1,0
6.0,0,1,Group1,0
6.0,0,1,Group1,0
6.608108108108109,1,1,Group1,0
6.648648648648649,1,1,Group1,0
7.094594594594595,0,1,Group1,0
7.581081081081082,1,1,Group1,0
7.905405405405406,0,1,Group1,0
8.243243243243244,1,1,Group1,0
8.31081081081081,1,1,Group1,0
8.932432432432432,0,1,Group1,0
9.614864864864867,0,1,Group1,0
9.621621621621623,1,1,Group1,0
9.878378378378379,1,1,Group1,0
10.378378378378379,1,1,Group1,0
10.554054054054054,1,1,Group1,0
10.621621621621623,1,1,Group1,0
11.641891891891891,0,1,Group1,0
11.641891891891891,0,1,Group1,0
12.716216216216218,1,1,Group1,0
12.932432432432433,1,1,Group1,0
13.45945945945946,1,1,Group1,0
13.837837837837839,1,1,Group1,0
15.256756756756758,1,1,Group1,0
15.41891891891892,1,1,Group1,0
15.945945945945947,1,1,Group1,0
17.9527027027027,0,1,Group1,0
