time,status,treat,Group,curve
0.5688073394495413,1,1,Group1,0
1.5871559633027525,0,1,Group1,0
1.5871559633027525,0,1,Group1,0
2.6972477064220186,1,1,Group1,0
3.504587155963303,0,1,Group1,0
3.504587155963303,0,1,Group1,0
3.504587155963303,0,1,Group1,0
4.4036697247706424,1,1,Group1,0
4.752293577981652,1,1,Group1,0
5.128440366972478,0,1,Group1,0
5.596330275229358,1,1,Group1,0
6.0,1,1,Group1,0
6.73394495412844,1,1,Group1,0
6.844036697247707,1,1,Group1,0
7.091743119266056,0,1,Group1,0
7.1192660550458715,1,1,Group1,0
7.779816513761468,1,1,Group1,0
8.275229357798166,1,1,Group1,0
8.733944954128441,1,1,Group1,0
8.89908256880734,1,1,Group1,0
10.036697247706423,1,1,Group1,0
10.128440366972477,1,1,Group1,0
10.18348623853211,1,1,Group1,0
10.715596330275229,1,1,Group1,0
11.146788990825687,0,1,Group1,0
11.669724770642203,1,1,Group1,0
12.623853211009175,1,1,Group1,0
13.24770642201835,1,1,Group1,0
15.669724770642203,1,1,Group1,0
15.761467889908257,1,1,Group1,0
16.0,1,1,Group1,0
16.128440366972477,1,1,Group1,0
17.477064220183486,0,1,Group1,0
18.88073394495413,1,1,Group1,0
19.65137614678899,1,1,Group1,0
23.174311926605505,1,1,Group1,0
24.238532110091743,1,1,Group1,0
