time,status,treat,Group,curve
4.726027397260274,0,1,Group1,0
9.657534246575342,1,1,Group1,0
11.506849315068493,1,1,Group1,0
13.767123287671232,1,1,Group1,0
14.691780821917808,1,1,Group1,0
15.102739726027396,1,1,Group1,0
17.671232876712327,1,1,Group1,0
17.671232876712327,1,1,Group1,0
19.726027397260275,1,1,Group1,0
20.342465753424655,1,1,Group1,0
24.554794520547944,1,1,Group1,0
24.76027397260274,1,1,Group1,0
26.301369863013697,1,1,Group1,0
27.534246575342465,1,1,Group1,0
34.52054794520548,1,1,Group1,0
34.62328767123287,1,1,Group1,0
34.82876712328767,1,1,Group1,0
35.650684931506845,1,1,Group1,0
36.06164383561644,1,1,Group1,0
40.06849315068493,1,1,Group1,0
40.273972602739725,1,1,Group1,0
42.32876712328767,1,1,Group1,0
42.32876712328767,1,1,Group1,0
42.534246575342465,1,1,Group1,0
43.86986301369863,1,1,Group1,0
44.486301369863014,1,1,Group1,0
45.30821917808219,1,1,Group1,0
45.30821917808219,1,1,Group1,0
45.513698630136986,1,1,Group1,0
48.49315068493151,1,1,Group1,0
50.54794520547945,1,1,Group1,0
51.06164383561644,1,1,Group1,0
51.67808219178082,1,1,Group1,0
52.1917808219178,1,1,Group1,0
52.5,1,1,Group1,0
52.602739726027394,1,1,Group1,0
56.81506849315068,1,1,Group1,0
57.32876712328767,1,1,Group1,0
58.150684931506845,1,1,Group1,0
58.76712328767123,1,1,Group1,0
61.64383561643835,1,1,Group1,0
62.87671232876712,1,1,Group1,0
63.082191780821915,1,1,Group1,0
65.65068493150685,1,1,Group1,0
66.16438356164383,1,1,Group1,0
66.36986301369862,1,1,Group1,0
66.88356164383562,1,1,Group1,0
66.88356164383562,1,1,Group1,0
73.66438356164383,1,1,Group1,0
74.58904109589041,1,1,Group1,0
80.75342465753424,1,1,Group1,0
83.11643835616438,1,1,Group1,0
85.68493150684931,1,1,Group1,0
87.63698630136986,0,1,Group1,0
89.58904109589041,1,1,Group1,0
97.6027397260274,1,1,Group1,0
105.61643835616438,1,1,Group1,0
106.43835616438355,1,1,Group1,0
117.12328767123287,1,1,Group1,0
138.3904109589041,1,1,Group1,0
