time,status,treat,Group,curve
0.6103448275862069,0,1,Group1,0
1.2620689655172415,1,1,Group1,0
1.386206896551724,1,1,Group1,0
2.493103448275862,0,1,Group1,0
2.493103448275862,0,1,Group1,0
2.493103448275862,0,1,Group1,0
3.6620689655172414,1,1,Group1,0
4.303448275862069,0,1,Group1,0
4.303448275862069,0,1,Group1,0
5.006896551724138,1,1,Group1,0
5.6482758620689655,0,1,Group1,0
5.6482758620689655,0,1,Group1,0
6.372413793103449,1,1,Group1,0
6.848275862068966,1,1,Group1,0
7.0137931034482754,1,1,Group1,0
7.2827586206896555,0,1,Group1,0
7.593103448275862,1,1,Group1,0
7.675862068965517,1,1,Group1,0
7.7172413793103445,1,1,Group1,0
7.841379310344827,1,1,Group1,0
8.275862068965518,1,1,Group1,0
8.358620689655172,1,1,Group1,0
8.49310344827586,0,1,Group1,0
8.689655172413794,1,1,Group1,0
9.662068965517241,1,1,Group1,0
10.137931034482758,1,1,Group1,0
10.2,1,1,Group1,0
10.344827586206897,1,1,Group1,0
10.417241379310344,0,1,Group1,0
10.593103448275862,1,1,Group1,0
10.655172413793103,1,1,Group1,0
11.224137931034482,0,1,Group1,0
11.813793103448276,1,1,Group1,0
12.351724137931035,1,1,Group1,0
12.73448275862069,0,1,Group1,0
13.2,1,1,Group1,0
13.282758620689656,1,1,Group1,0
13.324137931034482,1,1,Group1,0
13.717241379310344,0,1,Group1,0
14.213793103448277,1,1,Group1,0
14.327586206896552,0,1,Group1,0
14.544827586206896,1,1,Group1,0
15.041379310344828,1,1,Group1,0
15.537931034482758,1,1,Group1,0
15.537931034482758,1,1,Group1,0
16.593103448275862,1,1,Group1,0
16.63448275862069,1,1,Group1,0
18.55862068965517,1,1,Group1,0
19.737931034482756,0,1,Group1,0
21.020689655172415,1,1,Group1,0
23.544827586206896,1,1,Group1,0
25.820689655172412,1,1,Group1,0
27.351724137931033,1,1,Group1,0
