time,status,treat,Group,curve
1.4482758620689655,1,1,Group1,0
4.220689655172413,1,1,Group1,0
6.5793103448275865,1,1,Group1,0
7.820689655172414,1,1,Group1,0
8.027586206896551,1,1,Group1,0
9.186206896551724,1,1,Group1,0
11.006896551724138,1,1,Group1,0
11.668965517241379,1,1,Group1,0
12.993103448275862,1,1,Group1,0
13.737931034482758,1,1,Group1,0
18.248275862068965,1,1,Group1,0
21.144827586206898,1,1,Group1,0
21.186206896551724,1,1,Group1,0
22.717241379310344,1,1,Group1,0
23.089655172413792,1,1,Group1,0
23.379310344827587,1,1,Group1,0
25.117241379310343,1,1,Group1,0
25.117241379310343,1,1,Group1,0
25.282758620689656,1,1,Group1,0
27.517241379310345,1,1,Group1,0
27.55862068965517,1,1,Group1,0
27.806896551724137,1,1,Group1,0
28.8,1,1,Group1,0
28.882758620689653,1,1,Group1,0
29.586206896551722,1,1,Group1,0
30.662068965517243,1,1,Group1,0
31.90344827586207,1,1,Group1,0
31.944827586206895,1,1,Group1,0
33.144827586206894,1,1,Group1,0
33.62068965517241,0,1,Group1,0
33.80689655172414,1,1,Group1,0
35.54482758620689,1,1,Group1,0
36.86896551724138,1,1,Group1,0
38.234482758620686,1,1,Group1,0
38.48275862068965,1,1,Group1,0
39.57931034482759,0,1,Group1,0
39.76551724137931,1,1,Group1,0
39.93103448275862,1,1,Group1,0
41.29655172413793,1,1,Group1,0
41.66896551724138,1,1,Group1,0
42.703448275862065,1,1,Group1,0
43.61379310344827,1,1,Group1,0
43.737931034482756,1,1,Group1,0
44.234482758620686,1,1,Group1,0
45.51724137931034,1,1,Group1,0
45.724137931034484,1,1,Group1,0
46.42758620689655,1,1,Group1,0
53.87586206896552,1,1,Group1,0
54.248275862068965,1,1,Group1,0
55.61379310344827,1,1,Group1,0
55.69655172413793,1,1,Group1,0
56.02758620689655,1,1,Group1,0
