time,status,treat,Group,curve
1.4391891891891893,1,1,Group1,0
2.614864864864865,1,1,Group1,0
3.5675675675675675,1,1,Group1,0
4.256756756756757,1,1,Group1,0
4.277027027027027,1,1,Group1,0
5.027027027027027,1,1,Group1,0
5.108108108108109,1,1,Group1,0
5.837837837837839,1,1,Group1,0
6.506756756756757,1,1,Group1,0
6.831081081081082,1,1,Group1,0
6.851351351351352,1,1,Group1,0
6.993243243243244,1,1,Group1,0
7.337837837837839,1,1,Group1,0
7.712837837837839,0,1,Group1,0
7.763513513513514,1,1,Group1,0
7.925675675675676,1,1,Group1,0
8.22972972972973,1,1,Group1,0
9.141891891891893,1,1,Group1,0
9.202702702702704,1,1,Group1,0
9.567567567567568,1,1,Group1,0
9.932432432432433,1,1,Group1,0
9.972972972972974,1,1,Group1,0
10.47972972972973,0,1,Group1,0
10.56081081081081,1,1,Group1,0
11.047297297297298,1,1,Group1,0
11.108108108108109,1,1,Group1,0
11.310810810810812,1,1,Group1,0
11.655405405405405,1,1,Group1,0
12.0,1,1,Group1,0
13.114864864864865,1,1,Group1,0
14.290540540540542,1,1,Group1,0
14.432432432432433,1,1,Group1,0
14.837837837837839,1,1,Group1,0
16.033783783783786,1,1,Group1,0
16.33783783783784,1,1,Group1,0
18.08108108108108,1,1,Group1,0
18.62837837837838,1,1,Group1,0
19.033783783783786,1,1,Group1,0
19.864864864864867,1,1,Group1,0
20.33108108108108,1,1,Group1,0
23.18918918918919,1,1,Group1,0
26.351351351351354,1,1,Group1,0
