time,status,treat,Group,curve
1.6603053435114503,0,1,Group1,0
1.6603053435114503,0,1,Group1,0
1.6603053435114503,0,1,Group1,0
1.6603053435114503,0,1,Group1,0
1.6603053435114503,0,1,Group1,0
1.6603053435114503,0,1,Group1,0
1.6603053435114503,0,1,Group1,0
1.6603053435114503,0,1,Group1,0
1.6603053435114503,0,1,Group1,0
1.6603053435114503,0,1,Group1,0
1.6603053435114503,0,1,Group1,0
1.6603053435114503,0,1,Group1,0
1.6603053435114503,0,1,Group1,0
1.6603053435114503,0,1,Group1,0
1.6603053435114503,0,1,Group1,0
1.6603053435114503,0,1,Group1,0
3.3893129770992365,1,1,Group1,0
3.9389312977099236,1,1,Group1,0
4.912213740458015,0,1,Group1,0
4.912213740458015,0,1,Group1,0
4.912213740458015,0,1,Group1,0
5.908396946564886,1,1,Group1,0
6.744274809160306,0,1,Group1,0
6.744274809160306,0,1,Group1,0
7.637404580152672,0,1,Group1,0
7.717557251908397,1,1,Group1,0
7.763358778625954,1,1,Group1,0
7.7748091603053435,0,1,Group1,0
7.786259541984733,1,1,Group1,0
8.942748091603054,0,1,Group1,0
8.942748091603054,0,1,Group1,0
8.942748091603054,0,1,Group1,0
8.942748091603054,0,1,Group1,0
8.942748091603054,0,1,Group1,0
8.942748091603054,0,1,Group1,0
8.942748091603054,0,1,Group1,0
8.942748091603054,0,1,Group1,0
8.942748091603054,0,1,Group1,0
8.942748091603054,0,1,Group1,0
8.942748091603054,0,1,Group1,0
8.942748091603054,0,1,Group1,0
8.942748091603054,0,1,Group1,0
8.942748091603054,0,1,Group1,0
8.942748091603054,0,1,Group1,0
8.942748091603054,0,1,Group1,0
8.942748091603054,0,1,Group1,0
8.942748091603054,0,1,Group1,0
8.942748091603054,0,1,Group1,0
8.942748091603054,0,1,Group1,0
8.942748091603054,0,1,Group1,0
11.335877862595419,1,1,Group1,0
13.16793893129771,1,1,Group1,0
14.862595419847327,1,1,Group1,0
18.366412213740457,0,1,Group1,0
21.870229007633586,1,1,Group1,0
26.244274809160306,1,1,Group1,0
30.973282442748094,0,1,Group1,0
