time,status,treat,Group,curve
2.1360544217687076,0,1,Group1,0
2.1360544217687076,0,1,Group1,0
2.1360544217687076,0,1,Group1,0
2.1360544217687076,0,1,Group1,0
2.1360544217687076,0,1,Group1,0
2.1360544217687076,0,1,Group1,0
2.1360544217687076,0,1,Group1,0
2.1360544217687076,0,1,Group1,0
2.1360544217687076,0,1,Group1,0
2.1360544217687076,0,1,Group1,0
2.1360544217687076,0,1,Group1,0
2.1360544217687076,0,1,Group1,0
2.1360544217687076,0,1,Group1,0
2.1360544217687076,0,1,Group1,0
2.1360544217687076,0,1,Group1,0
2.1360544217687076,0,1,Group1,0
4.326530612244897,1,1,Group1,0
4.639455782312925,0,1,Group1,0
5.088435374149659,1,1,Group1,0
5.551020408163264,0,1,Group1,0
6.204081632653061,1,1,Group1,0
7.768707482993197,0,1,Group1,0
7.768707482993197,0,1,Group1,0
7.768707482993197,0,1,Group1,0
7.768707482993197,0,1,Group1,0
9.46938775510204,1,1,Group1,0
9.578231292517007,1,1,Group1,0
9.931972789115646,1,1,Group1,0
10.585034013605442,0,1,Group1,0
10.585034013605442,0,1,Group1,0
11.29251700680272,1,1,Group1,0
12.081632653061224,1,1,Group1,0
13.006802721088436,1,1,Group1,0
13.224489795918366,1,1,Group1,0
13.387755102040815,1,1,Group1,0
14.054421768707481,0,1,Group1,0
14.857142857142856,1,1,Group1,0
15.918367346938776,0,1,Group1,0
17.1156462585034,1,1,Group1,0
18.149659863945576,1,1,Group1,0
21.374149659863946,0,1,Group1,0
24.680272108843536,1,1,Group1,0
24.707482993197278,1,1,Group1,0
36.92517006802721,1,1,Group1,0
