time,status,treat,Group,curve
1.3734177215189873,0,1,Group1,0
1.3734177215189873,0,1,Group1,0
1.3734177215189873,0,1,Group1,0
1.3734177215189873,0,1,Group1,0
1.3734177215189873,0,1,Group1,0
1.3734177215189873,0,1,Group1,0
1.3734177215189873,0,1,Group1,0
1.3734177215189873,0,1,Group1,0
1.3734177215189873,0,1,Group1,0
1.3734177215189873,0,1,Group1,0
1.3734177215189873,0,1,Group1,0
2.7721518987341773,1,1,Group1,0
2.9936708860759493,0,1,Group1,0
2.9936708860759493,0,1,Group1,0
2.9936708860759493,0,1,Group1,0
3.278481012658228,1,1,Group1,0
4.139240506329114,0,1,Group1,0
4.139240506329114,0,1,Group1,0
4.139240506329114,0,1,Group1,0
4.139240506329114,0,1,Group1,0
4.139240506329114,0,1,Group1,0
4.139240506329114,0,1,Group1,0
4.139240506329114,0,1,Group1,0
4.139240506329114,0,1,Group1,0
5.050632911392405,1,1,Group1,0
5.5,0,1,Group1,0
6.0,1,1,Group1,0
6.227848101265823,1,1,Group1,0
6.518987341772152,0,1,Group1,0
6.8734177215189876,1,1,Group1,0
7.227848101265823,1,1,Group1,0
7.594936708860759,1,1,Group1,0
7.810126582278481,1,1,Group1,0
8.531645569620252,0,1,Group1,0
8.531645569620252,0,1,Group1,0
9.316455696202532,1,1,Group1,0
10.822784810126581,1,1,Group1,0
11.253164556962025,0,1,Group1,0
11.746835443037975,1,1,Group1,0
11.822784810126581,1,1,Group1,0
11.835443037974683,1,1,Group1,0
11.955696202531644,0,1,Group1,0
12.936708860759493,1,1,Group1,0
16.455696202531644,0,1,Group1,0
