time,status,treat,Group,curve
2.8333333333333335,0,1,Group1,0
2.8333333333333335,0,1,Group1,0
2.8333333333333335,0,1,Group1,0
2.8333333333333335,0,1,Group1,0
2.8333333333333335,0,1,Group1,0
2.8333333333333335,0,1,Group1,0
2.8333333333333335,0,1,Group1,0
2.8333333333333335,0,1,Group1,0
2.8333333333333335,0,1,Group1,0
2.8333333333333335,0,1,Group1,0
2.8333333333333335,0,1,Group1,0
5.7272727272727275,1,1,Group1,0
7.090909090909091,0,1,Group1,0
7.090909090909091,0,1,Group1,0
7.090909090909091,0,1,Group1,0
7.090909090909091,0,1,Group1,0
7.090909090909091,0,1,Group1,0
7.090909090909091,0,1,Group1,0
8.575757575757576,1,1,Group1,0
9.257575757575758,0,1,Group1,0
10.090909090909092,1,1,Group1,0
12.772727272727273,0,1,Group1,0
12.772727272727273,0,1,Group1,0
12.772727272727273,0,1,Group1,0
12.772727272727273,0,1,Group1,0
12.772727272727273,0,1,Group1,0
15.484848484848484,1,1,Group1,0
16.136363636363637,0,1,Group1,0
16.93939393939394,1,1,Group1,0
17.181818181818183,1,1,Group1,0
17.78787878787879,0,1,Group1,0
18.545454545454547,1,1,Group1,0
20.893939393939394,0,1,Group1,0
20.893939393939394,0,1,Group1,0
20.893939393939394,0,1,Group1,0
23.393939393939394,1,1,Group1,0
24.060606060606062,0,1,Group1,0
24.060606060606062,0,1,Group1,0
24.757575757575758,1,1,Group1,0
26.31818181818182,0,1,Group1,0
28.03030303030303,1,1,Group1,0
28.212121212121215,1,1,Group1,0
29.272727272727273,1,1,Group1,0
30.257575757575758,0,1,Group1,0
31.303030303030305,1,1,Group1,0
31.96969696969697,1,1,Group1,0
32.03030303030303,1,1,Group1,0
32.42424242424242,1,1,Group1,0
33.515151515151516,1,1,Group1,0
36.42424242424242,0,1,Group1,0
39.484848484848484,1,1,Group1,0
40.75757575757576,1,1,Group1,0
41.06060606060606,1,1,Group1,0
41.06060606060606,1,1,Group1,0
