time,status,treat,Group,curve
0.5119047619047619,0,1,Group1,0
0.5119047619047619,0,1,Group1,0
2.1071428571428568,0,1,Group1,0
2.1071428571428568,0,1,Group1,0
2.1071428571428568,0,1,Group1,0
2.1071428571428568,0,1,Group1,0
2.1071428571428568,0,1,Group1,0
3.2738095238095237,1,1,Group1,0
3.386904761904762,0,1,Group1,0
3.5595238095238093,1,1,Group1,0
4.5059523809523805,0,1,Group1,0
4.5059523809523805,0,1,Group1,0
4.5059523809523805,0,1,Group1,0
4.5059523809523805,0,1,Group1,0
4.5059523809523805,0,1,Group1,0
4.5059523809523805,0,1,Group1,0
5.535714285714286,1,1,Group1,0
5.535714285714286,1,1,Group1,0
5.595238095238095,1,1,Group1,0
6.035714285714286,1,1,Group1,0
6.035714285714286,1,1,Group1,0
7.357142857142858,0,1,Group1,0
7.357142857142858,0,1,Group1,0
7.357142857142858,0,1,Group1,0
7.357142857142858,0,1,Group1,0
7.357142857142858,0,1,Group1,0
7.357142857142858,0,1,Group1,0
7.357142857142858,0,1,Group1,0
8.738095238095237,1,1,Group1,0
9.029761904761905,0,1,Group1,0
9.369047619047619,1,1,Group1,0
9.726190476190476,1,1,Group1,0
9.988095238095237,1,1,Group1,0
10.702380952380953,1,1,Group1,0
10.714285714285714,1,1,Group1,0
11.494047619047619,0,1,Group1,0
12.333333333333332,1,1,Group1,0
14.970238095238095,0,1,Group1,0
