time,status,treat,Group,curve
2.8204225352112675,0,1,Group1,0
2.8204225352112675,0,1,Group1,0
2.8204225352112675,0,1,Group1,0
5.830985915492958,1,1,Group1,0
10.172535211267606,0,1,Group1,0
10.172535211267606,0,1,Group1,0
10.172535211267606,0,1,Group1,0
10.172535211267606,0,1,Group1,0
14.830985915492958,1,1,Group1,0
17.968309859154928,0,1,Group1,0
17.968309859154928,0,1,Group1,0
17.968309859154928,0,1,Group1,0
17.968309859154928,0,1,Group1,0
17.968309859154928,0,1,Group1,0
17.968309859154928,0,1,Group1,0
17.968309859154928,0,1,Group1,0
17.968309859154928,0,1,Group1,0
17.968309859154928,0,1,Group1,0
17.968309859154928,0,1,Group1,0
17.968309859154928,0,1,Group1,0
21.359154929577464,1,1,Group1,0
23.197183098591548,0,1,Group1,0
23.197183098591548,0,1,Group1,0
23.197183098591548,0,1,Group1,0
23.197183098591548,0,1,Group1,0
25.352112676056336,1,1,Group1,0
26.809859154929576,0,1,Group1,0
26.809859154929576,0,1,Group1,0
26.809859154929576,0,1,Group1,0
28.58450704225352,1,1,Group1,0
34.098591549295776,0,1,Group1,0
34.098591549295776,0,1,Group1,0
34.098591549295776,0,1,Group1,0
34.098591549295776,0,1,Group1,0
34.098591549295776,0,1,Group1,0
40.056338028169016,1,1,Group1,0
40.88028169014085,1,1,Group1,0
41.0387323943662,0,1,Group1,0
41.640845070422536,1,1,Group1,0
43.79577464788733,0,1,Group1,0
43.79577464788733,0,1,Group1,0
46.07746478873239,1,1,Group1,0
56.44014084507042,0,1,Group1,0
56.44014084507042,0,1,Group1,0
56.44014084507042,0,1,Group1,0
56.44014084507042,0,1,Group1,0
56.44014084507042,0,1,Group1,0
67.05633802816901,1,1,Group1,0
85.91197183098592,0,1,Group1,0
