time,status,treat,Group,curve
0.43670886075949367,0,1,Group1,0
0.43670886075949367,0,1,Group1,0
0.43670886075949367,0,1,Group1,0
0.9113924050632911,1,1,Group1,0
1.1455696202531644,0,1,Group1,0
1.4430379746835442,1,1,Group1,0
1.5569620253164558,1,1,Group1,0
1.8481012658227849,0,1,Group1,0
1.8481012658227849,0,1,Group1,0
1.8481012658227849,0,1,Group1,0
2.2278481012658227,1,1,Group1,0
2.2531645569620253,1,1,Group1,0
2.3417721518987342,1,1,Group1,0
2.588607594936709,0,1,Group1,0
2.8987341772151898,1,1,Group1,0
2.962025316455696,1,1,Group1,0
3.392405063291139,1,1,Group1,0
3.670886075949367,0,1,Group1,0
3.670886075949367,0,1,Group1,0
3.670886075949367,0,1,Group1,0
3.9746835443037973,1,1,Group1,0
3.9746835443037973,1,1,Group1,0
4.025316455696203,1,1,Group1,0
4.487341772151899,0,1,Group1,0
4.487341772151899,0,1,Group1,0
4.962025316455696,1,1,Group1,0
5.025316455696203,1,1,Group1,0
5.025316455696203,1,1,Group1,0
5.025316455696203,1,1,Group1,0
5.468354430379747,1,1,Group1,0
5.506329113924051,1,1,Group1,0
5.677215189873418,0,1,Group1,0
5.911392405063291,1,1,Group1,0
5.924050632911392,1,1,Group1,0
6.10126582278481,1,1,Group1,0
6.189873417721519,1,1,Group1,0
6.417721518987341,1,1,Group1,0
6.898734177215189,1,1,Group1,0
7.012658227848101,1,1,Group1,0
7.227848101265823,1,1,Group1,0
8.50632911392405,1,1,Group1,0
9.39240506329114,1,1,Group1,0
10.316455696202532,1,1,Group1,0
11.075949367088608,1,1,Group1,0
13.708860759493671,0,1,Group1,0
