time,status,treat,Group,curve
3.619047619047619,0,1,Group1,0
3.619047619047619,0,1,Group1,0
3.619047619047619,0,1,Group1,0
3.619047619047619,0,1,Group1,0
3.619047619047619,0,1,Group1,0
3.619047619047619,0,1,Group1,0
7.401360544217686,1,1,Group1,0
7.891156462585034,1,1,Group1,0
8.108843537414966,1,1,Group1,0
9.414965986394558,1,1,Group1,0
9.877551020408163,0,1,Group1,0
10.612244897959183,1,1,Group1,0
11.755102040816325,0,1,Group1,0
13.088435374149661,0,1,Group1,0
13.170068027210883,1,1,Group1,0
14.095238095238095,1,1,Group1,0
14.693877551020408,1,1,Group1,0
16.435374149659864,0,1,Group1,0
16.435374149659864,0,1,Group1,0
18.448979591836736,1,1,Group1,0
19.210884353741495,1,1,Group1,0
21.632653061224488,0,1,Group1,0
21.632653061224488,0,1,Group1,0
21.632653061224488,0,1,Group1,0
24.163265306122447,1,1,Group1,0
24.163265306122447,1,1,Group1,0
25.79591836734694,1,1,Group1,0
27.31972789115646,1,1,Group1,0
27.86394557823129,1,1,Group1,0
28.136054421768705,1,1,Group1,0
29.088435374149658,0,1,Group1,0
30.312925170068027,1,1,Group1,0
31.12925170068027,1,1,Group1,0
31.401360544217685,1,1,Group1,0
33.68707482993197,1,1,Group1,0
35.047619047619044,1,1,Group1,0
35.31972789115646,1,1,Group1,0
35.646258503401356,1,1,Group1,0
35.70068027210884,1,1,Group1,0
43.047619047619044,1,1,Group1,0
45.76870748299319,1,1,Group1,0
47.83673469387755,1,1,Group1,0
52.136054421768705,1,1,Group1,0
56.435374149659864,1,1,Group1,0
56.816326530612244,1,1,Group1,0
62.476190476190474,1,1,Group1,0
73.85034013605441,1,1,Group1,0
