time,status,treat,Group,curve
0.9659863945578231,0,1,Group1,0
0.9659863945578231,0,1,Group1,0
0.9659863945578231,0,1,Group1,0
2.0136054421768708,1,1,Group1,0
2.5306122448979593,0,1,Group1,0
2.5306122448979593,0,1,Group1,0
3.183673469387755,1,1,Group1,0
3.4285714285714284,1,1,Group1,0
4.149659863945578,0,1,Group1,0
4.149659863945578,0,1,Group1,0
4.925170068027211,1,1,Group1,0
4.9523809523809526,1,1,Group1,0
5.142857142857142,1,1,Group1,0
5.700680272108843,0,1,Group1,0
6.36734693877551,1,1,Group1,0
6.530612244897959,1,1,Group1,0
6.938775510204081,0,1,Group1,0
7.482993197278911,1,1,Group1,0
8.054421768707483,0,1,Group1,0
8.761904761904761,1,1,Group1,0
8.789115646258503,1,1,Group1,0
8.857142857142858,0,1,Group1,0
8.870748299319727,1,1,Group1,0
9.82312925170068,0,1,Group1,0
9.82312925170068,0,1,Group1,0
9.82312925170068,0,1,Group1,0
9.82312925170068,0,1,Group1,0
9.82312925170068,0,1,Group1,0
9.82312925170068,0,1,Group1,0
9.82312925170068,0,1,Group1,0
10.789115646258503,0,1,Group1,0
10.911564625850339,1,1,Group1,0
11.034013605442176,0,1,Group1,0
11.074829931972788,1,1,Group1,0
11.510204081632653,0,1,Group1,0
11.510204081632653,0,1,Group1,0
11.510204081632653,0,1,Group1,0
12.136054421768707,1,1,Group1,0
13.061224489795919,1,1,Group1,0
13.65986394557823,1,1,Group1,0
15.346938775510203,1,1,Group1,0
18.639455782312925,1,1,Group1,0
20.680272108843536,1,1,Group1,0
36.136054421768705,1,1,Group1,0
