time,status,treat,Group,curve
0.6530612244897959,1,1,Group1,0
3.1564625850340136,0,1,Group1,0
3.1564625850340136,0,1,Group1,0
5.333333333333333,0,1,Group1,0
5.659863945578231,1,1,Group1,0
5.877551020408163,1,1,Group1,0
6.095238095238095,1,1,Group1,0
8.163265306122447,0,1,Group1,0
8.163265306122447,0,1,Group1,0
10.666666666666666,0,1,Group1,0
11.319727891156463,1,1,Group1,0
12.299319727891156,0,1,Group1,0
14.258503401360544,0,1,Group1,0
14.36734693877551,1,1,Group1,0
15.020408163265305,1,1,Group1,0
15.45578231292517,1,1,Group1,0
17.741496598639458,0,1,Group1,0
17.741496598639458,0,1,Group1,0
17.741496598639458,0,1,Group1,0
20.680272108843536,1,1,Group1,0
23.51020408163265,0,1,Group1,0
23.51020408163265,0,1,Group1,0
23.51020408163265,0,1,Group1,0
26.666666666666664,0,1,Group1,0
27.428571428571427,1,1,Group1,0
28.299319727891156,1,1,Group1,0
28.625850340136054,0,1,Group1,0
29.823129251700678,1,1,Group1,0
34.50340136054422,0,1,Group1,0
34.50340136054422,0,1,Group1,0
34.50340136054422,0,1,Group1,0
34.50340136054422,0,1,Group1,0
34.50340136054422,0,1,Group1,0
39.83673469387755,1,1,Group1,0
40.92517006802721,1,1,Group1,0
41.795918367346935,1,1,Group1,0
48.87074829931973,0,1,Group1,0
48.87074829931973,0,1,Group1,0
48.87074829931973,0,1,Group1,0
56.38095238095238,1,1,Group1,0
67.37414965986395,0,1,Group1,0
67.37414965986395,0,1,Group1,0
67.37414965986395,0,1,Group1,0
67.37414965986395,0,1,Group1,0
79.45578231292517,1,1,Group1,0
79.45578231292517,1,1,Group1,0
84.35374149659864,0,1,Group1,0
90.34013605442176,1,1,Group1,0
104.38095238095238,0,1,Group1,0
104.38095238095238,0,1,Group1,0
104.38095238095238,0,1,Group1,0
119.07482993197279,1,1,Group1,0
119.29251700680271,1,1,Group1,0
204.51700680272108,0,1,Group1,0
204.51700680272108,0,1,Group1,0
204.51700680272108,0,1,Group1,0
204.51700680272108,0,1,Group1,0
290.06802721088434,0,1,Group1,0
