time,status,treat,Group,curve
2.2430555555555554,0,1,Group1,0
2.2430555555555554,0,1,Group1,0
2.2430555555555554,0,1,Group1,0
4.722222222222222,1,1,Group1,0
7.378472222222221,0,1,Group1,0
7.378472222222221,0,1,Group1,0
7.378472222222221,0,1,Group1,0
7.378472222222221,0,1,Group1,0
9.975694444444443,0,1,Group1,0
10.38888888888889,1,1,Group1,0
10.506944444444445,1,1,Group1,0
11.333333333333332,0,1,Group1,0
12.572916666666666,0,1,Group1,0
13.104166666666666,1,1,Group1,0
13.222222222222221,1,1,Group1,0
14.638888888888888,0,1,Group1,0
14.638888888888888,0,1,Group1,0
16.114583333333332,0,1,Group1,0
16.52777777777778,1,1,Group1,0
23.197916666666664,0,1,Group1,0
23.197916666666664,0,1,Group1,0
23.197916666666664,0,1,Group1,0
23.197916666666664,0,1,Group1,0
23.197916666666664,0,1,Group1,0
23.197916666666664,0,1,Group1,0
23.197916666666664,0,1,Group1,0
23.197916666666664,0,1,Group1,0
23.197916666666664,0,1,Group1,0
23.197916666666664,0,1,Group1,0
30.22222222222222,1,1,Group1,0
30.34027777777778,1,1,Group1,0
32.28819444444444,0,1,Group1,0
32.28819444444444,0,1,Group1,0
32.28819444444444,0,1,Group1,0
32.28819444444444,0,1,Group1,0
32.28819444444444,0,1,Group1,0
34.826388888888886,1,1,Group1,0
48.875,0,1,Group1,0
48.875,0,1,Group1,0
48.875,0,1,Group1,0
48.875,0,1,Group1,0
48.875,0,1,Group1,0
48.875,0,1,Group1,0
63.63194444444444,1,1,Group1,0
64.22222222222221,1,1,Group1,0
66.34722222222221,0,1,Group1,0
66.34722222222221,0,1,Group1,0
66.34722222222221,0,1,Group1,0
69.0625,1,1,Group1,0
71.77777777777777,1,1,Group1,0
72.84027777777777,1,1,Group1,0
82.52083333333333,0,1,Group1,0
82.52083333333333,0,1,Group1,0
92.31944444444444,1,1,Group1,0
99.16666666666666,1,1,Group1,0
108.55208333333333,0,1,Group1,0
118.76388888888889,1,1,Group1,0
139.12847222222223,0,1,Group1,0
159.96527777777777,0,1,Group1,0
