time,status,treat,Group,curve
6.545454545454546,0,1,Group1,0
6.545454545454546,0,1,Group1,0
6.545454545454546,0,1,Group1,0
6.545454545454546,0,1,Group1,0
6.545454545454546,0,1,Group1,0
6.545454545454546,0,1,Group1,0
6.545454545454546,0,1,Group1,0
6.545454545454546,0,1,Group1,0
6.545454545454546,0,1,Group1,0
6.545454545454546,0,1,Group1,0
13.46853146853147,1,1,Group1,0
13.972027972027973,0,1,Group1,0
14.601398601398603,1,1,Group1,0
14.727272727272728,1,1,Group1,0
15.41958041958042,0,1,Group1,0
15.41958041958042,0,1,Group1,0
16.741258741258743,1,1,Group1,0
19.510489510489514,0,1,Group1,0
19.510489510489514,0,1,Group1,0
19.510489510489514,0,1,Group1,0
19.510489510489514,0,1,Group1,0
22.90909090909091,1,1,Group1,0
34.17482517482518,0,1,Group1,0
34.17482517482518,0,1,Group1,0
34.17482517482518,0,1,Group1,0
34.17482517482518,0,1,Group1,0
46.069930069930074,1,1,Group1,0
49.65734265734266,0,1,Group1,0
53.87412587412588,1,1,Group1,0
53.87412587412588,1,1,Group1,0
57.02097902097903,0,1,Group1,0
60.7972027972028,1,1,Group1,0
67.46853146853147,0,1,Group1,0
67.46853146853147,0,1,Group1,0
74.76923076923077,1,1,Group1,0
85.5944055944056,1,1,Group1,0
170.62237762237766,0,1,Group1,0
