time,status,treat,Group,curve
0.03597122302158273,1,1,Group1,0
0.07194244604316546,1,1,Group1,0
0.14388489208633093,1,1,Group1,0
0.28776978417266186,1,1,Group1,0
0.5755395683453237,1,1,Group1,0
0.8273381294964028,1,1,Group1,0
1.0431654676258992,1,1,Group1,0
1.2589928057553956,1,1,Group1,0
1.6906474820143884,1,1,Group1,0
1.8165467625899279,0,1,Group1,0
2.1223021582733814,1,1,Group1,0
2.446043165467626,1,1,Group1,0
2.553956834532374,1,1,Group1,0
2.805755395683453,1,1,Group1,0
3.273381294964029,1,1,Group1,0
3.4712230215827335,0,1,Group1,0
3.5611510791366907,1,1,Group1,0
3.741007194244604,1,1,Group1,0
4.280575539568345,1,1,Group1,0
4.35251798561151,1,1,Group1,0
4.388489208633093,1,1,Group1,0
4.712230215827338,1,1,Group1,0
5.323741007194244,1,1,Group1,0
5.431654676258993,1,1,Group1,0
5.935251798561151,1,1,Group1,0
5.971223021582734,1,1,Group1,0
6.151079136690647,1,1,Group1,0
6.726618705035971,1,1,Group1,0
6.798561151079136,1,1,Group1,0
8.129496402877697,1,1,Group1,0
8.201438848920862,1,1,Group1,0
8.345323741007194,1,1,Group1,0
8.489208633093526,1,1,Group1,0
8.920863309352518,1,1,Group1,0
9.712230215827338,1,1,Group1,0
9.820143884892087,1,1,Group1,0
11.870503597122301,1,1,Group1,0
12.949640287769784,1,1,Group1,0
13.093525179856115,1,1,Group1,0
13.741007194244604,1,1,Group1,0
13.81294964028777,1,1,Group1,0
14.74820143884892,1,1,Group1,0
15.071942446043165,1,1,Group1,0
18.057553956834532,1,1,Group1,0
18.093525179856115,1,1,Group1,0
22.41007194244604,1,1,Group1,0
23.27338129496403,1,1,Group1,0
25.035971223021583,1,1,Group1,0
26.115107913669064,1,1,Group1,0
48.1294964028777,1,1,Group1,0
