time,status,treat,Group,curve
0.823943661971831,1,1,Group1,0
1.2816901408450705,1,1,Group1,0
1.4647887323943662,1,1,Group1,0
1.5563380281690142,1,1,Group1,0
2.0140845070422535,1,1,Group1,0
2.1056338028169015,1,1,Group1,0
2.471830985915493,1,1,Group1,0
2.654929577464789,1,1,Group1,0
3.8450704225352115,1,1,Group1,0
4.394366197183099,1,1,Group1,0
4.76056338028169,1,1,Group1,0
7.598591549295775,1,1,Group1,0
7.690140845070423,1,1,Group1,0
8.147887323943662,1,1,Group1,0
8.330985915492958,1,1,Group1,0
10.345070422535212,1,1,Group1,0
11.535211267605634,1,1,Group1,0
11.626760563380282,1,1,Group1,0
12.908450704225352,1,1,Group1,0
13.183098591549296,1,1,Group1,0
13.274647887323944,1,1,Group1,0
13.366197183098592,1,1,Group1,0
15.105633802816902,1,1,Group1,0
16.47887323943662,1,1,Group1,0
16.93661971830986,1,1,Group1,0
17.577464788732396,1,1,Group1,0
17.85211267605634,1,1,Group1,0
17.85211267605634,1,1,Group1,0
20.87323943661972,1,1,Group1,0
21.880281690140844,1,1,Group1,0
22.338028169014084,1,1,Group1,0
24.535211267605636,1,1,Group1,0
25.633802816901408,1,1,Group1,0
27.922535211267608,1,1,Group1,0
28.19718309859155,1,1,Group1,0
28.380281690140848,1,1,Group1,0
28.838028169014084,1,1,Group1,0
28.838028169014084,1,1,Group1,0
35.063380281690144,1,1,Group1,0
35.887323943661976,1,1,Group1,0
42.021126760563384,1,1,Group1,0
47.42253521126761,1,1,Group1,0
51.816901408450704,1,1,Group1,0
61.521126760563384,1,1,Group1,0
72.14084507042254,1,1,Group1,0
73.14788732394366,1,1,Group1,0
88.52816901408451,1,1,Group1,0
123.77464788732395,1,1,Group1,0
