time,status,treat,Group,curve
0.547945205479452,1,1,Group1,0
0.9863013698630136,1,1,Group1,0
2.794520547945205,0,1,Group1,0
2.794520547945205,0,1,Group1,0
2.794520547945205,0,1,Group1,0
4.602739726027397,1,1,Group1,0
4.712328767123287,1,1,Group1,0
5.47945205479452,1,1,Group1,0
7.4520547945205475,0,1,Group1,0
7.4520547945205475,0,1,Group1,0
7.4520547945205475,0,1,Group1,0
9.643835616438356,0,1,Group1,0
9.863013698630137,1,1,Group1,0
9.972602739726026,1,1,Group1,0
10.520547945205479,1,1,Group1,0
10.63013698630137,1,1,Group1,0
10.73972602739726,1,1,Group1,0
12.164383561643834,0,1,Group1,0
12.164383561643834,0,1,Group1,0
13.863013698630136,0,1,Group1,0
14.027397260273972,1,1,Group1,0
14.027397260273972,1,1,Group1,0
28.602739726027394,0,1,Group1,0
28.602739726027394,0,1,Group1,0
28.602739726027394,0,1,Group1,0
28.602739726027394,0,1,Group1,0
28.602739726027394,0,1,Group1,0
28.602739726027394,0,1,Group1,0
28.602739726027394,0,1,Group1,0
28.602739726027394,0,1,Group1,0
28.602739726027394,0,1,Group1,0
28.602739726027394,0,1,Group1,0
28.602739726027394,0,1,Group1,0
28.602739726027394,0,1,Group1,0
28.602739726027394,0,1,Group1,0
28.602739726027394,0,1,Group1,0
28.602739726027394,0,1,Group1,0
28.602739726027394,0,1,Group1,0
28.602739726027394,0,1,Group1,0
28.602739726027394,0,1,Group1,0
28.602739726027394,0,1,Group1,0
28.602739726027394,0,1,Group1,0
43.50684931506849,1,1,Group1,0
46.246575342465746,0,1,Group1,0
46.57534246575342,1,1,Group1,0
49.97260273972603,1,1,Group1,0
147.61643835616437,0,1,Group1,0
