time,status,treat,Group,curve
0.6802721088435375,1,1,Group1,0
1.6326530612244898,1,1,Group1,0
2.72108843537415,1,1,Group1,0
4.217687074829932,1,1,Group1,0
4.8979591836734695,1,1,Group1,0
5.034013605442177,1,1,Group1,0
8.435374149659864,1,1,Group1,0
9.795918367346939,1,1,Group1,0
10.748299319727892,0,1,Group1,0
12.108843537414968,1,1,Group1,0
12.108843537414968,1,1,Group1,0
14.013605442176871,1,1,Group1,0
15.238095238095239,1,1,Group1,0
16.190476190476193,1,1,Group1,0
16.73469387755102,1,1,Group1,0
17.27891156462585,1,1,Group1,0
17.551020408163268,1,1,Group1,0
20.272108843537417,1,1,Group1,0
23.80952380952381,1,1,Group1,0
28.435374149659868,1,1,Group1,0
30.068027210884356,1,1,Group1,0
30.068027210884356,1,1,Group1,0
31.42857142857143,1,1,Group1,0
31.836734693877553,1,1,Group1,0
32.51700680272109,1,1,Group1,0
38.503401360544224,1,1,Group1,0
39.863945578231295,1,1,Group1,0
40.68027210884354,1,1,Group1,0
45.98639455782313,1,1,Group1,0
46.66666666666667,1,1,Group1,0
48.02721088435374,1,1,Group1,0
54.013605442176875,1,1,Group1,0
54.693877551020414,1,1,Group1,0
56.054421768707485,1,1,Group1,0
63.5374149659864,1,1,Group1,0
74.96598639455783,1,1,Group1,0
78.2312925170068,1,1,Group1,0
82.58503401360545,1,1,Group1,0
84.48979591836735,1,1,Group1,0
89.38775510204083,1,1,Group1,0
108.70748299319729,1,1,Group1,0
108.70748299319729,1,1,Group1,0
126.9387755102041,1,1,Group1,0
139.04761904761907,1,1,Group1,0
166.53061224489798,1,1,Group1,0
178.50340136054425,1,1,Group1,0
182.72108843537416,1,1,Group1,0
