time,status,treat,Group,curve
0.09090909090909091,1,1,Group1,0
0.2727272727272727,1,1,Group1,0
0.5,0,1,Group1,0
0.5,0,1,Group1,0
0.8181818181818182,1,1,Group1,0
0.8484848484848485,1,1,Group1,0
0.9545454545454546,0,1,Group1,0
1.1515151515151516,1,1,Group1,0
1.287878787878788,0,1,Group1,0
1.5454545454545454,1,1,Group1,0
1.696969696969697,0,1,Group1,0
1.9393939393939394,1,1,Group1,0
2.0454545454545454,0,1,Group1,0
2.1515151515151514,1,1,Group1,0
2.2121212121212124,1,1,Group1,0
2.3636363636363638,0,1,Group1,0
2.4242424242424243,1,1,Group1,0
2.4545454545454546,1,1,Group1,0
2.6515151515151514,0,1,Group1,0
2.757575757575758,1,1,Group1,0
2.8484848484848486,1,1,Group1,0
2.909090909090909,1,1,Group1,0
2.984848484848485,0,1,Group1,0
3.0606060606060606,1,1,Group1,0
3.484848484848485,0,1,Group1,0
3.484848484848485,0,1,Group1,0
3.9696969696969697,1,1,Group1,0
4.212121212121212,1,1,Group1,0
4.606060606060606,1,1,Group1,0
5.121212121212121,1,1,Group1,0
5.606060606060606,1,1,Group1,0
5.636363636363637,1,1,Group1,0
5.666666666666667,1,1,Group1,0
5.909090909090909,1,1,Group1,0
6.2727272727272725,1,1,Group1,0
6.636363636363637,1,1,Group1,0
7.2272727272727275,0,1,Group1,0
7.9393939393939394,1,1,Group1,0
9.606060606060606,1,1,Group1,0
10.287878787878789,0,1,Group1,0
10.287878787878789,0,1,Group1,0
11.151515151515152,1,1,Group1,0
11.424242424242426,0,1,Group1,0
11.878787878787879,1,1,Group1,0
12.303030303030303,1,1,Group1,0
12.727272727272728,1,1,Group1,0
13.030303030303031,0,1,Group1,0
13.484848484848484,1,1,Group1,0
13.803030303030303,0,1,Group1,0
14.272727272727273,1,1,Group1,0
14.727272727272727,0,1,Group1,0
15.212121212121213,1,1,Group1,0
15.227272727272727,0,1,Group1,0
16.03030303030303,1,1,Group1,0
