time,status,treat,Group,curve
0.2517482517482518,1,1,Group1,0
0.44055944055944063,1,1,Group1,0
0.9755244755244756,0,1,Group1,0
1.06993006993007,1,1,Group1,0
1.5734265734265735,0,1,Group1,0
2.4545454545454546,1,1,Group1,0
2.4545454545454546,1,1,Group1,0
2.6433566433566438,1,1,Group1,0
3.3041958041958046,0,1,Group1,0
4.027972027972028,0,1,Group1,0
4.153846153846154,1,1,Group1,0
4.814685314685315,0,1,Group1,0
5.664335664335665,1,1,Group1,0
6.671328671328672,0,1,Group1,0
6.671328671328672,0,1,Group1,0
7.678321678321679,1,1,Group1,0
7.930069930069931,1,1,Group1,0
7.930069930069931,1,1,Group1,0
8.276223776223777,0,1,Group1,0
8.937062937062938,1,1,Group1,0
9.18881118881119,1,1,Group1,0
12.083916083916085,0,1,Group1,0
12.272727272727273,1,1,Group1,0
12.587412587412588,1,1,Group1,0
14.916083916083917,1,1,Group1,0
15.16783216783217,1,1,Group1,0
16.143356643356647,0,1,Group1,0
17.433566433566437,1,1,Group1,0
17.496503496503497,1,1,Group1,0
18.566433566433567,1,1,Group1,0
18.62937062937063,1,1,Group1,0
19.195804195804197,1,1,Group1,0
20.51748251748252,1,1,Group1,0
23.475524475524477,1,1,Group1,0
25.993006993006997,1,1,Group1,0
35.62237762237763,0,1,Group1,0
35.81118881118881,1,1,Group1,0
35.84265734265735,0,1,Group1,0
36.12587412587413,1,1,Group1,0
44.4965034965035,0,1,Group1,0
52.993006993007,1,1,Group1,0
85.34265734265735,0,1,Group1,0
