time,status,treat,Group,curve
0.5664335664335665,0,1,Group1,0
0.7552447552447553,1,1,Group1,0
1.0384615384615385,0,1,Group1,0
1.604895104895105,0,1,Group1,0
1.6363636363636365,1,1,Group1,0
3.178321678321679,0,1,Group1,0
3.178321678321679,0,1,Group1,0
3.178321678321679,0,1,Group1,0
3.178321678321679,0,1,Group1,0
3.178321678321679,0,1,Group1,0
4.846153846153847,0,1,Group1,0
5.034965034965035,1,1,Group1,0
5.034965034965035,1,1,Group1,0
5.034965034965035,1,1,Group1,0
5.160839160839162,1,1,Group1,0
6.451048951048952,0,1,Group1,0
6.451048951048952,0,1,Group1,0
6.451048951048952,0,1,Group1,0
6.451048951048952,0,1,Group1,0
6.451048951048952,0,1,Group1,0
8.055944055944057,1,1,Group1,0
8.622377622377623,0,1,Group1,0
8.622377622377623,0,1,Group1,0
9.503496503496505,1,1,Group1,0
11.076923076923078,1,1,Group1,0
11.76923076923077,1,1,Group1,0
11.832167832167833,1,1,Group1,0
11.832167832167833,1,1,Group1,0
12.304195804195805,0,1,Group1,0
13.090909090909092,1,1,Group1,0
13.153846153846155,1,1,Group1,0
14.79020979020979,0,1,Group1,0
16.552447552447553,1,1,Group1,0
19.541958041958043,0,1,Group1,0
22.783216783216787,1,1,Group1,0
27.944055944055947,1,1,Group1,0
85.15384615384616,0,1,Group1,0
