time,status,treat,Group,curve
1.0410958904109588,0,1,Group1,0
1.0410958904109588,0,1,Group1,0
2.4075342465753424,0,1,Group1,0
2.4726027397260273,1,1,Group1,0
4.0993150684931505,0,1,Group1,0
4.0993150684931505,0,1,Group1,0
4.0993150684931505,0,1,Group1,0
4.0993150684931505,0,1,Group1,0
6.376712328767123,1,1,Group1,0
6.441780821917808,0,1,Group1,0
13.404109589041095,0,1,Group1,0
13.404109589041095,0,1,Group1,0
13.404109589041095,0,1,Group1,0
13.404109589041095,0,1,Group1,0
13.404109589041095,0,1,Group1,0
13.404109589041095,0,1,Group1,0
13.404109589041095,0,1,Group1,0
13.404109589041095,0,1,Group1,0
13.404109589041095,0,1,Group1,0
13.404109589041095,0,1,Group1,0
13.404109589041095,0,1,Group1,0
13.404109589041095,0,1,Group1,0
13.404109589041095,0,1,Group1,0
13.404109589041095,0,1,Group1,0
13.404109589041095,0,1,Group1,0
13.404109589041095,0,1,Group1,0
20.561643835616437,1,1,Group1,0
21.79794520547945,0,1,Group1,0
23.554794520547944,1,1,Group1,0
33.054794520547944,0,1,Group1,0
33.054794520547944,0,1,Group1,0
33.054794520547944,0,1,Group1,0
33.054794520547944,0,1,Group1,0
33.054794520547944,0,1,Group1,0
33.054794520547944,0,1,Group1,0
33.054794520547944,0,1,Group1,0
33.054794520547944,0,1,Group1,0
43.20547945205479,1,1,Group1,0
48.60616438356164,0,1,Group1,0
48.60616438356164,0,1,Group1,0
54.78767123287671,1,1,Group1,0
57.26027397260273,0,1,Group1,0
60.12328767123287,1,1,Group1,0
85.10958904109589,0,1,Group1,0
110.74657534246575,1,1,Group1,0
110.74657534246575,1,1,Group1,0
143.41095890410958,0,1,Group1,0
176.72602739726025,0,1,Group1,0
176.72602739726025,0,1,Group1,0
