time,status,treat,Group,curve
0.16551724137931034,1,1,Group1,0
0.5172413793103449,0,1,Group1,0
0.8275862068965517,1,1,Group1,0
1.1379310344827585,0,1,Group1,0
1.5310344827586206,1,1,Group1,0
1.593103448275862,0,1,Group1,0
1.6137931034482758,1,1,Group1,0
3.227586206896552,0,1,Group1,0
3.227586206896552,0,1,Group1,0
3.227586206896552,0,1,Group1,0
3.227586206896552,0,1,Group1,0
3.227586206896552,0,1,Group1,0
3.227586206896552,0,1,Group1,0
5.048275862068966,1,1,Group1,0
5.358620689655172,0,1,Group1,0
5.379310344827586,1,1,Group1,0
7.531034482758621,0,1,Group1,0
7.531034482758621,0,1,Group1,0
7.531034482758621,0,1,Group1,0
7.531034482758621,0,1,Group1,0
7.531034482758621,0,1,Group1,0
7.531034482758621,0,1,Group1,0
7.531034482758621,0,1,Group1,0
9.76551724137931,1,1,Group1,0
9.868965517241378,0,1,Group1,0
10.055172413793104,0,1,Group1,0
10.137931034482758,1,1,Group1,0
10.179310344827586,1,1,Group1,0
11.006896551724138,0,1,Group1,0
11.006896551724138,0,1,Group1,0
11.006896551724138,0,1,Group1,0
11.006896551724138,0,1,Group1,0
11.006896551724138,0,1,Group1,0
11.006896551724138,0,1,Group1,0
11.006896551724138,0,1,Group1,0
11.006896551724138,0,1,Group1,0
12.041379310344828,1,1,Group1,0
12.124137931034483,1,1,Group1,0
12.703448275862069,1,1,Group1,0
13.427586206896551,0,1,Group1,0
14.358620689655172,1,1,Group1,0
14.606896551724137,1,1,Group1,0
15.827586206896552,0,1,Group1,0
16.717241379310344,1,1,Group1,0
16.882758620689653,1,1,Group1,0
17.544827586206896,1,1,Group1,0
18.662068965517243,0,1,Group1,0
19.820689655172412,1,1,Group1,0
22.69655172413793,0,1,Group1,0
25.779310344827586,1,1,Group1,0
25.986206896551725,1,1,Group1,0
29.834482758620688,0,1,Group1,0
33.88965517241379,1,1,Group1,0
38.52413793103448,0,1,Group1,0
38.52413793103448,0,1,Group1,0
43.36551724137931,1,1,Group1,0
51.93103448275862,1,1,Group1,0
55.53103448275862,0,1,Group1,0
