time,status,treat,Group,curve
0.06716417910447761,0,1,Group1,0
0.14925373134328357,1,1,Group1,0
0.26492537313432835,0,1,Group1,0
0.26492537313432835,0,1,Group1,0
0.26492537313432835,0,1,Group1,0
0.3880597014925373,1,1,Group1,0
1.9701492537313432,0,1,Group1,0
1.9701492537313432,0,1,Group1,0
1.9701492537313432,0,1,Group1,0
1.9701492537313432,0,1,Group1,0
1.9701492537313432,0,1,Group1,0
1.9701492537313432,0,1,Group1,0
1.9701492537313432,0,1,Group1,0
1.9701492537313432,0,1,Group1,0
1.9701492537313432,0,1,Group1,0
1.9701492537313432,0,1,Group1,0
1.9701492537313432,0,1,Group1,0
1.9701492537313432,0,1,Group1,0
1.9701492537313432,0,1,Group1,0
1.9701492537313432,0,1,Group1,0
1.9701492537313432,0,1,Group1,0
1.9701492537313432,0,1,Group1,0
1.9701492537313432,0,1,Group1,0
1.9701492537313432,0,1,Group1,0
1.9701492537313432,0,1,Group1,0
1.9701492537313432,0,1,Group1,0
1.9701492537313432,0,1,Group1,0
1.9701492537313432,0,1,Group1,0
1.9701492537313432,0,1,Group1,0
1.9701492537313432,0,1,Group1,0
1.9701492537313432,0,1,Group1,0
1.9701492537313432,0,1,Group1,0
1.9701492537313432,0,1,Group1,0
1.9701492537313432,0,1,Group1,0
1.9701492537313432,0,1,Group1,0
1.9701492537313432,0,1,Group1,0
1.9701492537313432,0,1,Group1,0
1.9701492537313432,0,1,Group1,0
1.9701492537313432,0,1,Group1,0
1.9701492537313432,0,1,Group1,0
1.9701492537313432,0,1,Group1,0
1.9701492537313432,0,1,Group1,0
3.574626865671642,1,1,Group1,0
4.0111940298507465,0,1,Group1,0
4.0111940298507465,0,1,Group1,0
4.0111940298507465,0,1,Group1,0
4.0111940298507465,0,1,Group1,0
4.0111940298507465,0,1,Group1,0
4.0111940298507465,0,1,Group1,0
4.485074626865671,1,1,Group1,0
4.802238805970149,0,1,Group1,0
4.802238805970149,0,1,Group1,0
4.802238805970149,0,1,Group1,0
5.156716417910448,1,1,Group1,0
5.388059701492537,1,1,Group1,0
5.503731343283582,0,1,Group1,0
5.634328358208955,1,1,Group1,0
5.649253731343284,1,1,Group1,0
5.75,0,1,Group1,0
5.865671641791045,1,1,Group1,0
5.888059701492537,1,1,Group1,0
5.902985074626866,1,1,Group1,0
5.902985074626866,1,1,Group1,0
6.037313432835821,1,1,Group1,0
6.544776119402985,1,1,Group1,0
6.559701492537314,1,1,Group1,0
8.082089552238806,0,1,Group1,0
8.082089552238806,0,1,Group1,0
9.611940298507463,0,1,Group1,0
9.623134328358208,0,1,Group1,0
