time,status,treat,Group,curve
0.32333333333333336,0,1,Group1,0
0.32333333333333336,0,1,Group1,0
0.32333333333333336,0,1,Group1,0
0.66,1,1,Group1,0
0.6633333333333333,0,1,Group1,0
1.08,0,1,Group1,0
1.08,0,1,Group1,0
1.08,0,1,Group1,0
1.08,0,1,Group1,0
1.5266666666666668,1,1,Group1,0
2.5433333333333334,0,1,Group1,0
2.5433333333333334,0,1,Group1,0
2.5433333333333334,0,1,Group1,0
2.5433333333333334,0,1,Group1,0
2.5433333333333334,0,1,Group1,0
2.5433333333333334,0,1,Group1,0
2.5433333333333334,0,1,Group1,0
2.5433333333333334,0,1,Group1,0
2.5433333333333334,0,1,Group1,0
2.5433333333333334,0,1,Group1,0
2.5433333333333334,0,1,Group1,0
2.5433333333333334,0,1,Group1,0
2.5433333333333334,0,1,Group1,0
2.5433333333333334,0,1,Group1,0
2.5433333333333334,0,1,Group1,0
2.5433333333333334,0,1,Group1,0
2.5433333333333334,0,1,Group1,0
2.5433333333333334,0,1,Group1,0
2.5433333333333334,0,1,Group1,0
3.5733333333333337,1,1,Group1,0
3.66,1,1,Group1,0
3.666666666666667,1,1,Group1,0
3.6933333333333334,1,1,Group1,0
4.056666666666667,0,1,Group1,0
4.056666666666667,0,1,Group1,0
4.056666666666667,0,1,Group1,0
4.056666666666667,0,1,Group1,0
4.056666666666667,0,1,Group1,0
4.446666666666667,1,1,Group1,0
4.506666666666667,1,1,Group1,0
4.626666666666667,1,1,Group1,0
4.633333333333334,1,1,Group1,0
4.653333333333333,1,1,Group1,0
4.836666666666667,0,1,Group1,0
5.046666666666667,1,1,Group1,0
5.486666666666667,1,1,Group1,0
5.800000000000001,1,1,Group1,0
6.033333333333334,1,1,Group1,0
6.28,1,1,Group1,0
8.280000000000001,1,1,Group1,0
