time,status,treat,Group,curve
0.3963963963963964,1,1,Group1,0
2.2972972972972974,0,1,Group1,0
2.2972972972972974,0,1,Group1,0
2.2972972972972974,0,1,Group1,0
2.2972972972972974,0,1,Group1,0
2.2972972972972974,0,1,Group1,0
2.2972972972972974,0,1,Group1,0
4.288288288288288,1,1,Group1,0
5.162162162162161,0,1,Group1,0
5.162162162162161,0,1,Group1,0
5.162162162162161,0,1,Group1,0
5.162162162162161,0,1,Group1,0
5.162162162162161,0,1,Group1,0
5.162162162162161,0,1,Group1,0
6.126126126126126,1,1,Group1,0
6.900900900900901,0,1,Group1,0
6.900900900900901,0,1,Group1,0
7.747747747747748,1,1,Group1,0
9.864864864864865,0,1,Group1,0
9.864864864864865,0,1,Group1,0
9.864864864864865,0,1,Group1,0
9.864864864864865,0,1,Group1,0
9.864864864864865,0,1,Group1,0
11.99099099099099,0,1,Group1,0
11.99099099099099,0,1,Group1,0
11.99099099099099,0,1,Group1,0
12.072072072072071,1,1,Group1,0
12.423423423423422,0,1,Group1,0
12.423423423423422,0,1,Group1,0
12.846846846846846,1,1,Group1,0
13.423423423423422,0,1,Group1,0
13.423423423423422,0,1,Group1,0
13.423423423423422,0,1,Group1,0
14.09009009009009,1,1,Group1,0
14.234234234234235,1,1,Group1,0
14.684684684684685,1,1,Group1,0
15.00900900900901,1,1,Group1,0
15.027027027027026,1,1,Group1,0
15.045045045045045,1,1,Group1,0
16.34234234234234,1,1,Group1,0
23.945945945945944,0,1,Group1,0
23.972972972972972,0,1,Group1,0
