time,status,treat,Group,curve
1.0776699029126213,0,1,Group1,0
1.0776699029126213,0,1,Group1,0
1.0776699029126213,0,1,Group1,0
1.0776699029126213,0,1,Group1,0
1.0776699029126213,0,1,Group1,0
1.0776699029126213,0,1,Group1,0
1.0776699029126213,0,1,Group1,0
1.0776699029126213,0,1,Group1,0
1.0776699029126213,0,1,Group1,0
1.0776699029126213,0,1,Group1,0
1.0776699029126213,0,1,Group1,0
1.0776699029126213,0,1,Group1,0
1.0776699029126213,0,1,Group1,0
1.0776699029126213,0,1,Group1,0
1.0776699029126213,0,1,Group1,0
1.0776699029126213,0,1,Group1,0
1.0776699029126213,0,1,Group1,0
1.0776699029126213,0,1,Group1,0
1.0776699029126213,0,1,Group1,0
1.0776699029126213,0,1,Group1,0
2.1844660194174756,1,1,Group1,0
2.3009708737864076,1,1,Group1,0
3.6213592233009706,0,1,Group1,0
3.6213592233009706,0,1,Group1,0
3.6213592233009706,0,1,Group1,0
3.6213592233009706,0,1,Group1,0
3.6213592233009706,0,1,Group1,0
3.6213592233009706,0,1,Group1,0
3.6213592233009706,0,1,Group1,0
3.6213592233009706,0,1,Group1,0
3.6213592233009706,0,1,Group1,0
3.6213592233009706,0,1,Group1,0
3.6213592233009706,0,1,Group1,0
4.961165048543689,0,1,Group1,0
4.961165048543689,0,1,Group1,0
4.975728155339805,0,1,Group1,0
4.985436893203883,0,1,Group1,0
4.990291262135922,1,1,Group1,0
5.281553398058252,0,1,Group1,0
5.3203883495145625,1,1,Group1,0
5.514563106796116,0,1,Group1,0
5.766990291262135,1,1,Group1,0
6.650485436893204,0,1,Group1,0
6.650485436893204,0,1,Group1,0
6.650485436893204,0,1,Group1,0
6.650485436893204,0,1,Group1,0
6.650485436893204,0,1,Group1,0
6.650485436893204,0,1,Group1,0
7.5533980582524265,1,1,Group1,0
7.5533980582524265,1,1,Group1,0
7.694174757281553,0,1,Group1,0
7.912621359223301,1,1,Group1,0
8.111650485436893,0,1,Group1,0
8.359223300970873,1,1,Group1,0
8.864077669902912,1,1,Group1,0
10.655339805825243,0,1,Group1,0
