time,status,treat,Group,curve
0.22,0,1,Group1,0
0.45333333333333337,1,1,Group1,0
0.9733333333333334,0,1,Group1,0
0.9733333333333334,0,1,Group1,0
0.9733333333333334,0,1,Group1,0
0.9733333333333334,0,1,Group1,0
1.5266666666666668,1,1,Group1,0
2.39,0,1,Group1,0
2.39,0,1,Group1,0
2.39,0,1,Group1,0
3.286666666666667,1,1,Group1,0
3.4400000000000004,1,1,Group1,0
3.4800000000000004,1,1,Group1,0
3.726666666666667,1,1,Group1,0
4.073333333333333,0,1,Group1,0
4.446666666666667,1,1,Group1,0
4.486666666666667,1,1,Group1,0
4.546666666666667,1,1,Group1,0
4.66,1,1,Group1,0
4.666666666666667,1,1,Group1,0
4.926666666666667,1,1,Group1,0
5.04,1,1,Group1,0
5.246666666666667,1,1,Group1,0
5.28,1,1,Group1,0
5.286666666666667,1,1,Group1,0
5.333333333333334,1,1,Group1,0
5.526666666666667,1,1,Group1,0
5.533333333333334,1,1,Group1,0
5.640000000000001,1,1,Group1,0
5.713333333333334,1,1,Group1,0
5.7266666666666675,1,1,Group1,0
5.733333333333333,1,1,Group1,0
5.833333333333334,1,1,Group1,0
5.840000000000001,1,1,Group1,0
8.16,0,1,Group1,0
