time,status,treat,Group,curve
2.176056338028169,0,1,Group1,0
2.176056338028169,0,1,Group1,0
2.176056338028169,0,1,Group1,0
2.176056338028169,0,1,Group1,0
2.176056338028169,0,1,Group1,0
4.394366197183099,1,1,Group1,0
5.204225352112676,0,1,Group1,0
5.204225352112676,0,1,Group1,0
5.204225352112676,0,1,Group1,0
5.204225352112676,0,1,Group1,0
6.084507042253521,1,1,Group1,0
6.690140845070423,1,1,Group1,0
6.746478873239437,1,1,Group1,0
7.338028169014085,1,1,Group1,0
7.943661971830986,1,1,Group1,0
9.183098591549296,1,1,Group1,0
9.774647887323944,0,1,Group1,0
9.774647887323944,0,1,Group1,0
10.422535211267606,1,1,Group1,0
10.43661971830986,1,1,Group1,0
10.577464788732394,1,1,Group1,0
10.605633802816902,1,1,Group1,0
10.647887323943662,1,1,Group1,0
10.67605633802817,1,1,Group1,0
10.788732394366198,1,1,Group1,0
10.887323943661972,1,1,Group1,0
11.0,1,1,Group1,0
11.04225352112676,0,1,Group1,0
11.15492957746479,1,1,Group1,0
11.15492957746479,1,1,Group1,0
11.253521126760564,1,1,Group1,0
11.309859154929578,1,1,Group1,0
11.408450704225352,1,1,Group1,0
11.450704225352112,1,1,Group1,0
11.802816901408452,1,1,Group1,0
12.169014084507044,0,1,Group1,0
12.591549295774648,1,1,Group1,0
12.943661971830986,1,1,Group1,0
13.169014084507042,1,1,Group1,0
13.295774647887324,0,1,Group1,0
13.492957746478874,1,1,Group1,0
18.788732394366196,1,1,Group1,0
