time,status,treat,Group,curve
0.28378378378378377,1,1,Group1,0
1.7094594594594597,0,1,Group1,0
1.7094594594594597,0,1,Group1,0
1.7094594594594597,0,1,Group1,0
3.1486486486486487,1,1,Group1,0
3.2972972972972974,1,1,Group1,0
3.6283783783783785,0,1,Group1,0
4.013513513513514,1,1,Group1,0
4.722972972972974,0,1,Group1,0
4.722972972972974,0,1,Group1,0
4.722972972972974,0,1,Group1,0
5.527027027027027,1,1,Group1,0
5.844594594594595,0,1,Group1,0
6.22972972972973,1,1,Group1,0
6.472972972972974,1,1,Group1,0
6.47972972972973,0,1,Group1,0
6.554054054054054,1,1,Group1,0
6.70945945945946,0,1,Group1,0
6.9324324324324325,1,1,Group1,0
7.25,0,1,Group1,0
7.25,0,1,Group1,0
7.621621621621622,1,1,Group1,0
7.716216216216217,1,1,Group1,0
7.722972972972974,0,1,Group1,0
7.891891891891892,1,1,Group1,0
8.121621621621623,1,1,Group1,0
8.47972972972973,0,1,Group1,0
8.878378378378379,1,1,Group1,0
8.932432432432433,1,1,Group1,0
9.371621621621621,0,1,Group1,0
9.804054054054054,0,1,Group1,0
9.851351351351353,1,1,Group1,0
10.445945945945947,1,1,Group1,0
10.445945945945947,1,1,Group1,0
10.45945945945946,1,1,Group1,0
10.5,1,1,Group1,0
10.635135135135135,1,1,Group1,0
10.72972972972973,1,1,Group1,0
10.756756756756758,1,1,Group1,0
10.77027027027027,1,1,Group1,0
10.79054054054054,0,1,Group1,0
10.797297297297298,1,1,Group1,0
10.972972972972974,1,1,Group1,0
11.04054054054054,1,1,Group1,0
11.054054054054054,1,1,Group1,0
11.054054054054054,1,1,Group1,0
11.25,0,1,Group1,0
11.472972972972974,1,1,Group1,0
11.554054054054054,0,1,Group1,0
11.662162162162163,1,1,Group1,0
11.95945945945946,1,1,Group1,0
11.986486486486488,1,1,Group1,0
12.175675675675677,1,1,Group1,0
12.797297297297298,1,1,Group1,0
17.60810810810811,0,1,Group1,0
