time,status,treat,Group,curve
0.6145833333333333,1,1,Group1,0
1.28125,0,1,Group1,0
1.28125,0,1,Group1,0
1.9479166666666665,1,1,Group1,0
2.708333333333333,0,1,Group1,0
2.708333333333333,0,1,Group1,0
2.708333333333333,0,1,Group1,0
2.708333333333333,0,1,Group1,0
2.708333333333333,0,1,Group1,0
3.5,1,1,Group1,0
3.71875,0,1,Group1,0
3.96875,1,1,Group1,0
4.130208333333333,0,1,Group1,0
4.291666666666666,1,1,Group1,0
4.515625,0,1,Group1,0
4.770833333333333,1,1,Group1,0
4.791666666666666,1,1,Group1,0
5.041666666666666,0,1,Group1,0
5.322916666666666,1,1,Group1,0
5.333333333333333,1,1,Group1,0
5.479166666666666,1,1,Group1,0
5.78125,0,1,Group1,0
5.78125,0,1,Group1,0
6.114583333333333,1,1,Group1,0
6.197916666666666,1,1,Group1,0
6.229166666666666,1,1,Group1,0
6.625,1,1,Group1,0
6.65625,1,1,Group1,0
6.666666666666666,1,1,Group1,0
6.666666666666666,1,1,Group1,0
6.770833333333333,1,1,Group1,0
6.802083333333333,1,1,Group1,0
6.96875,1,1,Group1,0
7.135416666666666,1,1,Group1,0
7.135416666666666,1,1,Group1,0
7.15625,1,1,Group1,0
7.208333333333333,1,1,Group1,0
7.333333333333333,1,1,Group1,0
7.510416666666666,1,1,Group1,0
7.552083333333333,1,1,Group1,0
7.557291666666666,0,1,Group1,0
7.770833333333333,1,1,Group1,0
7.833333333333333,1,1,Group1,0
7.84375,1,1,Group1,0
7.875,1,1,Group1,0
7.895833333333333,1,1,Group1,0
7.916666666666666,1,1,Group1,0
8.083333333333332,1,1,Group1,0
8.09375,1,1,Group1,0
8.166666666666666,1,1,Group1,0
8.385416666666666,1,1,Group1,0
8.635416666666666,1,1,Group1,0
8.65625,1,1,Group1,0
9.447916666666666,1,1,Group1,0
13.208333333333332,1,1,Group1,0
13.208333333333332,1,1,Group1,0
