time,status,treat,Group,curve
0.1044776119402985,1,1,Group1,0
1.1865671641791045,0,1,Group1,0
1.1865671641791045,0,1,Group1,0
2.2686567164179103,1,1,Group1,0
4.388059701492537,0,1,Group1,0
4.388059701492537,0,1,Group1,0
4.388059701492537,0,1,Group1,0
4.388059701492537,0,1,Group1,0
4.388059701492537,0,1,Group1,0
4.388059701492537,0,1,Group1,0
4.388059701492537,0,1,Group1,0
4.388059701492537,0,1,Group1,0
6.567164179104478,1,1,Group1,0
6.791044776119403,1,1,Group1,0
7.23134328358209,0,1,Group1,0
7.664179104477611,0,1,Group1,0
7.731343283582089,1,1,Group1,0
8.283582089552239,0,1,Group1,0
8.91044776119403,1,1,Group1,0
9.432835820895523,0,1,Group1,0
9.432835820895523,0,1,Group1,0
9.432835820895523,0,1,Group1,0
9.432835820895523,0,1,Group1,0
10.0,1,1,Group1,0
10.208955223880597,1,1,Group1,0
10.746268656716417,0,1,Group1,0
11.328358208955224,1,1,Group1,0
11.507462686567164,1,1,Group1,0
11.671641791044776,1,1,Group1,0
11.791044776119403,1,1,Group1,0
12.559701492537314,0,1,Group1,0
13.343283582089551,1,1,Group1,0
13.44776119402985,0,1,Group1,0
13.567164179104477,1,1,Group1,0
13.791044776119403,0,1,Group1,0
14.014925373134329,1,1,Group1,0
14.059701492537313,1,1,Group1,0
14.567164179104477,1,1,Group1,0
14.656716417910447,1,1,Group1,0
14.686567164179104,1,1,Group1,0
14.925373134328357,0,1,Group1,0
15.223880597014926,1,1,Group1,0
15.567164179104477,1,1,Group1,0
15.597014925373134,1,1,Group1,0
15.865671641791044,1,1,Group1,0
15.985074626865671,1,1,Group1,0
16.01492537313433,1,1,Group1,0
16.044776119402986,1,1,Group1,0
16.059701492537314,1,1,Group1,0
16.104477611940297,1,1,Group1,0
16.19402985074627,1,1,Group1,0
16.671641791044777,1,1,Group1,0
16.82089552238806,1,1,Group1,0
16.8955223880597,1,1,Group1,0
17.089552238805968,1,1,Group1,0
19.582089552238806,0,1,Group1,0
