time,status,treat,Group,curve
0.7378640776699028,0,1,Group1,0
0.7378640776699028,0,1,Group1,0
0.7378640776699028,0,1,Group1,0
0.7378640776699028,0,1,Group1,0
1.495145631067961,1,1,Group1,0
1.8155339805825241,1,1,Group1,0
2.199029126213592,0,1,Group1,0
2.199029126213592,0,1,Group1,0
2.6213592233009706,1,1,Group1,0
2.839805825242718,0,1,Group1,0
2.839805825242718,0,1,Group1,0
2.839805825242718,0,1,Group1,0
2.839805825242718,0,1,Group1,0
3.097087378640776,1,1,Group1,0
3.5776699029126213,0,1,Group1,0
3.5776699029126213,0,1,Group1,0
4.106796116504854,1,1,Group1,0
4.427184466019417,0,1,Group1,0
4.766990291262135,1,1,Group1,0
4.9029126213592225,1,1,Group1,0
5.126213592233009,1,1,Group1,0
5.281553398058252,1,1,Group1,0
5.4368932038834945,0,1,Group1,0
5.466019417475728,1,1,Group1,0
5.699029126213592,1,1,Group1,0
5.927184466019417,0,1,Group1,0
6.194174757281552,1,1,Group1,0
6.194174757281552,1,1,Group1,0
6.2621359223300965,1,1,Group1,0
6.485436893203883,1,1,Group1,0
6.655339805825243,0,1,Group1,0
6.660194174757281,1,1,Group1,0
6.9029126213592225,1,1,Group1,0
7.184466019417475,1,1,Group1,0
7.184466019417475,1,1,Group1,0
7.45631067961165,1,1,Group1,0
7.592233009708737,1,1,Group1,0
7.990291262135922,1,1,Group1,0
8.601941747572814,1,1,Group1,0
8.650485436893202,1,1,Group1,0
8.932038834951456,1,1,Group1,0
9.145631067961164,0,1,Group1,0
9.378640776699028,1,1,Group1,0
9.601941747572814,1,1,Group1,0
9.815533980582524,1,1,Group1,0
9.834951456310678,1,1,Group1,0
10.242718446601941,1,1,Group1,0
10.291262135922329,1,1,Group1,0
10.446601941747572,1,1,Group1,0
12.135922330097086,1,1,Group1,0
12.213592233009708,1,1,Group1,0
12.514563106796116,1,1,Group1,0
12.611650485436892,1,1,Group1,0
12.718446601941746,1,1,Group1,0
