time,status,treat,Group,curve
2.025,1,1,Group1,0
2.575,1,1,Group1,0
2.85,1,1,Group1,0
3.975,1,1,Group1,0
4.2250000000000005,1,1,Group1,0
4.65,1,1,Group1,0
4.95,0,1,Group1,0
5.3500000000000005,1,1,Group1,0
5.625,1,1,Group1,0
5.7,1,1,Group1,0
6.050000000000001,1,1,Group1,0
6.525,1,1,Group1,0
6.625,1,1,Group1,0
7.1000000000000005,1,1,Group1,0
7.95,1,1,Group1,0
8.275,1,1,Group1,0
8.5,1,1,Group1,0
8.700000000000001,1,1,Group1,0
8.825000000000001,1,1,Group1,0
9.125,1,1,Group1,0
9.725000000000001,1,1,Group1,0
10.25,1,1,Group1,0
10.375,1,1,Group1,0
10.450000000000001,1,1,Group1,0
11.100000000000001,1,1,Group1,0
11.25,1,1,Group1,0
11.850000000000001,1,1,Group1,0
11.950000000000001,1,1,Group1,0
12.125,1,1,Group1,0
12.3,1,1,Group1,0
12.350000000000001,1,1,Group1,0
12.625,1,1,Group1,0
12.625,1,1,Group1,0
12.8,1,1,Group1,0
13.65,1,1,Group1,0
14.025,1,1,Group1,0
15.175,1,1,Group1,0
15.700000000000001,1,1,Group1,0
15.700000000000001,1,1,Group1,0
16.150000000000002,1,1,Group1,0
16.7,1,1,Group1,0
18.425,1,1,Group1,0
19.05,1,1,Group1,0
19.725,1,1,Group1,0
22.675,1,1,Group1,0
27.150000000000002,1,1,Group1,0
33.925000000000004,1,1,Group1,0
