time,status,treat,Group,curve
2.896551724137931,1,1,Group1,0
3.7241379310344827,1,1,Group1,0
3.8275862068965516,1,1,Group1,0
4.448275862068965,1,1,Group1,0
4.448275862068965,1,1,Group1,0
4.655172413793103,0,1,Group1,0
4.991379310344827,1,1,Group1,0
5.146551724137931,1,1,Group1,0
6.206896551724138,1,1,Group1,0
6.620689655172414,1,1,Group1,0
6.931034482758621,1,1,Group1,0
8.71551724137931,1,1,Group1,0
8.71551724137931,1,1,Group1,0
8.948275862068966,1,1,Group1,0
9.077586206896552,1,1,Group1,0
10.112068965517242,1,1,Group1,0
10.706896551724137,1,1,Group1,0
11.431034482758621,1,1,Group1,0
11.431034482758621,1,1,Group1,0
11.456896551724137,1,1,Group1,0
12.206896551724137,1,1,Group1,0
12.905172413793103,1,1,Group1,0
13.137931034482758,1,1,Group1,0
13.241379310344827,1,1,Group1,0
13.267241379310345,1,1,Group1,0
13.693965517241379,0,1,Group1,0
14.301724137931034,1,1,Group1,0
14.689655172413794,1,1,Group1,0
14.818965517241379,1,1,Group1,0
15.879310344827585,1,1,Group1,0
16.655172413793103,1,1,Group1,0
16.70689655172414,1,1,Group1,0
16.862068965517242,1,1,Group1,0
18.56896551724138,1,1,Group1,0
18.801724137931036,1,1,Group1,0
20.353448275862068,1,1,Group1,0
21.594827586206897,1,1,Group1,0
22.603448275862068,1,1,Group1,0
24.620689655172413,1,1,Group1,0
26.637931034482758,1,1,Group1,0
26.818965517241377,1,1,Group1,0
29.50862068965517,1,1,Group1,0
34.88793103448276,1,1,Group1,0
