time,status,treat,Group,curve
0.30952380952380953,1,1,Group1,0
2.7976190476190474,0,1,Group1,0
2.7976190476190474,0,1,Group1,0
2.7976190476190474,0,1,Group1,0
2.7976190476190474,0,1,Group1,0
2.7976190476190474,0,1,Group1,0
2.7976190476190474,0,1,Group1,0
2.7976190476190474,0,1,Group1,0
2.7976190476190474,0,1,Group1,0
2.7976190476190474,0,1,Group1,0
2.7976190476190474,0,1,Group1,0
2.7976190476190474,0,1,Group1,0
2.7976190476190474,0,1,Group1,0
2.7976190476190474,0,1,Group1,0
2.7976190476190474,0,1,Group1,0
2.7976190476190474,0,1,Group1,0
5.309523809523809,1,1,Group1,0
5.666666666666666,1,1,Group1,0
6.053571428571428,0,1,Group1,0
6.5,1,1,Group1,0
6.523809523809524,1,1,Group1,0
9.06547619047619,0,1,Group1,0
11.666666666666666,1,1,Group1,0
13.744047619047617,0,1,Group1,0
