time,status,treat,Group,curve
0.3495145631067961,0,1,Group1,0
0.3495145631067961,0,1,Group1,0
0.3495145631067961,0,1,Group1,0
0.3495145631067961,0,1,Group1,0
0.3495145631067961,0,1,Group1,0
0.7281553398058251,0,1,Group1,0
0.7378640776699028,1,1,Group1,0
1.1262135922330097,0,1,Group1,0
1.1262135922330097,0,1,Group1,0
1.1262135922330097,0,1,Group1,0
1.1262135922330097,0,1,Group1,0
1.1262135922330097,0,1,Group1,0
1.1262135922330097,0,1,Group1,0
1.5145631067961163,1,1,Group1,0
1.7864077669902911,0,1,Group1,0
1.7864077669902911,0,1,Group1,0
1.7864077669902911,0,1,Group1,0
1.7864077669902911,0,1,Group1,0
2.1553398058252426,1,1,Group1,0
2.524271844660194,0,1,Group1,0
2.524271844660194,0,1,Group1,0
2.524271844660194,0,1,Group1,0
2.524271844660194,0,1,Group1,0
2.524271844660194,0,1,Group1,0
2.524271844660194,0,1,Group1,0
2.932038834951456,0,1,Group1,0
2.990291262135922,1,1,Group1,0
3.5631067961165046,0,1,Group1,0
3.5631067961165046,0,1,Group1,0
3.5631067961165046,0,1,Group1,0
3.5631067961165046,0,1,Group1,0
3.5631067961165046,0,1,Group1,0
3.5631067961165046,0,1,Group1,0
3.5631067961165046,0,1,Group1,0
3.5631067961165046,0,1,Group1,0
3.5631067961165046,0,1,Group1,0
4.233009708737864,1,1,Group1,0
5.16504854368932,0,1,Group1,0
5.16504854368932,0,1,Group1,0
5.16504854368932,0,1,Group1,0
5.16504854368932,0,1,Group1,0
6.194174757281552,1,1,Group1,0
6.533980582524271,0,1,Group1,0
6.893203883495145,1,1,Group1,0
7.281553398058252,0,1,Group1,0
7.766990291262135,1,1,Group1,0
7.9029126213592225,1,1,Group1,0
8.427184466019417,1,1,Group1,0
8.640776699029125,0,1,Group1,0
8.95145631067961,1,1,Group1,0
9.087378640776699,1,1,Group1,0
9.601941747572816,0,1,Group1,0
9.601941747572816,0,1,Group1,0
10.213592233009708,1,1,Group1,0
10.95145631067961,0,1,Group1,0
11.78640776699029,1,1,Group1,0
13.12621359223301,1,1,Group1,0
16.679611650485437,0,1,Group1,0
20.33009708737864,1,1,Group1,0
25.398058252427184,0,1,Group1,0
