time,status,treat,Group,curve
1.4388489208633093,1,1,Group1,0
1.870503597122302,1,1,Group1,0
4.568345323741006,0,1,Group1,0
4.568345323741006,0,1,Group1,0
7.625899280575539,1,1,Group1,0
11.510791366906474,0,1,Group1,0
11.510791366906474,0,1,Group1,0
11.510791366906474,0,1,Group1,0
15.53956834532374,1,1,Group1,0
18.992805755395683,0,1,Group1,0
18.992805755395683,0,1,Group1,0
18.992805755395683,0,1,Group1,0
18.992805755395683,0,1,Group1,0
18.992805755395683,0,1,Group1,0
18.992805755395683,0,1,Group1,0
18.992805755395683,0,1,Group1,0
22.589928057553955,1,1,Group1,0
25.8273381294964,0,1,Group1,0
25.8273381294964,0,1,Group1,0
25.8273381294964,0,1,Group1,0
25.8273381294964,0,1,Group1,0
25.8273381294964,0,1,Group1,0
25.8273381294964,0,1,Group1,0
29.424460431654676,1,1,Group1,0
31.043165467625897,0,1,Group1,0
31.043165467625897,0,1,Group1,0
31.043165467625897,0,1,Group1,0
32.73381294964029,1,1,Group1,0
34.89208633093525,1,1,Group1,0
34.89208633093525,1,1,Group1,0
36.58273381294964,0,1,Group1,0
36.690647482014384,1,1,Group1,0
41.007194244604314,1,1,Group1,0
48.41726618705036,1,1,Group1,0
52.086330935251794,1,1,Group1,0
53.956834532374096,1,1,Group1,0
61.97841726618705,0,1,Group1,0
61.97841726618705,0,1,Group1,0
61.97841726618705,0,1,Group1,0
70.35971223021582,1,1,Group1,0
97.33812949640287,0,1,Group1,0
