time,status,treat,Group,curve
2.6625,0,1,Group1,0
2.6625,0,1,Group1,0
2.6625,0,1,Group1,0
2.6625,0,1,Group1,0
2.6625,0,1,Group1,0
2.6625,0,1,Group1,0
2.6625,0,1,Group1,0
2.6625,0,1,Group1,0
2.6625,0,1,Group1,0
2.6625,0,1,Group1,0
2.6625,0,1,Group1,0
2.6625,0,1,Group1,0
2.6625,0,1,Group1,0
5.4,1,1,Group1,0
6.45,0,1,Group1,0
6.45,0,1,Group1,0
6.45,0,1,Group1,0
6.45,0,1,Group1,0
6.45,0,1,Group1,0
6.45,0,1,Group1,0
7.625,1,1,Group1,0
8.0125,0,1,Group1,0
8.5,1,1,Group1,0
8.525,1,1,Group1,0
10.4375,0,1,Group1,0
10.4375,0,1,Group1,0
10.4375,0,1,Group1,0
10.4375,0,1,Group1,0
10.4375,0,1,Group1,0
10.4375,0,1,Group1,0
12.475000000000001,1,1,Group1,0
12.8625,0,1,Group1,0
12.950000000000001,1,1,Group1,0
13.3625,0,1,Group1,0
13.8625,0,1,Group1,0
13.875,1,1,Group1,0
14.6125,0,1,Group1,0
14.6125,0,1,Group1,0
15.475000000000001,1,1,Group1,0
16.075000000000003,0,1,Group1,0
16.8,1,1,Group1,0
17.525000000000002,1,1,Group1,0
18.1125,0,1,Group1,0
18.825,1,1,Group1,0
19.150000000000002,1,1,Group1,0
21.862500000000004,0,1,Group1,0
21.862500000000004,0,1,Group1,0
21.862500000000004,0,1,Group1,0
24.700000000000003,1,1,Group1,0
24.75,1,1,Group1,0
25.6,1,1,Group1,0
25.625,1,1,Group1,0
29.2875,0,1,Group1,0
33.075,0,1,Group1,0
