time,status,treat,Group,curve
1.1702127659574466,0,1,Group1,0
1.1702127659574466,0,1,Group1,0
1.1702127659574466,0,1,Group1,0
1.1702127659574466,0,1,Group1,0
1.1702127659574466,0,1,Group1,0
2.382978723404255,1,1,Group1,0
3.127659574468085,0,1,Group1,0
3.127659574468085,0,1,Group1,0
3.127659574468085,0,1,Group1,0
3.957446808510638,1,1,Group1,0
5.712765957446808,0,1,Group1,0
5.712765957446808,0,1,Group1,0
5.712765957446808,0,1,Group1,0
5.712765957446808,0,1,Group1,0
5.712765957446808,0,1,Group1,0
5.712765957446808,0,1,Group1,0
5.712765957446808,0,1,Group1,0
5.712765957446808,0,1,Group1,0
7.574468085106383,1,1,Group1,0
8.095744680851064,0,1,Group1,0
8.72340425531915,1,1,Group1,0
10.180851063829788,0,1,Group1,0
10.180851063829788,0,1,Group1,0
10.180851063829788,0,1,Group1,0
10.180851063829788,0,1,Group1,0
11.680851063829786,1,1,Group1,0
12.191489361702127,0,1,Group1,0
12.191489361702127,0,1,Group1,0
12.191489361702127,0,1,Group1,0
12.829787234042552,1,1,Group1,0
12.851063829787234,1,1,Group1,0
13.180851063829788,0,1,Group1,0
13.553191489361701,1,1,Group1,0
14.287234042553191,0,1,Group1,0
14.287234042553191,0,1,Group1,0
15.127659574468085,1,1,Group1,0
15.297872340425531,1,1,Group1,0
16.19148936170213,1,1,Group1,0
22.127659574468083,0,1,Group1,0
22.127659574468083,0,1,Group1,0
22.127659574468083,0,1,Group1,0
22.127659574468083,0,1,Group1,0
28.117021276595743,0,1,Group1,0
