time,status,treat,Group,curve
0.34234234234234234,1,1,Group1,0
0.9054054054054054,0,1,Group1,0
1.5135135135135136,1,1,Group1,0
1.6486486486486487,0,1,Group1,0
1.6486486486486487,0,1,Group1,0
1.8153153153153152,0,1,Group1,0
1.8198198198198199,1,1,Group1,0
1.936936936936937,0,1,Group1,0
2.09009009009009,1,1,Group1,0
3.0945945945945947,0,1,Group1,0
3.0945945945945947,0,1,Group1,0
3.0945945945945947,0,1,Group1,0
3.0945945945945947,0,1,Group1,0
3.0945945945945947,0,1,Group1,0
4.135135135135135,1,1,Group1,0
4.635135135135135,0,1,Group1,0
4.635135135135135,0,1,Group1,0
5.171171171171171,1,1,Group1,0
5.45045045045045,0,1,Group1,0
5.738738738738738,1,1,Group1,0
6.608108108108108,0,1,Group1,0
6.608108108108108,0,1,Group1,0
7.504504504504505,1,1,Group1,0
8.072072072072071,0,1,Group1,0
8.675675675675675,1,1,Group1,0
8.675675675675675,1,1,Group1,0
9.0,0,1,Group1,0
9.36936936936937,1,1,Group1,0
10.378378378378379,1,1,Group1,0
11.536036036036036,0,1,Group1,0
