time,status,treat,Group,curve
0.25675675675675674,0,1,Group1,0
0.5135135135135135,0,1,Group1,0
0.5405405405405406,1,1,Group1,0
0.5855855855855856,1,1,Group1,0
0.7252252252252253,0,1,Group1,0
0.8828828828828829,1,1,Group1,0
1.2252252252252251,0,1,Group1,0
1.2252252252252251,0,1,Group1,0
1.6216216216216217,1,1,Group1,0
2.184684684684685,0,1,Group1,0
2.184684684684685,0,1,Group1,0
2.7837837837837838,1,1,Group1,0
2.954954954954955,1,1,Group1,0
3.198198198198198,1,1,Group1,0
3.2432432432432434,1,1,Group1,0
3.3063063063063063,1,1,Group1,0
3.373873873873874,0,1,Group1,0
3.4864864864864864,1,1,Group1,0
3.8558558558558556,0,1,Group1,0
3.8558558558558556,0,1,Group1,0
3.8558558558558556,0,1,Group1,0
4.261261261261261,1,1,Group1,0
4.342342342342342,1,1,Group1,0
4.4774774774774775,1,1,Group1,0
4.576576576576577,0,1,Group1,0
4.702702702702703,1,1,Group1,0
4.963963963963964,1,1,Group1,0
5.243243243243243,0,1,Group1,0
5.54954954954955,1,1,Group1,0
5.585585585585585,1,1,Group1,0
5.603603603603603,1,1,Group1,0
5.612612612612613,1,1,Group1,0
5.783783783783784,0,1,Group1,0
5.990990990990991,1,1,Group1,0
6.414414414414415,1,1,Group1,0
6.54054054054054,1,1,Group1,0
8.117117117117116,1,1,Group1,0
8.756756756756756,1,1,Group1,0
8.846846846846846,1,1,Group1,0
8.864864864864865,1,1,Group1,0
9.662162162162161,0,1,Group1,0
10.864864864864865,1,1,Group1,0
11.513513513513514,1,1,Group1,0
