time,status,treat,Group,curve
2.054054054054054,0,1,Group1,0
2.054054054054054,0,1,Group1,0
4.216216216216217,1,1,Group1,0
4.297297297297297,0,1,Group1,0
4.972972972972974,1,1,Group1,0
5.756756756756757,0,1,Group1,0
6.7027027027027035,1,1,Group1,0
7.7027027027027035,0,1,Group1,0
8.756756756756758,1,1,Group1,0
9.702702702702704,0,1,Group1,0
9.702702702702704,0,1,Group1,0
10.91891891891892,1,1,Group1,0
11.297297297297298,0,1,Group1,0
11.72972972972973,1,1,Group1,0
12.027027027027028,0,1,Group1,0
12.54054054054054,1,1,Group1,0
12.594594594594595,1,1,Group1,0
13.972972972972974,0,1,Group1,0
13.972972972972974,0,1,Group1,0
13.972972972972974,0,1,Group1,0
15.567567567567568,1,1,Group1,0
15.64864864864865,0,1,Group1,0
15.72972972972973,1,1,Group1,0
16.64864864864865,1,1,Group1,0
16.972972972972975,1,1,Group1,0
18.16216216216216,0,1,Group1,0
19.513513513513516,1,1,Group1,0
19.54054054054054,0,1,Group1,0
20.91891891891892,1,1,Group1,0
21.054054054054056,0,1,Group1,0
21.405405405405407,1,1,Group1,0
22.162162162162165,1,1,Group1,0
23.08108108108108,0,1,Group1,0
24.054054054054056,1,1,Group1,0
28.432432432432435,1,1,Group1,0
29.243243243243246,1,1,Group1,0
29.2972972972973,1,1,Group1,0
29.891891891891895,1,1,Group1,0
30.432432432432435,1,1,Group1,0
31.243243243243246,1,1,Group1,0
33.08108108108108,1,1,Group1,0
33.18918918918919,1,1,Group1,0
33.24324324324324,1,1,Group1,0
34.054054054054056,1,1,Group1,0
34.64864864864865,1,1,Group1,0
36.21621621621622,1,1,Group1,0
36.91891891891892,1,1,Group1,0
36.972972972972975,1,1,Group1,0
38.054054054054056,0,1,Group1,0
39.24324324324324,1,1,Group1,0
39.40540540540541,1,1,Group1,0
42.54054054054054,1,1,Group1,0
44.270270270270274,0,1,Group1,0
46.21621621621622,1,1,Group1,0
46.62162162162163,0,1,Group1,0
47.18918918918919,1,1,Group1,0
48.70270270270271,1,1,Group1,0
49.08108108108108,1,1,Group1,0
49.08108108108108,1,1,Group1,0
50.54054054054054,1,1,Group1,0
55.67567567567568,1,1,Group1,0
60.21621621621622,1,1,Group1,0
61.40540540540541,1,1,Group1,0
61.45945945945946,1,1,Group1,0
66.2972972972973,0,1,Group1,0
71.64864864864865,0,1,Group1,0
