time,status,treat,Group,curve
1.305084745762712,1,1,Group1,0
1.6610169491525424,1,1,Group1,0
1.847457627118644,1,1,Group1,0
2.5762711864406778,1,1,Group1,0
2.694915254237288,1,1,Group1,0
2.711864406779661,1,1,Group1,0
2.9322033898305087,1,1,Group1,0
3.0,1,1,Group1,0
3.2033898305084745,0,1,Group1,0
3.457627118644068,1,1,Group1,0
3.6610169491525424,1,1,Group1,0
3.694915254237288,1,1,Group1,0
3.9322033898305087,1,1,Group1,0
4.220338983050848,1,1,Group1,0
4.305084745762712,1,1,Group1,0
4.4576271186440675,1,1,Group1,0
4.610169491525424,1,1,Group1,0
5.186440677966102,1,1,Group1,0
5.372881355932203,1,1,Group1,0
5.52542372881356,1,1,Group1,0
5.661016949152542,1,1,Group1,0
5.728813559322034,1,1,Group1,0
5.932203389830509,1,1,Group1,0
6.305084745762712,1,1,Group1,0
6.6440677966101696,1,1,Group1,0
6.728813559322034,1,1,Group1,0
6.813559322033898,1,1,Group1,0
6.8474576271186445,1,1,Group1,0
6.991525423728813,0,1,Group1,0
7.220338983050848,1,1,Group1,0
7.305084745762712,1,1,Group1,0
7.711864406779661,1,1,Group1,0
7.745762711864407,1,1,Group1,0
7.88135593220339,1,1,Group1,0
8.0,1,1,Group1,0
8.016949152542374,1,1,Group1,0
8.220338983050848,1,1,Group1,0
8.220338983050848,1,1,Group1,0
8.322033898305085,1,1,Group1,0
8.847457627118644,1,1,Group1,0
9.101694915254237,1,1,Group1,0
9.830508474576272,1,1,Group1,0
10.135593220338983,1,1,Group1,0
10.203389830508474,1,1,Group1,0
10.474576271186441,1,1,Group1,0
10.830508474576272,1,1,Group1,0
11.35593220338983,1,1,Group1,0
11.94915254237288,1,1,Group1,0
12.35593220338983,1,1,Group1,0
12.796610169491526,1,1,Group1,0
14.711864406779661,1,1,Group1,0
17.627118644067796,1,1,Group1,0
22.050847457627118,1,1,Group1,0
