time,status,treat,Group,curve
1.1139240506329113,1,1,Group1,0
1.3164556962025316,1,1,Group1,0
1.5949367088607596,1,1,Group1,0
1.6962025316455696,1,1,Group1,0
1.7341772151898733,1,1,Group1,0
2.0126582278481013,1,1,Group1,0
2.0253164556962027,1,1,Group1,0
2.278481012658228,1,1,Group1,0
2.348101265822785,0,1,Group1,0
2.367088607594937,1,1,Group1,0
2.556962025316456,0,1,Group1,0
2.8354430379746836,1,1,Group1,0
2.8607594936708862,1,1,Group1,0
3.050632911392405,1,1,Group1,0
3.1772151898734178,1,1,Group1,0
3.9873417721518987,1,1,Group1,0
3.9873417721518987,1,1,Group1,0
4.025316455696203,1,1,Group1,0
4.10126582278481,1,1,Group1,0
4.151898734177215,1,1,Group1,0
4.6455696202531644,1,1,Group1,0
4.886075949367089,1,1,Group1,0
4.911392405063291,1,1,Group1,0
5.063291139240507,1,1,Group1,0
5.151898734177215,1,1,Group1,0
5.215189873417722,1,1,Group1,0
5.227848101265823,1,1,Group1,0
5.240506329113924,1,1,Group1,0
5.594936708860759,1,1,Group1,0
5.911392405063291,1,1,Group1,0
5.974683544303797,1,1,Group1,0
6.012658227848101,1,1,Group1,0
6.063291139240507,1,1,Group1,0
6.075949367088607,1,1,Group1,0
6.544303797468355,1,1,Group1,0
6.734177215189873,1,1,Group1,0
7.113924050632911,1,1,Group1,0
7.2784810126582276,1,1,Group1,0
7.582278481012658,1,1,Group1,0
7.632911392405063,1,1,Group1,0
7.658227848101266,1,1,Group1,0
7.708860759493671,1,1,Group1,0
7.708860759493671,1,1,Group1,0
8.493670886075948,1,1,Group1,0
8.60759493670886,1,1,Group1,0
9.316455696202532,1,1,Group1,0
9.886075949367088,1,1,Group1,0
10.544303797468354,0,1,Group1,0
11.265822784810126,1,1,Group1,0
11.708860759493671,1,1,Group1,0
12.20253164556962,1,1,Group1,0
12.278481012658228,1,1,Group1,0
13.518987341772151,1,1,Group1,0
15.987341772151899,1,1,Group1,0
