time,status,treat,Group,curve
0.073394495412844,1,1,Group1,0
0.2201834862385321,1,1,Group1,0
0.3486238532110092,1,1,Group1,0
0.5688073394495413,1,1,Group1,0
0.6605504587155964,1,1,Group1,0
0.6605504587155964,1,1,Group1,0
1.1559633027522938,1,1,Group1,0
1.3027522935779818,1,1,Group1,0
1.596330275229358,1,1,Group1,0
1.614678899082569,1,1,Group1,0
1.871559633027523,1,1,Group1,0
2.055045871559633,1,1,Group1,0
2.1651376146788994,1,1,Group1,0
2.238532110091743,1,1,Group1,0
2.3302752293577984,1,1,Group1,0
2.3486238532110093,1,1,Group1,0
2.715596330275229,1,1,Group1,0
2.9174311926605503,0,1,Group1,0
3.192660550458716,1,1,Group1,0
3.81651376146789,1,1,Group1,0
4.036697247706423,1,1,Group1,0
4.036697247706423,1,1,Group1,0
4.201834862385321,1,1,Group1,0
4.275229357798166,1,1,Group1,0
4.366972477064221,1,1,Group1,0
5.174311926605505,1,1,Group1,0
5.192660550458716,1,1,Group1,0
5.339449541284404,1,1,Group1,0
5.431192660550459,1,1,Group1,0
6.183486238532111,1,1,Group1,0
6.256880733944954,1,1,Group1,0
6.440366972477064,1,1,Group1,0
7.26605504587156,1,1,Group1,0
7.321100917431193,1,1,Group1,0
7.541284403669725,1,1,Group1,0
8.073394495412845,1,1,Group1,0
8.513761467889909,1,1,Group1,0
10.036697247706424,1,1,Group1,0
10.477064220183486,1,1,Group1,0
11.064220183486238,1,1,Group1,0
11.321100917431194,1,1,Group1,0
11.98165137614679,1,1,Group1,0
14.568807339449542,1,1,Group1,0
14.568807339449542,1,1,Group1,0
17.009174311926607,1,1,Group1,0
18.642201834862387,1,1,Group1,0
22.3302752293578,1,1,Group1,0
23.92660550458716,1,1,Group1,0
24.4954128440367,1,1,Group1,0
