time,status,treat,Group,curve
0.2448979591836734,1,1,Group1,0
0.4897959183673469,1,1,Group1,0
0.979591836734694,1,1,Group1,0
1.959183673469388,1,1,Group1,0
3.918367346938776,1,1,Group1,0
5.63265306122449,1,1,Group1,0
7.1020408163265305,1,1,Group1,0
8.326530612244898,1,1,Group1,0
11.26530612244898,1,1,Group1,0
14.20408163265306,1,1,Group1,0
16.653061224489797,1,1,Group1,0
17.142857142857142,1,1,Group1,0
19.10204081632653,1,1,Group1,0
22.285714285714285,1,1,Group1,0
24.244897959183675,1,1,Group1,0
24.97959183673469,1,1,Group1,0
28.6530612244898,1,1,Group1,0
29.632653061224488,1,1,Group1,0
29.877551020408163,1,1,Group1,0
30.857142857142858,1,1,Group1,0
35.51020408163265,1,1,Group1,0
36.48979591836735,1,1,Group1,0
36.73469387755102,1,1,Group1,0
40.6530612244898,1,1,Group1,0
41.14285714285714,1,1,Group1,0
41.87755102040816,1,1,Group1,0
44.08163265306122,1,1,Group1,0
45.795918367346935,1,1,Group1,0
46.04081632653061,1,1,Group1,0
55.10204081632653,1,1,Group1,0
55.59183673469388,1,1,Group1,0
56.81632653061224,1,1,Group1,0
57.795918367346935,1,1,Group1,0
66.12244897959184,1,1,Group1,0
66.61224489795919,1,1,Group1,0
79.10204081632654,1,1,Group1,0
80.57142857142857,1,1,Group1,0
87.91836734693878,1,1,Group1,0
88.89795918367346,1,1,Group1,0
93.3061224489796,1,1,Group1,0
93.55102040816328,1,1,Group1,0
99.91836734693878,1,1,Group1,0
102.36734693877553,1,1,Group1,0
122.44897959183672,1,1,Group1,0
123.18367346938776,1,1,Group1,0
152.08163265306123,1,1,Group1,0
157.9591836734694,1,1,Group1,0
169.9591836734694,1,1,Group1,0
177.30612244897958,1,1,Group1,0
326.44897959183675,1,1,Group1,0
