time,status,treat,Group,curve
0.2978723404255319,0,1,Group1,0
0.7234042553191489,0,1,Group1,0
0.7659574468085106,1,1,Group1,0
1.0638297872340423,0,1,Group1,0
1.2765957446808511,1,1,Group1,0
1.4468085106382975,0,1,Group1,0
1.872340425531915,1,1,Group1,0
1.9148936170212765,0,1,Group1,0
6.212765957446809,0,1,Group1,0
6.212765957446809,0,1,Group1,0
6.212765957446809,0,1,Group1,0
6.212765957446809,0,1,Group1,0
6.212765957446809,0,1,Group1,0
6.212765957446809,0,1,Group1,0
6.212765957446809,0,1,Group1,0
6.212765957446809,0,1,Group1,0
6.212765957446809,0,1,Group1,0
6.212765957446809,0,1,Group1,0
6.212765957446809,0,1,Group1,0
6.212765957446809,0,1,Group1,0
6.212765957446809,0,1,Group1,0
6.212765957446809,0,1,Group1,0
6.212765957446809,0,1,Group1,0
6.212765957446809,0,1,Group1,0
6.212765957446809,0,1,Group1,0
6.212765957446809,0,1,Group1,0
6.212765957446809,0,1,Group1,0
6.212765957446809,0,1,Group1,0
6.212765957446809,0,1,Group1,0
6.212765957446809,0,1,Group1,0
10.51063829787234,0,1,Group1,0
10.808510638297872,1,1,Group1,0
10.851063829787233,0,1,Group1,0
11.4468085106383,0,1,Group1,0
11.4468085106383,0,1,Group1,0
12.425531914893616,1,1,Group1,0
13.063829787234042,0,1,Group1,0
14.127659574468083,1,1,Group1,0
15.063829787234042,0,1,Group1,0
15.063829787234042,0,1,Group1,0
16.595744680851062,1,1,Group1,0
17.95744680851064,0,1,Group1,0
17.95744680851064,0,1,Group1,0
17.95744680851064,0,1,Group1,0
19.74468085106383,1,1,Group1,0
21.744680851063823,0,1,Group1,0
21.744680851063823,0,1,Group1,0
21.744680851063823,0,1,Group1,0
23.914893617021274,1,1,Group1,0
25.191489361702125,0,1,Group1,0
25.191489361702125,0,1,Group1,0
26.8936170212766,1,1,Group1,0
32.59574468085106,1,1,Group1,0
32.59574468085106,1,1,Group1,0
40.29787234042553,0,1,Group1,0
47.95744680851064,0,1,Group1,0
48.340425531914896,1,1,Group1,0
68.17021276595744,1,1,Group1,0
82.46808510638297,1,1,Group1,0
115.19148936170212,0,1,Group1,0
