time,status,treat,Group,curve
0.5034965034965035,0,1,Group1,0
0.6293706293706294,1,1,Group1,0
0.8811188811188813,0,1,Group1,0
1.4475524475524475,1,1,Group1,0
1.4790209790209792,0,1,Group1,0
1.7622377622377623,1,1,Group1,0
1.951048951048952,0,1,Group1,0
2.13986013986014,1,1,Group1,0
2.486013986013986,0,1,Group1,0
2.7062937062937067,1,1,Group1,0
2.8951048951048954,1,1,Group1,0
2.98951048951049,0,1,Group1,0
3.0209790209790213,1,1,Group1,0
3.4930069930069934,0,1,Group1,0
3.587412587412588,1,1,Group1,0
3.965034965034965,0,1,Group1,0
4.153846153846154,1,1,Group1,0
4.27972027972028,1,1,Group1,0
4.468531468531469,0,1,Group1,0
4.909090909090909,1,1,Group1,0
5.003496503496503,0,1,Group1,0
5.34965034965035,1,1,Group1,0
5.506993006993008,0,1,Group1,0
5.601398601398602,1,1,Group1,0
5.790209790209791,1,1,Group1,0
5.979020979020979,1,1,Group1,0
6.010489510489511,0,1,Group1,0
6.230769230769232,1,1,Group1,0
6.513986013986015,0,1,Group1,0
6.923076923076923,1,1,Group1,0
7.017482517482518,0,1,Group1,0
7.237762237762238,1,1,Group1,0
7.426573426573428,1,1,Group1,0
7.520979020979022,0,1,Group1,0
7.741258741258742,1,1,Group1,0
8.024475524475525,0,1,Group1,0
8.307692307692308,1,1,Group1,0
8.622377622377623,0,1,Group1,0
9.125874125874128,1,1,Group1,0
9.566433566433568,1,1,Group1,0
9.881118881118882,1,1,Group1,0
10.510489510489512,0,1,Group1,0
11.643356643356643,1,1,Group1,0
11.895104895104897,1,1,Group1,0
12.241258741258742,0,1,Group1,0
12.83916083916084,1,1,Group1,0
12.83916083916084,1,1,Group1,0
13.153846153846157,1,1,Group1,0
14.97902097902098,0,1,Group1,0
14.97902097902098,0,1,Group1,0
14.97902097902098,0,1,Group1,0
16.993006993006993,1,1,Group1,0
17.370629370629374,1,1,Group1,0
17.496503496503497,1,1,Group1,0
17.93706293706294,1,1,Group1,0
19.384615384615387,1,1,Group1,0
19.6993006993007,1,1,Group1,0
19.825174825174827,1,1,Group1,0
19.95104895104896,1,1,Group1,0
22.90909090909091,1,1,Group1,0
23.884615384615387,0,1,Group1,0
25.174825174825177,1,1,Group1,0
25.23776223776224,1,1,Group1,0
28.95104895104896,1,1,Group1,0
30.27272727272728,1,1,Group1,0
30.3986013986014,1,1,Group1,0
31.46853146853147,1,1,Group1,0
38.48601398601399,0,1,Group1,0
45.81818181818182,1,1,Group1,0
46.51048951048951,1,1,Group1,0
47.8951048951049,1,1,Group1,0
57.83916083916085,1,1,Group1,0
85.40559440559441,1,1,Group1,0
