time,status,treat,Group,curve
0.7123287671232876,1,1,Group1,0
1.1130136986301369,0,1,Group1,0
1.4246575342465753,1,1,Group1,0
1.8253424657534247,0,1,Group1,0
1.958904109589041,1,1,Group1,0
2.1369863013698627,1,1,Group1,0
2.1369863013698627,1,1,Group1,0
2.315068493150685,1,1,Group1,0
2.4931506849315066,1,1,Group1,0
2.671232876712329,1,1,Group1,0
3.917808219178082,0,1,Group1,0
3.917808219178082,0,1,Group1,0
3.917808219178082,0,1,Group1,0
5.565068493150685,0,1,Group1,0
5.60958904109589,1,1,Group1,0
5.965753424657534,1,1,Group1,0
6.0547945205479445,1,1,Group1,0
6.410958904109589,1,1,Group1,0
7.613013698630137,0,1,Group1,0
7.613013698630137,0,1,Group1,0
7.613013698630137,0,1,Group1,0
9.26027397260274,1,1,Group1,0
9.349315068493151,0,1,Group1,0
9.883561643835616,1,1,Group1,0
10.061643835616438,0,1,Group1,0
10.684931506849315,1,1,Group1,0
10.863013698630136,1,1,Group1,0
10.952054794520548,1,1,Group1,0
11.931506849315069,0,1,Group1,0
11.931506849315069,0,1,Group1,0
13.356164383561644,1,1,Group1,0
13.445205479452056,1,1,Group1,0
14.691780821917808,1,1,Group1,0
14.95890410958904,1,1,Group1,0
15.04794520547945,1,1,Group1,0
15.226027397260273,1,1,Group1,0
15.404109589041097,1,1,Group1,0
16.071917808219176,0,1,Group1,0
16.205479452054792,1,1,Group1,0
16.73972602739726,1,1,Group1,0
18.52054794520548,1,1,Group1,0
19.321917808219176,0,1,Group1,0
20.212328767123285,1,1,Group1,0
21.102739726027394,1,1,Group1,0
22.52739726027397,0,1,Group1,0
24.3972602739726,1,1,Group1,0
26.445205479452056,0,1,Group1,0
28.93835616438356,1,1,Group1,0
29.472602739726025,1,1,Group1,0
30.80821917808219,0,1,Group1,0
32.58904109589041,1,1,Group1,0
33.390410958904106,0,1,Group1,0
34.28082191780822,1,1,Group1,0
35.66095890410959,0,1,Group1,0
37.3972602739726,1,1,Group1,0
39.44520547945205,1,1,Group1,0
44.78767123287671,1,1,Group1,0
44.965753424657535,1,1,Group1,0
57.87671232876712,1,1,Group1,0
62.150684931506845,1,1,Group1,0
64.82191780821917,1,1,Group1,0
64.91095890410959,1,1,Group1,0
119.4486301369863,0,1,Group1,0
