time,status,treat,Group,curve
0.0675675675675675,1,1,Group1,0
0.7094594594594594,0,1,Group1,0
1.5540540540540542,1,1,Group1,0
2.3986486486486487,0,1,Group1,0
2.5,1,1,Group1,0
2.5,1,1,Group1,0
3.141891891891892,0,1,Group1,0
4.054054054054054,1,1,Group1,0
5.743243243243244,0,1,Group1,0
5.743243243243244,0,1,Group1,0
5.743243243243244,0,1,Group1,0
7.635135135135136,1,1,Group1,0
8.64864864864865,0,1,Group1,0
8.64864864864865,0,1,Group1,0
9.864864864864863,1,1,Group1,0
12.06081081081081,0,1,Group1,0
12.06081081081081,0,1,Group1,0
12.06081081081081,0,1,Group1,0
14.45945945945946,1,1,Group1,0
14.527027027027028,1,1,Group1,0
17.804054054054056,0,1,Group1,0
17.804054054054056,0,1,Group1,0
17.804054054054056,0,1,Group1,0
17.804054054054056,0,1,Group1,0
17.804054054054056,0,1,Group1,0
17.804054054054056,0,1,Group1,0
21.41891891891892,1,1,Group1,0
22.83783783783784,0,1,Group1,0
24.324324324324326,1,1,Group1,0
26.41891891891892,0,1,Group1,0
26.41891891891892,0,1,Group1,0
26.41891891891892,0,1,Group1,0
28.851351351351354,1,1,Group1,0
31.148648648648653,0,1,Group1,0
31.148648648648653,0,1,Group1,0
33.78378378378378,1,1,Group1,0
39.76351351351352,0,1,Group1,0
45.810810810810814,1,1,Group1,0
47.83783783783784,1,1,Group1,0
63.27702702702703,0,1,Group1,0
63.27702702702703,0,1,Group1,0
79.1891891891892,1,1,Group1,0
81.82432432432432,1,1,Group1,0
85.60810810810811,0,1,Group1,0
