time,status,treat,Group,curve
1.4149659863945578,1,1,Group1,0
2.4761904761904763,1,1,Group1,0
3.183673469387755,1,1,Group1,0
4.244897959183674,0,1,Group1,0
6.36734693877551,1,1,Group1,0
7.074829931972789,1,1,Group1,0
8.136054421768707,1,1,Group1,0
8.666666666666668,0,1,Group1,0
12.73469387755102,1,1,Group1,0
12.91156462585034,0,1,Group1,0
13.08843537414966,1,1,Group1,0
13.4421768707483,1,1,Group1,0
15.210884353741497,1,1,Group1,0
17.156462585034014,0,1,Group1,0
17.333333333333332,1,1,Group1,0
18.040816326530614,1,1,Group1,0
19.10204081632653,1,1,Group1,0
20.16326530612245,1,1,Group1,0
20.517006802721088,1,1,Group1,0
22.285714285714285,0,1,Group1,0
25.646258503401363,0,1,Group1,0
25.82312925170068,1,1,Group1,0
28.29931972789116,1,1,Group1,0
30.244897959183675,0,1,Group1,0
30.77551020408164,1,1,Group1,0
31.482993197278912,1,1,Group1,0
34.48979591836735,0,1,Group1,0
34.666666666666664,1,1,Group1,0
38.5578231292517,1,1,Group1,0
38.734693877551024,0,1,Group1,0
41.38775510204081,1,1,Group1,0
42.802721088435376,1,1,Group1,0
42.9795918367347,0,1,Group1,0
44.21768707482993,1,1,Group1,0
45.27891156462585,1,1,Group1,0
47.755102040816325,0,1,Group1,0
51.46938775510204,0,1,Group1,0
51.64625850340136,1,1,Group1,0
57.65986394557823,1,1,Group1,0
58.36734693877551,1,1,Group1,0
61.90476190476191,1,1,Group1,0
65.4421768707483,1,1,Group1,0
65.4421768707483,1,1,Group1,0
80.29931972789116,1,1,Group1,0
80.6530612244898,1,1,Group1,0
90.02721088435374,0,1,Group1,0
100.4625850340136,1,1,Group1,0
100.81632653061224,1,1,Group1,0
113.90476190476193,1,1,Group1,0
125.40136054421768,0,1,Group1,0
138.66666666666666,1,1,Group1,0
148.21768707482994,1,1,Group1,0
158.82993197278913,1,1,Group1,0
300.68027210884355,1,1,Group1,0
471.18367346938777,1,1,Group1,0
