time,status,treat,Group,curve
0.3541666666666666,1,1,Group1,0
0.5902777777777778,1,1,Group1,0
1.4166666666666663,1,1,Group1,0
2.951388888888889,1,1,Group1,0
3.069444444444444,1,1,Group1,0
3.305555555555556,1,1,Group1,0
4.958333333333333,1,1,Group1,0
5.430555555555555,1,1,Group1,0
6.847222222222222,1,1,Group1,0
7.791666666666666,1,1,Group1,0
9.32638888888889,1,1,Group1,0
9.444444444444445,1,1,Group1,0
9.5625,1,1,Group1,0
10.506944444444445,1,1,Group1,0
10.86111111111111,1,1,Group1,0
14.166666666666666,1,1,Group1,0
14.756944444444445,1,1,Group1,0
14.993055555555555,1,1,Group1,0
15.11111111111111,1,1,Group1,0
19.36111111111111,1,1,Group1,0
20.1875,1,1,Group1,0
20.65972222222222,1,1,Group1,0
20.77777777777778,1,1,Group1,0
22.07638888888889,1,1,Group1,0
22.194444444444443,1,1,Group1,0
24.4375,1,1,Group1,0
27.979166666666664,1,1,Group1,0
28.21527777777778,1,1,Group1,0
29.27777777777778,1,1,Group1,0
29.39583333333333,1,1,Group1,0
35.770833333333336,0,1,Group1,0
42.73611111111111,1,1,Group1,0
52.29861111111111,1,1,Group1,0
54.77777777777778,1,1,Group1,0
63.15972222222222,1,1,Group1,0
72.84027777777777,1,1,Group1,0
159.84722222222223,1,1,Group1,0
