time,status,treat,Group,curve
0.3611111111111111,1,1,Group1,0
0.4513888888888889,1,1,Group1,0
1.1736111111111112,1,1,Group1,0
1.9861111111111112,1,1,Group1,0
2.1666666666666665,1,1,Group1,0
3.1597222222222223,1,1,Group1,0
3.25,1,1,Group1,0
4.423611111111111,1,1,Group1,0
4.694444444444445,1,1,Group1,0
5.145833333333334,0,1,Group1,0
6.048611111111111,1,1,Group1,0
7.493055555555555,1,1,Group1,0
8.305555555555555,1,1,Group1,0
8.395833333333334,1,1,Group1,0
8.57638888888889,1,1,Group1,0
9.38888888888889,1,1,Group1,0
9.524305555555555,0,1,Group1,0
9.569444444444445,1,1,Group1,0
10.652777777777777,1,1,Group1,0
11.104166666666666,1,1,Group1,0
11.194444444444445,1,1,Group1,0
12.006944444444445,1,1,Group1,0
14.715277777777777,1,1,Group1,0
15.34722222222222,1,1,Group1,0
16.15972222222222,1,1,Group1,0
17.51388888888889,1,1,Group1,0
17.694444444444443,1,1,Group1,0
18.416666666666668,1,1,Group1,0
19.68055555555556,1,1,Group1,0
21.57638888888889,1,1,Group1,0
21.756944444444443,1,1,Group1,0
22.569444444444443,1,1,Group1,0
23.92361111111111,1,1,Group1,0
25.36805555555556,1,1,Group1,0
30.33333333333333,1,1,Group1,0
36.020833333333336,1,1,Group1,0
36.833333333333336,1,1,Group1,0
42.701388888888886,1,1,Group1,0
45.40972222222222,1,1,Group1,0
47.03472222222222,1,1,Group1,0
48.75,1,1,Group1,0
51.638888888888886,1,1,Group1,0
54.61805555555556,1,1,Group1,0
57.50694444444444,1,1,Group1,0
57.59722222222222,1,1,Group1,0
58.31944444444444,1,1,Group1,0
61.29861111111111,1,1,Group1,0
64.1875,1,1,Group1,0
69.69444444444444,1,1,Group1,0
73.03472222222221,1,1,Group1,0
83.6875,0,1,Group1,0
94.61111111111111,1,1,Group1,0
94.88194444444444,1,1,Group1,0
122.50694444444444,1,1,Group1,0
