time,status,treat,Group,curve
0.0743243243243243,1,1,Group1,0
0.1486486486486486,1,1,Group1,0
0.5202702702702703,0,1,Group1,0
0.5202702702702703,0,1,Group1,0
1.1891891891891893,1,1,Group1,0
1.226351351351351,0,1,Group1,0
1.597972972972973,0,1,Group1,0
2.0810810810810816,0,1,Group1,0
2.22972972972973,1,1,Group1,0
2.75,0,1,Group1,0
2.75,0,1,Group1,0
3.3445945945945947,0,1,Group1,0
3.4932432432432434,1,1,Group1,0
3.641891891891892,1,1,Group1,0
5.202702702702704,0,1,Group1,0
5.202702702702704,0,1,Group1,0
5.202702702702704,0,1,Group1,0
5.202702702702704,0,1,Group1,0
5.202702702702704,0,1,Group1,0
5.202702702702704,0,1,Group1,0
5.202702702702704,0,1,Group1,0
5.202702702702704,0,1,Group1,0
6.912162162162162,1,1,Group1,0
8.881756756756758,0,1,Group1,0
8.881756756756758,0,1,Group1,0
8.881756756756758,0,1,Group1,0
8.881756756756758,0,1,Group1,0
8.881756756756758,0,1,Group1,0
8.881756756756758,0,1,Group1,0
8.881756756756758,0,1,Group1,0
8.881756756756758,0,1,Group1,0
8.881756756756758,0,1,Group1,0
8.881756756756758,0,1,Group1,0
11.222972972972974,1,1,Group1,0
11.297297297297298,1,1,Group1,0
12.858108108108109,1,1,Group1,0
15.570945945945947,0,1,Group1,0
15.570945945945947,0,1,Group1,0
18.655405405405407,1,1,Group1,0
27.983108108108112,0,1,Group1,0
27.983108108108112,0,1,Group1,0
27.983108108108112,0,1,Group1,0
27.983108108108112,0,1,Group1,0
27.983108108108112,0,1,Group1,0
27.983108108108112,0,1,Group1,0
27.983108108108112,0,1,Group1,0
37.68243243243244,1,1,Group1,0
68.97297297297297,0,1,Group1,0
68.97297297297297,0,1,Group1,0
68.97297297297297,0,1,Group1,0
68.97297297297297,0,1,Group1,0
100.63513513513514,1,1,Group1,0
