time,status,treat,Group,curve
0.1690140845070422,1,1,Group1,0
2.197183098591549,0,1,Group1,0
2.4507042253521125,1,1,Group1,0
3.295774647887324,1,1,Group1,0
4.774647887323944,0,1,Group1,0
6.422535211267606,0,1,Group1,0
6.676056338028169,1,1,Group1,0
7.436619718309859,1,1,Group1,0
12.295774647887324,0,1,Group1,0
12.295774647887324,0,1,Group1,0
12.295774647887324,0,1,Group1,0
12.295774647887324,0,1,Group1,0
17.577464788732392,1,1,Group1,0
23.577464788732392,0,1,Group1,0
23.577464788732392,0,1,Group1,0
23.577464788732392,0,1,Group1,0
23.577464788732392,0,1,Group1,0
23.577464788732392,0,1,Group1,0
29.83098591549296,1,1,Group1,0
30.507042253521128,1,1,Group1,0
39.97183098591549,0,1,Group1,0
39.97183098591549,0,1,Group1,0
39.97183098591549,0,1,Group1,0
39.97183098591549,0,1,Group1,0
39.97183098591549,0,1,Group1,0
39.97183098591549,0,1,Group1,0
49.85915492957746,1,1,Group1,0
67.1830985915493,1,1,Group1,0
68.53521126760563,1,1,Group1,0
82.56338028169014,1,1,Group1,0
92.19718309859157,0,1,Group1,0
92.19718309859157,0,1,Group1,0
102.16901408450704,1,1,Group1,0
114.25352112676056,0,1,Group1,0
