time,status,treat,Group,curve
0.3661971830985915,1,1,Group1,0
1.0985915492957747,1,1,Group1,0
1.8309859154929573,1,1,Group1,0
2.151408450704225,0,1,Group1,0
2.7464788732394365,1,1,Group1,0
3.204225352112676,1,1,Group1,0
3.387323943661972,1,1,Group1,0
4.98943661971831,0,1,Group1,0
4.98943661971831,0,1,Group1,0
6.866197183098592,1,1,Group1,0
7.735915492957747,0,1,Group1,0
8.056338028169014,1,1,Group1,0
9.200704225352112,0,1,Group1,0
10.253521126760564,1,1,Group1,0
10.985915492957746,1,1,Group1,0
11.443661971830986,1,1,Group1,0
11.580985915492958,0,1,Group1,0
11.809859154929578,1,1,Group1,0
11.992957746478874,1,1,Group1,0
13.732394366197184,1,1,Group1,0
16.204225352112676,1,1,Group1,0
17.531690140845072,0,1,Group1,0
19.316901408450704,1,1,Group1,0
19.63732394366197,0,1,Group1,0
20.41549295774648,1,1,Group1,0
21.23943661971831,1,1,Group1,0
23.66549295774648,0,1,Group1,0
26.091549295774648,1,1,Group1,0
26.274647887323944,1,1,Group1,0
26.366197183098592,1,1,Group1,0
27.098591549295776,1,1,Group1,0
29.158450704225352,0,1,Group1,0
29.158450704225352,0,1,Group1,0
31.67605633802817,1,1,Group1,0
32.59154929577465,1,1,Group1,0
34.651408450704224,0,1,Group1,0
34.651408450704224,0,1,Group1,0
37.07746478873239,1,1,Group1,0
37.94718309859155,0,1,Group1,0
38.08450704225352,1,1,Group1,0
40.83098591549296,1,1,Group1,0
43.11971830985916,1,1,Group1,0
50.901408450704224,1,1,Group1,0
56.02816901408451,1,1,Group1,0
57.21830985915493,1,1,Group1,0
60.69718309859155,1,1,Group1,0
66.96830985915494,0,1,Group1,0
73.60563380281691,1,1,Group1,0
94.29577464788731,1,1,Group1,0
123.95774647887325,1,1,Group1,0
