time,status,treat,Group,curve
0.3043478260869565,1,1,Group1,0
0.4057971014492754,1,1,Group1,0
0.5072463768115942,1,1,Group1,0
0.963768115942029,1,1,Group1,0
1.115942028985507,1,1,Group1,0
1.318840579710145,1,1,Group1,0
1.7246376811594204,1,1,Group1,0
1.876811594202899,1,1,Group1,0
1.927536231884058,1,1,Group1,0
2.536231884057971,1,1,Group1,0
2.63768115942029,1,1,Group1,0
2.688405797101449,1,1,Group1,0
2.992753623188406,1,1,Group1,0
3.65217391304348,0,1,Group1,0
3.804347826086957,1,1,Group1,0
4.108695652173913,1,1,Group1,0
4.5144927536231885,1,1,Group1,0
4.666666666666667,1,1,Group1,0
5.681159420289855,1,1,Group1,0
6.2898550724637685,1,1,Group1,0
6.543478260869565,1,1,Group1,0
7.355072463768116,1,1,Group1,0
7.557971014492754,1,1,Group1,0
8.521739130434783,1,1,Group1,0
8.77536231884058,1,1,Group1,0
9.028985507246375,1,1,Group1,0
9.130434782608695,1,1,Group1,0
9.536231884057973,1,1,Group1,0
9.73913043478261,1,1,Group1,0
10.65217391304348,0,1,Group1,0
11.717391304347826,1,1,Group1,0
13.644927536231885,1,1,Group1,0
14.710144927536232,1,1,Group1,0
14.760869565217392,1,1,Group1,0
15.521739130434783,1,1,Group1,0
16.536231884057973,1,1,Group1,0
20.23913043478261,1,1,Group1,0
21.65942028985508,1,1,Group1,0
23.18115942028985,1,1,Group1,0
30.73913043478261,1,1,Group1,0
43.92753623188406,1,1,Group1,0
68.78260869565217,0,1,Group1,0
