time,status,treat,Group,curve
1.959183673469388,1,1,Group1,0
2.0680272108843534,0,1,Group1,0
2.394557823129252,1,1,Group1,0
3.482993197278911,0,1,Group1,0
5.659863945578231,1,1,Group1,0
6.857142857142857,0,1,Group1,0
7.945578231292517,0,1,Group1,0
8.707482993197278,1,1,Group1,0
9.578231292517009,1,1,Group1,0
9.904761904761903,0,1,Group1,0
11.755102040816324,1,1,Group1,0
12.081632653061224,0,1,Group1,0
13.278911564625847,1,1,Group1,0
14.040816326530612,0,1,Group1,0
14.149659863945578,1,1,Group1,0
16.0,0,1,Group1,0
16.979591836734695,1,1,Group1,0
16.979591836734695,1,1,Group1,0
17.523809523809526,0,1,Group1,0
19.156462585034014,1,1,Group1,0
19.918367346938773,0,1,Group1,0
21.7687074829932,1,1,Group1,0
23.945578231292515,0,1,Group1,0
23.945578231292515,0,1,Group1,0
26.01360544217687,0,1,Group1,0
26.34013605442177,1,1,Group1,0
26.993197278911563,1,1,Group1,0
26.993197278911563,1,1,Group1,0
27.428571428571427,1,1,Group1,0
29.17006802721088,0,1,Group1,0
29.17006802721088,0,1,Group1,0
32.0,1,1,Group1,0
33.08843537414966,1,1,Group1,0
35.047619047619044,1,1,Group1,0
38.965986394557824,1,1,Group1,0
40.27210884353741,1,1,Group1,0
50.50340136054422,1,1,Group1,0
50.72108843537415,1,1,Group1,0
52.35374149659864,0,1,Group1,0
52.68027210884353,1,1,Group1,0
52.89795918367346,1,1,Group1,0
55.72789115646258,1,1,Group1,0
74.34013605442176,0,1,Group1,0
94.0408163265306,1,1,Group1,0
95.78231292517006,0,1,Group1,0
95.78231292517006,0,1,Group1,0
98.6122448979592,1,1,Group1,0
113.63265306122447,1,1,Group1,0
162.39455782312925,1,1,Group1,0
286.6938775510204,0,1,Group1,0
