time,status,treat,Group,curve
0.7959183673469388,1,1,Group1,0
1.238095238095238,1,1,Group1,0
1.326530612244898,1,1,Group1,0
1.4149659863945578,1,1,Group1,0
1.945578231292517,1,1,Group1,0
1.945578231292517,1,1,Group1,0
2.4761904761904763,1,1,Group1,0
2.564625850340136,1,1,Group1,0
3.625850340136055,1,1,Group1,0
4.244897959183674,1,1,Group1,0
4.687074829931973,1,1,Group1,0
7.030612244897959,0,1,Group1,0
7.340136054421769,1,1,Group1,0
7.340136054421769,1,1,Group1,0
7.517006802721088,1,1,Group1,0
7.870748299319728,1,1,Group1,0
8.047619047619047,1,1,Group1,0
9.993197278911564,1,1,Group1,0
11.142857142857142,1,1,Group1,0
11.231292517006803,1,1,Group1,0
12.64625850340136,1,1,Group1,0
12.82312925170068,1,1,Group1,0
14.50340136054422,1,1,Group1,0
15.829931972789115,1,1,Group1,0
16.183673469387756,1,1,Group1,0
16.537414965986393,1,1,Group1,0
16.802721088435373,1,1,Group1,0
17.068027210884352,1,1,Group1,0
17.156462585034014,1,1,Group1,0
19.98639455782313,1,1,Group1,0
20.959183673469383,1,1,Group1,0
21.401360544217688,1,1,Group1,0
23.435374149659864,1,1,Group1,0
24.585034013605444,1,1,Group1,0
26.70748299319728,1,1,Group1,0
27.06122448979592,1,1,Group1,0
27.23809523809524,1,1,Group1,0
27.59183673469388,1,1,Group1,0
27.68027210884354,1,1,Group1,0
30.421768707483,0,1,Group1,0
33.605442176870746,1,1,Group1,0
34.31292517006803,1,1,Group1,0
40.3265306122449,1,1,Group1,0
45.45578231292517,1,1,Group1,0
49.70068027210885,1,1,Group1,0
69.15646258503402,1,1,Group1,0
70.04081632653062,1,1,Group1,0
84.80952380952381,1,1,Group1,0
118.50340136054422,0,1,Group1,0
