time,status,treat,Group,curve
0.5310344827586206,1,1,Group1,0
1.0620689655172413,1,1,Group1,0
1.1,0,1,Group1,0
1.137931034482759,1,1,Group1,0
1.289655172413793,1,1,Group1,0
1.668965517241379,1,1,Group1,0
2.0482758620689654,1,1,Group1,0
2.503448275862069,0,1,Group1,0
2.9586206896551723,1,1,Group1,0
3.4896551724137934,0,1,Group1,0
3.793103448275862,1,1,Group1,0
4.096551724137931,1,1,Group1,0
5.044827586206896,0,1,Group1,0
5.044827586206896,0,1,Group1,0
6.372413793103449,1,1,Group1,0
6.637931034482758,0,1,Group1,0
6.827586206896552,1,1,Group1,0
6.979310344827586,1,1,Group1,0
8.117241379310345,0,1,Group1,0
8.117241379310345,0,1,Group1,0
9.63448275862069,1,1,Group1,0
9.710344827586209,1,1,Group1,0
10.127586206896552,0,1,Group1,0
10.924137931034483,1,1,Group1,0
10.924137931034483,1,1,Group1,0
11.075862068965517,1,1,Group1,0
12.517241379310343,1,1,Group1,0
14.034482758620689,1,1,Group1,0
14.26206896551724,1,1,Group1,0
14.565517241379313,1,1,Group1,0
14.79310344827586,1,1,Group1,0
15.779310344827586,0,1,Group1,0
17.29655172413793,1,1,Group1,0
18.131034482758626,1,1,Group1,0
18.51034482758621,1,1,Group1,0
19.23103448275862,0,1,Group1,0
20.33103448275862,1,1,Group1,0
21.241379310344826,1,1,Group1,0
23.13793103448276,1,1,Group1,0
23.36551724137931,1,1,Group1,0
23.89655172413793,1,1,Group1,0
23.89655172413793,1,1,Group1,0
29.73793103448276,1,1,Group1,0
34.820689655172416,1,1,Group1,0
39.220689655172414,1,1,Group1,0
42.93793103448276,1,1,Group1,0
50.97931034482759,1,1,Group1,0
59.70344827586207,1,1,Group1,0
60.61379310344827,1,1,Group1,0
102.56551724137933,1,1,Group1,0
