time,status,treat,Group,curve
0.1299212598425196,0,1,Group1,0
0.2952755905511811,0,1,Group1,0
0.3070866141732283,1,1,Group1,0
0.4488188976377952,0,1,Group1,0
0.5196850393700787,1,1,Group1,0
1.7834645669291338,0,1,Group1,0
1.7834645669291338,0,1,Group1,0
1.7834645669291338,0,1,Group1,0
1.7834645669291338,0,1,Group1,0
1.7834645669291338,0,1,Group1,0
1.7834645669291338,0,1,Group1,0
1.7834645669291338,0,1,Group1,0
1.7834645669291338,0,1,Group1,0
1.7834645669291338,0,1,Group1,0
1.7834645669291338,0,1,Group1,0
1.7834645669291338,0,1,Group1,0
1.7834645669291338,0,1,Group1,0
1.7834645669291338,0,1,Group1,0
1.7834645669291338,0,1,Group1,0
1.7834645669291338,0,1,Group1,0
1.7834645669291338,0,1,Group1,0
3.188976377952756,1,1,Group1,0
3.307086614173228,1,1,Group1,0
3.4015748031496065,1,1,Group1,0
4.771653543307087,0,1,Group1,0
4.771653543307087,0,1,Group1,0
4.771653543307087,0,1,Group1,0
4.771653543307087,0,1,Group1,0
4.771653543307087,0,1,Group1,0
4.771653543307087,0,1,Group1,0
6.21259842519685,1,1,Group1,0
7.062992125984252,0,1,Group1,0
7.062992125984252,0,1,Group1,0
8.05511811023622,1,1,Group1,0
9.377952755905511,0,1,Group1,0
9.377952755905511,0,1,Group1,0
9.377952755905511,0,1,Group1,0
10.79527559055118,1,1,Group1,0
11.125984251968504,1,1,Group1,0
12.956692913385826,0,1,Group1,0
12.956692913385826,0,1,Group1,0
12.956692913385826,0,1,Group1,0
12.956692913385826,0,1,Group1,0
14.83464566929134,1,1,Group1,0
14.83464566929134,1,1,Group1,0
15.08267716535433,0,1,Group1,0
15.08267716535433,0,1,Group1,0
15.448818897637794,1,1,Group1,0
16.488188976377952,1,1,Group1,0
21.94488188976377,0,1,Group1,0
21.94488188976377,0,1,Group1,0
27.51968503937008,1,1,Group1,0
31.523622047244096,0,1,Group1,0
