time,status,treat,Group,curve
1.2945205479452055,0,1,Group1,0
1.2945205479452055,0,1,Group1,0
2.835616438356164,1,1,Group1,0
3.328767123287671,1,1,Group1,0
3.390410958904109,0,1,Group1,0
4.438356164383562,1,1,Group1,0
4.5,0,1,Group1,0
4.561643835616438,1,1,Group1,0
5.424657534246575,1,1,Group1,0
5.547945205479452,0,1,Group1,0
5.917808219178082,1,1,Group1,0
7.150684931506849,0,1,Group1,0
7.150684931506849,0,1,Group1,0
9.0,1,1,Group1,0
9.986301369863014,0,1,Group1,0
9.986301369863014,0,1,Group1,0
11.21917808219178,1,1,Group1,0
14.116438356164384,0,1,Group1,0
14.116438356164384,0,1,Group1,0
14.116438356164384,0,1,Group1,0
14.116438356164384,0,1,Group1,0
14.116438356164384,0,1,Group1,0
14.116438356164384,0,1,Group1,0
17.876712328767123,1,1,Group1,0
19.232876712328768,1,1,Group1,0
24.472602739726028,0,1,Group1,0
24.472602739726028,0,1,Group1,0
24.472602739726028,0,1,Group1,0
30.32876712328767,1,1,Group1,0
30.575342465753423,1,1,Group1,0
34.7054794520548,0,1,Group1,0
34.7054794520548,0,1,Group1,0
39.698630136986296,1,1,Group1,0
40.1917808219178,1,1,Group1,0
40.93150684931506,1,1,Group1,0
45.67808219178082,0,1,Group1,0
45.67808219178082,0,1,Group1,0
50.91780821917808,1,1,Group1,0
51.04109589041096,1,1,Group1,0
53.38356164383561,0,1,Group1,0
56.219178082191775,1,1,Group1,0
58.80821917808219,1,1,Group1,0
63.86301369863013,1,1,Group1,0
65.0958904109589,1,1,Group1,0
91.66438356164385,0,1,Group1,0
91.66438356164385,0,1,Group1,0
91.66438356164385,0,1,Group1,0
118.84931506849314,1,1,Group1,0
129.63698630136986,0,1,Group1,0
141.04109589041096,1,1,Group1,0
167.3013698630137,1,1,Group1,0
