time,status,treat,Group,curve
1.7142857142857142,1,1,Group1,0
2.571428571428571,1,1,Group1,0
3.714285714285714,1,1,Group1,0
4.571428571428571,1,1,Group1,0
4.571428571428571,1,1,Group1,0
6.0,1,1,Group1,0
6.285714285714286,1,1,Group1,0
7.7142857142857135,1,1,Group1,0
8.285714285714285,1,1,Group1,0
12.0,1,1,Group1,0
12.285714285714285,1,1,Group1,0
14.0,1,1,Group1,0
15.142857142857142,1,1,Group1,0
22.71428571428571,0,1,Group1,0
23.71428571428571,1,1,Group1,0
23.71428571428571,1,1,Group1,0
24.0,1,1,Group1,0
25.142857142857142,1,1,Group1,0
25.71428571428571,1,1,Group1,0
32.0,1,1,Group1,0
36.0,1,1,Group1,0
36.285714285714285,1,1,Group1,0
38.285714285714285,1,1,Group1,0
39.71428571428572,1,1,Group1,0
40.57142857142857,1,1,Group1,0
40.57142857142857,1,1,Group1,0
41.14285714285714,1,1,Group1,0
46.57142857142857,1,1,Group1,0
50.85714285714285,1,1,Group1,0
52.285714285714285,1,1,Group1,0
53.42857142857142,1,1,Group1,0
54.0,1,1,Group1,0
54.85714285714285,1,1,Group1,0
55.14285714285714,1,1,Group1,0
64.0,1,1,Group1,0
67.42857142857143,1,1,Group1,0
68.57142857142857,1,1,Group1,0
79.14285714285714,1,1,Group1,0
85.71428571428571,1,1,Group1,0
87.14285714285714,1,1,Group1,0
87.42857142857143,1,1,Group1,0
88.85714285714285,1,1,Group1,0
88.85714285714285,1,1,Group1,0
108.0,1,1,Group1,0
110.28571428571428,1,1,Group1,0
129.42857142857142,1,1,Group1,0
146.0,1,1,Group1,0
159.7142857142857,1,1,Group1,0
189.7142857142857,1,1,Group1,0
204.57142857142856,1,1,Group1,0
222.28571428571428,1,1,Group1,0
247.1428571428572,0,1,Group1,0
272.57142857142856,1,1,Group1,0
381.1428571428571,1,1,Group1,0
