time,status,treat,Group,curve
0.0310077519379844,1,1,Group1,0
0.3720930232558139,0,1,Group1,0
0.8062015503875969,1,1,Group1,0
0.8992248062015503,0,1,Group1,0
1.0852713178294573,1,1,Group1,0
1.2713178294573644,0,1,Group1,0
1.5193798449612403,1,1,Group1,0
1.7209302325581397,0,1,Group1,0
1.7364341085271318,1,1,Group1,0
2.031007751937985,0,1,Group1,0
2.3255813953488373,1,1,Group1,0
2.449612403100775,1,1,Group1,0
4.015503875968992,0,1,Group1,0
4.015503875968992,0,1,Group1,0
4.015503875968992,0,1,Group1,0
4.015503875968992,0,1,Group1,0
4.015503875968992,0,1,Group1,0
4.015503875968992,0,1,Group1,0
4.015503875968992,0,1,Group1,0
5.7984496124031,1,1,Group1,0
9.45736434108527,0,1,Group1,0
9.45736434108527,0,1,Group1,0
9.45736434108527,0,1,Group1,0
9.45736434108527,0,1,Group1,0
9.45736434108527,0,1,Group1,0
9.45736434108527,0,1,Group1,0
9.45736434108527,0,1,Group1,0
9.45736434108527,0,1,Group1,0
9.45736434108527,0,1,Group1,0
9.45736434108527,0,1,Group1,0
9.45736434108527,0,1,Group1,0
9.45736434108527,0,1,Group1,0
9.45736434108527,0,1,Group1,0
9.45736434108527,0,1,Group1,0
9.45736434108527,0,1,Group1,0
9.45736434108527,0,1,Group1,0
13.209302325581396,1,1,Group1,0
16.837209302325583,0,1,Group1,0
16.837209302325583,0,1,Group1,0
20.49612403100776,1,1,Group1,0
20.65116279069768,1,1,Group1,0
22.06201550387597,0,1,Group1,0
23.627906976744185,1,1,Group1,0
24.65116279069768,1,1,Group1,0
25.36434108527132,1,1,Group1,0
27.93798449612403,1,1,Group1,0
32.713178294573645,0,1,Group1,0
32.713178294573645,0,1,Group1,0
37.64341085271318,1,1,Group1,0
41.24031007751938,0,1,Group1,0
