time,status,treat,Group,curve
1.2925170068027212,0,1,Arm A,0
1.809523809523809,1,1,Arm A,0
16.41496598639456,0,1,Arm A,0
16.41496598639456,0,1,Arm A,0
16.41496598639456,0,1,Arm A,0
16.41496598639456,0,1,Arm A,0
16.41496598639456,0,1,Arm A,0
16.41496598639456,0,1,Arm A,0
16.41496598639456,0,1,Arm A,0
16.41496598639456,0,1,Arm A,0
16.41496598639456,0,1,Arm A,0
16.41496598639456,0,1,Arm A,0
16.41496598639456,0,1,Arm A,0
16.41496598639456,0,1,Arm A,0
16.41496598639456,0,1,Arm A,0
16.41496598639456,0,1,Arm A,0
16.41496598639456,0,1,Arm A,0
16.41496598639456,0,1,Arm A,0
16.41496598639456,0,1,Arm A,0
16.41496598639456,0,1,Arm A,0
16.41496598639456,0,1,Arm A,0
32.054421768707485,1,1,Arm A,0
34.7687074829932,0,1,Arm A,0
34.7687074829932,0,1,Arm A,0
34.7687074829932,0,1,Arm A,0
34.7687074829932,0,1,Arm A,0
38.775510204081634,1,1,Arm A,0
44.204081632653065,1,1,Arm A,0
47.43537414965986,0,1,Arm A,0
51.82993197278912,0,1,Arm A,0
51.95918367346939,1,1,Arm A,0
60.74829931972789,0,1,Arm A,0
60.74829931972789,0,1,Arm A,0
70.82993197278911,1,1,Arm A,0
70.82993197278911,1,1,Arm A,0
72.12244897959184,0,1,Arm A,0
74.70748299319729,1,1,Arm A,0
80.1360544217687,0,1,Arm A,0
86.85714285714286,1,1,Arm A,0
91.7687074829932,1,1,Arm A,0
92.28571428571428,1,1,Arm A,0
103.14285714285714,0,1,Arm A,0
103.14285714285714,0,1,Arm A,0
103.14285714285714,0,1,Arm A,0
115.29251700680273,1,1,Arm A,0
147.8639455782313,0,1,Arm A,0
181.7278911564626,1,1,Arm A,0
181.7278911564626,1,1,Arm A,0
343.55102040816325,1,1,Arm A,0
