time,status,treat,Group,curve
0.4108527131782945,0,1,Group1,0
0.4341085271317829,1,1,Group1,0
0.4651162790697674,1,1,Group1,0
0.7906976744186046,0,1,Group1,0
1.193798449612403,1,1,Group1,0
3.4651162790697674,0,1,Group1,0
3.4651162790697674,0,1,Group1,0
3.4651162790697674,0,1,Group1,0
3.4651162790697674,0,1,Group1,0
3.4651162790697674,0,1,Group1,0
3.4651162790697674,0,1,Group1,0
3.4651162790697674,0,1,Group1,0
3.4651162790697674,0,1,Group1,0
3.4651162790697674,0,1,Group1,0
3.4651162790697674,0,1,Group1,0
3.4651162790697674,0,1,Group1,0
5.844961240310077,1,1,Group1,0
5.844961240310077,1,1,Group1,0
6.178294573643411,0,1,Group1,0
6.178294573643411,0,1,Group1,0
6.178294573643411,0,1,Group1,0
6.589147286821706,1,1,Group1,0
7.682170542635658,0,1,Group1,0
7.682170542635658,0,1,Group1,0
8.852713178294573,1,1,Group1,0
13.45736434108527,0,1,Group1,0
13.45736434108527,0,1,Group1,0
13.45736434108527,0,1,Group1,0
13.45736434108527,0,1,Group1,0
13.45736434108527,0,1,Group1,0
13.45736434108527,0,1,Group1,0
18.170542635658915,1,1,Group1,0
20.356589147286822,1,1,Group1,0
