time,status,treat,Group,curve
0.0708661417322834,1,1,Group1,0
0.0944881889763779,1,1,Group1,0
0.2480314960629921,0,1,Group1,0
0.4960629921259842,1,1,Group1,0
0.5669291338582677,1,1,Group1,0
0.7440944881889764,0,1,Group1,0
0.8267716535433071,1,1,Group1,0
0.9921259842519684,0,1,Group1,0
1.2283464566929134,1,1,Group1,0
1.4763779527559056,0,1,Group1,0
1.7007874015748032,1,1,Group1,0
1.795275590551181,1,1,Group1,0
1.877952755905512,0,1,Group1,0
1.937007874015748,1,1,Group1,0
2.078740157480315,1,1,Group1,0
2.279527559055118,0,1,Group1,0
2.456692913385827,1,1,Group1,0
2.5511811023622046,1,1,Group1,0
2.574803149606299,1,1,Group1,0
2.633858267716535,0,1,Group1,0
2.6456692913385824,1,1,Group1,0
2.9763779527559056,1,1,Group1,0
3.1417322834645667,1,1,Group1,0
3.921259842519685,1,1,Group1,0
4.039370078740157,1,1,Group1,0
4.488188976377953,1,1,Group1,0
4.748031496062992,1,1,Group1,0
5.2204724409448815,1,1,Group1,0
5.929133858267717,1,1,Group1,0
5.952755905511811,1,1,Group1,0
6.118110236220472,1,1,Group1,0
6.708661417322834,0,1,Group1,0
7.322834645669292,1,1,Group1,0
7.535433070866142,1,1,Group1,0
7.547244094488189,0,1,Group1,0
7.582677165354331,1,1,Group1,0
7.606299212598425,1,1,Group1,0
8.031496062992126,0,1,Group1,0
8.551181102362204,1,1,Group1,0
8.645669291338583,1,1,Group1,0
9.023622047244094,1,1,Group1,0
9.68503937007874,1,1,Group1,0
9.968503937007874,1,1,Group1,0
10.32283464566929,1,1,Group1,0
10.32283464566929,1,1,Group1,0
11.78740157480315,0,1,Group1,0
11.858267716535432,1,1,Group1,0
14.716535433070868,1,1,Group1,0
15.77952755905512,1,1,Group1,0
15.874015748031496,1,1,Group1,0
18.51968503937008,1,1,Group1,0
18.921259842519685,1,1,Group1,0
22.724409448818896,1,1,Group1,0
24.248031496063,0,1,Group1,0
25.91338582677165,1,1,Group1,0
26.50393700787401,1,1,Group1,0
28.53543307086614,1,1,Group1,0
31.984251968503937,1,1,Group1,0
