time,status,treat,Group,curve
0.1458333333333333,1,1,Group1,0
0.1944444444444444,1,1,Group1,0
0.1944444444444444,1,1,Group1,0
0.4861111111111111,1,1,Group1,0
0.5347222222222222,1,1,Group1,0
1.1666666666666667,1,1,Group1,0
1.215277777777778,1,1,Group1,0
1.2638888888888888,1,1,Group1,0
1.3125,1,1,Group1,0
1.6041666666666667,1,1,Group1,0
1.8229166666666667,0,1,Group1,0
1.8472222222222223,1,1,Group1,0
1.993055555555556,1,1,Group1,0
2.0902777777777777,1,1,Group1,0
2.1875,1,1,Group1,0
2.770833333333333,1,1,Group1,0
3.208333333333333,1,1,Group1,0
3.6215277777777777,0,1,Group1,0
3.7916666666666665,1,1,Group1,0
3.8402777777777777,1,1,Group1,0
3.888888888888889,1,1,Group1,0
3.9375,1,1,Group1,0
4.180555555555555,1,1,Group1,0
4.472222222222222,1,1,Group1,0
4.909722222222222,1,1,Group1,0
5.152777777777778,1,1,Group1,0
5.493055555555555,0,1,Group1,0
5.979166666666667,1,1,Group1,0
6.125,1,1,Group1,0
6.173611111111112,1,1,Group1,0
6.173611111111112,1,1,Group1,0
6.222222222222222,1,1,Group1,0
7.340277777777778,1,1,Group1,0
7.4375,1,1,Group1,0
7.534722222222222,1,1,Group1,0
8.020833333333334,1,1,Group1,0
8.118055555555555,1,1,Group1,0
8.506944444444445,1,1,Group1,0
8.555555555555555,1,1,Group1,0
9.09027777777778,1,1,Group1,0
9.13888888888889,1,1,Group1,0
9.381944444444445,1,1,Group1,0
10.0625,1,1,Group1,0
11.32638888888889,1,1,Group1,0
11.472222222222223,1,1,Group1,0
11.569444444444445,1,1,Group1,0
12.006944444444445,1,1,Group1,0
12.055555555555555,1,1,Group1,0
12.73611111111111,1,1,Group1,0
15.944444444444445,1,1,Group1,0
17.54861111111111,1,1,Group1,0
17.694444444444446,1,1,Group1,0
22.506944444444446,1,1,Group1,0
23.43055555555556,1,1,Group1,0
25.90972222222222,1,1,Group1,0
29.89583333333333,1,1,Group1,0
37.09027777777778,1,1,Group1,0
65.67361111111111,1,1,Group1,0
