time,status,treat,Group,curve
1.4625850340136055,1,1,Group1,0
2.0476190476190474,1,1,Group1,0
2.63265306122449,1,1,Group1,0
5.557823129251701,1,1,Group1,0
6.142857142857142,1,1,Group1,0
7.312925170068027,1,1,Group1,0
9.653061224489797,1,1,Group1,0
10.82312925170068,1,1,Group1,0
11.115646258503402,1,1,Group1,0
14.333333333333332,1,1,Group1,0
14.918367346938776,1,1,Group1,0
15.210884353741497,1,1,Group1,0
16.965986394557824,1,1,Group1,0
23.10884353741497,1,1,Group1,0
23.547619047619047,0,1,Group1,0
25.448979591836736,1,1,Group1,0
31.8843537414966,1,1,Group1,0
35.39455782312925,1,1,Group1,0
36.27210884353742,1,1,Group1,0
41.53741496598639,1,1,Group1,0
42.41496598639456,1,1,Group1,0
47.97278911564626,1,1,Group1,0
49.72789115646258,1,1,Group1,0
51.48299319727891,1,1,Group1,0
53.82312925170068,1,1,Group1,0
54.993197278911566,1,1,Group1,0
62.59863945578231,1,1,Group1,0
66.10884353741497,1,1,Group1,0
77.22448979591836,1,1,Group1,0
83.07482993197279,1,1,Group1,0
83.07482993197279,1,1,Group1,0
87.75510204081633,1,1,Group1,0
93.60544217687077,1,1,Group1,0
114.37414965986396,1,1,Group1,0
121.97959183673468,1,1,Group1,0
130.75510204081633,1,1,Group1,0
247.7619047619048,1,1,Group1,0
387.5850340136054,0,1,Group1,0
