time,status,treat,Group,curve
0.1492537313432835,1,1,Group1,0
0.2238805970149253,1,1,Group1,0
0.4104477611940298,1,1,Group1,0
0.708955223880597,1,1,Group1,0
0.9328358208955224,0,1,Group1,0
1.2686567164179103,1,1,Group1,0
1.380597014925373,1,1,Group1,0
1.8656716417910448,0,1,Group1,0
2.5746268656716413,1,1,Group1,0
2.686567164179104,1,1,Group1,0
2.92910447761194,0,1,Group1,0
3.171641791044776,1,1,Group1,0
3.2089552238805967,1,1,Group1,0
3.694029850746269,1,1,Group1,0
4.104477611940299,1,1,Group1,0
4.1231343283582085,0,1,Group1,0
4.291044776119403,1,1,Group1,0
4.440298507462686,1,1,Group1,0
4.58955223880597,1,1,Group1,0
4.664179104477611,1,1,Group1,0
5.3731343283582085,1,1,Group1,0
5.410447761194029,1,1,Group1,0
6.380597014925373,1,1,Group1,0
7.611940298507462,1,1,Group1,0
7.649253731343283,1,1,Group1,0
8.059701492537313,1,1,Group1,0
8.097014925373134,1,1,Group1,0
8.35820895522388,1,1,Group1,0
8.544776119402984,1,1,Group1,0
9.664179104477611,1,1,Group1,0
10.298507462686564,1,1,Group1,0
10.373134328358208,1,1,Group1,0
10.671641791044776,1,1,Group1,0
10.8955223880597,1,1,Group1,0
12.276119402985074,1,1,Group1,0
12.499999999999998,1,1,Group1,0
12.873134328358208,1,1,Group1,0
14.477611940298504,1,1,Group1,0
14.589552238805968,1,1,Group1,0
15.03731343283582,1,1,Group1,0
16.119402985074625,1,1,Group1,0
17.014925373134325,1,1,Group1,0
18.507462686567163,0,1,Group1,0
20.07462686567164,1,1,Group1,0
20.93283582089552,1,1,Group1,0
22.089552238805968,1,1,Group1,0
22.31343283582089,1,1,Group1,0
22.61194029850746,1,1,Group1,0
22.649253731343283,1,1,Group1,0
23.95522388059701,1,1,Group1,0
27.35074626865672,1,1,Group1,0
29.104477611940297,1,1,Group1,0
33.917910447761194,1,1,Group1,0
35.373134328358205,1,1,Group1,0
37.23880597014925,1,1,Group1,0
44.55223880597015,1,1,Group1,0
47.83582089552238,1,1,Group1,0
48.91791044776119,0,1,Group1,0
