time,status,treat,Group,curve
0.2238805970149253,1,1,Group1,0
0.335820895522388,0,1,Group1,0
0.4029850746268656,1,1,Group1,0
0.7388059701492538,0,1,Group1,0
0.7388059701492538,0,1,Group1,0
1.0746268656716418,1,1,Group1,0
1.1194029850746268,1,1,Group1,0
1.164179104477612,1,1,Group1,0
1.208955223880597,1,1,Group1,0
2.261194029850746,0,1,Group1,0
2.261194029850746,0,1,Group1,0
2.261194029850746,0,1,Group1,0
2.261194029850746,0,1,Group1,0
2.261194029850746,0,1,Group1,0
2.261194029850746,0,1,Group1,0
2.261194029850746,0,1,Group1,0
3.5373134328358207,1,1,Group1,0
3.649253731343284,0,1,Group1,0
3.917910447761194,0,1,Group1,0
3.985074626865672,1,1,Group1,0
4.634328358208955,0,1,Group1,0
4.634328358208955,0,1,Group1,0
4.634328358208955,0,1,Group1,0
4.634328358208955,0,1,Group1,0
5.507462686567163,1,1,Group1,0
5.507462686567163,1,1,Group1,0
6.35820895522388,0,1,Group1,0
6.35820895522388,0,1,Group1,0
6.35820895522388,0,1,Group1,0
6.35820895522388,0,1,Group1,0
6.35820895522388,0,1,Group1,0
7.432835820895522,1,1,Group1,0
8.328358208955223,1,1,Group1,0
8.373134328358208,1,1,Group1,0
9.35820895522388,0,1,Group1,0
9.35820895522388,0,1,Group1,0
10.567164179104475,1,1,Group1,0
10.992537313432834,0,1,Group1,0
11.641791044776118,1,1,Group1,0
13.701492537313433,0,1,Group1,0
13.701492537313433,0,1,Group1,0
13.701492537313433,0,1,Group1,0
15.985074626865671,1,1,Group1,0
15.985074626865671,1,1,Group1,0
18.559701492537314,0,1,Group1,0
21.35820895522388,1,1,Group1,0
59.48507462686567,0,1,Group1,0
