time,status,treat,Group,curve
0.3783783783783784,1,1,Group1,0
1.7657657657657655,1,1,Group1,0
2.990990990990991,0,1,Group1,0
4.252252252252252,1,1,Group1,0
4.486486486486487,1,1,Group1,0
5.45945945945946,1,1,Group1,0
6.108108108108108,1,1,Group1,0
7.495495495495495,1,1,Group1,0
7.72972972972973,1,1,Group1,0
8.468468468468469,1,1,Group1,0
8.774774774774775,1,1,Group1,0
8.846846846846846,1,1,Group1,0
9.45045045045045,0,1,Group1,0
10.108108108108109,1,1,Group1,0
10.36036036036036,1,1,Group1,0
10.468468468468467,1,1,Group1,0
10.702702702702702,1,1,Group1,0
11.135135135135137,1,1,Group1,0
12.036036036036036,1,1,Group1,0
12.126126126126126,1,1,Group1,0
12.81081081081081,1,1,Group1,0
13.00900900900901,0,1,Group1,0
13.297297297297296,1,1,Group1,0
13.387387387387388,1,1,Group1,0
14.036036036036036,1,1,Group1,0
14.18018018018018,1,1,Group1,0
14.18018018018018,1,1,Group1,0
14.18018018018018,1,1,Group1,0
14.1981981981982,1,1,Group1,0
14.27027027027027,1,1,Group1,0
14.594594594594597,1,1,Group1,0
14.612612612612612,1,1,Group1,0
14.64864864864865,1,1,Group1,0
14.756756756756756,1,1,Group1,0
14.882882882882884,1,1,Group1,0
14.972972972972974,1,1,Group1,0
14.99099099099099,1,1,Group1,0
15.00900900900901,1,1,Group1,0
15.027027027027026,1,1,Group1,0
15.297297297297296,1,1,Group1,0
15.477477477477477,1,1,Group1,0
15.657657657657657,1,1,Group1,0
15.8018018018018,1,1,Group1,0
16.1981981981982,1,1,Group1,0
16.234234234234233,1,1,Group1,0
16.28828828828829,1,1,Group1,0
16.37837837837838,1,1,Group1,0
16.504504504504503,1,1,Group1,0
17.333333333333332,1,1,Group1,0
23.92792792792793,1,1,Group1,0
23.92792792792793,1,1,Group1,0
23.92792792792793,1,1,Group1,0
