time,status,treat,Group,curve
0.0675675675675675,1,1,Group1,0
1.3175675675675675,0,1,Group1,0
1.3175675675675675,0,1,Group1,0
1.3175675675675675,0,1,Group1,0
1.3175675675675675,0,1,Group1,0
1.3175675675675675,0,1,Group1,0
2.635135135135135,1,1,Group1,0
2.986486486486487,1,1,Group1,0
3.040540540540541,0,1,Group1,0
3.1486486486486487,1,1,Group1,0
4.756756756756757,0,1,Group1,0
4.756756756756757,0,1,Group1,0
4.756756756756757,0,1,Group1,0
4.756756756756757,0,1,Group1,0
4.756756756756757,0,1,Group1,0
4.756756756756757,0,1,Group1,0
4.756756756756757,0,1,Group1,0
6.4324324324324325,1,1,Group1,0
6.6891891891891895,0,1,Group1,0
6.72972972972973,1,1,Group1,0
6.810810810810811,1,1,Group1,0
7.02027027027027,0,1,Group1,0
7.297297297297297,1,1,Group1,0
7.56081081081081,0,1,Group1,0
7.56081081081081,0,1,Group1,0
7.891891891891892,1,1,Group1,0
8.013513513513514,1,1,Group1,0
8.716216216216218,1,1,Group1,0
8.797297297297298,1,1,Group1,0
8.91891891891892,1,1,Group1,0
8.993243243243244,0,1,Group1,0
9.135135135135137,1,1,Group1,0
9.243243243243244,1,1,Group1,0
9.81081081081081,1,1,Group1,0
9.87837837837838,1,1,Group1,0
10.297297297297298,1,1,Group1,0
10.351351351351353,1,1,Group1,0
10.797297297297298,1,1,Group1,0
10.83783783783784,1,1,Group1,0
10.851351351351353,1,1,Group1,0
11.22972972972973,1,1,Group1,0
11.283783783783784,1,1,Group1,0
11.41891891891892,1,1,Group1,0
11.445945945945947,1,1,Group1,0
12.743243243243244,1,1,Group1,0
17.10810810810811,0,1,Group1,0
