time,status,treat,Group,curve
1.4728682170542635,0,1,Group1,0
1.4728682170542635,0,1,Group1,0
1.4728682170542635,0,1,Group1,0
1.4728682170542635,0,1,Group1,0
1.4728682170542635,0,1,Group1,0
2.992248062015504,1,1,Group1,0
4.573643410852713,0,1,Group1,0
4.573643410852713,0,1,Group1,0
4.573643410852713,0,1,Group1,0
4.573643410852713,0,1,Group1,0
4.573643410852713,0,1,Group1,0
4.573643410852713,0,1,Group1,0
4.573643410852713,0,1,Group1,0
4.573643410852713,0,1,Group1,0
4.573643410852713,0,1,Group1,0
4.573643410852713,0,1,Group1,0
6.232558139534883,1,1,Group1,0
6.767441860465116,0,1,Group1,0
6.767441860465116,0,1,Group1,0
7.37984496124031,1,1,Group1,0
8.348837209302326,0,1,Group1,0
8.348837209302326,0,1,Group1,0
8.348837209302326,0,1,Group1,0
9.395348837209305,1,1,Group1,0
9.736434108527131,0,1,Group1,0
9.736434108527131,0,1,Group1,0
9.736434108527131,0,1,Group1,0
10.186046511627907,1,1,Group1,0
10.248062015503876,1,1,Group1,0
11.023255813953488,0,1,Group1,0
11.023255813953488,0,1,Group1,0
11.023255813953488,0,1,Group1,0
11.844961240310075,1,1,Group1,0
12.170542635658917,0,1,Group1,0
12.573643410852712,1,1,Group1,0
12.945736434108529,1,1,Group1,0
13.116279069767442,1,1,Group1,0
13.116279069767442,1,1,Group1,0
13.24031007751938,1,1,Group1,0
16.697674418604652,0,1,Group1,0
20.26356589147287,1,1,Group1,0
