time,status,treat,Group,curve
9.837837837837837,0,1,Group1,0
9.837837837837837,0,1,Group1,0
9.837837837837837,0,1,Group1,0
9.837837837837837,0,1,Group1,0
9.837837837837837,0,1,Group1,0
9.837837837837837,0,1,Group1,0
9.837837837837837,0,1,Group1,0
9.837837837837837,0,1,Group1,0
9.837837837837837,0,1,Group1,0
9.837837837837837,0,1,Group1,0
9.837837837837837,0,1,Group1,0
9.837837837837837,0,1,Group1,0
9.837837837837837,0,1,Group1,0
9.837837837837837,0,1,Group1,0
9.837837837837837,0,1,Group1,0
9.837837837837837,0,1,Group1,0
9.837837837837837,0,1,Group1,0
9.837837837837837,0,1,Group1,0
9.837837837837837,0,1,Group1,0
9.837837837837837,0,1,Group1,0
9.837837837837837,0,1,Group1,0
9.837837837837837,0,1,Group1,0
19.75675675675676,1,1,Group1,0
21.716216216216218,0,1,Group1,0
21.716216216216218,0,1,Group1,0
21.716216216216218,0,1,Group1,0
21.716216216216218,0,1,Group1,0
23.81081081081081,1,1,Group1,0
24.68918918918919,0,1,Group1,0
24.68918918918919,0,1,Group1,0
24.68918918918919,0,1,Group1,0
24.68918918918919,0,1,Group1,0
25.5945945945946,1,1,Group1,0
27.729729729729733,0,1,Group1,0
27.729729729729733,0,1,Group1,0
30.0,1,1,Group1,0
30.60810810810811,0,1,Group1,0
31.27027027027028,1,1,Group1,0
32.36486486486487,0,1,Group1,0
32.36486486486487,0,1,Group1,0
33.5945945945946,1,1,Group1,0
34.770270270270274,1,1,Group1,0
34.770270270270274,1,1,Group1,0
36.054054054054056,1,1,Group1,0
36.054054054054056,1,1,Group1,0
36.054054054054056,1,1,Group1,0
36.054054054054056,1,1,Group1,0
36.054054054054056,1,1,Group1,0
36.054054054054056,1,1,Group1,0
36.054054054054056,1,1,Group1,0
36.054054054054056,1,1,Group1,0
36.054054054054056,1,1,Group1,0
36.054054054054056,1,1,Group1,0
36.054054054054056,1,1,Group1,0
