time,status,treat,Group,curve
1.527027027027027,0,1,Group1,0
1.527027027027027,0,1,Group1,0
3.1081081081081083,1,1,Group1,0
6.405405405405405,0,1,Group1,0
6.405405405405405,0,1,Group1,0
6.405405405405405,0,1,Group1,0
6.405405405405405,0,1,Group1,0
9.81081081081081,1,1,Group1,0
11.54054054054054,0,1,Group1,0
11.54054054054054,0,1,Group1,0
13.351351351351353,1,1,Group1,0
15.108108108108109,0,1,Group1,0
15.108108108108109,0,1,Group1,0
17.0,1,1,Group1,0
17.824324324324323,0,1,Group1,0
18.72972972972973,1,1,Group1,0
19.932432432432435,0,1,Group1,0
19.945945945945947,1,1,Group1,0
21.56756756756757,1,1,Group1,0
22.054054054054056,0,1,Group1,0
22.621621621621625,1,1,Group1,0
23.25675675675676,0,1,Group1,0
23.97297297297297,1,1,Group1,0
24.10810810810811,1,1,Group1,0
24.10810810810811,1,1,Group1,0
24.54054054054054,1,1,Group1,0
25.01351351351352,0,1,Group1,0
25.47297297297297,0,1,Group1,0
25.56756756756757,1,1,Group1,0
25.89189189189189,1,1,Group1,0
26.2972972972973,0,1,Group1,0
26.783783783783782,1,1,Group1,0
26.81081081081081,1,1,Group1,0
27.135135135135137,0,1,Group1,0
27.54054054054054,1,1,Group1,0
27.56756756756757,1,1,Group1,0
27.986486486486488,0,1,Group1,0
28.486486486486488,1,1,Group1,0
28.81081081081081,1,1,Group1,0
28.945945945945947,1,1,Group1,0
29.7972972972973,0,1,Group1,0
30.72972972972973,1,1,Group1,0
30.75675675675676,1,1,Group1,0
31.18918918918919,1,1,Group1,0
31.324324324324326,1,1,Group1,0
31.58108108108108,0,1,Group1,0
31.945945945945947,1,1,Group1,0
33.2972972972973,1,1,Group1,0
33.432432432432435,1,1,Group1,0
33.45945945945946,1,1,Group1,0
33.51351351351352,1,1,Group1,0
34.02702702702703,1,1,Group1,0
34.12162162162163,0,1,Group1,0
34.16216216216216,1,1,Group1,0
35.054054054054056,1,1,Group1,0
35.067567567567565,0,1,Group1,0
35.51351351351352,1,1,Group1,0
35.891891891891895,1,1,Group1,0
35.91891891891892,1,1,Group1,0
36.02702702702703,1,1,Group1,0
36.054054054054056,1,1,Group1,0
36.054054054054056,1,1,Group1,0
36.054054054054056,1,1,Group1,0
36.054054054054056,1,1,Group1,0
36.054054054054056,1,1,Group1,0
36.054054054054056,1,1,Group1,0
36.054054054054056,1,1,Group1,0
36.054054054054056,1,1,Group1,0
36.054054054054056,1,1,Group1,0
36.054054054054056,1,1,Group1,0
36.054054054054056,1,1,Group1,0
36.054054054054056,1,1,Group1,0
36.054054054054056,1,1,Group1,0
36.054054054054056,1,1,Group1,0
36.054054054054056,1,1,Group1,0
36.054054054054056,1,1,Group1,0
36.054054054054056,1,1,Group1,0
