time,status,treat,Group,curve
1.7395833333333333,0,1,Group1,0
1.7395833333333333,0,1,Group1,0
1.7395833333333333,0,1,Group1,0
1.7395833333333333,0,1,Group1,0
1.7395833333333333,0,1,Group1,0
1.7395833333333333,0,1,Group1,0
1.7395833333333333,0,1,Group1,0
1.7395833333333333,0,1,Group1,0
1.7395833333333333,0,1,Group1,0
1.7395833333333333,0,1,Group1,0
1.7395833333333333,0,1,Group1,0
1.7395833333333333,0,1,Group1,0
1.7395833333333333,0,1,Group1,0
1.7395833333333333,0,1,Group1,0
1.7395833333333333,0,1,Group1,0
1.7395833333333333,0,1,Group1,0
1.7395833333333333,0,1,Group1,0
1.7395833333333333,0,1,Group1,0
1.7395833333333333,0,1,Group1,0
1.7395833333333333,0,1,Group1,0
1.7395833333333333,0,1,Group1,0
3.4947916666666665,1,1,Group1,0
3.958333333333333,0,1,Group1,0
3.958333333333333,0,1,Group1,0
3.958333333333333,0,1,Group1,0
3.958333333333333,0,1,Group1,0
4.447916666666666,1,1,Group1,0
4.744791666666666,0,1,Group1,0
5.052083333333333,1,1,Group1,0
5.072916666666666,1,1,Group1,0
5.213541666666666,1,1,Group1,0
5.71875,1,1,Group1,0
5.71875,1,1,Group1,0
6.114583333333333,1,1,Group1,0
