time,status,treat,Group,curve
0.4166666666666666,0,1,Group1,0
0.4404761904761904,1,1,Group1,0
1.0714285714285714,0,1,Group1,0
1.0714285714285714,0,1,Group1,0
1.7142857142857142,1,1,Group1,0
3.458333333333333,0,1,Group1,0
3.458333333333333,0,1,Group1,0
3.458333333333333,0,1,Group1,0
3.458333333333333,0,1,Group1,0
3.458333333333333,0,1,Group1,0
3.458333333333333,0,1,Group1,0
3.458333333333333,0,1,Group1,0
3.458333333333333,0,1,Group1,0
3.458333333333333,0,1,Group1,0
3.458333333333333,0,1,Group1,0
3.458333333333333,0,1,Group1,0
3.458333333333333,0,1,Group1,0
3.458333333333333,0,1,Group1,0
5.25,1,1,Group1,0
6.3273809523809526,0,1,Group1,0
6.3273809523809526,0,1,Group1,0
6.3273809523809526,0,1,Group1,0
6.3273809523809526,0,1,Group1,0
6.3273809523809526,0,1,Group1,0
7.4642857142857135,1,1,Group1,0
8.452380952380953,0,1,Group1,0
8.452380952380953,0,1,Group1,0
8.452380952380953,0,1,Group1,0
8.452380952380953,0,1,Group1,0
8.452380952380953,0,1,Group1,0
8.452380952380953,0,1,Group1,0
8.452380952380953,0,1,Group1,0
8.452380952380953,0,1,Group1,0
9.5,1,1,Group1,0
9.958333333333332,0,1,Group1,0
9.958333333333332,0,1,Group1,0
10.476190476190476,1,1,Group1,0
10.970238095238097,0,1,Group1,0
11.51190476190476,1,1,Group1,0
11.559523809523808,1,1,Group1,0
11.714285714285714,1,1,Group1,0
11.88095238095238,0,1,Group1,0
12.107142857142856,1,1,Group1,0
12.38095238095238,0,1,Group1,0
12.714285714285714,1,1,Group1,0
12.738095238095235,1,1,Group1,0
12.76190476190476,1,1,Group1,0
12.779761904761903,0,1,Group1,0
12.797619047619047,1,1,Group1,0
13.226190476190476,1,1,Group1,0
13.285714285714285,1,1,Group1,0
13.44047619047619,1,1,Group1,0
13.61904761904762,1,1,Group1,0
13.75,1,1,Group1,0
13.86904761904762,1,1,Group1,0
13.88095238095238,1,1,Group1,0
13.94047619047619,1,1,Group1,0
14.38095238095238,1,1,Group1,0
14.404761904761903,1,1,Group1,0
14.595238095238097,1,1,Group1,0
15.107142857142858,0,1,Group1,0
15.642857142857142,0,1,Group1,0
15.660714285714285,0,1,Group1,0
