time,status,treat,Group,curve
1.820224719101124,0,1,Group1,0
1.820224719101124,0,1,Group1,0
1.820224719101124,0,1,Group1,0
1.820224719101124,0,1,Group1,0
1.820224719101124,0,1,Group1,0
1.820224719101124,0,1,Group1,0
1.820224719101124,0,1,Group1,0
1.820224719101124,0,1,Group1,0
3.6741573033707855,1,1,Group1,0
3.898876404494382,1,1,Group1,0
5.893258426966292,0,1,Group1,0
5.893258426966292,0,1,Group1,0
5.893258426966292,0,1,Group1,0
5.893258426966292,0,1,Group1,0
5.893258426966292,0,1,Group1,0
5.893258426966292,0,1,Group1,0
5.893258426966292,0,1,Group1,0
5.893258426966292,0,1,Group1,0
5.893258426966292,0,1,Group1,0
5.893258426966292,0,1,Group1,0
7.943820224719101,1,1,Group1,0
8.095505617977528,0,1,Group1,0
8.095505617977528,0,1,Group1,0
8.095505617977528,0,1,Group1,0
8.095505617977528,0,1,Group1,0
8.303370786516854,1,1,Group1,0
8.404494382022472,1,1,Group1,0
8.415730337078651,1,1,Group1,0
8.426966292134832,1,1,Group1,0
8.797752808988765,0,1,Group1,0
9.224719101123595,1,1,Group1,0
9.887640449438202,1,1,Group1,0
10.292134831460674,0,1,Group1,0
10.752808988764045,1,1,Group1,0
10.842696629213483,1,1,Group1,0
11.03370786516854,0,1,Group1,0
11.03370786516854,0,1,Group1,0
11.280898876404494,1,1,Group1,0
11.983146067415731,0,1,Group1,0
11.983146067415731,0,1,Group1,0
11.983146067415731,0,1,Group1,0
12.764044943820224,1,1,Group1,0
13.370786516853933,1,1,Group1,0
13.702247191011235,0,1,Group1,0
14.078651685393258,1,1,Group1,0
14.101123595505618,1,1,Group1,0
