time,status,treat,Group,curve
1.136904761904762,1,1,Group1,0
1.6488095238095235,1,1,Group1,0
2.708333333333333,1,1,Group1,0
2.845238095238095,1,1,Group1,0
2.9107142857142856,1,1,Group1,0
2.952380952380952,1,1,Group1,0
3.5654761904761902,1,1,Group1,0
3.8154761904761902,1,1,Group1,0
3.827380952380952,1,1,Group1,0
3.928571428571429,1,1,Group1,0
4.029761904761904,1,1,Group1,0
4.3809523809523805,1,1,Group1,0
4.482142857142857,1,1,Group1,0
4.571428571428571,0,1,Group1,0
4.684523809523809,1,1,Group1,0
4.845238095238095,1,1,Group1,0
5.029761904761904,1,1,Group1,0
5.083333333333333,1,1,Group1,0
5.369047619047619,1,1,Group1,0
5.44047619047619,1,1,Group1,0
5.50297619047619,0,1,Group1,0
5.523809523809524,1,1,Group1,0
5.577380952380952,1,1,Group1,0
5.601190476190476,1,1,Group1,0
5.696428571428571,1,1,Group1,0
5.773809523809524,1,1,Group1,0
5.934523809523809,1,1,Group1,0
6.0059523809523805,1,1,Group1,0
6.035714285714286,1,1,Group1,0
6.077380952380952,1,1,Group1,0
6.148809523809524,1,1,Group1,0
6.196428571428571,1,1,Group1,0
6.202380952380952,1,1,Group1,0
6.220238095238095,1,1,Group1,0
6.2559523809523805,1,1,Group1,0
6.273809523809524,1,1,Group1,0
6.291666666666666,1,1,Group1,0
6.309523809523809,1,1,Group1,0
6.333333333333333,1,1,Group1,0
6.3392857142857135,1,1,Group1,0
6.357142857142857,1,1,Group1,0
6.375,1,1,Group1,0
6.428571428571428,1,1,Group1,0
6.470238095238095,0,1,Group1,0
6.541666666666666,1,1,Group1,0
6.648809523809524,1,1,Group1,0
6.696428571428571,1,1,Group1,0
6.767857142857142,1,1,Group1,0
6.904761904761904,1,1,Group1,0
6.952380952380952,1,1,Group1,0
6.958333333333333,1,1,Group1,0
6.994047619047619,1,1,Group1,0
7.172619047619048,1,1,Group1,0
