time,status,treat,Group,curve
0.3395522388059702,0,1,Group1,0
0.3395522388059702,0,1,Group1,0
0.7014925373134329,1,1,Group1,0
1.164179104477612,0,1,Group1,0
1.164179104477612,0,1,Group1,0
1.664179104477612,1,1,Group1,0
1.7462686567164178,1,1,Group1,0
2.0522388059701493,0,1,Group1,0
2.0522388059701493,0,1,Group1,0
2.0522388059701493,0,1,Group1,0
2.388059701492537,1,1,Group1,0
2.634328358208955,0,1,Group1,0
2.634328358208955,0,1,Group1,0
2.9104477611940296,1,1,Group1,0
3.0074626865671643,1,1,Group1,0
3.21268656716418,0,1,Group1,0
3.21268656716418,0,1,Group1,0
3.455223880597015,1,1,Group1,0
3.5373134328358207,0,1,Group1,0
3.656716417910448,1,1,Group1,0
3.824626865671642,0,1,Group1,0
4.029850746268656,1,1,Group1,0
4.082089552238806,1,1,Group1,0
4.384328358208955,0,1,Group1,0
4.723880597014925,1,1,Group1,0
4.977611940298507,1,1,Group1,0
5.208955223880597,1,1,Group1,0
5.462686567164179,1,1,Group1,0
5.529850746268656,1,1,Group1,0
5.67910447761194,1,1,Group1,0
5.828358208955224,1,1,Group1,0
5.843283582089552,1,1,Group1,0
5.970149253731343,1,1,Group1,0
6.067164179104478,1,1,Group1,0
6.104477611940299,1,1,Group1,0
6.313432835820896,1,1,Group1,0
6.328358208955224,1,1,Group1,0
6.753731343283582,1,1,Group1,0
9.32089552238806,1,1,Group1,0
9.32089552238806,1,1,Group1,0
9.32089552238806,1,1,Group1,0
