time,status,treat,Group,curve
0.1891891891891892,1,1,Group1,0
3.95945945945946,0,1,Group1,0
7.837837837837839,1,1,Group1,0
8.108108108108109,0,1,Group1,0
8.108108108108109,0,1,Group1,0
8.432432432432433,1,1,Group1,0
9.37837837837838,1,1,Group1,0
11.18918918918919,1,1,Group1,0
16.972972972972975,0,1,Group1,0
16.972972972972975,0,1,Group1,0
16.972972972972975,0,1,Group1,0
22.864864864864867,1,1,Group1,0
23.31081081081081,0,1,Group1,0
23.89189189189189,1,1,Group1,0
24.24324324324325,1,1,Group1,0
25.04054054054054,0,1,Group1,0
25.89189189189189,1,1,Group1,0
26.54054054054054,1,1,Group1,0
27.24324324324324,0,1,Group1,0
28.054054054054056,1,1,Group1,0
28.18918918918919,1,1,Group1,0
28.45945945945946,1,1,Group1,0
31.18918918918919,1,1,Group1,0
31.64864864864865,1,1,Group1,0
32.432432432432435,1,1,Group1,0
34.24324324324324,1,1,Group1,0
34.62162162162162,1,1,Group1,0
35.02702702702703,1,1,Group1,0
36.054054054054056,1,1,Group1,0
36.054054054054056,1,1,Group1,0
36.054054054054056,1,1,Group1,0
36.054054054054056,1,1,Group1,0
36.054054054054056,1,1,Group1,0
36.054054054054056,1,1,Group1,0
36.054054054054056,1,1,Group1,0
36.054054054054056,1,1,Group1,0
36.054054054054056,1,1,Group1,0
36.054054054054056,1,1,Group1,0
36.054054054054056,1,1,Group1,0
36.054054054054056,1,1,Group1,0
36.054054054054056,1,1,Group1,0
36.054054054054056,1,1,Group1,0
36.054054054054056,1,1,Group1,0
36.054054054054056,1,1,Group1,0
