time,status,treat,Group,curve
0.7213541666666666,0,1,Group1,0
0.7213541666666666,0,1,Group1,0
1.4583333333333333,1,1,Group1,0
2.395833333333333,1,1,Group1,0
2.578125,1,1,Group1,0
2.614583333333333,1,1,Group1,0
3.15625,1,1,Group1,0
3.3854166666666665,1,1,Group1,0
3.390625,1,1,Group1,0
3.473958333333333,1,1,Group1,0
3.875,1,1,Group1,0
3.96875,1,1,Group1,0
4.140625,1,1,Group1,0
4.442708333333333,1,1,Group1,0
4.5,1,1,Group1,0
4.75,1,1,Group1,0
4.8125,1,1,Group1,0
4.885416666666666,1,1,Group1,0
4.932291666666666,1,1,Group1,0
4.958333333333333,1,1,Group1,0
5.114583333333333,1,1,Group1,0
5.244791666666666,1,1,Group1,0
5.3125,1,1,Group1,0
5.34375,1,1,Group1,0
5.4375,1,1,Group1,0
5.479166666666666,1,1,Group1,0
5.489583333333333,1,1,Group1,0
5.505208333333333,1,1,Group1,0
5.53125,1,1,Group1,0
5.567708333333333,1,1,Group1,0
5.583333333333333,1,1,Group1,0
5.598958333333333,1,1,Group1,0
5.604166666666666,1,1,Group1,0
5.619791666666666,1,1,Group1,0
5.625,1,1,Group1,0
5.6875,1,1,Group1,0
5.786458333333333,1,1,Group1,0
5.885416666666666,1,1,Group1,0
5.927083333333333,1,1,Group1,0
5.989583333333333,1,1,Group1,0
6.036458333333333,1,1,Group1,0
6.130208333333333,1,1,Group1,0
6.15625,1,1,Group1,0
6.161458333333333,1,1,Group1,0
6.34375,1,1,Group1,0
6.776041666666666,1,1,Group1,0
