time,status,treat,Group,curve
2.824324324324325,0,1,Group1,0
5.702702702702703,1,1,Group1,0
6.9324324324324325,0,1,Group1,0
6.9324324324324325,0,1,Group1,0
8.27027027027027,1,1,Group1,0
10.64864864864865,0,1,Group1,0
10.64864864864865,0,1,Group1,0
10.64864864864865,0,1,Group1,0
13.135135135135137,1,1,Group1,0
21.75675675675676,1,1,Group1,0
22.77027027027028,0,1,Group1,0
22.77027027027028,0,1,Group1,0
23.89189189189189,1,1,Group1,0
24.91891891891892,1,1,Group1,0
27.67567567567568,1,1,Group1,0
29.108108108108112,0,1,Group1,0
30.67567567567568,1,1,Group1,0
30.783783783783782,1,1,Group1,0
31.148648648648653,0,1,Group1,0
31.5945945945946,1,1,Group1,0
31.7972972972973,0,1,Group1,0
31.81081081081081,1,1,Group1,0
32.45945945945946,0,1,Group1,0
33.10810810810811,1,1,Group1,0
33.62162162162162,1,1,Group1,0
34.0945945945946,0,1,Group1,0
34.554054054054056,0,1,Group1,0
34.7027027027027,1,1,Group1,0
35.33783783783784,0,1,Group1,0
36.054054054054056,1,1,Group1,0
36.054054054054056,1,1,Group1,0
36.054054054054056,1,1,Group1,0
36.054054054054056,1,1,Group1,0
36.054054054054056,1,1,Group1,0
36.054054054054056,1,1,Group1,0
36.054054054054056,1,1,Group1,0
36.054054054054056,1,1,Group1,0
36.054054054054056,1,1,Group1,0
36.054054054054056,1,1,Group1,0
36.054054054054056,1,1,Group1,0
36.054054054054056,1,1,Group1,0
36.054054054054056,1,1,Group1,0
36.054054054054056,1,1,Group1,0
36.054054054054056,1,1,Group1,0
36.054054054054056,1,1,Group1,0
36.054054054054056,1,1,Group1,0
36.054054054054056,1,1,Group1,0
36.054054054054056,1,1,Group1,0
36.054054054054056,1,1,Group1,0
36.054054054054056,1,1,Group1,0
