time,status,treat,Group,curve
1.189873417721519,0,1,Group1,0
1.189873417721519,0,1,Group1,0
1.189873417721519,0,1,Group1,0
1.189873417721519,0,1,Group1,0
2.4050632911392404,1,1,Group1,0
3.3417721518987342,0,1,Group1,0
3.3417721518987342,0,1,Group1,0
3.3417721518987342,0,1,Group1,0
3.3417721518987342,0,1,Group1,0
4.329113924050633,1,1,Group1,0
4.436708860759493,0,1,Group1,0
4.6075949367088604,1,1,Group1,0
4.727848101265822,0,1,Group1,0
4.911392405063291,1,1,Group1,0
5.075949367088607,0,1,Group1,0
5.30379746835443,1,1,Group1,0
5.556962025316456,1,1,Group1,0
5.89873417721519,1,1,Group1,0
5.936708860759493,1,1,Group1,0
6.037974683544304,1,1,Group1,0
6.367088607594937,1,1,Group1,0
6.556962025316456,0,1,Group1,0
6.759493670886076,1,1,Group1,0
6.772151898734177,1,1,Group1,0
7.012658227848101,1,1,Group1,0
7.113924050632911,1,1,Group1,0
7.259493670886076,0,1,Group1,0
7.455696202531645,1,1,Group1,0
7.556962025316456,1,1,Group1,0
7.588607594936709,0,1,Group1,0
7.658227848101266,1,1,Group1,0
7.930379746835443,0,1,Group1,0
8.253164556962025,1,1,Group1,0
8.367088607594937,1,1,Group1,0
8.39240506329114,1,1,Group1,0
8.620253164556962,1,1,Group1,0
8.734177215189874,1,1,Group1,0
8.822784810126581,1,1,Group1,0
8.835443037974683,1,1,Group1,0
8.91139240506329,1,1,Group1,0
9.278481012658228,1,1,Group1,0
9.354430379746836,1,1,Group1,0
9.59493670886076,1,1,Group1,0
9.645569620253164,1,1,Group1,0
9.9873417721519,1,1,Group1,0
9.9873417721519,1,1,Group1,0
10.08860759493671,1,1,Group1,0
10.240506329113924,1,1,Group1,0
10.354430379746836,1,1,Group1,0
10.670886075949369,1,1,Group1,0
11.670886075949369,1,1,Group1,0
16.31645569620253,1,1,Group1,0
16.31645569620253,1,1,Group1,0
