time,status,treat,Group,curve
0.2432432432432432,1,1,Group1,0
2.9324324324324325,0,1,Group1,0
2.9324324324324325,0,1,Group1,0
5.621621621621622,1,1,Group1,0
10.945945945945947,0,1,Group1,0
10.945945945945947,0,1,Group1,0
10.945945945945947,0,1,Group1,0
10.945945945945947,0,1,Group1,0
10.945945945945947,0,1,Group1,0
10.945945945945947,0,1,Group1,0
10.945945945945947,0,1,Group1,0
10.945945945945947,0,1,Group1,0
16.37837837837838,1,1,Group1,0
16.91891891891892,1,1,Group1,0
17.243243243243246,1,1,Group1,0
18.08108108108108,1,1,Group1,0
20.0945945945946,0,1,Group1,0
20.0945945945946,0,1,Group1,0
22.18918918918919,1,1,Group1,0
22.81081081081081,1,1,Group1,0
24.91891891891892,1,1,Group1,0
25.432432432432435,1,1,Group1,0
25.824324324324323,0,1,Group1,0
26.2972972972973,1,1,Group1,0
27.445945945945947,0,1,Group1,0
27.445945945945947,0,1,Group1,0
28.64864864864865,1,1,Group1,0
29.027027027027028,1,1,Group1,0
29.081081081081084,1,1,Group1,0
29.37837837837838,1,1,Group1,0
30.216216216216218,1,1,Group1,0
31.91891891891892,0,1,Group1,0
33.7027027027027,1,1,Group1,0
33.810810810810814,1,1,Group1,0
33.94594594594595,1,1,Group1,0
34.81081081081081,0,1,Group1,0
34.891891891891895,1,1,Group1,0
34.972972972972975,1,1,Group1,0
36.054054054054056,1,1,Group1,0
36.054054054054056,1,1,Group1,0
36.054054054054056,1,1,Group1,0
36.054054054054056,1,1,Group1,0
36.054054054054056,1,1,Group1,0
36.054054054054056,1,1,Group1,0
36.054054054054056,1,1,Group1,0
36.054054054054056,1,1,Group1,0
36.054054054054056,1,1,Group1,0
36.054054054054056,1,1,Group1,0
36.054054054054056,1,1,Group1,0
36.054054054054056,1,1,Group1,0
36.054054054054056,1,1,Group1,0
36.054054054054056,1,1,Group1,0
36.054054054054056,1,1,Group1,0
36.054054054054056,1,1,Group1,0
36.054054054054056,1,1,Group1,0
36.054054054054056,1,1,Group1,0
36.054054054054056,1,1,Group1,0
36.054054054054056,1,1,Group1,0
