time,status,treat,Group,curve
0.3100775193798449,1,1,Group1,0
2.0775193798449614,1,1,Group1,0
2.5736434108527133,1,1,Group1,0
7.116279069767442,1,1,Group1,0
7.891472868217054,1,1,Group1,0
8.031007751937985,1,1,Group1,0
8.372093023255815,1,1,Group1,0
8.480620155038759,1,1,Group1,0
8.852713178294573,1,1,Group1,0
9.193798449612403,1,1,Group1,0
9.24031007751938,1,1,Group1,0
11.054263565891471,1,1,Group1,0
11.271317829457365,1,1,Group1,0
11.286821705426355,1,1,Group1,0
11.410852713178294,0,1,Group1,0
11.612403100775191,1,1,Group1,0
11.705426356589149,1,1,Group1,0
11.813953488372093,1,1,Group1,0
11.813953488372093,1,1,Group1,0
12.031007751937985,1,1,Group1,0
12.2015503875969,1,1,Group1,0
12.217054263565892,1,1,Group1,0
12.232558139534884,1,1,Group1,0
12.248062015503876,1,1,Group1,0
12.852713178294572,1,1,Group1,0
12.914728682170542,1,1,Group1,0
13.069767441860463,1,1,Group1,0
13.45736434108527,1,1,Group1,0
13.689922480620154,1,1,Group1,0
13.953488372093023,1,1,Group1,0
20.527131782945737,1,1,Group1,0
20.527131782945737,1,1,Group1,0
