time,status,treat,Group,curve
0.3571428571428571,1,1,Group1,0
2.130952380952381,1,1,Group1,0
2.458333333333333,1,1,Group1,0
2.5625,0,1,Group1,0
2.571428571428571,1,1,Group1,0
2.726190476190476,1,1,Group1,0
2.744047619047619,1,1,Group1,0
2.7916666666666665,1,1,Group1,0
2.946428571428571,1,1,Group1,0
3.0476190476190474,1,1,Group1,0
3.130952380952381,1,1,Group1,0
3.136904761904762,1,1,Group1,0
3.2916666666666665,1,1,Group1,0
3.5,1,1,Group1,0
3.508928571428571,0,1,Group1,0
3.5476190476190474,1,1,Group1,0
3.5654761904761902,1,1,Group1,0
3.803571428571429,1,1,Group1,0
3.809523809523809,1,1,Group1,0
3.875,1,1,Group1,0
3.880952380952381,1,1,Group1,0
3.886904761904762,1,1,Group1,0
3.9821428571428568,1,1,Group1,0
4.041666666666666,1,1,Group1,0
4.095238095238095,1,1,Group1,0
4.196428571428571,1,1,Group1,0
4.464285714285714,1,1,Group1,0
4.482142857142857,1,1,Group1,0
4.482142857142857,1,1,Group1,0
4.523809523809524,1,1,Group1,0
4.791666666666666,1,1,Group1,0
4.946428571428571,1,1,Group1,0
5.107142857142857,1,1,Group1,0
7.547619047619047,1,1,Group1,0
