time,status,treat,Group,curve
4.310810810810811,0,1,Group1,0
4.310810810810811,0,1,Group1,0
4.310810810810811,0,1,Group1,0
4.310810810810811,0,1,Group1,0
4.310810810810811,0,1,Group1,0
4.310810810810811,0,1,Group1,0
4.310810810810811,0,1,Group1,0
4.310810810810811,0,1,Group1,0
8.702702702702704,1,1,Group1,0
15.756756756756758,0,1,Group1,0
15.756756756756758,0,1,Group1,0
15.756756756756758,0,1,Group1,0
15.756756756756758,0,1,Group1,0
15.756756756756758,0,1,Group1,0
15.756756756756758,0,1,Group1,0
15.756756756756758,0,1,Group1,0
15.756756756756758,0,1,Group1,0
15.756756756756758,0,1,Group1,0
15.756756756756758,0,1,Group1,0
22.91891891891892,1,1,Group1,0
24.0,0,1,Group1,0
24.0,0,1,Group1,0
25.18918918918919,1,1,Group1,0
28.6891891891892,0,1,Group1,0
28.6891891891892,0,1,Group1,0
28.6891891891892,0,1,Group1,0
28.6891891891892,0,1,Group1,0
28.6891891891892,0,1,Group1,0
28.6891891891892,0,1,Group1,0
28.6891891891892,0,1,Group1,0
32.32432432432432,1,1,Group1,0
33.83783783783784,0,1,Group1,0
35.45945945945946,1,1,Group1,0
36.054054054054056,1,1,Group1,0
36.054054054054056,1,1,Group1,0
36.054054054054056,1,1,Group1,0
36.054054054054056,1,1,Group1,0
36.054054054054056,1,1,Group1,0
36.054054054054056,1,1,Group1,0
36.054054054054056,1,1,Group1,0
36.054054054054056,1,1,Group1,0
36.054054054054056,1,1,Group1,0
36.054054054054056,1,1,Group1,0
36.054054054054056,1,1,Group1,0
