time,status,treat,Group,curve
0.0746268656716417,1,1,Group1,0
1.0,1,1,Group1,0
2.462686567164179,1,1,Group1,0
2.64179104477612,1,1,Group1,0
2.9402985074626864,1,1,Group1,0
3.328358208955224,1,1,Group1,0
3.5074626865671643,1,1,Group1,0
5.470149253731343,0,1,Group1,0
7.492537313432836,1,1,Group1,0
7.597014925373134,1,1,Group1,0
8.119402985074627,1,1,Group1,0
8.328358208955224,1,1,Group1,0
9.71641791044776,1,1,Group1,0
9.776119402985074,1,1,Group1,0
9.92537313432836,1,1,Group1,0
10.17910447761194,1,1,Group1,0
10.746268656716415,1,1,Group1,0
10.985074626865671,1,1,Group1,0
11.17910447761194,1,1,Group1,0
11.44776119402985,1,1,Group1,0
11.522388059701491,1,1,Group1,0
11.537313432835822,1,1,Group1,0
11.626865671641792,1,1,Group1,0
12.044776119402984,1,1,Group1,0
12.28358208955224,1,1,Group1,0
12.477611940298509,1,1,Group1,0
12.492537313432836,1,1,Group1,0
12.567164179104475,1,1,Group1,0
12.71641791044776,1,1,Group1,0
12.73134328358209,1,1,Group1,0
14.194029850746269,1,1,Group1,0
19.059701492537314,1,1,Group1,0
