time,status,treat,Group,curve
5.625,0,1,Group1,0
5.625,0,1,Group1,0
5.625,0,1,Group1,0
5.625,0,1,Group1,0
5.625,0,1,Group1,0
5.625,0,1,Group1,0
11.327586206896552,1,1,Group1,0
13.435344827586206,0,1,Group1,0
13.435344827586206,0,1,Group1,0
13.435344827586206,0,1,Group1,0
13.435344827586206,0,1,Group1,0
13.435344827586206,0,1,Group1,0
15.672413793103448,1,1,Group1,0
17.262931034482758,0,1,Group1,0
17.262931034482758,0,1,Group1,0
17.262931034482758,0,1,Group1,0
18.879310344827587,1,1,Group1,0
21.19396551724138,0,1,Group1,0
23.625,0,1,Group1,0
23.63793103448276,1,1,Group1,0
23.90948275862069,0,1,Group1,0
23.90948275862069,0,1,Group1,0
23.90948275862069,0,1,Group1,0
23.90948275862069,0,1,Group1,0
24.310344827586206,1,1,Group1,0
27.41379310344828,1,1,Group1,0
27.724137931034484,1,1,Group1,0
28.849137931034484,0,1,Group1,0
28.91379310344828,1,1,Group1,0
29.120689655172413,1,1,Group1,0
30.517241379310345,1,1,Group1,0
32.4051724137931,1,1,Group1,0
33.258620689655174,1,1,Group1,0
33.85344827586207,1,1,Group1,0
34.22844827586207,0,1,Group1,0
34.706896551724135,0,1,Group1,0
