time,status,treat,Group,curve
0.8243243243243243,1,1,Group1,0
1.7297297297297298,0,1,Group1,0
2.621621621621622,1,1,Group1,0
3.5675675675675675,0,1,Group1,0
4.554054054054054,1,1,Group1,0
4.702702702702703,1,1,Group1,0
5.0,1,1,Group1,0
5.337837837837838,1,1,Group1,0
5.77027027027027,1,1,Group1,0
6.040540540540541,1,1,Group1,0
6.405405405405406,1,1,Group1,0
6.4459459459459465,1,1,Group1,0
6.581081081081082,1,1,Group1,0
6.9324324324324325,1,1,Group1,0
7.162162162162162,1,1,Group1,0
7.1891891891891895,1,1,Group1,0
7.351351351351352,1,1,Group1,0
7.378378378378379,1,1,Group1,0
7.621621621621622,1,1,Group1,0
7.756756756756757,1,1,Group1,0
8.108108108108109,1,1,Group1,0
8.22972972972973,1,1,Group1,0
8.337837837837839,1,1,Group1,0
8.391891891891893,1,1,Group1,0
8.905405405405405,1,1,Group1,0
8.972972972972974,1,1,Group1,0
9.094594594594597,1,1,Group1,0
9.121621621621625,1,1,Group1,0
9.135135135135137,1,1,Group1,0
9.364864864864863,1,1,Group1,0
9.5,1,1,Group1,0
9.594594594594597,1,1,Group1,0
9.621621621621625,1,1,Group1,0
9.635135135135137,1,1,Group1,0
9.675675675675675,1,1,Group1,0
9.702702702702704,1,1,Group1,0
9.864864864864863,1,1,Group1,0
10.108108108108109,1,1,Group1,0
10.175675675675675,1,1,Group1,0
10.445945945945947,1,1,Group1,0
10.513513513513514,1,1,Group1,0
10.54054054054054,1,1,Group1,0
10.554054054054054,1,1,Group1,0
10.554054054054054,1,1,Group1,0
10.581081081081082,1,1,Group1,0
10.608108108108109,1,1,Group1,0
10.64864864864865,1,1,Group1,0
10.83783783783784,1,1,Group1,0
10.87837837837838,1,1,Group1,0
10.87837837837838,1,1,Group1,0
10.972972972972974,1,1,Group1,0
11.04054054054054,0,1,Group1,0
11.162162162162163,1,1,Group1,0
11.283783783783784,1,1,Group1,0
11.621621621621625,1,1,Group1,0
11.972972972972974,1,1,Group1,0
12.675675675675675,1,1,Group1,0
17.756756756756758,1,1,Group1,0
17.77027027027027,1,1,Group1,0
