time,status,treat,Group,curve
0.0679611650485436,1,1,Group1,0
0.7184466019417475,0,1,Group1,0
1.3883495145631066,1,1,Group1,0
2.6893203883495143,0,1,Group1,0
2.6893203883495143,0,1,Group1,0
2.6893203883495143,0,1,Group1,0
2.6893203883495143,0,1,Group1,0
3.995145631067961,0,1,Group1,0
4.009708737864077,0,1,Group1,0
4.009708737864077,0,1,Group1,0
4.009708737864077,0,1,Group1,0
4.0291262135922326,1,1,Group1,0
4.16504854368932,1,1,Group1,0
4.252427184466019,1,1,Group1,0
4.45631067961165,1,1,Group1,0
4.966019417475728,0,1,Group1,0
4.966019417475728,0,1,Group1,0
5.485436893203883,1,1,Group1,0
5.621359223300971,1,1,Group1,0
5.723300970873786,0,1,Group1,0
5.8446601941747565,1,1,Group1,0
6.067961165048543,0,1,Group1,0
6.281553398058252,1,1,Group1,0
6.4951456310679605,1,1,Group1,0
6.766990291262136,0,1,Group1,0
7.067961165048543,1,1,Group1,0
7.174757281553397,1,1,Group1,0
7.174757281553397,1,1,Group1,0
7.242718446601941,1,1,Group1,0
7.252427184466018,1,1,Group1,0
7.33009708737864,0,1,Group1,0
7.446601941747572,1,1,Group1,0
7.805825242718447,0,1,Group1,0
8.184466019417474,1,1,Group1,0
8.601941747572814,1,1,Group1,0
8.62135922330097,1,1,Group1,0
8.640776699029125,1,1,Group1,0
8.95145631067961,1,1,Group1,0
9.019417475728154,1,1,Group1,0
9.359223300970871,1,1,Group1,0
9.53398058252427,1,1,Group1,0
9.57281553398058,1,1,Group1,0
9.58252427184466,1,1,Group1,0
9.640776699029123,1,1,Group1,0
9.689320388349511,1,1,Group1,0
9.728155339805824,1,1,Group1,0
9.757281553398055,1,1,Group1,0
9.8252427184466,1,1,Group1,0
9.864077669902912,1,1,Group1,0
9.873786407766987,1,1,Group1,0
9.893203883495143,1,1,Group1,0
9.941747572815531,1,1,Group1,0
9.99029126213592,1,1,Group1,0
10.213592233009708,1,1,Group1,0
10.300970873786406,1,1,Group1,0
10.339805825242715,1,1,Group1,0
10.398058252427184,1,1,Group1,0
10.50485436893204,1,1,Group1,0
10.548543689320388,0,1,Group1,0
10.640776699029123,1,1,Group1,0
11.213592233009708,1,1,Group1,0
12.067961165048542,1,1,Group1,0
