time,status,treat,Group,curve
6.72972972972973,1,1,Group1,0
9.72972972972973,1,1,Group1,0
15.95945945945946,0,1,Group1,0
16.0,1,1,Group1,0
16.83783783783784,1,1,Group1,0
17.216216216216218,1,1,Group1,0
17.45945945945946,1,1,Group1,0
21.054054054054056,1,1,Group1,0
22.56756756756757,1,1,Group1,0
22.56756756756757,1,1,Group1,0
22.945945945945947,1,1,Group1,0
23.18918918918919,1,1,Group1,0
23.81081081081081,1,1,Group1,0
25.864864864864867,1,1,Group1,0
26.486486486486488,1,1,Group1,0
27.64864864864865,1,1,Group1,0
28.5945945945946,1,1,Group1,0
29.67567567567568,1,1,Group1,0
30.054054054054056,1,1,Group1,0
31.540540540540544,1,1,Group1,0
31.72972972972973,1,1,Group1,0
32.16216216216216,1,1,Group1,0
32.16216216216216,1,1,Group1,0
32.62162162162162,1,1,Group1,0
32.91891891891892,1,1,Group1,0
33.08108108108108,1,1,Group1,0
33.64864864864865,1,1,Group1,0
34.13513513513514,1,1,Group1,0
35.02702702702703,1,1,Group1,0
35.45945945945946,1,1,Group1,0
35.67567567567568,1,1,Group1,0
36.0,1,1,Group1,0
36.054054054054056,1,1,Group1,0
36.054054054054056,1,1,Group1,0
36.054054054054056,1,1,Group1,0
36.054054054054056,1,1,Group1,0
36.054054054054056,1,1,Group1,0
36.054054054054056,1,1,Group1,0
36.054054054054056,1,1,Group1,0
36.054054054054056,1,1,Group1,0
36.054054054054056,1,1,Group1,0
36.054054054054056,1,1,Group1,0
36.054054054054056,1,1,Group1,0
36.054054054054056,1,1,Group1,0
36.054054054054056,1,1,Group1,0
36.054054054054056,1,1,Group1,0
36.054054054054056,1,1,Group1,0
36.054054054054056,1,1,Group1,0
36.054054054054056,1,1,Group1,0
36.054054054054056,1,1,Group1,0
36.054054054054056,1,1,Group1,0
36.054054054054056,1,1,Group1,0
36.054054054054056,1,1,Group1,0
36.054054054054056,1,1,Group1,0
36.054054054054056,1,1,Group1,0
36.054054054054056,1,1,Group1,0
36.054054054054056,1,1,Group1,0
36.054054054054056,1,1,Group1,0
36.054054054054056,1,1,Group1,0
36.054054054054056,1,1,Group1,0
