time,status,treat,Group,curve
0.0476190476190476,1,1,Group1,0
0.5,0,1,Group1,0
0.9821428571428572,1,1,Group1,0
1.9047619047619049,0,1,Group1,0
1.9047619047619049,0,1,Group1,0
1.9047619047619049,0,1,Group1,0
2.8571428571428568,1,1,Group1,0
2.8928571428571423,0,1,Group1,0
2.958333333333333,1,1,Group1,0
3.011904761904762,1,1,Group1,0
3.4761904761904763,0,1,Group1,0
3.976190476190476,1,1,Group1,0
4.273809523809524,0,1,Group1,0
4.595238095238095,1,1,Group1,0
4.785714285714286,0,1,Group1,0
4.785714285714286,0,1,Group1,0
5.0059523809523805,1,1,Group1,0
5.077380952380952,1,1,Group1,0
5.467261904761904,0,1,Group1,0
5.467261904761904,0,1,Group1,0
5.886904761904762,1,1,Group1,0
6.101190476190476,1,1,Group1,0
6.3392857142857135,1,1,Group1,0
6.541666666666666,0,1,Group1,0
6.773809523809524,1,1,Group1,0
6.779761904761904,1,1,Group1,0
6.779761904761904,1,1,Group1,0
6.910714285714286,1,1,Group1,0
6.988095238095238,1,1,Group1,0
7.160714285714286,1,1,Group1,0
7.25,1,1,Group1,0
7.428571428571429,0,1,Group1,0
7.6309523809523805,0,1,Group1,0
