time,status,treat,Group,curve
1.3873873873873874,0,1,Group1,0
1.3873873873873874,0,1,Group1,0
1.3873873873873874,0,1,Group1,0
1.3873873873873874,0,1,Group1,0
2.828828828828829,1,1,Group1,0
5.2342342342342345,0,1,Group1,0
5.2342342342342345,0,1,Group1,0
5.2342342342342345,0,1,Group1,0
5.2342342342342345,0,1,Group1,0
5.2342342342342345,0,1,Group1,0
5.2342342342342345,0,1,Group1,0
5.2342342342342345,0,1,Group1,0
5.2342342342342345,0,1,Group1,0
5.2342342342342345,0,1,Group1,0
5.2342342342342345,0,1,Group1,0
5.2342342342342345,0,1,Group1,0
7.657657657657658,1,1,Group1,0
8.018018018018019,0,1,Group1,0
8.018018018018019,0,1,Group1,0
8.018018018018019,0,1,Group1,0
8.018018018018019,0,1,Group1,0
8.018018018018019,0,1,Group1,0
8.018018018018019,0,1,Group1,0
8.018018018018019,0,1,Group1,0
8.018018018018019,0,1,Group1,0
8.018018018018019,0,1,Group1,0
8.468468468468469,1,1,Group1,0
9.18018018018018,0,1,Group1,0
9.18018018018018,0,1,Group1,0
9.98198198198198,1,1,Group1,0
10.126126126126126,1,1,Group1,0
11.0,0,1,Group1,0
11.0,0,1,Group1,0
11.0,0,1,Group1,0
11.0,0,1,Group1,0
11.0,0,1,Group1,0
11.0,0,1,Group1,0
11.0,0,1,Group1,0
11.945945945945946,1,1,Group1,0
12.01801801801802,1,1,Group1,0
12.45945945945946,0,1,Group1,0
12.54054054054054,1,1,Group1,0
12.774774774774777,0,1,Group1,0
13.0990990990991,1,1,Group1,0
13.117117117117116,1,1,Group1,0
13.315315315315315,1,1,Group1,0
13.387387387387388,1,1,Group1,0
13.495495495495495,0,1,Group1,0
13.675675675675675,1,1,Group1,0
13.81981981981982,1,1,Group1,0
13.90990990990991,1,1,Group1,0
14.01801801801802,1,1,Group1,0
14.306306306306306,1,1,Group1,0
14.882882882882884,1,1,Group1,0
15.0,0,1,Group1,0
15.027027027027026,1,1,Group1,0
15.603603603603604,1,1,Group1,0
16.01801801801802,1,1,Group1,0
16.27027027027027,1,1,Group1,0
17.315315315315313,1,1,Group1,0
23.54954954954955,0,1,Group1,0
