time,status,treat,Group,curve
0.2447916666666666,0,1,Group1,0
0.5052083333333333,1,1,Group1,0
2.0625,0,1,Group1,0
2.0625,0,1,Group1,0
2.0625,0,1,Group1,0
2.0625,0,1,Group1,0
2.0625,0,1,Group1,0
2.0625,0,1,Group1,0
2.0625,0,1,Group1,0
2.0625,0,1,Group1,0
2.0625,0,1,Group1,0
2.0625,0,1,Group1,0
2.0625,0,1,Group1,0
3.640625,1,1,Group1,0
3.7421875,0,1,Group1,0
3.864583333333333,1,1,Group1,0
4.138020833333333,0,1,Group1,0
4.138020833333333,0,1,Group1,0
4.138020833333333,0,1,Group1,0
4.138020833333333,0,1,Group1,0
4.442708333333333,1,1,Group1,0
4.723958333333333,0,1,Group1,0
4.723958333333333,0,1,Group1,0
4.723958333333333,0,1,Group1,0
5.03125,1,1,Group1,0
5.505208333333333,1,1,Group1,0
5.729166666666666,1,1,Group1,0
5.729166666666666,1,1,Group1,0
5.953125,1,1,Group1,0
6.354166666666666,1,1,Group1,0
6.372395833333333,0,1,Group1,0
