time,status,treat,Group,curve
2.513513513513514,0,1,Group1,0
5.081081081081082,1,1,Group1,0
7.324324324324325,1,1,Group1,0
11.675675675675675,1,1,Group1,0
15.432432432432432,1,1,Group1,0
17.351351351351354,0,1,Group1,0
19.35135135135135,1,1,Group1,0
21.24324324324325,1,1,Group1,0
22.0,1,1,Group1,0
22.135135135135137,1,1,Group1,0
22.702702702702705,1,1,Group1,0
24.054054054054056,1,1,Group1,0
24.10810810810811,1,1,Group1,0
25.64864864864865,0,1,Group1,0
27.2972972972973,1,1,Group1,0
27.405405405405407,1,1,Group1,0
28.135135135135137,1,1,Group1,0
28.2972972972973,1,1,Group1,0
29.486486486486488,1,1,Group1,0
29.91891891891892,1,1,Group1,0
30.91891891891892,1,1,Group1,0
33.91891891891892,1,1,Group1,0
34.08108108108108,1,1,Group1,0
34.54054054054054,1,1,Group1,0
35.51351351351352,1,1,Group1,0
35.72972972972973,1,1,Group1,0
36.054054054054056,1,1,Group1,0
36.054054054054056,1,1,Group1,0
36.054054054054056,1,1,Group1,0
36.054054054054056,1,1,Group1,0
36.054054054054056,1,1,Group1,0
36.054054054054056,1,1,Group1,0
36.054054054054056,1,1,Group1,0
36.054054054054056,1,1,Group1,0
36.054054054054056,1,1,Group1,0
36.054054054054056,1,1,Group1,0
36.054054054054056,1,1,Group1,0
36.054054054054056,1,1,Group1,0
36.054054054054056,1,1,Group1,0
36.054054054054056,1,1,Group1,0
36.054054054054056,1,1,Group1,0
36.054054054054056,1,1,Group1,0
36.054054054054056,1,1,Group1,0
36.054054054054056,1,1,Group1,0
36.054054054054056,1,1,Group1,0
36.054054054054056,1,1,Group1,0
36.054054054054056,1,1,Group1,0
36.054054054054056,1,1,Group1,0
36.054054054054056,1,1,Group1,0
36.054054054054056,1,1,Group1,0
36.054054054054056,1,1,Group1,0
36.054054054054056,1,1,Group1,0
36.054054054054056,1,1,Group1,0
36.054054054054056,1,1,Group1,0
36.054054054054056,1,1,Group1,0
36.054054054054056,1,1,Group1,0
36.054054054054056,1,1,Group1,0
36.054054054054056,1,1,Group1,0
