time,status,treat,Group,curve
2.5617977528089884,0,1,Group1,0
2.5617977528089884,0,1,Group1,0
2.5617977528089884,0,1,Group1,0
2.5617977528089884,0,1,Group1,0
2.5617977528089884,0,1,Group1,0
2.5617977528089884,0,1,Group1,0
2.5617977528089884,0,1,Group1,0
2.5617977528089884,0,1,Group1,0
2.5617977528089884,0,1,Group1,0
2.5617977528089884,0,1,Group1,0
2.5617977528089884,0,1,Group1,0
2.5617977528089884,0,1,Group1,0
2.5617977528089884,0,1,Group1,0
2.5617977528089884,0,1,Group1,0
2.5617977528089884,0,1,Group1,0
2.5617977528089884,0,1,Group1,0
2.5617977528089884,0,1,Group1,0
2.5617977528089884,0,1,Group1,0
5.146067415730337,1,1,Group1,0
5.393258426966292,0,1,Group1,0
5.6966292134831455,1,1,Group1,0
7.404494382022471,0,1,Group1,0
7.404494382022471,0,1,Group1,0
7.404494382022471,0,1,Group1,0
7.404494382022471,0,1,Group1,0
7.404494382022471,0,1,Group1,0
7.404494382022471,0,1,Group1,0
7.404494382022471,0,1,Group1,0
7.404494382022471,0,1,Group1,0
7.404494382022471,0,1,Group1,0
7.404494382022471,0,1,Group1,0
9.168539325842696,1,1,Group1,0
9.247191011235955,1,1,Group1,0
9.814606741573034,0,1,Group1,0
9.814606741573034,0,1,Group1,0
10.460674157303371,1,1,Group1,0
10.617977528089888,1,1,Group1,0
10.98876404494382,1,1,Group1,0
11.03370786516854,1,1,Group1,0
11.47191011235955,0,1,Group1,0
11.47191011235955,0,1,Group1,0
11.47191011235955,0,1,Group1,0
11.9438202247191,1,1,Group1,0
12.224719101123595,1,1,Group1,0
12.224719101123595,1,1,Group1,0
12.224719101123595,1,1,Group1,0
12.415730337078651,1,1,Group1,0
12.696629213483146,1,1,Group1,0
12.775280898876405,1,1,Group1,0
14.292134831460674,1,1,Group1,0
