time,status,treat,Group,curve
4.567567567567568,1,1,Group1,0
17.35135135135135,1,1,Group1,0
18.135135135135137,0,1,Group1,0
19.054054054054056,1,1,Group1,0
19.72972972972973,1,1,Group1,0
20.37837837837838,1,1,Group1,0
22.08108108108108,1,1,Group1,0
24.54054054054054,1,1,Group1,0
25.216216216216218,1,1,Group1,0
25.351351351351354,1,1,Group1,0
26.432432432432435,1,1,Group1,0
26.83783783783784,1,1,Group1,0
27.67567567567568,1,1,Group1,0
30.37837837837838,1,1,Group1,0
30.56756756756757,1,1,Group1,0
30.945945945945947,1,1,Group1,0
32.78378378378378,1,1,Group1,0
33.64864864864865,1,1,Group1,0
33.810810810810814,1,1,Group1,0
34.24324324324324,1,1,Group1,0
34.270270270270274,1,1,Group1,0
34.32432432432432,1,1,Group1,0
34.91891891891892,1,1,Group1,0
35.94594594594595,1,1,Group1,0
36.054054054054056,0,1,Group1,0
36.054054054054056,0,1,Group1,0
36.054054054054056,0,1,Group1,0
36.054054054054056,0,1,Group1,0
36.054054054054056,0,1,Group1,0
36.054054054054056,0,1,Group1,0
36.054054054054056,0,1,Group1,0
36.054054054054056,0,1,Group1,0
36.054054054054056,0,1,Group1,0
