time,status,treat,Group,curve
4.649253731343284,0,1,Group1,0
4.649253731343284,0,1,Group1,0
4.649253731343284,0,1,Group1,0
4.649253731343284,0,1,Group1,0
4.649253731343284,0,1,Group1,0
4.649253731343284,0,1,Group1,0
4.649253731343284,0,1,Group1,0
4.649253731343284,0,1,Group1,0
4.649253731343284,0,1,Group1,0
4.649253731343284,0,1,Group1,0
4.649253731343284,0,1,Group1,0
4.649253731343284,0,1,Group1,0
4.649253731343284,0,1,Group1,0
4.649253731343284,0,1,Group1,0
4.649253731343284,0,1,Group1,0
4.649253731343284,0,1,Group1,0
4.649253731343284,0,1,Group1,0
4.649253731343284,0,1,Group1,0
4.649253731343284,0,1,Group1,0
4.649253731343284,0,1,Group1,0
4.649253731343284,0,1,Group1,0
4.649253731343284,0,1,Group1,0
4.649253731343284,0,1,Group1,0
4.649253731343284,0,1,Group1,0
9.343283582089551,1,1,Group1,0
9.880597014925373,0,1,Group1,0
9.880597014925373,0,1,Group1,0
9.880597014925373,0,1,Group1,0
9.880597014925373,0,1,Group1,0
9.880597014925373,0,1,Group1,0
9.880597014925373,0,1,Group1,0
10.477611940298509,1,1,Group1,0
11.261194029850746,0,1,Group1,0
11.261194029850746,0,1,Group1,0
11.261194029850746,0,1,Group1,0
11.261194029850746,0,1,Group1,0
11.261194029850746,0,1,Group1,0
11.261194029850746,0,1,Group1,0
12.119402985074627,1,1,Group1,0
12.35820895522388,1,1,Group1,0
12.417910447761194,1,1,Group1,0
13.582089552238806,1,1,Group1,0
14.17910447761194,1,1,Group1,0
16.597014925373134,0,1,Group1,0
19.044776119402982,0,1,Group1,0
