time,status,treat,Group,curve
5.186440677966102,1,1,Group1,0
6.127118644067797,0,1,Group1,0
7.152542372881356,1,1,Group1,0
7.813559322033898,1,1,Group1,0
7.88135593220339,1,1,Group1,0
7.932203389830509,1,1,Group1,0
8.11864406779661,1,1,Group1,0
8.525423728813559,1,1,Group1,0
8.627118644067796,1,1,Group1,0
9.338983050847457,1,1,Group1,0
10.016949152542374,0,1,Group1,0
10.796610169491526,1,1,Group1,0
11.11864406779661,1,1,Group1,0
11.186440677966102,1,1,Group1,0
11.745762711864408,1,1,Group1,0
12.067796610169491,1,1,Group1,0
12.254237288135592,1,1,Group1,0
12.271186440677964,1,1,Group1,0
12.440677966101696,1,1,Group1,0
12.457627118644067,1,1,Group1,0
12.508474576271189,1,1,Group1,0
12.542372881355933,1,1,Group1,0
12.677966101694915,1,1,Group1,0
12.813559322033898,1,1,Group1,0
12.932203389830509,1,1,Group1,0
13.033898305084746,1,1,Group1,0
13.101694915254235,1,1,Group1,0
13.101694915254235,1,1,Group1,0
13.220338983050848,1,1,Group1,0
13.322033898305085,1,1,Group1,0
13.338983050847457,1,1,Group1,0
13.40677966101695,1,1,Group1,0
13.457627118644067,1,1,Group1,0
13.779661016949152,1,1,Group1,0
13.864406779661016,1,1,Group1,0
13.94915254237288,1,1,Group1,0
14.47457627118644,1,1,Group1,0
15.203389830508474,1,1,Group1,0
15.220338983050848,1,1,Group1,0
15.389830508474576,1,1,Group1,0
15.47457627118644,1,1,Group1,0
15.47457627118644,1,1,Group1,0
15.88135593220339,1,1,Group1,0
16.220338983050848,1,1,Group1,0
16.559322033898304,1,1,Group1,0
22.084745762711865,1,1,Group1,0
