time,status,treat,Group,curve
11.324324324324325,1,1,Group1,0
18.62162162162162,1,1,Group1,0
19.25675675675676,0,1,Group1,0
19.25675675675676,0,1,Group1,0
20.0,1,1,Group1,0
20.2972972972973,1,1,Group1,0
24.45945945945946,1,1,Group1,0
26.24324324324325,1,1,Group1,0
26.27027027027027,1,1,Group1,0
26.97297297297297,1,1,Group1,0
30.081081081081084,1,1,Group1,0
30.81081081081081,1,1,Group1,0
32.13513513513514,1,1,Group1,0
33.270270270270274,1,1,Group1,0
33.86486486486487,0,1,Group1,0
34.51351351351352,1,1,Group1,0
34.91891891891892,1,1,Group1,0
36.054054054054056,1,1,Group1,0
36.054054054054056,1,1,Group1,0
36.054054054054056,1,1,Group1,0
36.054054054054056,1,1,Group1,0
36.054054054054056,1,1,Group1,0
36.054054054054056,1,1,Group1,0
36.054054054054056,1,1,Group1,0
36.054054054054056,1,1,Group1,0
36.054054054054056,1,1,Group1,0
36.054054054054056,1,1,Group1,0
36.054054054054056,1,1,Group1,0
36.054054054054056,1,1,Group1,0
36.054054054054056,1,1,Group1,0
36.054054054054056,1,1,Group1,0
36.054054054054056,1,1,Group1,0
36.054054054054056,1,1,Group1,0
36.054054054054056,1,1,Group1,0
36.054054054054056,1,1,Group1,0
36.054054054054056,1,1,Group1,0
36.054054054054056,1,1,Group1,0
36.054054054054056,1,1,Group1,0
36.054054054054056,1,1,Group1,0
36.054054054054056,1,1,Group1,0
36.054054054054056,1,1,Group1,0
36.054054054054056,1,1,Group1,0
36.054054054054056,1,1,Group1,0
36.054054054054056,1,1,Group1,0
36.054054054054056,1,1,Group1,0
36.054054054054056,1,1,Group1,0
36.054054054054056,1,1,Group1,0
