time,status,treat,Group,curve
0.1139240506329113,1,1,Arm A,0
0.430379746835443,0,1,Arm A,0
0.7848101265822784,1,1,Arm A,0
1.0506329113924051,0,1,Arm A,0
1.3544303797468351,1,1,Arm A,0
1.6075949367088609,1,1,Arm A,0
2.189873417721519,0,1,Arm A,0
2.848101265822785,1,1,Arm A,0
4.170886075949367,0,1,Arm A,0
4.170886075949367,0,1,Arm A,0
4.170886075949367,0,1,Arm A,0
4.170886075949367,0,1,Arm A,0
4.170886075949367,0,1,Arm A,0
4.170886075949367,0,1,Arm A,0
5.544303797468355,1,1,Arm A,0
5.784810126582279,0,1,Arm A,0
6.075949367088607,1,1,Arm A,0
6.373417721518987,0,1,Arm A,0
6.6835443037974684,1,1,Arm A,0
6.835443037974684,1,1,Arm A,0
7.215189873417722,1,1,Arm A,0
7.455696202531646,0,1,Arm A,0
7.455696202531646,0,1,Arm A,0
7.7594936708860756,1,1,Arm A,0
7.917721518987342,0,1,Arm A,0
8.139240506329115,1,1,Arm A,0
8.443037974683545,1,1,Arm A,0
8.658227848101266,1,1,Arm A,0
8.708860759493671,1,1,Arm A,0
9.930379746835442,0,1,Arm A,0
9.949367088607596,1,1,Arm A,0
9.949367088607596,1,1,Arm A,0
9.968354430379748,0,1,Arm A,0
10.0,1,1,Arm A,0
10.063291139240508,1,1,Arm A,0
10.08860759493671,1,1,Arm A,0
10.113924050632912,1,1,Arm A,0
10.126582278481012,1,1,Arm A,0
10.151898734177214,1,1,Arm A,0
10.189873417721518,1,1,Arm A,0
10.253164556962023,1,1,Arm A,0
10.30379746835443,1,1,Arm A,0
10.341772151898734,0,1,Arm A,0
10.443037974683543,1,1,Arm A,0
10.443037974683543,1,1,Arm A,0
10.639240506329111,0,1,Arm A,0
10.89873417721519,1,1,Arm A,0
11.08860759493671,1,1,Arm A,0
11.291139240506327,1,1,Arm A,0
11.291139240506327,1,1,Arm A,0
11.30379746835443,1,1,Arm A,0
11.772151898734178,1,1,Arm A,0
14.253164556962023,0,1,Arm A,0
16.746835443037973,1,1,Arm A,0
