time,status,treat,Group,curve
0.2162162162162162,1,1,Group1,0
2.6486486486486487,1,1,Group1,0
3.4054054054054057,1,1,Group1,0
8.432432432432433,1,1,Group1,0
9.135135135135137,1,1,Group1,0
10.108108108108109,1,1,Group1,0
11.486486486486488,1,1,Group1,0
12.108108108108109,1,1,Group1,0
16.405405405405407,1,1,Group1,0
22.35135135135135,1,1,Group1,0
24.75675675675676,1,1,Group1,0
25.864864864864867,1,1,Group1,0
26.216216216216218,1,1,Group1,0
26.24324324324325,1,1,Group1,0
26.2972972972973,1,1,Group1,0
27.0945945945946,0,1,Group1,0
28.027027027027028,1,1,Group1,0
28.75675675675676,1,1,Group1,0
30.351351351351354,1,1,Group1,0
30.540540540540544,1,1,Group1,0
30.81081081081081,1,1,Group1,0
33.02702702702703,1,1,Group1,0
33.48648648648649,1,1,Group1,0
33.78378378378378,1,1,Group1,0
34.24324324324324,1,1,Group1,0
35.08108108108108,1,1,Group1,0
35.13513513513514,1,1,Group1,0
35.54054054054054,1,1,Group1,0
36.054054054054056,1,1,Group1,0
36.054054054054056,1,1,Group1,0
36.054054054054056,1,1,Group1,0
36.054054054054056,1,1,Group1,0
36.054054054054056,1,1,Group1,0
36.054054054054056,1,1,Group1,0
36.054054054054056,1,1,Group1,0
36.054054054054056,1,1,Group1,0
36.054054054054056,1,1,Group1,0
36.054054054054056,1,1,Group1,0
36.054054054054056,1,1,Group1,0
36.054054054054056,1,1,Group1,0
36.054054054054056,1,1,Group1,0
36.054054054054056,1,1,Group1,0
36.054054054054056,1,1,Group1,0
36.054054054054056,1,1,Group1,0
36.054054054054056,1,1,Group1,0
36.054054054054056,1,1,Group1,0
36.054054054054056,1,1,Group1,0
36.054054054054056,1,1,Group1,0
36.054054054054056,1,1,Group1,0
36.054054054054056,1,1,Group1,0
36.054054054054056,1,1,Group1,0
36.054054054054056,1,1,Group1,0
36.054054054054056,1,1,Group1,0
36.054054054054056,1,1,Group1,0
