time,status,treat,Group,curve
0.1466666666666666,1,1,Group1,0
0.2533333333333333,1,1,Group1,0
0.8066666666666668,0,1,Group1,0
0.8066666666666668,0,1,Group1,0
1.38,1,1,Group1,0
1.4933333333333334,1,1,Group1,0
1.6166666666666667,0,1,Group1,0
1.7400000000000002,1,1,Group1,0
1.9,1,1,Group1,0
2.626666666666667,0,1,Group1,0
2.626666666666667,0,1,Group1,0
2.626666666666667,0,1,Group1,0
2.626666666666667,0,1,Group1,0
2.626666666666667,0,1,Group1,0
3.3800000000000003,1,1,Group1,0
3.850000000000001,0,1,Group1,0
3.850000000000001,0,1,Group1,0
4.346666666666667,1,1,Group1,0
4.5633333333333335,0,1,Group1,0
4.5633333333333335,0,1,Group1,0
4.786666666666667,1,1,Group1,0
4.856666666666667,0,1,Group1,0
4.9,1,1,Group1,0
5.0600000000000005,1,1,Group1,0
5.093333333333334,1,1,Group1,0
5.12,1,1,Group1,0
5.386666666666667,1,1,Group1,0
5.42,1,1,Group1,0
5.433333333333334,1,1,Group1,0
5.5,1,1,Group1,0
5.606666666666667,0,1,Group1,0
5.733333333333333,1,1,Group1,0
5.920000000000001,1,1,Group1,0
5.98,1,1,Group1,0
6.04,1,1,Group1,0
6.046666666666667,1,1,Group1,0
6.126666666666667,1,1,Group1,0
6.286666666666667,1,1,Group1,0
6.32,1,1,Group1,0
6.340000000000001,1,1,Group1,0
6.36,1,1,Group1,0
6.473333333333334,1,1,Group1,0
6.553333333333334,1,1,Group1,0
6.62,1,1,Group1,0
6.626666666666667,1,1,Group1,0
6.686666666666667,1,1,Group1,0
6.713333333333334,1,1,Group1,0
6.753333333333334,1,1,Group1,0
6.753333333333334,1,1,Group1,0
7.466666666666667,1,1,Group1,0
8.173333333333334,1,1,Group1,0
