time,status,treat,Group,curve
1.2567567567567568,0,1,Group1,0
1.2567567567567568,0,1,Group1,0
2.5945945945945947,1,1,Group1,0
10.175675675675675,0,1,Group1,0
10.175675675675675,0,1,Group1,0
10.175675675675675,0,1,Group1,0
10.175675675675675,0,1,Group1,0
10.175675675675675,0,1,Group1,0
10.175675675675675,0,1,Group1,0
10.175675675675675,0,1,Group1,0
10.175675675675675,0,1,Group1,0
10.175675675675675,0,1,Group1,0
10.175675675675675,0,1,Group1,0
10.175675675675675,0,1,Group1,0
10.175675675675675,0,1,Group1,0
10.175675675675675,0,1,Group1,0
10.175675675675675,0,1,Group1,0
17.89189189189189,1,1,Group1,0
18.824324324324323,0,1,Group1,0
18.824324324324323,0,1,Group1,0
19.89189189189189,1,1,Group1,0
21.283783783783782,0,1,Group1,0
21.283783783783782,0,1,Group1,0
22.81081081081081,1,1,Group1,0
23.33783783783784,0,1,Group1,0
23.33783783783784,0,1,Group1,0
23.33783783783784,0,1,Group1,0
23.33783783783784,0,1,Group1,0
23.33783783783784,0,1,Group1,0
24.0,1,1,Group1,0
25.97297297297297,1,1,Group1,0
27.06756756756757,0,1,Group1,0
28.216216216216218,1,1,Group1,0
29.432432432432435,1,1,Group1,0
29.68918918918919,0,1,Group1,0
30.054054054054056,1,1,Group1,0
31.283783783783782,0,1,Group1,0
32.64864864864865,1,1,Group1,0
33.67567567567568,1,1,Group1,0
36.054054054054056,0,1,Group1,0
