time,status,treat,Group,curve
1.008264462809917,1,1,Group1,0
3.190082644628099,1,1,Group1,0
3.5867768595041323,0,1,Group1,0
4.033057851239669,1,1,Group1,0
4.793388429752066,0,1,Group1,0
5.553719008264463,1,1,Group1,0
5.75206611570248,1,1,Group1,0
6.099173553719009,1,1,Group1,0
6.545454545454545,0,1,Group1,0
7.041322314049587,1,1,Group1,0
7.074380165289257,1,1,Group1,0
7.363636363636363,0,1,Group1,0
7.371900826446281,1,1,Group1,0
7.834710743801653,1,1,Group1,0
7.884297520661157,1,1,Group1,0
8.03305785123967,1,1,Group1,0
8.462809917355372,1,1,Group1,0
8.760330578512397,1,1,Group1,0
8.760330578512397,1,1,Group1,0
8.991735537190083,1,1,Group1,0
9.008264462809915,1,1,Group1,0
9.008264462809915,1,1,Group1,0
9.305785123966942,1,1,Group1,0
9.454545454545457,1,1,Group1,0
9.917355371900827,1,1,Group1,0
10.03305785123967,1,1,Group1,0
10.198347107438018,1,1,Group1,0
10.231404958677686,1,1,Group1,0
10.87603305785124,1,1,Group1,0
10.925619834710744,1,1,Group1,0
10.942148760330578,1,1,Group1,0
10.942148760330578,1,1,Group1,0
10.975206611570249,1,1,Group1,0
11.12396694214876,1,1,Group1,0
11.140495867768596,1,1,Group1,0
11.15702479338843,1,1,Group1,0
11.25619834710744,1,1,Group1,0
11.47107438016529,1,1,Group1,0
11.603305785123966,1,1,Group1,0
11.735537190082646,1,1,Group1,0
11.735537190082646,1,1,Group1,0
11.78512396694215,1,1,Group1,0
11.834710743801653,1,1,Group1,0
12.03305785123967,1,1,Group1,0
12.115702479338845,1,1,Group1,0
12.297520661157025,1,1,Group1,0
12.413223140495868,1,1,Group1,0
12.743801652892564,1,1,Group1,0
12.793388429752069,1,1,Group1,0
12.842975206611571,1,1,Group1,0
12.859504132231406,1,1,Group1,0
12.87603305785124,1,1,Group1,0
12.90909090909091,1,1,Group1,0
12.991735537190085,1,1,Group1,0
13.206611570247937,1,1,Group1,0
13.272727272727272,1,1,Group1,0
13.272727272727272,1,1,Group1,0
13.388429752066116,1,1,Group1,0
13.603305785123966,1,1,Group1,0
13.768595041322314,1,1,Group1,0
14.181818181818182,1,1,Group1,0
14.644628099173554,1,1,Group1,0
15.50413223140496,1,1,Group1,0
21.669421487603305,0,1,Group1,0
21.669421487603305,0,1,Group1,0
