time,status,treat,Group,curve
8.31081081081081,0,1,Group1,0
8.31081081081081,0,1,Group1,0
8.31081081081081,0,1,Group1,0
8.31081081081081,0,1,Group1,0
8.31081081081081,0,1,Group1,0
8.31081081081081,0,1,Group1,0
16.702702702702705,1,1,Group1,0
20.986486486486488,0,1,Group1,0
25.405405405405407,1,1,Group1,0
27.83783783783784,1,1,Group1,0
31.283783783783782,0,1,Group1,0
31.283783783783782,0,1,Group1,0
34.86486486486487,1,1,Group1,0
35.297297297297305,0,1,Group1,0
35.297297297297305,0,1,Group1,0
35.297297297297305,0,1,Group1,0
35.86486486486487,1,1,Group1,0
36.054054054054056,1,1,Group1,0
36.054054054054056,1,1,Group1,0
36.054054054054056,1,1,Group1,0
36.054054054054056,1,1,Group1,0
36.054054054054056,1,1,Group1,0
36.054054054054056,1,1,Group1,0
36.054054054054056,1,1,Group1,0
36.054054054054056,1,1,Group1,0
36.054054054054056,1,1,Group1,0
36.054054054054056,1,1,Group1,0
36.054054054054056,1,1,Group1,0
36.054054054054056,1,1,Group1,0
36.054054054054056,1,1,Group1,0
36.054054054054056,1,1,Group1,0
36.054054054054056,1,1,Group1,0
36.054054054054056,1,1,Group1,0
36.054054054054056,1,1,Group1,0
36.054054054054056,1,1,Group1,0
36.054054054054056,1,1,Group1,0
36.054054054054056,1,1,Group1,0
36.054054054054056,1,1,Group1,0
36.054054054054056,1,1,Group1,0
