time,status,treat,Group,curve
1.6190476190476188,0,1,Group1,0
1.6190476190476188,0,1,Group1,0
1.6190476190476188,0,1,Group1,0
1.6190476190476188,0,1,Group1,0
1.6190476190476188,0,1,Group1,0
1.6190476190476188,0,1,Group1,0
1.6190476190476188,0,1,Group1,0
1.6190476190476188,0,1,Group1,0
3.273809523809524,1,1,Group1,0
3.386904761904762,0,1,Group1,0
3.5595238095238093,1,1,Group1,0
4.5059523809523805,0,1,Group1,0
4.5059523809523805,0,1,Group1,0
4.5059523809523805,0,1,Group1,0
4.5059523809523805,0,1,Group1,0
4.5059523809523805,0,1,Group1,0
4.5059523809523805,0,1,Group1,0
4.5059523809523805,0,1,Group1,0
4.5059523809523805,0,1,Group1,0
5.535714285714286,1,1,Group1,0
5.583333333333333,1,1,Group1,0
5.5892857142857135,0,1,Group1,0
5.595238095238095,1,1,Group1,0
5.785714285714286,0,1,Group1,0
5.785714285714286,0,1,Group1,0
6.035714285714286,1,1,Group1,0
7.357142857142858,0,1,Group1,0
7.357142857142858,0,1,Group1,0
7.357142857142858,0,1,Group1,0
7.357142857142858,0,1,Group1,0
8.738095238095237,1,1,Group1,0
9.36904761904762,1,1,Group1,0
9.726190476190476,1,1,Group1,0
9.988095238095235,1,1,Group1,0
10.714285714285714,1,1,Group1,0
11.49404761904762,0,1,Group1,0
12.333333333333332,1,1,Group1,0
14.970238095238097,0,1,Group1,0
