time,status,treat,Group,curve
0.5223880597014926,0,1,Group1,0
0.5223880597014926,0,1,Group1,0
0.5223880597014926,0,1,Group1,0
0.5223880597014926,0,1,Group1,0
0.5223880597014926,0,1,Group1,0
1.0746268656716418,1,1,Group1,0
1.1492537313432836,1,1,Group1,0
1.283582089552239,0,1,Group1,0
1.4104477611940298,0,1,Group1,0
1.462686567164179,1,1,Group1,0
1.8432835820895523,0,1,Group1,0
1.8432835820895523,0,1,Group1,0
1.8432835820895523,0,1,Group1,0
2.2686567164179103,1,1,Group1,0
2.4029850746268657,1,1,Group1,0
2.477611940298507,0,1,Group1,0
2.5970149253731343,1,1,Group1,0
2.656716417910448,1,1,Group1,0
2.835820895522388,0,1,Group1,0
2.835820895522388,0,1,Group1,0
3.074626865671642,1,1,Group1,0
3.3507462686567164,0,1,Group1,0
3.3507462686567164,0,1,Group1,0
3.7313432835820897,1,1,Group1,0
3.7388059701492535,0,1,Group1,0
3.805970149253731,1,1,Group1,0
3.850746268656717,1,1,Group1,0
4.074626865671641,1,1,Group1,0
4.567164179104478,1,1,Group1,0
4.731343283582089,1,1,Group1,0
4.865671641791045,1,1,Group1,0
4.985074626865671,1,1,Group1,0
5.007462686567164,0,1,Group1,0
5.044776119402985,1,1,Group1,0
5.2388059701492535,1,1,Group1,0
5.268656716417911,1,1,Group1,0
5.567164179104478,1,1,Group1,0
5.865671641791045,1,1,Group1,0
6.029850746268656,1,1,Group1,0
6.283582089552239,1,1,Group1,0
6.358208955223881,1,1,Group1,0
6.432835820895522,1,1,Group1,0
6.8059701492537314,1,1,Group1,0
6.850746268656716,1,1,Group1,0
7.022388059701493,0,1,Group1,0
7.074626865671641,1,1,Group1,0
7.238805970149253,1,1,Group1,0
8.044776119402984,1,1,Group1,0
8.701492537313433,1,1,Group1,0
9.0,1,1,Group1,0
9.25373134328358,1,1,Group1,0
9.261194029850746,0,1,Group1,0
9.552238805970148,1,1,Group1,0
10.567164179104475,1,1,Group1,0
11.313432835820896,1,1,Group1,0
13.014925373134329,1,1,Group1,0
15.567164179104475,1,1,Group1,0
19.49253731343284,1,1,Group1,0
