time,status,treat,Group,curve
0.5585585585585585,1,1,Group1,0
1.0990990990990992,0,1,Group1,0
1.6216216216216215,1,1,Group1,0
2.054054054054054,0,1,Group1,0
2.5405405405405403,1,1,Group1,0
2.972972972972973,1,1,Group1,0
3.063063063063063,1,1,Group1,0
3.2612612612612613,0,1,Group1,0
3.5135135135135136,1,1,Group1,0
3.963963963963964,0,1,Group1,0
4.468468468468468,1,1,Group1,0
4.81981981981982,0,1,Group1,0
5.2342342342342345,0,1,Group1,0
5.243243243243243,1,1,Group1,0
6.099099099099099,0,1,Group1,0
6.099099099099099,0,1,Group1,0
6.099099099099099,0,1,Group1,0
6.954954954954955,1,1,Group1,0
7.495495495495495,0,1,Group1,0
8.09009009009009,1,1,Group1,0
8.306306306306306,1,1,Group1,0
8.72072072072072,1,1,Group1,0
8.81081081081081,1,1,Group1,0
8.81981981981982,0,1,Group1,0
8.954954954954955,1,1,Group1,0
9.297297297297296,1,1,Group1,0
9.585585585585584,1,1,Group1,0
9.63063063063063,0,1,Group1,0
9.657657657657657,1,1,Group1,0
10.504504504504505,1,1,Group1,0
10.522522522522522,1,1,Group1,0
10.63063063063063,1,1,Group1,0
10.99099099099099,1,1,Group1,0
11.27927927927928,0,1,Group1,0
11.315315315315315,1,1,Group1,0
11.711711711711713,1,1,Group1,0
12.1981981981982,1,1,Group1,0
12.64864864864865,1,1,Group1,0
12.9009009009009,1,1,Group1,0
13.054054054054054,0,1,Group1,0
13.315315315315315,1,1,Group1,0
14.09009009009009,1,1,Group1,0
14.612612612612612,1,1,Group1,0
15.225225225225223,1,1,Group1,0
15.26126126126126,1,1,Group1,0
15.927927927927929,1,1,Group1,0
16.34234234234234,1,1,Group1,0
16.54054054054054,1,1,Group1,0
16.72072072072072,1,1,Group1,0
16.846846846846848,1,1,Group1,0
17.423423423423422,1,1,Group1,0
17.495495495495497,1,1,Group1,0
17.74774774774775,1,1,Group1,0
20.63063063063063,1,1,Group1,0
21.27927927927928,1,1,Group1,0
21.2972972972973,1,1,Group1,0
21.6036036036036,1,1,Group1,0
22.52252252252252,0,1,Group1,0
23.47747747747748,0,1,Group1,0
