time,status,treat,Group,curve
1.5833333333333333,1,1,Group1,0
2.083333333333333,1,1,Group1,0
6.416666666666666,1,1,Group1,0
7.375,0,1,Group1,0
8.75,1,1,Group1,0
14.25,1,1,Group1,0
14.916666666666666,1,1,Group1,0
15.0,1,1,Group1,0
15.416666666666666,1,1,Group1,0
16.166666666666664,1,1,Group1,0
16.833333333333332,1,1,Group1,0
18.0,1,1,Group1,0
19.375,0,1,Group1,0
21.0,1,1,Group1,0
23.0,1,1,Group1,0
23.5,1,1,Group1,0
24.25,1,1,Group1,0
24.916666666666664,1,1,Group1,0
25.0,1,1,Group1,0
25.416666666666664,1,1,Group1,0
26.0,1,1,Group1,0
27.25,1,1,Group1,0
29.416666666666664,1,1,Group1,0
29.58333333333333,1,1,Group1,0
30.666666666666664,1,1,Group1,0
30.791666666666664,0,1,Group1,0
31.416666666666664,1,1,Group1,0
32.33333333333333,1,1,Group1,0
33.5,1,1,Group1,0
34.0,1,1,Group1,0
34.08333333333333,1,1,Group1,0
35.416666666666664,1,1,Group1,0
37.58333333333333,1,1,Group1,0
37.83333333333333,1,1,Group1,0
39.58333333333333,1,1,Group1,0
39.83333333333333,1,1,Group1,0
40.08333333333333,1,1,Group1,0
40.25,1,1,Group1,0
40.33333333333333,1,1,Group1,0
41.41666666666666,1,1,Group1,0
42.25,1,1,Group1,0
42.33333333333333,1,1,Group1,0
42.66666666666666,1,1,Group1,0
44.41666666666666,1,1,Group1,0
45.75,1,1,Group1,0
46.25,1,1,Group1,0
46.58333333333333,1,1,Group1,0
46.91666666666666,1,1,Group1,0
47.41666666666666,1,1,Group1,0
48.58333333333333,1,1,Group1,0
49.83333333333333,1,1,Group1,0
50.66666666666666,1,1,Group1,0
53.0,0,1,Group1,0
55.58333333333333,1,1,Group1,0
56.0,1,1,Group1,0
58.5,1,1,Group1,0
58.83333333333333,1,1,Group1,0
60.25,1,1,Group1,0
60.5,1,1,Group1,0
62.41666666666666,1,1,Group1,0
63.16666666666666,1,1,Group1,0
64.83333333333333,1,1,Group1,0
69.08333333333333,1,1,Group1,0
69.25,1,1,Group1,0
76.91666666666666,1,1,Group1,0
77.83333333333333,1,1,Group1,0
78.41666666666666,1,1,Group1,0
81.41666666666666,1,1,Group1,0
81.66666666666666,1,1,Group1,0
83.16666666666666,1,1,Group1,0
112.91666666666666,0,1,Group1,0
