time,status,treat,Group,curve
12.257142857142858,0,1,Group1,0
12.257142857142858,0,1,Group1,0
12.257142857142858,0,1,Group1,0
12.257142857142858,0,1,Group1,0
12.257142857142858,0,1,Group1,0
12.257142857142858,0,1,Group1,0
12.257142857142858,0,1,Group1,0
12.257142857142858,0,1,Group1,0
12.257142857142858,0,1,Group1,0
12.257142857142858,0,1,Group1,0
12.257142857142858,0,1,Group1,0
12.257142857142858,0,1,Group1,0
12.257142857142858,0,1,Group1,0
12.257142857142858,0,1,Group1,0
12.257142857142858,0,1,Group1,0
12.257142857142858,0,1,Group1,0
12.257142857142858,0,1,Group1,0
12.257142857142858,0,1,Group1,0
12.257142857142858,0,1,Group1,0
12.257142857142858,0,1,Group1,0
12.257142857142858,0,1,Group1,0
12.257142857142858,0,1,Group1,0
12.257142857142858,0,1,Group1,0
12.257142857142858,0,1,Group1,0
12.257142857142858,0,1,Group1,0
12.257142857142858,0,1,Group1,0
12.257142857142858,0,1,Group1,0
24.75,1,1,Group1,0
31.664285714285715,0,1,Group1,0
31.664285714285715,0,1,Group1,0
31.664285714285715,0,1,Group1,0
31.664285714285715,0,1,Group1,0
38.81428571428572,1,1,Group1,0
39.207142857142856,1,1,Group1,0
40.346428571428575,0,1,Group1,0
40.346428571428575,0,1,Group1,0
42.035714285714285,1,1,Group1,0
43.096428571428575,0,1,Group1,0
44.62857142857143,1,1,Group1,0
47.14285714285714,1,1,Group1,0
48.87142857142857,0,1,Group1,0
50.83571428571428,1,1,Group1,0
52.01428571428571,1,1,Group1,0
52.48571428571429,1,1,Group1,0
55.39285714285714,0,1,Group1,0
58.69285714285714,1,1,Group1,0
62.30714285714286,1,1,Group1,0
65.45,1,1,Group1,0
68.90714285714286,1,1,Group1,0
106.50357142857143,0,1,Group1,0
