time,status,treat,Group,curve
8.597122302158272,0,1,Arm A,0
8.597122302158272,0,1,Arm A,0
8.597122302158272,0,1,Arm A,0
8.597122302158272,0,1,Arm A,0
8.597122302158272,0,1,Arm A,0
8.597122302158272,0,1,Arm A,0
8.597122302158272,0,1,Arm A,0
8.597122302158272,0,1,Arm A,0
8.597122302158272,0,1,Arm A,0
8.597122302158272,0,1,Arm A,0
8.597122302158272,0,1,Arm A,0
8.597122302158272,0,1,Arm A,0
8.597122302158272,0,1,Arm A,0
8.597122302158272,0,1,Arm A,0
17.41007194244604,1,1,Arm A,0
20.719424460431654,0,1,Arm A,0
20.719424460431654,0,1,Arm A,0
20.719424460431654,0,1,Arm A,0
20.719424460431654,0,1,Arm A,0
20.719424460431654,0,1,Arm A,0
20.719424460431654,0,1,Arm A,0
24.388489208633093,1,1,Arm A,0
24.388489208633093,1,1,Arm A,0
27.05035971223021,0,1,Arm A,0
27.05035971223021,0,1,Arm A,0
27.05035971223021,0,1,Arm A,0
27.05035971223021,0,1,Arm A,0
30.0,1,1,Arm A,0
33.41726618705036,0,1,Arm A,0
37.19424460431655,1,1,Arm A,0
41.83453237410072,0,1,Arm A,0
41.83453237410072,0,1,Arm A,0
46.83453237410072,1,1,Arm A,0
54.89208633093525,0,1,Arm A,0
63.23741007194244,1,1,Arm A,0
74.67625899280576,1,1,Arm A,0
97.5179856115108,0,1,Arm A,0
