time,status,treat,Group,curve
5.638888888888888,0,1,Group1,0
5.638888888888888,0,1,Group1,0
5.638888888888888,0,1,Group1,0
5.638888888888888,0,1,Group1,0
5.638888888888888,0,1,Group1,0
5.638888888888888,0,1,Group1,0
5.638888888888888,0,1,Group1,0
5.638888888888888,0,1,Group1,0
5.638888888888888,0,1,Group1,0
5.638888888888888,0,1,Group1,0
5.638888888888888,0,1,Group1,0
5.638888888888888,0,1,Group1,0
11.375,1,1,Group1,0
14.364583333333334,0,1,Group1,0
14.364583333333334,0,1,Group1,0
14.364583333333334,0,1,Group1,0
14.364583333333334,0,1,Group1,0
14.364583333333334,0,1,Group1,0
14.364583333333334,0,1,Group1,0
14.364583333333334,0,1,Group1,0
14.364583333333334,0,1,Group1,0
14.364583333333334,0,1,Group1,0
14.364583333333334,0,1,Group1,0
14.364583333333334,0,1,Group1,0
17.54861111111111,1,1,Group1,0
19.05555555555556,0,1,Group1,0
19.05555555555556,0,1,Group1,0
19.05555555555556,0,1,Group1,0
19.05555555555556,0,1,Group1,0
19.05555555555556,0,1,Group1,0
19.05555555555556,0,1,Group1,0
19.05555555555556,0,1,Group1,0
20.58680555555556,0,1,Group1,0
20.756944444444446,1,1,Group1,0
21.09722222222222,1,1,Group1,0
21.24305555555556,1,1,Group1,0
24.71875,0,1,Group1,0
24.71875,0,1,Group1,0
24.71875,0,1,Group1,0
24.71875,0,1,Group1,0
24.71875,0,1,Group1,0
24.71875,0,1,Group1,0
24.71875,0,1,Group1,0
28.4375,1,1,Group1,0
40.59027777777778,0,1,Group1,0
40.59027777777778,0,1,Group1,0
40.59027777777778,0,1,Group1,0
40.59027777777778,0,1,Group1,0
40.59027777777778,0,1,Group1,0
52.9375,1,1,Group1,0
55.58680555555556,0,1,Group1,0
58.43055555555556,1,1,Group1,0
65.16319444444444,0,1,Group1,0
