time,status,treat,Group,curve
1.282758620689655,1,1,Group1,0
1.386206896551724,1,1,Group1,0
2.089655172413793,1,1,Group1,0
3.4551724137931035,1,1,Group1,0
3.682758620689655,1,1,Group1,0
3.8689655172413793,1,1,Group1,0
4.427586206896551,1,1,Group1,0
4.696551724137931,0,1,Group1,0
5.027586206896552,1,1,Group1,0
5.379310344827586,1,1,Group1,0
6.393103448275862,1,1,Group1,0
6.662068965517241,1,1,Group1,0
6.889655172413793,1,1,Group1,0
7.055172413793104,1,1,Group1,0
7.634482758620689,1,1,Group1,0
7.7379310344827585,1,1,Group1,0
7.758620689655173,1,1,Group1,0
7.882758620689655,1,1,Group1,0
8.089655172413794,0,1,Group1,0
8.317241379310344,1,1,Group1,0
8.420689655172414,1,1,Group1,0
8.751724137931035,1,1,Group1,0
9.744827586206895,1,1,Group1,0
10.179310344827586,1,1,Group1,0
10.241379310344827,1,1,Group1,0
10.386206896551723,1,1,Group1,0
10.655172413793103,1,1,Group1,0
10.717241379310344,1,1,Group1,0
11.255172413793105,1,1,Group1,0
11.875862068965516,1,1,Group1,0
11.89655172413793,1,1,Group1,0
12.10344827586207,1,1,Group1,0
12.33103448275862,1,1,Group1,0
12.413793103448276,1,1,Group1,0
13.179310344827586,1,1,Group1,0
13.26206896551724,1,1,Group1,0
13.36551724137931,1,1,Group1,0
13.386206896551723,1,1,Group1,0
13.427586206896551,1,1,Group1,0
14.296551724137933,1,1,Group1,0
14.606896551724136,1,1,Group1,0
14.648275862068964,1,1,Group1,0
15.124137931034484,1,1,Group1,0
15.351724137931036,1,1,Group1,0
15.620689655172413,1,1,Group1,0
15.641379310344828,1,1,Group1,0
16.137931034482758,1,1,Group1,0
16.69655172413793,1,1,Group1,0
18.68275862068965,1,1,Group1,0
19.36551724137931,1,1,Group1,0
19.386206896551723,1,1,Group1,0
20.958620689655174,1,1,Group1,0
21.16551724137931,1,1,Group1,0
23.213793103448275,1,1,Group1,0
23.66896551724138,1,1,Group1,0
24.76551724137931,1,1,Group1,0
25.055172413793105,1,1,Group1,0
25.986206896551725,1,1,Group1,0
27.53793103448276,1,1,Group1,0
