time,status,treat,Group,curve
1.3220338983050848,0,1,Group1,0
2.6779661016949152,1,1,Group1,0
2.847457627118644,1,1,Group1,0
3.152542372881356,1,1,Group1,0
3.6271186440677967,1,1,Group1,0
3.7966101694915255,1,1,Group1,0
4.406779661016949,1,1,Group1,0
4.52542372881356,1,1,Group1,0
4.779661016949152,1,1,Group1,0
5.389830508474576,1,1,Group1,0
5.593220338983051,1,1,Group1,0
5.88135593220339,1,1,Group1,0
6.559322033898305,1,1,Group1,0
6.915254237288136,1,1,Group1,0
7.0,1,1,Group1,0
7.508474576271186,1,1,Group1,0
7.593220338983051,1,1,Group1,0
8.067796610169491,1,1,Group1,0
8.186440677966102,1,1,Group1,0
8.338983050847457,1,1,Group1,0
8.525423728813559,1,1,Group1,0
9.47457627118644,1,1,Group1,0
10.23728813559322,1,1,Group1,0
10.610169491525424,1,1,Group1,0
11.271186440677964,1,1,Group1,0
12.864406779661016,1,1,Group1,0
13.322033898305085,1,1,Group1,0
18.322033898305083,1,1,Group1,0
22.94915254237288,1,1,Group1,0
