time,status,treat,Group,curve
2.432432432432433,0,1,Group1,0
4.986486486486487,1,1,Group1,0
9.760135135135137,0,1,Group1,0
9.760135135135137,0,1,Group1,0
9.760135135135137,0,1,Group1,0
14.777027027027028,1,1,Group1,0
15.993243243243244,0,1,Group1,0
17.513513513513516,1,1,Group1,0
18.729729729729733,0,1,Group1,0
20.25,1,1,Group1,0
23.5945945945946,0,1,Group1,0
23.777027027027028,1,1,Group1,0
23.89864864864865,1,1,Group1,0
24.26351351351352,1,1,Group1,0
25.2972972972973,1,1,Group1,0
25.601351351351354,1,1,Group1,0
27.60810810810811,1,1,Group1,0
28.64189189189189,1,1,Group1,0
32.10810810810811,1,1,Group1,0
32.53378378378379,0,1,Group1,0
33.26351351351352,1,1,Group1,0
34.601351351351354,1,1,Group1,0
34.78378378378378,1,1,Group1,0
38.43243243243244,1,1,Group1,0
38.61486486486487,1,1,Group1,0
39.3445945945946,1,1,Group1,0
40.560810810810814,1,1,Group1,0
42.84121621621622,0,1,Group1,0
45.5472972972973,1,1,Group1,0
49.68243243243244,1,1,Group1,0
55.82432432432433,1,1,Group1,0
56.7972972972973,1,1,Group1,0
63.24324324324325,1,1,Group1,0
64.82432432432432,1,1,Group1,0
66.28378378378379,1,1,Group1,0
69.02027027027027,1,1,Group1,0
69.08108108108108,1,1,Group1,0
70.72297297297298,1,1,Group1,0
80.45270270270271,0,1,Group1,0
