time,status,treat,Group,curve
2.896551724137931,1,1,Group1,0
3.724137931034482,1,1,Group1,0
3.827586206896552,1,1,Group1,0
4.448275862068965,1,1,Group1,0
4.448275862068965,1,1,Group1,0
4.655172413793103,0,1,Group1,0
4.991379310344827,1,1,Group1,0
5.146551724137931,1,1,Group1,0
6.206896551724138,1,1,Group1,0
6.620689655172414,1,1,Group1,0
6.931034482758621,1,1,Group1,0
8.71551724137931,1,1,Group1,0
8.71551724137931,1,1,Group1,0
8.948275862068966,1,1,Group1,0
9.077586206896552,1,1,Group1,0
10.112068965517242,1,1,Group1,0
10.706896551724135,1,1,Group1,0
11.43103448275862,1,1,Group1,0
11.43103448275862,1,1,Group1,0
11.456896551724135,1,1,Group1,0
12.206896551724135,1,1,Group1,0
12.905172413793103,1,1,Group1,0
13.137931034482758,1,1,Group1,0
13.241379310344827,1,1,Group1,0
13.267241379310343,1,1,Group1,0
13.69396551724138,0,1,Group1,0
14.301724137931034,1,1,Group1,0
14.689655172413794,1,1,Group1,0
14.81896551724138,1,1,Group1,0
15.879310344827584,1,1,Group1,0
16.655172413793103,1,1,Group1,0
16.70689655172414,1,1,Group1,0
16.862068965517242,1,1,Group1,0
18.56896551724138,1,1,Group1,0
18.80172413793104,1,1,Group1,0
20.353448275862068,1,1,Group1,0
21.594827586206897,1,1,Group1,0
22.603448275862068,1,1,Group1,0
24.620689655172413,1,1,Group1,0
26.63793103448276,1,1,Group1,0
26.818965517241377,1,1,Group1,0
29.50862068965517,1,1,Group1,0
34.88793103448276,1,1,Group1,0
