time,status,treat,Group,curve
6.592198581560283,0,1,Group1,0
6.592198581560283,0,1,Group1,0
6.592198581560283,0,1,Group1,0
6.592198581560283,0,1,Group1,0
6.592198581560283,0,1,Group1,0
6.592198581560283,0,1,Group1,0
6.592198581560283,0,1,Group1,0
6.592198581560283,0,1,Group1,0
6.592198581560283,0,1,Group1,0
6.592198581560283,0,1,Group1,0
6.592198581560283,0,1,Group1,0
6.592198581560283,0,1,Group1,0
13.418439716312058,1,1,Group1,0
13.652482269503546,1,1,Group1,0
14.54964539007092,0,1,Group1,0
14.54964539007092,0,1,Group1,0
14.54964539007092,0,1,Group1,0
15.836879432624114,1,1,Group1,0
19.0354609929078,0,1,Group1,0
19.0354609929078,0,1,Group1,0
19.0354609929078,0,1,Group1,0
19.0354609929078,0,1,Group1,0
19.0354609929078,0,1,Group1,0
19.0354609929078,0,1,Group1,0
19.0354609929078,0,1,Group1,0
19.0354609929078,0,1,Group1,0
22.31205673758865,1,1,Group1,0
30.0354609929078,0,1,Group1,0
30.0354609929078,0,1,Group1,0
30.0354609929078,0,1,Group1,0
30.0354609929078,0,1,Group1,0
30.0354609929078,0,1,Group1,0
30.0354609929078,0,1,Group1,0
38.14893617021277,1,1,Group1,0
39.280141843971634,0,1,Group1,0
40.80141843971632,1,1,Group1,0
40.80141843971632,1,1,Group1,0
43.88297872340426,0,1,Group1,0
43.88297872340426,0,1,Group1,0
47.354609929078016,1,1,Group1,0
49.734042553191486,0,1,Group1,0
52.50354609929078,1,1,Group1,0
52.8936170212766,1,1,Group1,0
52.97163120567376,1,1,Group1,0
56.52127659574468,0,1,Group1,0
56.52127659574468,0,1,Group1,0
60.22695035460993,1,1,Group1,0
70.29078014184397,0,1,Group1,0
70.29078014184397,0,1,Group1,0
70.29078014184397,0,1,Group1,0
80.74468085106383,1,1,Group1,0
92.91489361702128,0,1,Group1,0
105.24113475177305,0,1,Group1,0
