time,status,treat,Group,curve
3.736486486486487,1,1,Group1,0
5.912162162162162,1,1,Group1,0
7.70945945945946,1,1,Group1,0
9.554054054054054,1,1,Group1,0
10.263513513513514,1,1,Group1,0
10.5,1,1,Group1,0
13.621621621621625,1,1,Group1,0
14.614864864864863,1,1,Group1,0
16.222972972972975,1,1,Group1,0
16.27027027027027,1,1,Group1,0
17.5,1,1,Group1,0
18.304054054054056,1,1,Group1,0
18.777027027027028,1,1,Group1,0
19.10810810810811,1,1,Group1,0
19.43918918918919,1,1,Group1,0
19.58108108108108,1,1,Group1,0
21.0472972972973,1,1,Group1,0
22.8445945945946,1,1,Group1,0
24.97297297297297,1,1,Group1,0
25.682432432432435,1,1,Group1,0
25.682432432432435,1,1,Group1,0
26.202702702702705,1,1,Group1,0
26.43918918918919,1,1,Group1,0
26.67567567567568,1,1,Group1,0
29.040540540540544,1,1,Group1,0
29.08783783783784,1,1,Group1,0
29.56081081081081,1,1,Group1,0
29.8445945945946,1,1,Group1,0
31.736486486486488,1,1,Group1,0
31.97297297297297,1,1,Group1,0
32.39864864864865,1,1,Group1,0
34.38513513513514,1,1,Group1,0
34.57432432432432,1,1,Group1,0
35.0945945945946,1,1,Group1,0
37.270270270270274,1,1,Group1,0
41.38513513513514,1,1,Group1,0
42.520270270270274,1,1,Group1,0
42.94594594594595,1,1,Group1,0
44.270270270270274,1,1,Group1,0
48.76351351351352,1,1,Group1,0
48.76351351351352,1,1,Group1,0
55.14864864864865,1,1,Group1,0
60.39864864864865,1,1,Group1,0
62.52702702702703,1,1,Group1,0
63.23648648648649,1,1,Group1,0
