time,status,treat,Group,curve
0.3582089552238806,0,1,Group1,0
0.3582089552238806,0,1,Group1,0
0.3582089552238806,0,1,Group1,0
0.3582089552238806,0,1,Group1,0
0.3582089552238806,0,1,Group1,0
0.3582089552238806,0,1,Group1,0
0.7313432835820896,1,1,Group1,0
0.9514925373134328,0,1,Group1,0
0.9514925373134328,0,1,Group1,0
0.9514925373134328,0,1,Group1,0
0.9514925373134328,0,1,Group1,0
1.2014925373134329,1,1,Group1,0
1.7350746268656716,0,1,Group1,0
1.7350746268656716,0,1,Group1,0
1.7350746268656716,0,1,Group1,0
1.7350746268656716,0,1,Group1,0
1.7350746268656716,0,1,Group1,0
1.7350746268656716,0,1,Group1,0
2.3059701492537314,1,1,Group1,0
2.39179104477612,0,1,Group1,0
2.3955223880597014,1,1,Group1,0
2.8694029850746268,0,1,Group1,0
2.8694029850746268,0,1,Group1,0
2.8694029850746268,0,1,Group1,0
2.8694029850746268,0,1,Group1,0
2.8694029850746268,0,1,Group1,0
2.8694029850746268,0,1,Group1,0
2.8694029850746268,0,1,Group1,0
3.380597014925373,1,1,Group1,0
3.5522388059701493,1,1,Group1,0
3.705223880597015,0,1,Group1,0
3.716417910447761,1,1,Group1,0
3.9029850746268657,1,1,Group1,0
4.119402985074627,1,1,Group1,0
4.604477611940299,1,1,Group1,0
4.634328358208955,1,1,Group1,0
4.649253731343284,1,1,Group1,0
4.776119402985074,0,1,Group1,0
4.932835820895522,1,1,Group1,0
5.690298507462686,0,1,Group1,0
6.470149253731343,1,1,Group1,0
7.507462686567163,0,1,Group1,0
7.507462686567163,0,1,Group1,0
8.582089552238806,1,1,Group1,0
9.007462686567164,1,1,Group1,0
9.253731343283585,0,1,Group1,0
