time,status,treat,Group,curve
2.265957446808511,0,1,Group1,0
2.265957446808511,0,1,Group1,0
2.265957446808511,0,1,Group1,0
2.265957446808511,0,1,Group1,0
2.265957446808511,0,1,Group1,0
2.265957446808511,0,1,Group1,0
2.265957446808511,0,1,Group1,0
2.265957446808511,0,1,Group1,0
2.265957446808511,0,1,Group1,0
2.265957446808511,0,1,Group1,0
4.574468085106383,1,1,Group1,0
4.787234042553191,1,1,Group1,0
5.5,0,1,Group1,0
5.595744680851063,1,1,Group1,0
6.595744680851063,1,1,Group1,0
7.212765957446809,0,1,Group1,0
7.212765957446809,0,1,Group1,0
7.872340425531915,1,1,Group1,0
8.074468085106382,0,1,Group1,0
8.361702127659575,1,1,Group1,0
8.446808510638297,1,1,Group1,0
8.542553191489361,0,1,Group1,0
8.553191489361701,1,1,Group1,0
8.808510638297872,1,1,Group1,0
9.148936170212766,1,1,Group1,0
9.680851063829786,1,1,Group1,0
9.893617021276595,1,1,Group1,0
10.04255319148936,1,1,Group1,0
10.382978723404255,1,1,Group1,0
10.54255319148936,0,1,Group1,0
10.574468085106382,1,1,Group1,0
11.191489361702128,1,1,Group1,0
11.319148936170212,1,1,Group1,0
11.51063829787234,1,1,Group1,0
11.957446808510635,1,1,Group1,0
11.957446808510635,1,1,Group1,0
12.04255319148936,1,1,Group1,0
12.76595744680851,1,1,Group1,0
12.808510638297872,1,1,Group1,0
13.425531914893616,0,1,Group1,0
13.425531914893616,0,1,Group1,0
14.148936170212766,1,1,Group1,0
14.893617021276595,1,1,Group1,0
15.063829787234042,1,1,Group1,0
15.51063829787234,1,1,Group1,0
15.872340425531917,1,1,Group1,0
16.19148936170213,1,1,Group1,0
16.425531914893618,1,1,Group1,0
16.595744680851062,1,1,Group1,0
17.148936170212764,1,1,Group1,0
17.404255319148934,1,1,Group1,0
19.87234042553192,1,1,Group1,0
20.29787234042553,0,1,Group1,0
20.829787234042552,1,1,Group1,0
20.85106382978724,1,1,Group1,0
21.617021276595743,1,1,Group1,0
22.34042553191489,1,1,Group1,0
22.80851063829787,1,1,Group1,0
22.85106382978724,1,1,Group1,0
23.27659574468085,1,1,Group1,0
28.27659574468085,1,1,Group1,0
