time,status,treat,Group,curve
0.3452380952380952,1,1,Group1,0
1.7023809523809523,1,1,Group1,0
2.142857142857143,1,1,Group1,0
2.1785714285714284,1,1,Group1,0
2.398809523809524,0,1,Group1,0
2.702380952380952,1,1,Group1,0
2.7857142857142856,1,1,Group1,0
2.964285714285714,1,1,Group1,0
3.0,1,1,Group1,0
3.5476190476190474,1,1,Group1,0
3.6011904761904763,0,1,Group1,0
3.7380952380952377,1,1,Group1,0
3.797619047619048,1,1,Group1,0
3.809523809523809,1,1,Group1,0
4.261904761904762,1,1,Group1,0
4.345238095238095,1,1,Group1,0
4.535714285714286,1,1,Group1,0
4.928571428571428,1,1,Group1,0
5.238095238095238,1,1,Group1,0
5.261904761904762,1,1,Group1,0
5.535714285714286,1,1,Group1,0
5.642857142857142,1,1,Group1,0
6.035714285714286,1,1,Group1,0
6.047619047619048,1,1,Group1,0
6.369047619047619,1,1,Group1,0
6.416666666666666,1,1,Group1,0
6.4642857142857135,1,1,Group1,0
6.809523809523809,1,1,Group1,0
7.107142857142857,1,1,Group1,0
7.333333333333333,1,1,Group1,0
7.416666666666666,1,1,Group1,0
7.952380952380952,1,1,Group1,0
8.011904761904761,1,1,Group1,0
8.023809523809524,1,1,Group1,0
9.047619047619047,1,1,Group1,0
9.071428571428571,1,1,Group1,0
9.285714285714285,1,1,Group1,0
9.333333333333332,1,1,Group1,0
9.535714285714285,1,1,Group1,0
9.797619047619047,1,1,Group1,0
9.952380952380953,1,1,Group1,0
10.01190476190476,1,1,Group1,0
10.26190476190476,1,1,Group1,0
10.684523809523808,0,1,Group1,0
11.19047619047619,1,1,Group1,0
12.0,1,1,Group1,0
12.023809523809524,1,1,Group1,0
12.273809523809524,1,1,Group1,0
12.357142857142856,1,1,Group1,0
12.476190476190476,1,1,Group1,0
12.976190476190476,1,1,Group1,0
14.726190476190474,1,1,Group1,0
14.892857142857142,1,1,Group1,0
15.404761904761903,1,1,Group1,0
