time,status,treat,Group,curve
0.5270270270270271,0,1,Group1,0
0.5270270270270271,0,1,Group1,0
0.5270270270270271,0,1,Group1,0
1.0810810810810811,1,1,Group1,0
1.2252252252252251,0,1,Group1,0
1.3873873873873874,0,1,Group1,0
1.4144144144144144,1,1,Group1,0
1.5675675675675675,0,1,Group1,0
1.7477477477477477,1,1,Group1,0
1.792792792792793,0,1,Group1,0
1.8738738738738736,1,1,Group1,0
1.9189189189189189,1,1,Group1,0
2.1981981981981984,0,1,Group1,0
2.1981981981981984,0,1,Group1,0
2.1981981981981984,0,1,Group1,0
2.5045045045045047,1,1,Group1,0
2.6756756756756754,1,1,Group1,0
2.68018018018018,0,1,Group1,0
2.8108108108108105,0,1,Group1,0
2.972972972972973,1,1,Group1,0
3.1486486486486487,0,1,Group1,0
3.351351351351352,1,1,Group1,0
3.558558558558558,1,1,Group1,0
4.567567567567568,1,1,Group1,0
4.711711711711712,1,1,Group1,0
4.711711711711712,1,1,Group1,0
4.801801801801802,1,1,Group1,0
4.846846846846847,1,1,Group1,0
4.891891891891892,1,1,Group1,0
4.905405405405405,0,1,Group1,0
5.324324324324325,1,1,Group1,0
5.423423423423423,1,1,Group1,0
5.468468468468468,1,1,Group1,0
5.81981981981982,1,1,Group1,0
5.945945945945946,1,1,Group1,0
6.342342342342342,1,1,Group1,0
6.657657657657658,1,1,Group1,0
6.846846846846847,1,1,Group1,0
7.594594594594595,1,1,Group1,0
7.801801801801802,1,1,Group1,0
7.891891891891892,1,1,Group1,0
8.126126126126126,1,1,Group1,0
8.954954954954955,1,1,Group1,0
9.675675675675675,1,1,Group1,0
10.135135135135137,1,1,Group1,0
10.59009009009009,0,1,Group1,0
11.09009009009009,1,1,Group1,0
11.477477477477477,1,1,Group1,0
