time,status,treat,Group,curve
0.8358208955223881,0,1,Group1,0
0.8358208955223881,0,1,Group1,0
0.8358208955223881,0,1,Group1,0
0.8358208955223881,0,1,Group1,0
0.8358208955223881,0,1,Group1,0
0.8358208955223881,0,1,Group1,0
1.7014925373134329,1,1,Group1,0
2.343283582089552,0,1,Group1,0
2.343283582089552,0,1,Group1,0
2.343283582089552,0,1,Group1,0
2.343283582089552,0,1,Group1,0
2.343283582089552,0,1,Group1,0
3.059701492537313,1,1,Group1,0
3.074626865671642,1,1,Group1,0
3.134328358208955,0,1,Group1,0
3.194029850746269,1,1,Group1,0
3.208955223880597,1,1,Group1,0
3.208955223880597,1,1,Group1,0
3.3059701492537314,0,1,Group1,0
3.4402985074626864,0,1,Group1,0
3.462686567164179,1,1,Group1,0
3.8582089552238807,0,1,Group1,0
3.8582089552238807,0,1,Group1,0
3.8582089552238807,0,1,Group1,0
3.8582089552238807,0,1,Group1,0
4.313432835820896,1,1,Group1,0
4.82089552238806,0,1,Group1,0
4.82089552238806,0,1,Group1,0
4.82089552238806,0,1,Group1,0
4.82089552238806,0,1,Group1,0
4.82089552238806,0,1,Group1,0
4.82089552238806,0,1,Group1,0
5.402985074626866,1,1,Group1,0
5.41044776119403,0,1,Group1,0
5.992537313432836,0,1,Group1,0
5.992537313432836,0,1,Group1,0
5.992537313432836,0,1,Group1,0
5.992537313432836,0,1,Group1,0
5.992537313432836,0,1,Group1,0
5.992537313432836,0,1,Group1,0
6.611940298507463,1,1,Group1,0
6.977611940298507,0,1,Group1,0
6.977611940298507,0,1,Group1,0
6.977611940298507,0,1,Group1,0
7.4179104477611935,1,1,Group1,0
7.641791044776119,0,1,Group1,0
7.641791044776119,0,1,Group1,0
7.940298507462686,1,1,Group1,0
7.947761194029851,0,1,Group1,0
7.955223880597015,1,1,Group1,0
8.17910447761194,0,1,Group1,0
8.477611940298507,1,1,Group1,0
8.67910447761194,0,1,Group1,0
8.91044776119403,0,1,Group1,0
8.955223880597014,1,1,Group1,0
9.059701492537313,1,1,Group1,0
9.164179104477611,0,1,Group1,0
9.208955223880595,1,1,Group1,0
9.544776119402986,0,1,Group1,0
9.544776119402986,0,1,Group1,0
9.94776119402985,0,1,Group1,0
9.955223880597014,1,1,Group1,0
10.28358208955224,1,1,Group1,0
10.970149253731345,1,1,Group1,0
11.044776119402984,1,1,Group1,0
11.53731343283582,0,1,Group1,0
11.582089552238806,1,1,Group1,0
11.71641791044776,1,1,Group1,0
12.8955223880597,1,1,Group1,0
13.694029850746269,0,1,Group1,0
14.552238805970148,1,1,Group1,0
14.850746268656716,1,1,Group1,0
17.776119402985074,1,1,Group1,0
18.529850746268657,0,1,Group1,0
18.529850746268657,0,1,Group1,0
19.30597014925373,0,1,Group1,0
19.320895522388057,0,1,Group1,0
