time,status,treat,Group,curve
1.6145833333333337,0,1,Group1,0
1.6145833333333337,0,1,Group1,0
1.6145833333333337,0,1,Group1,0
1.6145833333333337,0,1,Group1,0
1.6145833333333337,0,1,Group1,0
3.298611111111111,1,1,Group1,0
3.3506944444444446,0,1,Group1,0
3.871527777777778,0,1,Group1,0
3.923611111111111,1,1,Group1,0
4.253472222222222,0,1,Group1,0
4.6875,1,1,Group1,0
5.0,1,1,Group1,0
5.173611111111112,1,1,Group1,0
5.972222222222222,1,1,Group1,0
6.302083333333334,0,1,Group1,0
6.736111111111112,1,1,Group1,0
7.500000000000001,0,1,Group1,0
8.29861111111111,0,1,Group1,0
8.402777777777779,1,1,Group1,0
8.4375,1,1,Group1,0
9.34027777777778,1,1,Group1,0
10.48611111111111,0,1,Group1,0
10.48611111111111,0,1,Group1,0
11.736111111111112,1,1,Group1,0
11.736111111111112,1,1,Group1,0
12.118055555555555,1,1,Group1,0
12.256944444444445,1,1,Group1,0
13.26388888888889,0,1,Group1,0
13.26388888888889,0,1,Group1,0
14.375,1,1,Group1,0
14.409722222222223,1,1,Group1,0
15.416666666666668,1,1,Group1,0
15.486111111111112,1,1,Group1,0
16.26736111111111,0,1,Group1,0
17.1875,1,1,Group1,0
17.569444444444446,1,1,Group1,0
17.916666666666668,1,1,Group1,0
18.59375,0,1,Group1,0
19.34027777777778,1,1,Group1,0
19.86111111111111,1,1,Group1,0
20.03472222222222,1,1,Group1,0
21.006944444444446,1,1,Group1,0
22.36111111111111,1,1,Group1,0
22.517361111111114,0,1,Group1,0
22.534722222222225,1,1,Group1,0
22.604166666666668,1,1,Group1,0
22.74305555555556,1,1,Group1,0
22.77777777777778,1,1,Group1,0
25.104166666666668,1,1,Group1,0
25.381944444444446,1,1,Group1,0
27.46527777777778,1,1,Group1,0
28.29861111111111,1,1,Group1,0
29.166666666666668,1,1,Group1,0
33.26388888888889,1,1,Group1,0
34.583333333333336,1,1,Group1,0
39.86111111111112,1,1,Group1,0
47.11805555555556,1,1,Group1,0
