time,status,treat,Group,curve
0.5,0,1,Group1,0
0.5,0,1,Group1,0
0.5,0,1,Group1,0
0.5,0,1,Group1,0
0.5,0,1,Group1,0
1.0,0,1,Group1,0
1.0422535211267605,1,1,Group1,0
2.542253521126761,0,1,Group1,0
2.542253521126761,0,1,Group1,0
2.542253521126761,0,1,Group1,0
2.542253521126761,0,1,Group1,0
2.542253521126761,0,1,Group1,0
2.542253521126761,0,1,Group1,0
2.542253521126761,0,1,Group1,0
2.542253521126761,0,1,Group1,0
2.542253521126761,0,1,Group1,0
2.542253521126761,0,1,Group1,0
2.542253521126761,0,1,Group1,0
2.542253521126761,0,1,Group1,0
2.542253521126761,0,1,Group1,0
2.542253521126761,0,1,Group1,0
2.542253521126761,0,1,Group1,0
2.542253521126761,0,1,Group1,0
2.542253521126761,0,1,Group1,0
4.112676056338028,1,1,Group1,0
4.507042253521126,0,1,Group1,0
4.95774647887324,1,1,Group1,0
5.323943661971831,0,1,Group1,0
5.323943661971831,0,1,Group1,0
5.746478873239437,1,1,Group1,0
6.190140845070423,0,1,Group1,0
6.704225352112676,1,1,Group1,0
7.401408450704225,0,1,Group1,0
7.401408450704225,0,1,Group1,0
7.401408450704225,0,1,Group1,0
8.19718309859155,1,1,Group1,0
8.93661971830986,0,1,Group1,0
9.746478873239436,1,1,Group1,0
9.746478873239436,1,1,Group1,0
11.41549295774648,0,1,Group1,0
11.41549295774648,0,1,Group1,0
11.41549295774648,0,1,Group1,0
13.15492957746479,1,1,Group1,0
13.43661971830986,1,1,Group1,0
13.43661971830986,1,1,Group1,0
18.23943661971831,0,1,Group1,0
