time,status,treat,Group,curve
0.6492537313432836,0,1,Arm A,0
0.6492537313432836,0,1,Arm A,0
0.6492537313432836,0,1,Arm A,0
0.6492537313432836,0,1,Arm A,0
0.6492537313432836,0,1,Arm A,0
0.6492537313432836,0,1,Arm A,0
0.6492537313432836,0,1,Arm A,0
1.343283582089552,1,1,Arm A,0
2.111940298507463,0,1,Arm A,0
2.111940298507463,0,1,Arm A,0
2.111940298507463,0,1,Arm A,0
2.111940298507463,0,1,Arm A,0
2.111940298507463,0,1,Arm A,0
2.111940298507463,0,1,Arm A,0
2.111940298507463,0,1,Arm A,0
2.111940298507463,0,1,Arm A,0
2.955223880597015,1,1,Arm A,0
3.820895522388059,0,1,Arm A,0
3.820895522388059,0,1,Arm A,0
3.820895522388059,0,1,Arm A,0
3.820895522388059,0,1,Arm A,0
3.820895522388059,0,1,Arm A,0
3.820895522388059,0,1,Arm A,0
3.820895522388059,0,1,Arm A,0
3.820895522388059,0,1,Arm A,0
3.820895522388059,0,1,Arm A,0
3.820895522388059,0,1,Arm A,0
3.820895522388059,0,1,Arm A,0
3.820895522388059,0,1,Arm A,0
4.701492537313433,1,1,Arm A,0
4.798507462686567,0,1,Arm A,0
4.955223880597015,1,1,Arm A,0
5.492537313432836,0,1,Arm A,0
5.492537313432836,0,1,Arm A,0
5.492537313432836,0,1,Arm A,0
5.492537313432836,0,1,Arm A,0
5.492537313432836,0,1,Arm A,0
5.492537313432836,0,1,Arm A,0
6.08955223880597,1,1,Arm A,0
6.597014925373134,0,1,Arm A,0
6.597014925373134,0,1,Arm A,0
7.111940298507463,0,1,Arm A,0
7.17910447761194,1,1,Arm A,0
7.328358208955223,1,1,Arm A,0
7.343283582089552,1,1,Arm A,0
7.962686567164178,0,1,Arm A,0
7.962686567164178,0,1,Arm A,0
7.962686567164178,0,1,Arm A,0
8.656716417910447,1,1,Arm A,0
9.634328358208954,0,1,Arm A,0
9.634328358208954,0,1,Arm A,0
10.626865671641792,1,1,Arm A,0
13.208955223880595,0,1,Arm A,0
15.8955223880597,1,1,Arm A,0
17.417910447761194,0,1,Arm A,0
20.0,0,1,Arm A,0
