time,status,treat,Group,curve
1.857142857142857,1,1,Group1,0
4.535714285714286,0,1,Group1,0
4.535714285714286,0,1,Group1,0
4.535714285714286,0,1,Group1,0
7.571428571428571,1,1,Group1,0
8.892857142857142,0,1,Group1,0
10.571428571428571,1,1,Group1,0
12.357142857142858,0,1,Group1,0
14.5,1,1,Group1,0
16.0,0,1,Group1,0
18.0,1,1,Group1,0
19.714285714285715,0,1,Group1,0
21.785714285714285,1,1,Group1,0
22.285714285714285,1,1,Group1,0
23.285714285714285,1,1,Group1,0
25.21428571428571,1,1,Group1,0
26.21428571428571,1,1,Group1,0
27.35714285714285,0,1,Group1,0
28.785714285714285,1,1,Group1,0
29.07142857142857,1,1,Group1,0
32.14285714285714,1,1,Group1,0
32.357142857142854,1,1,Group1,0
34.5,1,1,Group1,0
36.07142857142857,1,1,Group1,0
39.57142857142857,1,1,Group1,0
40.5,1,1,Group1,0
41.75,0,1,Group1,0
43.35714285714285,1,1,Group1,0
43.35714285714285,1,1,Group1,0
46.5,0,1,Group1,0
46.5,0,1,Group1,0
50.0,1,1,Group1,0
96.42857142857142,1,1,Group1,0
