time,status,treat,Group,curve
0.7912621359223301,0,1,Group1,0
0.7912621359223301,0,1,Group1,0
0.7912621359223301,0,1,Group1,0
0.7912621359223301,0,1,Group1,0
0.7912621359223301,0,1,Group1,0
0.7912621359223301,0,1,Group1,0
0.7912621359223301,0,1,Group1,0
0.7912621359223301,0,1,Group1,0
0.7912621359223301,0,1,Group1,0
1.6019417475728157,1,1,Group1,0
1.79126213592233,0,1,Group1,0
1.79126213592233,0,1,Group1,0
1.79126213592233,0,1,Group1,0
1.79126213592233,0,1,Group1,0
1.79126213592233,0,1,Group1,0
1.79126213592233,0,1,Group1,0
1.79126213592233,0,1,Group1,0
2.019417475728156,1,1,Group1,0
2.0776699029126213,1,1,Group1,0
2.4514563106796112,0,1,Group1,0
2.4514563106796112,0,1,Group1,0
2.4514563106796112,0,1,Group1,0
2.4514563106796112,0,1,Group1,0
2.4514563106796112,0,1,Group1,0
2.8543689320388346,1,1,Group1,0
3.0,0,1,Group1,0
3.0,0,1,Group1,0
3.1941747572815533,1,1,Group1,0
3.684466019417476,0,1,Group1,0
3.684466019417476,0,1,Group1,0
3.684466019417476,0,1,Group1,0
3.684466019417476,0,1,Group1,0
3.684466019417476,0,1,Group1,0
3.684466019417476,0,1,Group1,0
3.684466019417476,0,1,Group1,0
4.223300970873786,1,1,Group1,0
4.344660194174757,0,1,Group1,0
4.514563106796116,1,1,Group1,0
4.524271844660194,1,1,Group1,0
4.980582524271844,0,1,Group1,0
4.980582524271844,0,1,Group1,0
4.980582524271844,0,1,Group1,0
4.980582524271844,0,1,Group1,0
5.475728155339805,1,1,Group1,0
5.533980582524271,1,1,Group1,0
5.990291262135922,1,1,Group1,0
6.436893203883495,0,1,Group1,0
6.932038834951456,1,1,Group1,0
7.126213592233009,1,1,Group1,0
7.334951456310679,0,1,Group1,0
7.592233009708737,1,1,Group1,0
8.262135922330096,0,1,Group1,0
8.262135922330096,0,1,Group1,0
8.980582524271844,1,1,Group1,0
9.131067961165048,0,1,Group1,0
9.320388349514564,1,1,Group1,0
9.980582524271844,1,1,Group1,0
11.12621359223301,1,1,Group1,0
12.92233009708738,0,1,Group1,0
