time,status,treat,Group,curve
2.122448979591837,0,1,Group1,0
4.489795918367347,1,1,Group1,0
7.183673469387754,0,1,Group1,0
7.183673469387754,0,1,Group1,0
7.183673469387754,0,1,Group1,0
10.285714285714285,1,1,Group1,0
12.326530612244897,0,1,Group1,0
14.775510204081632,1,1,Group1,0
17.224489795918366,0,1,Group1,0
17.224489795918366,0,1,Group1,0
17.224489795918366,0,1,Group1,0
20.081632653061224,1,1,Group1,0
27.918367346938773,0,1,Group1,0
27.918367346938773,0,1,Group1,0
27.918367346938773,0,1,Group1,0
27.918367346938773,0,1,Group1,0
27.918367346938773,0,1,Group1,0
27.918367346938773,0,1,Group1,0
27.918367346938773,0,1,Group1,0
27.918367346938773,0,1,Group1,0
27.918367346938773,0,1,Group1,0
35.795918367346935,0,1,Group1,0
35.795918367346935,0,1,Group1,0
35.91836734693877,0,1,Group1,0
35.91836734693877,0,1,Group1,0
35.91836734693877,0,1,Group1,0
35.91836734693877,0,1,Group1,0
36.16326530612245,1,1,Group1,0
38.20408163265306,1,1,Group1,0
40.40816326530612,1,1,Group1,0
45.46938775510204,1,1,Group1,0
47.836734693877546,1,1,Group1,0
54.77551020408163,0,1,Group1,0
62.12244897959183,1,1,Group1,0
68.24489795918367,1,1,Group1,0
108.57142857142856,1,1,Group1,0
