time,status,treat,Group,curve
3.202702702702703,1,1,Group1,0
6.243243243243244,1,1,Group1,0
6.567567567567568,1,1,Group1,0
7.297297297297297,1,1,Group1,0
8.391891891891893,1,1,Group1,0
8.837837837837839,1,1,Group1,0
8.91891891891892,1,1,Group1,0
10.175675675675675,1,1,Group1,0
10.37837837837838,1,1,Group1,0
10.54054054054054,1,1,Group1,0
11.108108108108109,1,1,Group1,0
12.445945945945947,1,1,Group1,0
12.972972972972974,1,1,Group1,0
13.662162162162163,1,1,Group1,0
15.243243243243244,1,1,Group1,0
16.054054054054056,1,1,Group1,0
16.256756756756758,1,1,Group1,0
17.39189189189189,1,1,Group1,0
17.635135135135137,1,1,Group1,0
18.72972972972973,1,1,Group1,0
19.01351351351352,1,1,Group1,0
19.37837837837838,1,1,Group1,0
19.783783783783782,1,1,Group1,0
21.97297297297297,1,1,Group1,0
23.75675675675676,1,1,Group1,0
24.60810810810811,1,1,Group1,0
25.2972972972973,1,1,Group1,0
26.14864864864865,1,1,Group1,0
28.905405405405407,1,1,Group1,0
29.83783783783784,1,1,Group1,0
30.89189189189189,1,1,Group1,0
42.52702702702703,1,1,Group1,0
53.18918918918919,1,1,Group1,0
