time,status,treat,Group,curve
0.2916666666666667,0,1,Group1,0
0.6041666666666666,1,1,Group1,0
0.6145833333333333,1,1,Group1,0
1.125,1,1,Group1,0
1.3385416666666663,0,1,Group1,0
1.3385416666666663,0,1,Group1,0
1.5416666666666663,1,1,Group1,0
1.65625,1,1,Group1,0
1.734375,0,1,Group1,0
1.8333333333333333,1,1,Group1,0
1.84375,1,1,Group1,0
1.9947916666666663,0,1,Group1,0
2.177083333333333,1,1,Group1,0
2.2291666666666665,1,1,Group1,0
2.3541666666666665,0,1,Group1,0
2.520833333333333,1,1,Group1,0
2.6510416666666665,0,1,Group1,0
2.7916666666666665,0,1,Group1,0
2.8125,1,1,Group1,0
2.958333333333333,1,1,Group1,0
2.9791666666666665,1,1,Group1,0
3.03125,1,1,Group1,0
3.15625,1,1,Group1,0
3.3385416666666665,0,1,Group1,0
3.375,1,1,Group1,0
3.4479166666666665,1,1,Group1,0
3.5729166666666665,1,1,Group1,0
3.755208333333333,0,1,Group1,0
3.96875,1,1,Group1,0
4.010416666666666,1,1,Group1,0
4.041666666666666,1,1,Group1,0
4.145833333333333,1,1,Group1,0
4.322916666666666,1,1,Group1,0
4.333333333333333,1,1,Group1,0
4.4375,1,1,Group1,0
4.583333333333333,1,1,Group1,0
4.588541666666666,0,1,Group1,0
4.791666666666666,1,1,Group1,0
4.8125,1,1,Group1,0
4.90625,1,1,Group1,0
5.208333333333333,1,1,Group1,0
5.25,1,1,Group1,0
5.6875,1,1,Group1,0
5.979166666666666,0,1,Group1,0
6.270833333333333,1,1,Group1,0
6.447916666666666,1,1,Group1,0
6.75,1,1,Group1,0
6.958333333333333,1,1,Group1,0
7.083333333333333,1,1,Group1,0
7.21875,1,1,Group1,0
7.427083333333333,1,1,Group1,0
7.645833333333333,1,1,Group1,0
7.84375,1,1,Group1,0
8.09375,1,1,Group1,0
8.645833333333332,1,1,Group1,0
10.072916666666666,1,1,Group1,0
10.083333333333332,1,1,Group1,0
11.458333333333332,1,1,Group1,0
12.5,1,1,Group1,0
12.947916666666666,1,1,Group1,0
