time,status,treat,Group,curve
0.7207207207207208,0,1,Group1,0
0.7207207207207208,0,1,Group1,0
1.4774774774774777,1,1,Group1,0
1.6846846846846848,0,1,Group1,0
1.963963963963964,1,1,Group1,0
2.5225225225225225,0,1,Group1,0
2.5225225225225225,0,1,Group1,0
3.1171171171171173,1,1,Group1,0
3.927927927927928,0,1,Group1,0
4.792792792792793,1,1,Group1,0
4.846846846846847,1,1,Group1,0
5.009009009009009,1,1,Group1,0
6.2342342342342345,1,1,Group1,0
6.378378378378378,1,1,Group1,0
6.5225225225225225,1,1,Group1,0
7.315315315315315,1,1,Group1,0
8.576576576576576,1,1,Group1,0
9.0990990990991,1,1,Group1,0
9.864864864864863,0,1,Group1,0
10.684684684684685,1,1,Group1,0
10.82882882882883,1,1,Group1,0
10.82882882882883,1,1,Group1,0
10.82882882882883,1,1,Group1,0
10.91891891891892,1,1,Group1,0
11.8018018018018,1,1,Group1,0
11.891891891891891,1,1,Group1,0
12.36036036036036,1,1,Group1,0
12.432432432432432,1,1,Group1,0
12.72072072072072,1,1,Group1,0
12.774774774774777,1,1,Group1,0
12.945945945945946,0,1,Group1,0
13.135135135135137,1,1,Group1,0
13.17117117117117,1,1,Group1,0
13.36936936936937,1,1,Group1,0
13.83783783783784,1,1,Group1,0
14.288288288288287,0,1,Group1,0
14.792792792792792,1,1,Group1,0
14.846846846846846,1,1,Group1,0
15.117117117117116,1,1,Group1,0
15.17117117117117,1,1,Group1,0
15.585585585585584,1,1,Group1,0
18.27027027027027,1,1,Group1,0
18.34234234234234,1,1,Group1,0
20.25225225225225,1,1,Group1,0
21.153153153153152,1,1,Group1,0
23.873873873873872,0,1,Group1,0
23.873873873873872,0,1,Group1,0
