time,status,treat,Group,curve
0.7204724409448818,0,1,Group1,0
1.4881889763779528,1,1,Group1,0
1.5118110236220472,1,1,Group1,0
2.090551181102362,0,1,Group1,0
2.7401574803149606,1,1,Group1,0
2.751968503937008,0,1,Group1,0
3.755905511811024,1,1,Group1,0
4.110236220472441,0,1,Group1,0
4.464566929133858,1,1,Group1,0
4.488188976377953,1,1,Group1,0
4.854330708661417,0,1,Group1,0
4.854330708661417,0,1,Group1,0
5.291338582677165,1,1,Group1,0
5.716535433070867,0,1,Group1,0
6.165354330708661,1,1,Group1,0
6.874015748031496,1,1,Group1,0
7.086614173228346,0,1,Group1,0
7.37007874015748,1,1,Group1,0
7.677165354330708,1,1,Group1,0
7.948818897637794,0,1,Group1,0
8.196850393700787,1,1,Group1,0
8.291338582677165,1,1,Group1,0
8.385826771653543,1,1,Group1,0
8.409448818897637,1,1,Group1,0
9.03543307086614,0,1,Group1,0
9.755905511811024,1,1,Group1,0
10.122047244094489,0,1,Group1,0
10.58267716535433,1,1,Group1,0
10.700787401574804,0,1,Group1,0
10.79527559055118,1,1,Group1,0
11.173228346456693,1,1,Group1,0
11.374015748031496,0,1,Group1,0
11.692913385826772,1,1,Group1,0
11.70472440944882,0,1,Group1,0
11.74015748031496,1,1,Group1,0
11.952755905511813,1,1,Group1,0
12.330708661417322,1,1,Group1,0
12.68503937007874,1,1,Group1,0
13.216535433070868,0,1,Group1,0
13.866141732283465,1,1,Group1,0
15.283464566929132,1,1,Group1,0
15.73228346456693,1,1,Group1,0
16.46456692913386,1,1,Group1,0
16.677165354330707,0,1,Group1,0
16.984251968503937,1,1,Group1,0
17.26771653543307,1,1,Group1,0
17.5748031496063,1,1,Group1,0
18.09448818897637,1,1,Group1,0
19.086614173228345,1,1,Group1,0
19.346456692913385,0,1,Group1,0
19.724409448818896,1,1,Group1,0
21.04724409448819,1,1,Group1,0
24.51968503937008,1,1,Group1,0
31.39370078740157,0,1,Group1,0
