time,status,treat,Group,curve
0.8108108108108109,0,1,Group1,0
1.7297297297297298,1,1,Group1,0
5.027027027027028,0,1,Group1,0
5.027027027027028,0,1,Group1,0
5.027027027027028,0,1,Group1,0
5.027027027027028,0,1,Group1,0
8.324324324324325,1,1,Group1,0
9.27027027027027,0,1,Group1,0
10.432432432432432,1,1,Group1,0
11.64864864864865,0,1,Group1,0
13.081081081081082,1,1,Group1,0
13.486486486486488,0,1,Group1,0
13.513513513513514,1,1,Group1,0
14.37837837837838,1,1,Group1,0
15.702702702702704,0,1,Group1,0
17.18918918918919,1,1,Group1,0
18.054054054054056,1,1,Group1,0
18.37837837837838,1,1,Group1,0
18.486486486486488,1,1,Group1,0
21.027027027027028,1,1,Group1,0
21.37837837837838,0,1,Group1,0
21.89189189189189,1,1,Group1,0
23.89189189189189,1,1,Group1,0
25.405405405405407,1,1,Group1,0
25.45945945945946,1,1,Group1,0
26.864864864864867,1,1,Group1,0
27.351351351351354,1,1,Group1,0
28.1891891891892,0,1,Group1,0
29.2972972972973,1,1,Group1,0
30.0,0,1,Group1,0
30.864864864864867,1,1,Group1,0
31.135135135135137,1,1,Group1,0
32.91891891891892,1,1,Group1,0
34.432432432432435,1,1,Group1,0
35.45945945945946,1,1,Group1,0
35.891891891891895,1,1,Group1,0
37.13513513513514,0,1,Group1,0
38.54054054054054,1,1,Group1,0
38.75675675675676,1,1,Group1,0
38.810810810810814,1,1,Group1,0
41.297297297297305,0,1,Group1,0
43.891891891891895,1,1,Group1,0
44.054054054054056,1,1,Group1,0
45.02702702702703,1,1,Group1,0
45.054054054054056,0,1,Group1,0
45.24324324324325,1,1,Group1,0
46.270270270270274,1,1,Group1,0
47.56756756756757,0,1,Group1,0
47.56756756756757,0,1,Group1,0
49.24324324324325,1,1,Group1,0
54.270270270270274,1,1,Group1,0
58.270270270270274,1,1,Group1,0
59.891891891891895,1,1,Group1,0
60.48648648648649,1,1,Group1,0
64.70270270270271,1,1,Group1,0
71.4054054054054,1,1,Group1,0
72.16216216216216,1,1,Group1,0
