time,status,treat,Group,curve
5.105263157894736,0,1,Group1,0
5.105263157894736,0,1,Group1,0
5.105263157894736,0,1,Group1,0
5.105263157894736,0,1,Group1,0
5.105263157894736,0,1,Group1,0
5.105263157894736,0,1,Group1,0
5.105263157894736,0,1,Group1,0
5.105263157894736,0,1,Group1,0
5.105263157894736,0,1,Group1,0
5.105263157894736,0,1,Group1,0
10.36842105263158,1,1,Group1,0
12.473684210526317,0,1,Group1,0
12.473684210526317,0,1,Group1,0
12.473684210526317,0,1,Group1,0
12.473684210526317,0,1,Group1,0
12.473684210526317,0,1,Group1,0
12.473684210526317,0,1,Group1,0
12.473684210526317,0,1,Group1,0
12.473684210526317,0,1,Group1,0
12.473684210526317,0,1,Group1,0
12.473684210526317,0,1,Group1,0
12.473684210526317,0,1,Group1,0
14.842105263157894,1,1,Group1,0
16.157894736842103,0,1,Group1,0
16.157894736842103,0,1,Group1,0
17.736842105263158,1,1,Group1,0
18.34210526315789,0,1,Group1,0
19.31578947368421,1,1,Group1,0
21.23684210526316,0,1,Group1,0
21.23684210526316,0,1,Group1,0
23.31578947368421,1,1,Group1,0
25.105263157894733,0,1,Group1,0
25.105263157894733,0,1,Group1,0
27.157894736842103,1,1,Group1,0
27.86842105263157,0,1,Group1,0
28.84210526315789,1,1,Group1,0
32.1578947368421,1,1,Group1,0
34.18421052631579,0,1,Group1,0
36.47368421052632,1,1,Group1,0
36.94736842105263,1,1,Group1,0
38.57894736842105,1,1,Group1,0
39.84210526315789,1,1,Group1,0
40.63157894736842,1,1,Group1,0
41.68421052631579,1,1,Group1,0
46.89473684210526,1,1,Group1,0
52.42105263157895,1,1,Group1,0
53.26315789473684,1,1,Group1,0
63.68421052631579,1,1,Group1,0
71.05263157894737,1,1,Group1,0
