time,status,treat,Group,curve
1.0744680851063828,0,1,Group1,0
1.0744680851063828,0,1,Group1,0
1.0744680851063828,0,1,Group1,0
2.2127659574468086,1,1,Group1,0
3.159574468085107,0,1,Group1,0
3.159574468085107,0,1,Group1,0
4.212765957446808,1,1,Group1,0
4.340425531914894,0,1,Group1,0
4.48936170212766,1,1,Group1,0
5.138297872340425,0,1,Group1,0
5.138297872340425,0,1,Group1,0
5.138297872340425,0,1,Group1,0
5.138297872340425,0,1,Group1,0
5.893617021276596,1,1,Group1,0
6.0638297872340425,0,1,Group1,0
6.340425531914893,1,1,Group1,0
6.51063829787234,1,1,Group1,0
6.808510638297872,1,1,Group1,0
7.180851063829787,0,1,Group1,0
7.659574468085106,1,1,Group1,0
7.829787234042553,1,1,Group1,0
8.308510638297872,0,1,Group1,0
8.404255319148936,1,1,Group1,0
8.46808510638298,1,1,Group1,0
8.851063829787234,1,1,Group1,0
9.425531914893616,1,1,Group1,0
9.872340425531917,1,1,Group1,0
9.936170212765957,1,1,Group1,0
10.063829787234042,1,1,Group1,0
10.319148936170212,1,1,Group1,0
10.51063829787234,1,1,Group1,0
10.574468085106382,1,1,Group1,0
11.02127659574468,0,1,Group1,0
11.595744680851064,1,1,Group1,0
12.638297872340424,1,1,Group1,0
12.659574468085106,1,1,Group1,0
13.26595744680851,0,1,Group1,0
13.957446808510635,1,1,Group1,0
14.22340425531915,0,1,Group1,0
14.595744680851064,1,1,Group1,0
15.063829787234042,1,1,Group1,0
17.25531914893617,0,1,Group1,0
19.5531914893617,1,1,Group1,0
20.27659574468085,1,1,Group1,0
20.72340425531915,1,1,Group1,0
28.117021276595743,0,1,Group1,0
