time,status,treat,Group,curve
5.464788732394366,0,1,Group1,0
11.098591549295774,1,1,Group1,0
12.056338028169014,1,1,Group1,0
13.52112676056338,1,1,Group1,0
14.647887323943662,1,1,Group1,0
15.943661971830986,1,1,Group1,0
17.014084507042252,1,1,Group1,0
18.985915492957748,1,1,Group1,0
19.04225352112676,1,1,Group1,0
20.281690140845072,1,1,Group1,0
21.098591549295776,0,1,Group1,0
22.197183098591548,1,1,Group1,0
24.281690140845072,1,1,Group1,0
24.901408450704224,1,1,Group1,0
25.070422535211268,1,1,Group1,0
27.04225352112676,1,1,Group1,0
27.83098591549296,1,1,Group1,0
28.253521126760564,0,1,Group1,0
28.95774647887324,1,1,Group1,0
28.95774647887324,1,1,Group1,0
30.30985915492958,1,1,Group1,0
30.816901408450704,1,1,Group1,0
30.985915492957748,1,1,Group1,0
32.11267605633803,1,1,Group1,0
34.25352112676057,1,1,Group1,0
34.53521126760563,1,1,Group1,0
36.056338028169016,1,1,Group1,0
37.57746478873239,1,1,Group1,0
39.2112676056338,1,1,Group1,0
39.71830985915493,1,1,Group1,0
40.16901408450704,1,1,Group1,0
41.46478873239437,1,1,Group1,0
41.91549295774648,1,1,Group1,0
42.02816901408451,1,1,Group1,0
43.54929577464789,1,1,Group1,0
44.02816901408451,0,1,Group1,0
44.394366197183096,1,1,Group1,0
44.732394366197184,1,1,Group1,0
47.098591549295776,1,1,Group1,0
48.056338028169016,1,1,Group1,0
50.36619718309859,1,1,Group1,0
52.11267605633803,0,1,Group1,0
52.28169014084507,1,1,Group1,0
56.225352112676056,1,1,Group1,0
57.23943661971831,1,1,Group1,0
68.16901408450704,1,1,Group1,0
76.28169014084507,1,1,Group1,0
