time,status,treat,Group,curve
1.2874015748031495,0,1,Group1,0
2.6456692913385824,1,1,Group1,0
3.377952755905512,1,1,Group1,0
3.448818897637796,1,1,Group1,0
4.015748031496063,1,1,Group1,0
4.015748031496063,1,1,Group1,0
4.275590551181102,0,1,Group1,0
4.653543307086614,1,1,Group1,0
5.066929133858268,0,1,Group1,0
5.5984251968503935,1,1,Group1,0
6.0236220472440944,1,1,Group1,0
7.889763779527559,1,1,Group1,0
7.889763779527559,1,1,Group1,0
8.125984251968504,1,1,Group1,0
8.220472440944881,1,1,Group1,0
10.32283464566929,1,1,Group1,0
10.32283464566929,1,1,Group1,0
10.37007874015748,1,1,Group1,0
11.031496062992126,1,1,Group1,0
11.669291338582678,1,1,Group1,0
11.881889763779528,1,1,Group1,0
11.976377952755906,1,1,Group1,0
12.0,1,1,Group1,0
12.94488188976378,1,1,Group1,0
13.32283464566929,1,1,Group1,0
15.0,1,1,Group1,0
15.094488188976378,1,1,Group1,0
15.21259842519685,1,1,Group1,0
15.236220472440944,1,1,Group1,0
16.771653543307085,1,1,Group1,0
16.96062992125984,1,1,Group1,0
18.37795275590551,1,1,Group1,0
19.511811023622048,1,1,Group1,0
20.433070866141733,1,1,Group1,0
22.251968503937007,1,1,Group1,0
24.09448818897637,1,1,Group1,0
24.25984251968504,1,1,Group1,0
26.716535433070867,1,1,Group1,0
31.58267716535433,1,1,Group1,0
