time,status,treat,Group,curve
0.8243243243243243,0,1,Group1,0
0.8243243243243243,0,1,Group1,0
0.8243243243243243,0,1,Group1,0
0.8243243243243243,0,1,Group1,0
1.7027027027027029,1,1,Group1,0
2.418918918918919,0,1,Group1,0
2.418918918918919,0,1,Group1,0
2.418918918918919,0,1,Group1,0
2.418918918918919,0,1,Group1,0
3.135135135135135,1,1,Group1,0
3.675675675675676,0,1,Group1,0
3.675675675675676,0,1,Group1,0
4.297297297297297,1,1,Group1,0
4.648648648648649,1,1,Group1,0
4.824324324324325,0,1,Group1,0
5.108108108108109,1,1,Group1,0
5.135135135135135,1,1,Group1,0
5.594594594594595,0,1,Group1,0
5.594594594594595,0,1,Group1,0
6.162162162162162,1,1,Group1,0
6.175675675675675,0,1,Group1,0
6.554054054054054,0,1,Group1,0
7.054054054054054,1,1,Group1,0
7.351351351351352,0,1,Group1,0
7.351351351351352,0,1,Group1,0
7.864864864864865,1,1,Group1,0
7.918918918918919,1,1,Group1,0
8.27027027027027,1,1,Group1,0
8.432432432432433,1,1,Group1,0
8.77027027027027,0,1,Group1,0
8.783783783783784,1,1,Group1,0
8.945945945945946,1,1,Group1,0
9.108108108108109,1,1,Group1,0
9.283783783783784,0,1,Group1,0
9.567567567567568,1,1,Group1,0
9.567567567567568,1,1,Group1,0
9.945945945945947,1,1,Group1,0
10.675675675675675,0,1,Group1,0
10.675675675675675,0,1,Group1,0
10.675675675675675,0,1,Group1,0
11.54054054054054,1,1,Group1,0
11.783783783783784,1,1,Group1,0
12.027027027027028,1,1,Group1,0
12.324324324324325,1,1,Group1,0
13.324324324324325,1,1,Group1,0
13.37837837837838,1,1,Group1,0
13.621621621621625,1,1,Group1,0
14.567567567567568,1,1,Group1,0
14.91891891891892,0,1,Group1,0
15.405405405405409,1,1,Group1,0
15.810810810810812,1,1,Group1,0
17.243243243243246,1,1,Group1,0
17.432432432432435,1,1,Group1,0
17.58108108108108,0,1,Group1,0
17.91891891891892,1,1,Group1,0
18.283783783783782,0,1,Group1,0
18.75675675675676,1,1,Group1,0
19.0,0,1,Group1,0
19.35135135135135,1,1,Group1,0
19.635135135135137,0,1,Group1,0
20.054054054054056,1,1,Group1,0
21.216216216216218,1,1,Group1,0
21.783783783783782,1,1,Group1,0
21.945945945945947,1,1,Group1,0
23.89189189189189,1,1,Group1,0
24.54054054054054,1,1,Group1,0
27.945945945945947,1,1,Group1,0
35.86486486486487,0,1,Group1,0
