time,status,treat,Group,curve
1.793388429752066,1,1,Group1,0
1.9338842975206607,1,1,Group1,0
2.128099173553719,0,1,Group1,0
2.355371900826446,1,1,Group1,0
2.537190082644628,0,1,Group1,0
2.7355371900826446,1,1,Group1,0
2.87603305785124,0,1,Group1,0
3.057851239669421,1,1,Group1,0
3.2561983471074383,1,1,Group1,0
4.652892561983471,1,1,Group1,0
4.743801652892563,0,1,Group1,0
4.87603305785124,1,1,Group1,0
4.933884297520661,0,1,Group1,0
4.958677685950414,1,1,Group1,0
5.15702479338843,1,1,Group1,0
5.479338842975206,0,1,Group1,0
5.504132231404959,1,1,Group1,0
5.793388429752066,1,1,Group1,0
6.024793388429752,0,1,Group1,0
6.297520661157025,1,1,Group1,0
6.454545454545455,1,1,Group1,0
6.586776859504132,0,1,Group1,0
6.75206611570248,1,1,Group1,0
6.884297520661157,1,1,Group1,0
7.008264462809917,1,1,Group1,0
7.206611570247934,1,1,Group1,0
8.40495867768595,1,1,Group1,0
10.917355371900827,1,1,Group1,0
10.991735537190085,1,1,Group1,0
