time,status,treat,Group,curve
0.7910958904109588,0,1,Group1,0
1.6780821917808215,1,1,Group1,0
3.2123287671232874,0,1,Group1,0
3.2123287671232874,0,1,Group1,0
3.2123287671232874,0,1,Group1,0
3.2123287671232874,0,1,Group1,0
4.938356164383562,1,1,Group1,0
6.832191780821917,0,1,Group1,0
6.832191780821917,0,1,Group1,0
6.832191780821917,0,1,Group1,0
6.832191780821917,0,1,Group1,0
9.061643835616438,1,1,Group1,0
11.195205479452053,0,1,Group1,0
13.472602739726026,1,1,Group1,0
17.21232876712329,0,1,Group1,0
17.21232876712329,0,1,Group1,0
20.92808219178082,0,1,Group1,0
20.92808219178082,0,1,Group1,0
20.92808219178082,0,1,Group1,0
20.92808219178082,0,1,Group1,0
20.976027397260275,0,1,Group1,0
20.976027397260275,0,1,Group1,0
20.976027397260275,0,1,Group1,0
20.976027397260275,0,1,Group1,0
20.976027397260275,0,1,Group1,0
21.14383561643836,1,1,Group1,0
22.726027397260275,0,1,Group1,0
24.54794520547945,1,1,Group1,0
25.410958904109584,0,1,Group1,0
26.36986301369863,1,1,Group1,0
29.75,0,1,Group1,0
29.75,0,1,Group1,0
29.75,0,1,Group1,0
33.36986301369863,1,1,Group1,0
33.36986301369863,1,1,Group1,0
37.15753424657534,0,1,Group1,0
37.15753424657534,0,1,Group1,0
37.15753424657534,0,1,Group1,0
37.15753424657534,0,1,Group1,0
41.18493150684931,1,1,Group1,0
45.73972602739725,0,1,Group1,0
45.73972602739725,0,1,Group1,0
45.73972602739725,0,1,Group1,0
45.73972602739725,0,1,Group1,0
50.53424657534247,1,1,Group1,0
50.630136986301366,1,1,Group1,0
58.97260273972602,1,1,Group1,0
62.42465753424657,1,1,Group1,0
62.42465753424657,1,1,Group1,0
64.48630136986301,1,1,Group1,0
