time,status,treat,Group,curve
2.060810810810811,0,1,Group1,0
4.256756756756757,1,1,Group1,0
5.574324324324325,0,1,Group1,0
5.574324324324325,0,1,Group1,0
6.95945945945946,1,1,Group1,0
9.054054054054054,0,1,Group1,0
11.41891891891892,1,1,Group1,0
12.77027027027027,1,1,Group1,0
14.594594594594597,0,1,Group1,0
14.594594594594597,0,1,Group1,0
16.68918918918919,1,1,Group1,0
17.77027027027027,1,1,Group1,0
19.35810810810811,0,1,Group1,0
21.216216216216218,1,1,Group1,0
21.95945945945946,1,1,Group1,0
22.83783783783784,1,1,Group1,0
23.37837837837838,1,1,Group1,0
25.135135135135137,0,1,Group1,0
25.33783783783784,1,1,Group1,0
25.74324324324325,1,1,Group1,0
26.081081081081084,1,1,Group1,0
27.905405405405407,1,1,Group1,0
30.67567567567568,0,1,Group1,0
33.78378378378378,1,1,Group1,0
34.391891891891895,1,1,Group1,0
35.2027027027027,1,1,Group1,0
35.472972972972975,1,1,Group1,0
37.22972972972973,1,1,Group1,0
39.32432432432433,1,1,Group1,0
41.08108108108108,1,1,Group1,0
44.18918918918919,1,1,Group1,0
44.32432432432433,1,1,Group1,0
44.45945945945946,1,1,Group1,0
47.0945945945946,1,1,Group1,0
47.2972972972973,1,1,Group1,0
48.310810810810814,1,1,Group1,0
50.13513513513514,1,1,Group1,0
50.810810810810814,1,1,Group1,0
51.68918918918919,1,1,Group1,0
51.68918918918919,1,1,Group1,0
55.270270270270274,1,1,Group1,0
55.33783783783784,1,1,Group1,0
61.75675675675676,1,1,Group1,0
64.1891891891892,1,1,Group1,0
69.25675675675676,1,1,Group1,0
70.0,1,1,Group1,0
73.98648648648648,0,1,Group1,0
78.31081081081082,1,1,Group1,0
82.83783783783784,1,1,Group1,0
85.94594594594595,1,1,Group1,0
91.01351351351352,1,1,Group1,0
