time,status,treat,Group,curve
0.22535211267605634,1,1,Group1,0
0.676056338028169,1,1,Group1,0
0.8450704225352113,0,1,Group1,0
1.1267605633802817,1,1,Group1,0
1.352112676056338,1,1,Group1,0
1.6338028169014085,0,1,Group1,0
2.028169014084507,1,1,Group1,0
2.422535211267606,0,1,Group1,0
2.47887323943662,1,1,Group1,0
2.8169014084507045,1,1,Group1,0
2.9295774647887325,1,1,Group1,0
3.154929577464789,1,1,Group1,0
3.211267605633803,0,1,Group1,0
3.380281690140845,1,1,Group1,0
3.6056338028169015,1,1,Group1,0
4.0,0,1,Group1,0
4.394366197183099,1,1,Group1,0
4.732394366197183,1,1,Group1,0
4.788732394366197,0,1,Group1,0
5.070422535211268,1,1,Group1,0
5.183098591549296,1,1,Group1,0
5.577464788732394,0,1,Group1,0
5.859154929577465,1,1,Group1,0
6.197183098591549,1,1,Group1,0
6.366197183098592,0,1,Group1,0
6.535211267605634,1,1,Group1,0
7.154929577464789,0,1,Group1,0
7.211267605633803,1,1,Group1,0
8.0,1,1,Group1,0
8.112676056338028,0,1,Group1,0
8.845070422535212,0,1,Group1,0
9.014084507042254,1,1,Group1,0
9.126760563380282,1,1,Group1,0
9.690140845070422,0,1,Group1,0
10.140845070422536,1,1,Group1,0
10.422535211267606,0,1,Group1,0
10.816901408450704,1,1,Group1,0
11.211267605633804,0,1,Group1,0
11.380281690140846,1,1,Group1,0
12.0,0,1,Group1,0
12.732394366197184,1,1,Group1,0
12.788732394366198,0,1,Group1,0
13.577464788732394,0,1,Group1,0
14.19718309859155,1,1,Group1,0
14.366197183098592,0,1,Group1,0
14.535211267605634,1,1,Group1,0
15.15492957746479,0,1,Group1,0
16.225352112676056,1,1,Group1,0
16.901408450704224,1,1,Group1,0
17.014084507042252,1,1,Group1,0
17.690140845070424,1,1,Group1,0
18.591549295774648,1,1,Group1,0
19.71830985915493,1,1,Group1,0
20.619718309859156,1,1,Group1,0
21.295774647887324,1,1,Group1,0
22.197183098591548,1,1,Group1,0
23.323943661971832,1,1,Group1,0
24.450704225352112,1,1,Group1,0
25.35211267605634,1,1,Group1,0
26.47887323943662,1,1,Group1,0
27.492957746478872,1,1,Group1,0
28.056338028169016,1,1,Group1,0
28.732394366197184,1,1,Group1,0
35.71830985915493,1,1,Group1,0
37.971830985915496,1,1,Group1,0
41.57746478873239,1,1,Group1,0
44.50704225352113,1,1,Group1,0
48.33802816901409,1,1,Group1,0
52.0,0,1,Group1,0
52.28169014084507,1,1,Group1,0
55.66197183098592,0,1,Group1,0
59.436619718309856,0,1,Group1,0
61.183098591549296,1,1,Group1,0
64.33802816901408,0,1,Group1,0
69.85915492957747,1,1,Group1,0
90.8169014084507,1,1,Group1,0
