time,status,treat,Group,curve
0.708955223880597,0,1,Group1,0
0.708955223880597,0,1,Group1,0
1.3619402985074625,0,1,Group1,0
1.5298507462686566,1,1,Group1,0
1.8097014925373132,0,1,Group1,0
2.2388059701492535,1,1,Group1,0
2.257462686567164,0,1,Group1,0
2.6492537313432836,1,1,Group1,0
2.6865671641791042,1,1,Group1,0
4.514925373134328,0,1,Group1,0
4.514925373134328,0,1,Group1,0
4.514925373134328,0,1,Group1,0
4.514925373134328,0,1,Group1,0
4.514925373134328,0,1,Group1,0
4.514925373134328,0,1,Group1,0
4.514925373134328,0,1,Group1,0
4.514925373134328,0,1,Group1,0
6.492537313432836,1,1,Group1,0
7.555970149253731,0,1,Group1,0
7.555970149253731,0,1,Group1,0
7.555970149253731,0,1,Group1,0
8.805970149253731,1,1,Group1,0
8.805970149253731,1,1,Group1,0
9.440298507462686,0,1,Group1,0
10.111940298507461,1,1,Group1,0
11.138059701492537,0,1,Group1,0
12.350746268656716,1,1,Group1,0
12.574626865671641,1,1,Group1,0
13.059701492537313,0,1,Group1,0
13.731343283582088,1,1,Group1,0
14.850746268656716,1,1,Group1,0
15.839552238805968,0,1,Group1,0
16.977611940298505,1,1,Group1,0
18.097014925373134,1,1,Group1,0
18.134328358208954,1,1,Group1,0
25.11194029850746,0,1,Group1,0
25.11194029850746,0,1,Group1,0
25.11194029850746,0,1,Group1,0
25.11194029850746,0,1,Group1,0
25.11194029850746,0,1,Group1,0
32.20149253731343,1,1,Group1,0
33.395522388059696,1,1,Group1,0
34.514925373134325,1,1,Group1,0
49.309701492537314,0,1,Group1,0
