time,status,treat,Group,curve
0.21641791044776118,0,1,Group1,0
0.21641791044776118,0,1,Group1,0
0.47761194029850745,1,1,Group1,0
2.0820895522388057,0,1,Group1,0
2.0820895522388057,0,1,Group1,0
2.0820895522388057,0,1,Group1,0
2.0820895522388057,0,1,Group1,0
2.0820895522388057,0,1,Group1,0
2.0820895522388057,0,1,Group1,0
2.0820895522388057,0,1,Group1,0
2.0820895522388057,0,1,Group1,0
2.0820895522388057,0,1,Group1,0
2.0820895522388057,0,1,Group1,0
2.0820895522388057,0,1,Group1,0
2.0820895522388057,0,1,Group1,0
2.0820895522388057,0,1,Group1,0
2.0820895522388057,0,1,Group1,0
2.0820895522388057,0,1,Group1,0
2.0820895522388057,0,1,Group1,0
2.0820895522388057,0,1,Group1,0
2.0820895522388057,0,1,Group1,0
3.7388059701492535,0,1,Group1,0
3.761194029850746,1,1,Group1,0
3.91044776119403,0,1,Group1,0
3.91044776119403,0,1,Group1,0
3.91044776119403,0,1,Group1,0
3.91044776119403,0,1,Group1,0
3.91044776119403,0,1,Group1,0
4.119402985074627,1,1,Group1,0
4.164179104477612,1,1,Group1,0
4.2835820895522385,1,1,Group1,0
5.1940298507462686,0,1,Group1,0
5.1940298507462686,0,1,Group1,0
5.1940298507462686,0,1,Group1,0
5.1940298507462686,0,1,Group1,0
6.119402985074626,1,1,Group1,0
7.261194029850746,0,1,Group1,0
7.261194029850746,0,1,Group1,0
7.261194029850746,0,1,Group1,0
7.261194029850746,0,1,Group1,0
8.507462686567164,1,1,Group1,0
12.888059701492537,0,1,Group1,0
12.888059701492537,0,1,Group1,0
12.888059701492537,0,1,Group1,0
12.888059701492537,0,1,Group1,0
17.37313432835821,1,1,Group1,0
17.761194029850746,1,1,Group1,0
17.761194029850746,1,1,Group1,0
19.268656716417908,0,1,Group1,0
