time,status,treat,Group,curve
0.12992125984251968,0,1,Group1,0
0.29527559055118113,0,1,Group1,0
0.30708661417322836,1,1,Group1,0
0.44881889763779526,0,1,Group1,0
0.5196850393700787,1,1,Group1,0
1.7834645669291338,0,1,Group1,0
1.7834645669291338,0,1,Group1,0
1.7834645669291338,0,1,Group1,0
1.7834645669291338,0,1,Group1,0
1.7834645669291338,0,1,Group1,0
1.7834645669291338,0,1,Group1,0
1.7834645669291338,0,1,Group1,0
1.7834645669291338,0,1,Group1,0
1.7834645669291338,0,1,Group1,0
1.7834645669291338,0,1,Group1,0
1.7834645669291338,0,1,Group1,0
1.7834645669291338,0,1,Group1,0
1.7834645669291338,0,1,Group1,0
1.7834645669291338,0,1,Group1,0
1.7834645669291338,0,1,Group1,0
1.7834645669291338,0,1,Group1,0
3.188976377952756,1,1,Group1,0
3.3070866141732282,1,1,Group1,0
3.4015748031496065,1,1,Group1,0
4.771653543307087,0,1,Group1,0
4.771653543307087,0,1,Group1,0
4.771653543307087,0,1,Group1,0
4.771653543307087,0,1,Group1,0
4.771653543307087,0,1,Group1,0
4.771653543307087,0,1,Group1,0
6.21259842519685,1,1,Group1,0
7.062992125984252,0,1,Group1,0
7.062992125984252,0,1,Group1,0
8.05511811023622,1,1,Group1,0
9.377952755905511,0,1,Group1,0
9.377952755905511,0,1,Group1,0
9.377952755905511,0,1,Group1,0
10.795275590551181,1,1,Group1,0
11.125984251968504,1,1,Group1,0
12.956692913385826,0,1,Group1,0
12.956692913385826,0,1,Group1,0
12.956692913385826,0,1,Group1,0
12.956692913385826,0,1,Group1,0
14.834645669291339,1,1,Group1,0
14.834645669291339,1,1,Group1,0
15.08267716535433,0,1,Group1,0
15.08267716535433,0,1,Group1,0
15.448818897637794,1,1,Group1,0
16.488188976377952,1,1,Group1,0
21.944881889763778,0,1,Group1,0
21.944881889763778,0,1,Group1,0
27.519685039370078,1,1,Group1,0
31.523622047244096,0,1,Group1,0
