time,status,treat,Group,curve
0.8707482993197279,1,1,Group1,0
1.9591836734693877,1,1,Group1,0
2.2312925170068025,0,1,Group1,0
2.8299319727891157,1,1,Group1,0
3.8095238095238093,1,1,Group1,0
4.625850340136054,0,1,Group1,0
5.551020408163265,1,1,Group1,0
6.204081632653061,1,1,Group1,0
7.238095238095238,0,1,Group1,0
8.598639455782312,1,1,Group1,0
11.591836734693878,0,1,Group1,0
11.591836734693878,0,1,Group1,0
11.591836734693878,0,1,Group1,0
15.238095238095237,1,1,Group1,0
17.632653061224488,0,1,Group1,0
17.632653061224488,0,1,Group1,0
20.24489795918367,1,1,Group1,0
21.333333333333332,1,1,Group1,0
22.693877551020407,0,1,Group1,0
23.619047619047617,1,1,Group1,0
24.272108843537413,1,1,Group1,0
25.523809523809522,0,1,Group1,0
26.884353741496597,1,1,Group1,0
27.918367346938773,0,1,Group1,0
28.843537414965986,1,1,Group1,0
31.6734693877551,0,1,Group1,0
34.50340136054422,1,1,Group1,0
35.156462585034014,1,1,Group1,0
36.4625850340136,0,1,Group1,0
37.87755102040816,1,1,Group1,0
38.802721088435376,0,1,Group1,0
40.054421768707485,1,1,Group1,0
41.30612244897959,0,1,Group1,0
42.8843537414966,1,1,Group1,0
46.31292517006803,0,1,Group1,0
46.31292517006803,0,1,Group1,0
50.176870748299315,1,1,Group1,0
57.904761904761905,1,1,Group1,0
59.755102040816325,0,1,Group1,0
62.14965986394557,1,1,Group1,0
72.38095238095238,1,1,Group1,0
72.92517006802721,1,1,Group1,0
78.20408163265306,0,1,Group1,0
78.20408163265306,0,1,Group1,0
83.48299319727892,1,1,Group1,0
86.96598639455782,1,1,Group1,0
89.578231292517,1,1,Group1,0
94.80272108843538,1,1,Group1,0
95.78231292517006,1,1,Group1,0
98.72108843537414,1,1,Group1,0
118.63945578231292,1,1,Group1,0
133.00680272108843,1,1,Group1,0
134.63945578231292,1,1,Group1,0
145.95918367346937,0,1,Group1,0
