time,status,treat,Group,curve
0.17687074829931973,1,1,Group1,0
0.44217687074829937,0,1,Group1,0
1.1054421768707483,0,1,Group1,0
1.5918367346938775,0,1,Group1,0
1.7687074829931972,1,1,Group1,0
2.078231292517007,0,1,Group1,0
2.564625850340136,1,1,Group1,0
2.608843537414966,0,1,Group1,0
3.891156462585034,0,1,Group1,0
3.891156462585034,0,1,Group1,0
3.891156462585034,0,1,Group1,0
3.891156462585034,0,1,Group1,0
5.3061224489795915,0,1,Group1,0
5.792517006802721,0,1,Group1,0
6.013605442176871,1,1,Group1,0
6.32312925170068,0,1,Group1,0
6.76530612244898,0,1,Group1,0
6.8979591836734695,1,1,Group1,0
7.295918367346939,0,1,Group1,0
7.738095238095238,0,1,Group1,0
8.357142857142858,0,1,Group1,0
8.401360544217686,1,1,Group1,0
8.931972789115648,0,1,Group1,0
9.418367346938776,0,1,Group1,0
9.551020408163266,1,1,Group1,0
9.948979591836736,0,1,Group1,0
10.435374149659864,1,1,Group1,0
10.479591836734695,0,1,Group1,0
11.098639455782314,0,1,Group1,0
11.540816326530614,0,1,Group1,0
11.938775510204081,1,1,Group1,0
12.071428571428573,0,1,Group1,0
12.82312925170068,0,1,Group1,0
13.26530612244898,1,1,Group1,0
13.928571428571429,0,1,Group1,0
15.210884353741497,1,1,Group1,0
16.183673469387756,0,1,Group1,0
16.183673469387756,0,1,Group1,0
17.731292517006803,0,1,Group1,0
18.040816326530614,1,1,Group1,0
18.96938775510204,0,1,Group1,0
19.72108843537415,1,1,Group1,0
20.11904761904762,0,1,Group1,0
20.25170068027211,1,1,Group1,0
21.666666666666664,0,1,Group1,0
21.666666666666664,0,1,Group1,0
25.823129251700678,0,1,Group1,0
25.823129251700678,0,1,Group1,0
25.823129251700678,0,1,Group1,0
25.823129251700678,0,1,Group1,0
28.918367346938776,1,1,Group1,0
29.537414965986393,0,1,Group1,0
31.30612244897959,0,1,Group1,0
32.32312925170068,0,1,Group1,0
32.45578231292517,1,1,Group1,0
33.11904761904762,0,1,Group1,0
35.285714285714285,0,1,Group1,0
35.285714285714285,0,1,Group1,0
36.7891156462585,1,1,Group1,0
37.673469387755105,0,1,Group1,0
43.156462585034014,1,1,Group1,0
44.21768707482993,1,1,Group1,0
49.3469387755102,0,1,Group1,0
70.43877551020408,0,1,Group1,0
70.43877551020408,0,1,Group1,0
86.40136054421768,1,1,Group1,0
