time,status,treat,Group,curve
0.28378378378378377,1,1,Group1,0
0.40202702702702703,0,1,Group1,0
0.6148648648648649,0,1,Group1,0
0.8277027027027027,0,1,Group1,0
1.1587837837837838,0,1,Group1,0
1.347972972972973,0,1,Group1,0
1.6554054054054055,1,1,Group1,0
1.7263513513513513,0,1,Group1,0
1.9391891891891893,1,1,Group1,0
2.010135135135135,0,1,Group1,0
2.293918918918919,0,1,Group1,0
2.5777027027027026,0,1,Group1,0
2.861486486486487,0,1,Group1,0
3.121621621621622,1,1,Group1,0
3.1452702702702706,0,1,Group1,0
3.2635135135135136,1,1,Group1,0
3.4527027027027026,0,1,Group1,0
3.712837837837838,0,1,Group1,0
3.996621621621622,0,1,Group1,0
4.162162162162162,1,1,Group1,0
4.3277027027027035,0,1,Group1,0
4.587837837837839,0,1,Group1,0
5.179054054054054,0,1,Group1,0
5.179054054054054,0,1,Group1,0
5.179054054054054,0,1,Group1,0
5.675675675675676,0,1,Group1,0
5.8175675675675675,1,1,Group1,0
6.006756756756757,0,1,Group1,0
6.29054054054054,0,1,Group1,0
6.47972972972973,1,1,Group1,0
6.550675675675675,0,1,Group1,0
6.929054054054054,0,1,Group1,0
8.655405405405405,1,1,Group1,0
9.483108108108109,0,1,Group1,0
10.31081081081081,1,1,Group1,0
10.594594594594597,0,1,Group1,0
11.635135135135135,1,1,Group1,0
11.777027027027028,1,1,Group1,0
12.43918918918919,0,1,Group1,0
12.628378378378379,1,1,Group1,0
13.195945945945947,1,1,Group1,0
13.574324324324325,1,1,Group1,0
14.70945945945946,0,1,Group1,0
16.175675675675677,1,1,Group1,0
16.625,0,1,Group1,0
17.216216216216218,1,1,Group1,0
17.216216216216218,1,1,Group1,0
20.030405405405407,0,1,Group1,0
20.030405405405407,0,1,Group1,0
20.030405405405407,0,1,Group1,0
20.030405405405407,0,1,Group1,0
20.030405405405407,0,1,Group1,0
23.97972972972973,1,1,Group1,0
26.43918918918919,1,1,Group1,0
27.14864864864865,1,1,Group1,0
32.96621621621622,1,1,Group1,0
34.24324324324324,0,1,Group1,0
34.24324324324324,0,1,Group1,0
40.060810810810814,0,1,Group1,0
44.69594594594595,1,1,Group1,0
53.49324324324325,0,1,Group1,0
