time,status,treat,Group,curve
0.9931506849315068,0,1,Group1,0
1.5890410958904109,1,1,Group1,0
2.2842465753424657,0,1,Group1,0
3.1780821917808217,0,1,Group1,0
4.171232876712328,1,1,Group1,0
4.36986301369863,0,1,Group1,0
5.363013698630136,1,1,Group1,0
5.660958904109589,0,1,Group1,0
6.9520547945205475,0,1,Group1,0
7.3493150684931505,1,1,Group1,0
7.746575342465753,1,1,Group1,0
7.845890410958903,0,1,Group1,0
9.037671232876711,0,1,Group1,0
9.335616438356164,1,1,Group1,0
10.32876712328767,0,1,Group1,0
11.123287671232877,1,1,Group1,0
11.222602739726028,0,1,Group1,0
12.414383561643834,0,1,Group1,0
12.910958904109588,1,1,Group1,0
13.606164383561644,0,1,Group1,0
14.698630136986301,1,1,Group1,0
14.79794520547945,0,1,Group1,0
16.585616438356162,0,1,Group1,0
16.585616438356162,0,1,Group1,0
18.075342465753423,0,1,Group1,0
18.671232876712327,1,1,Group1,0
19.16780821917808,0,1,Group1,0
19.267123287671232,1,1,Group1,0
20.061643835616437,0,1,Group1,0
21.551369863013697,0,1,Group1,0
22.743150684931507,0,1,Group1,0
23.736301369863014,0,1,Group1,0
23.835616438356162,1,1,Group1,0
24.92808219178082,0,1,Group1,0
25.821917808219176,1,1,Group1,0
25.921232876712327,0,1,Group1,0
27.013698630136986,0,1,Group1,0
28.602739726027394,0,1,Group1,0
29.794520547945204,1,1,Group1,0
31.582191780821915,0,1,Group1,0
32.37671232876712,1,1,Group1,0
33.469178082191775,0,1,Group1,0
35.15753424657534,1,1,Group1,0
35.45547945205479,0,1,Group1,0
36.54794520547945,1,1,Group1,0
37.54109589041096,0,1,Group1,0
38.534246575342465,1,1,Group1,0
39.72602739726027,0,1,Group1,0
41.513698630136986,0,1,Group1,0
42.10958904109589,1,1,Group1,0
43.59931506849315,0,1,Group1,0
43.698630136986296,1,1,Group1,0
44.294520547945204,1,1,Group1,0
46.47945205479452,0,1,Group1,0
46.47945205479452,0,1,Group1,0
49.55821917808218,0,1,Group1,0
49.85616438356164,1,1,Group1,0
52.83561643835616,0,1,Group1,0
52.83561643835616,0,1,Group1,0
55.715753424657535,0,1,Group1,0
58.99315068493151,0,1,Group1,0
58.99315068493151,0,1,Group1,0
71.10958904109589,1,1,Group1,0
76.27397260273972,1,1,Group1,0
93.35616438356163,1,1,Group1,0
105.86986301369862,1,1,Group1,0
116.0,1,1,Group1,0
145.3972602739726,0,1,Group1,0
267.6541095890411,0,1,Group1,0
