time,status,treat,Group,curve
0.2357142857142857,1,1,Group1,0
0.43214285714285716,0,1,Group1,0
0.7071428571428571,1,1,Group1,0
0.825,0,1,Group1,0
0.8642857142857143,1,1,Group1,0
1.1785714285714286,1,1,Group1,0
1.217857142857143,0,1,Group1,0
1.6107142857142858,0,1,Group1,0
1.65,1,1,Group1,0
2.0821428571428573,0,1,Group1,0
2.3964285714285714,0,1,Group1,0
2.75,1,1,Group1,0
2.789285714285714,0,1,Group1,0
2.9857142857142858,1,1,Group1,0
3.2214285714285715,0,1,Group1,0
3.5357142857142856,0,1,Group1,0
3.85,1,1,Group1,0
4.046428571428572,0,1,Group1,0
4.360714285714286,0,1,Group1,0
4.792857142857143,0,1,Group1,0
5.0285714285714285,1,1,Group1,0
5.107142857142857,1,1,Group1,0
5.146428571428571,0,1,Group1,0
5.539285714285715,0,1,Group1,0
5.892857142857142,1,1,Group1,0
5.932142857142857,0,1,Group1,0
6.324999999999999,0,1,Group1,0
6.442857142857143,1,1,Group1,0
6.796428571428571,0,1,Group1,0
7.110714285714286,0,1,Group1,0
8.014285714285714,0,1,Group1,0
8.014285714285714,0,1,Group1,0
8.014285714285714,0,1,Group1,0
8.682142857142857,0,1,Group1,0
8.878571428571428,1,1,Group1,0
9.271428571428572,0,1,Group1,0
9.271428571428572,0,1,Group1,0
9.860714285714286,0,1,Group1,0
9.978571428571428,1,1,Group1,0
10.253571428571428,0,1,Group1,0
10.646428571428572,0,1,Group1,0
10.685714285714285,1,1,Group1,0
11.314285714285713,1,1,Group1,0
12.728571428571428,1,1,Group1,0
13.82857142857143,1,1,Group1,0
14.142857142857142,1,1,Group1,0
16.97142857142857,1,1,Group1,0
18.228571428571428,1,1,Group1,0
18.62142857142857,1,1,Group1,0
19.564285714285713,1,1,Group1,0
19.87857142857143,1,1,Group1,0
21.214285714285715,1,1,Group1,0
21.92142857142857,1,1,Group1,0
23.807142857142857,0,1,Group1,0
26.32142857142857,1,1,Group1,0
26.871428571428574,0,1,Group1,0
27.5,1,1,Group1,0
29.07142857142857,1,1,Group1,0
30.91785714285714,0,1,Group1,0
30.91785714285714,0,1,Group1,0
32.84285714285714,1,1,Group1,0
37.16428571428571,1,1,Group1,0
38.65714285714286,0,1,Group1,0
40.15,1,1,Group1,0
41.01428571428571,1,1,Group1,0
44.94285714285714,1,1,Group1,0
53.66428571428571,1,1,Group1,0
55.15714285714286,1,1,Group1,0
62.18928571428572,0,1,Group1,0
66.39285714285714,1,1,Group1,0
86.9,0,1,Group1,0
106.22857142857143,0,1,Group1,0
