time,status,treat,Group,curve
0.16666666666666666,1,1,Group1,0
0.41666666666666663,1,1,Group1,0
0.5833333333333333,1,1,Group1,0
0.6666666666666666,1,1,Group1,0
0.8333333333333333,1,1,Group1,0
0.9166666666666666,1,1,Group1,0
1.5,1,1,Group1,0
1.6666666666666665,1,1,Group1,0
1.9166666666666665,1,1,Group1,0
2.0,1,1,Group1,0
2.083333333333333,1,1,Group1,0
2.1666666666666665,1,1,Group1,0
2.1666666666666665,1,1,Group1,0
2.25,1,1,Group1,0
2.333333333333333,1,1,Group1,0
2.583333333333333,1,1,Group1,0
2.75,1,1,Group1,0
3.25,1,1,Group1,0
3.333333333333333,1,1,Group1,0
3.583333333333333,1,1,Group1,0
3.75,1,1,Group1,0
3.833333333333333,1,1,Group1,0
4.333333333333333,1,1,Group1,0
4.583333333333333,1,1,Group1,0
4.75,1,1,Group1,0
4.833333333333333,1,1,Group1,0
5.25,1,1,Group1,0
5.75,1,1,Group1,0
6.041666666666666,0,1,Group1,0
6.333333333333333,1,1,Group1,0
6.5,1,1,Group1,0
6.666666666666666,1,1,Group1,0
6.75,1,1,Group1,0
6.833333333333333,1,1,Group1,0
7.333333333333333,1,1,Group1,0
7.5,1,1,Group1,0
7.666666666666666,1,1,Group1,0
8.0,1,1,Group1,0
8.416666666666666,1,1,Group1,0
8.5,1,1,Group1,0
8.916666666666666,1,1,Group1,0
9.5,1,1,Group1,0
10.25,1,1,Group1,0
10.416666666666666,1,1,Group1,0
10.5,1,1,Group1,0
10.75,1,1,Group1,0
11.25,1,1,Group1,0
11.833333333333332,1,1,Group1,0
12.416666666666666,1,1,Group1,0
12.5,1,1,Group1,0
12.833333333333332,1,1,Group1,0
13.083333333333332,1,1,Group1,0
13.5,1,1,Group1,0
13.833333333333332,1,1,Group1,0
14.25,1,1,Group1,0
14.583333333333332,1,1,Group1,0
14.833333333333332,1,1,Group1,0
15.25,1,1,Group1,0
15.583333333333332,1,1,Group1,0
15.916666666666666,1,1,Group1,0
16.5,1,1,Group1,0
17.166666666666664,1,1,Group1,0
17.5,1,1,Group1,0
18.333333333333332,1,1,Group1,0
18.833333333333332,1,1,Group1,0
19.5,1,1,Group1,0
19.666666666666664,1,1,Group1,0
20.083333333333332,1,1,Group1,0
20.583333333333332,1,1,Group1,0
20.916666666666664,1,1,Group1,0
24.333333333333332,1,1,Group1,0
25.833333333333332,1,1,Group1,0
26.333333333333332,1,1,Group1,0
27.333333333333332,1,1,Group1,0
27.75,1,1,Group1,0
28.083333333333332,1,1,Group1,0
30.25,1,1,Group1,0
30.833333333333332,1,1,Group1,0
32.58333333333333,1,1,Group1,0
33.666666666666664,1,1,Group1,0
35.666666666666664,1,1,Group1,0
38.0,1,1,Group1,0
38.58333333333333,1,1,Group1,0
41.25,1,1,Group1,0
43.75,1,1,Group1,0
45.25,1,1,Group1,0
45.83333333333333,1,1,Group1,0
51.25,1,1,Group1,0
55.541666666666664,0,1,Group1,0
61.25,1,1,Group1,0
67.0,1,1,Group1,0
89.58333333333333,1,1,Group1,0
