time,status,treat,Group,curve
1.3945578231292517,1,1,Group1,0
1.673469387755102,1,1,Group1,0
3.904761904761904,1,1,Group1,0
5.299319727891156,1,1,Group1,0
5.857142857142857,1,1,Group1,0
6.972789115646258,1,1,Group1,0
8.92517006802721,1,1,Group1,0
10.040816326530612,1,1,Group1,0
10.319727891156461,1,1,Group1,0
11.156462585034014,1,1,Group1,0
11.993197278911564,1,1,Group1,0
13.666666666666666,1,1,Group1,0
13.80612244897959,0,1,Group1,0
14.782312925170066,1,1,Group1,0
16.17687074829932,1,1,Group1,0
18.12925170068027,1,1,Group1,0
19.24489795918367,1,1,Group1,0
20.360544217687075,1,1,Group1,0
23.98639455782313,1,1,Group1,0
24.823129251700678,1,1,Group1,0
25.65986394557823,1,1,Group1,0
27.472789115646258,0,1,Group1,0
27.89115646258503,1,1,Group1,0
29.843537414965983,1,1,Group1,0
30.959183673469386,1,1,Group1,0
32.074829931972786,1,1,Group1,0
33.19047619047619,1,1,Group1,0
33.74829931972789,1,1,Group1,0
34.86394557823129,1,1,Group1,0
39.605442176870746,1,1,Group1,0
40.4421768707483,1,1,Group1,0
43.7891156462585,1,1,Group1,0
44.9047619047619,1,1,Group1,0
47.136054421768705,1,1,Group1,0
47.69387755102041,1,1,Group1,0
49.367346938775505,1,1,Group1,0
49.92517006802721,0,1,Group1,0
52.99319727891156,1,1,Group1,0
54.10884353741496,1,1,Group1,0
58.29251700680272,1,1,Group1,0
59.826530612244895,0,1,Group1,0
63.31292517006802,1,1,Group1,0
66.79931972789115,0,1,Group1,0
69.72789115646258,1,1,Group1,0
76.28231292517006,0,1,Group1,0
76.70068027210884,1,1,Group1,0
86.4625850340136,1,1,Group1,0
92.87755102040815,1,1,Group1,0
103.19727891156462,1,1,Group1,0
106.82312925170068,1,1,Group1,0
116.30612244897958,1,1,Group1,0
156.46938775510202,1,1,Group1,0
165.95238095238093,1,1,Group1,0
370.1156462585034,1,1,Group1,0
