time,status,treat,Group,curve
0.13513513513513514,1,1,Group1,0
0.16891891891891891,0,1,Group1,0
0.28716216216216217,0,1,Group1,0
0.40540540540540543,0,1,Group1,0
0.472972972972973,1,1,Group1,0
0.5574324324324325,0,1,Group1,0
0.7263513513513514,0,1,Group1,0
0.8614864864864865,0,1,Group1,0
0.9121621621621622,1,1,Group1,0
0.9797297297297298,0,1,Group1,0
1.1317567567567568,0,1,Group1,0
1.8412162162162162,0,1,Group1,0
1.8412162162162162,0,1,Group1,0
1.8412162162162162,0,1,Group1,0
1.8412162162162162,0,1,Group1,0
1.8412162162162162,0,1,Group1,0
1.8412162162162162,0,1,Group1,0
1.8412162162162162,0,1,Group1,0
1.8412162162162162,0,1,Group1,0
1.8412162162162162,0,1,Group1,0
2.5,1,1,Group1,0
2.685810810810811,0,1,Group1,0
2.685810810810811,0,1,Group1,0
2.85472972972973,0,1,Group1,0
2.989864864864865,0,1,Group1,0
3.0912162162162167,0,1,Group1,0
3.2939189189189193,0,1,Group1,0
3.310810810810811,1,1,Group1,0
3.6993243243243246,0,1,Group1,0
3.6993243243243246,0,1,Group1,0
3.6993243243243246,0,1,Group1,0
3.6993243243243246,0,1,Group1,0
4.003378378378379,0,1,Group1,0
4.121621621621622,1,1,Group1,0
4.138513513513514,0,1,Group1,0
4.273648648648649,0,1,Group1,0
4.391891891891892,1,1,Group1,0
4.560810810810811,0,1,Group1,0
4.560810810810811,0,1,Group1,0
4.712837837837839,0,1,Group1,0
4.847972972972974,0,1,Group1,0
4.966216216216217,1,1,Group1,0
5.304054054054054,1,1,Group1,0
5.8277027027027035,0,1,Group1,0
6.199324324324325,0,1,Group1,0
6.3175675675675675,1,1,Group1,0
6.351351351351352,1,1,Group1,0
6.621621621621622,1,1,Group1,0
6.942567567567568,0,1,Group1,0
7.381756756756757,0,1,Group1,0
7.668918918918919,1,1,Group1,0
7.956081081081082,0,1,Group1,0
8.108108108108109,1,1,Group1,0
8.429054054054054,0,1,Group1,0
9.087837837837839,1,1,Group1,0
9.408783783783784,0,1,Group1,0
9.746621621621621,0,1,Group1,0
9.89864864864865,1,1,Group1,0
11.131756756756758,0,1,Group1,0
11.131756756756758,0,1,Group1,0
11.95945945945946,1,1,Group1,0
12.41554054054054,0,1,Group1,0
13.47972972972973,0,1,Group1,0
13.47972972972973,0,1,Group1,0
14.155405405405407,1,1,Group1,0
14.645270270270272,0,1,Group1,0
15.405405405405407,1,1,Group1,0
18.175675675675677,1,1,Group1,0
27.195945945945947,0,1,Group1,0
27.195945945945947,0,1,Group1,0
27.195945945945947,0,1,Group1,0
36.38513513513514,1,1,Group1,0
44.54391891891892,0,1,Group1,0
