time,status,treat,Group,curve
0.0945945945945946,1,1,Group1,0
0.2364864864864865,1,1,Group1,0
0.28378378378378377,1,1,Group1,0
0.472972972972973,1,1,Group1,0
0.5675675675675675,1,1,Group1,0
0.7567567567567568,1,1,Group1,0
0.8986486486486487,1,1,Group1,0
0.945945945945946,1,1,Group1,0
1.087837837837838,1,1,Group1,0
1.2297297297297298,1,1,Group1,0
1.3716216216216217,1,1,Group1,0
1.560810810810811,1,1,Group1,0
1.7027027027027029,1,1,Group1,0
1.7972972972972974,1,1,Group1,0
1.8445945945945947,1,1,Group1,0
1.9391891891891893,1,1,Group1,0
2.0337837837837838,1,1,Group1,0
2.2229729729729732,1,1,Group1,0
2.3175675675675675,1,1,Group1,0
2.4121621621621623,1,1,Group1,0
2.5540540540540544,1,1,Group1,0
2.7432432432432434,1,1,Group1,0
2.837837837837838,1,1,Group1,0
3.121621621621622,1,1,Group1,0
3.1689189189189193,1,1,Group1,0
3.3581081081081083,1,1,Group1,0
3.5945945945945947,1,1,Group1,0
3.783783783783784,1,1,Group1,0
4.02027027027027,1,1,Group1,0
4.20945945945946,1,1,Group1,0
4.398648648648649,1,1,Group1,0
4.587837837837838,1,1,Group1,0
4.777027027027027,1,1,Group1,0
4.966216216216217,1,1,Group1,0
5.202702702702703,1,1,Group1,0
5.344594594594595,1,1,Group1,0
5.581081081081082,1,1,Group1,0
5.722972972972974,1,1,Group1,0
5.722972972972974,1,1,Group1,0
5.95945945945946,1,1,Group1,0
6.054054054054054,1,1,Group1,0
6.668918918918919,1,1,Group1,0
6.716216216216217,1,1,Group1,0
6.858108108108109,1,1,Group1,0
7.0,1,1,Group1,0
7.567567567567568,1,1,Group1,0
7.898648648648649,1,1,Group1,0
8.087837837837839,1,1,Group1,0
8.20608108108108,0,1,Group1,0
8.22972972972973,1,1,Group1,0
8.41891891891892,1,1,Group1,0
8.797297297297298,1,1,Group1,0
9.128378378378379,1,1,Group1,0
9.222972972972974,1,1,Group1,0
9.43581081081081,0,1,Group1,0
9.45945945945946,1,1,Group1,0
10.263513513513514,1,1,Group1,0
10.641891891891891,0,1,Group1,0
10.831081081081082,1,1,Group1,0
11.516891891891893,0,1,Group1,0
11.91891891891892,1,1,Group1,0
12.77027027027027,1,1,Group1,0
13.006756756756758,0,1,Group1,0
13.66891891891892,1,1,Group1,0
14.756756756756758,1,1,Group1,0
15.040540540540542,1,1,Group1,0
15.41891891891892,1,1,Group1,0
17.16891891891892,1,1,Group1,0
17.925675675675677,1,1,Group1,0
18.824324324324326,1,1,Group1,0
20.10135135135135,1,1,Group1,0
21.52027027027027,1,1,Group1,0
28.472972972972975,1,1,Group1,0
40.770270270270274,1,1,Group1,0
