time,status,treat,Group,curve
0.14965986394557823,1,1,Group1,0
1.7959183673469388,1,1,Group1,0
2.8435374149659864,1,1,Group1,0
2.9931972789115644,1,1,Group1,0
4.489795918367347,1,1,Group1,0
4.938775510204081,1,1,Group1,0
5.537414965986395,1,1,Group1,0
5.537414965986395,1,1,Group1,0
7.931972789115647,1,1,Group1,0
8.680272108843537,1,1,Group1,0
9.129251700680273,1,1,Group1,0
9.27891156462585,1,1,Group1,0
11.0,0,1,Group1,0
11.523809523809524,1,1,Group1,0
11.972789115646258,1,1,Group1,0
12.870748299319727,1,1,Group1,0
15.26530612244898,1,1,Group1,0
17.360544217687075,1,1,Group1,0
17.510204081632654,1,1,Group1,0
19.306122448979593,1,1,Group1,0
20.20408163265306,1,1,Group1,0
23.047619047619047,1,1,Group1,0
23.197278911564627,1,1,Group1,0
25.741496598639454,1,1,Group1,0
26.040816326530614,1,1,Group1,0
26.34013605442177,1,1,Group1,0
27.387755102040817,1,1,Group1,0
29.183673469387756,1,1,Group1,0
31.877551020408163,1,1,Group1,0
32.70068027210884,0,1,Group1,0
33.97278911564626,1,1,Group1,0
34.72108843537415,1,1,Group1,0
40.5578231292517,1,1,Group1,0
40.70748299319728,1,1,Group1,0
44.74829931972789,1,1,Group1,0
51.78231292517007,1,1,Group1,0
52.08163265306123,1,1,Group1,0
54.476190476190474,1,1,Group1,0
55.074829931972786,1,1,Group1,0
57.46938775510204,1,1,Group1,0
60.61224489795919,1,1,Group1,0
62.5578231292517,1,1,Group1,0
63.30612244897959,1,1,Group1,0
65.25170068027211,1,1,Group1,0
65.70068027210884,1,1,Group1,0
66.44897959183673,1,1,Group1,0
79.31972789115646,1,1,Group1,0
91.14285714285714,1,1,Group1,0
91.4421768707483,1,1,Group1,0
95.33333333333333,1,1,Group1,0
96.53061224489795,1,1,Group1,0
98.62585034013605,1,1,Group1,0
106.5578231292517,1,1,Group1,0
137.23809523809524,1,1,Group1,0
140.38095238095238,1,1,Group1,0
150.10884353741497,1,1,Group1,0
198.7482993197279,1,1,Group1,0
