time,status,treat,Group,curve
1.1564625850340136,0,1,Group1,0
3.469387755102041,0,1,Group1,0
3.469387755102041,0,1,Group1,0
3.469387755102041,0,1,Group1,0
5.319727891156463,1,1,Group1,0
5.8979591836734695,0,1,Group1,0
6.707482993197279,1,1,Group1,0
7.2857142857142865,0,1,Group1,0
8.095238095238095,0,1,Group1,0
9.36734693877551,0,1,Group1,0
10.408163265306122,1,1,Group1,0
10.639455782312925,0,1,Group1,0
11.91156462585034,0,1,Group1,0
12.721088435374151,1,1,Group1,0
13.068027210884354,0,1,Group1,0
13.646258503401361,1,1,Group1,0
14.45578231292517,0,1,Group1,0
15.26530612244898,0,1,Group1,0
16.537414965986393,0,1,Group1,0
17.115646258503403,1,1,Group1,0
19.775510204081634,0,1,Group1,0
19.775510204081634,0,1,Group1,0
19.775510204081634,0,1,Group1,0
19.775510204081634,0,1,Group1,0
22.31972789115646,0,1,Group1,0
23.70748299319728,0,1,Group1,0
24.054421768707485,1,1,Group1,0
24.74829931972789,1,1,Group1,0
24.863945578231295,0,1,Group1,0
25.6734693877551,1,1,Group1,0
26.02040816326531,0,1,Group1,0
27.06122448979592,0,1,Group1,0
28.217687074829932,0,1,Group1,0
29.48979591836735,0,1,Group1,0
29.60544217687075,1,1,Group1,0
32.03401360544218,0,1,Group1,0
32.03401360544218,0,1,Group1,0
32.03401360544218,0,1,Group1,0
36.775510204081634,1,1,Group1,0
41.17006802721089,1,1,Group1,0
43.25170068027211,1,1,Group1,0
43.82993197278911,0,1,Group1,0
47.414965986394556,1,1,Group1,0
53.31292517006803,0,1,Group1,0
55.04761904761905,1,1,Group1,0
58.054421768707485,1,1,Group1,0
61.292517006802726,1,1,Group1,0
62.44897959183674,0,1,Group1,0
65.45578231292517,1,1,Group1,0
79.68027210884354,0,1,Group1,0
79.68027210884354,0,1,Group1,0
87.19727891156462,1,1,Group1,0
89.39455782312925,0,1,Group1,0
94.59863945578232,0,1,Group1,0
97.14285714285714,1,1,Group1,0
101.0748299319728,0,1,Group1,0
107.08843537414967,1,1,Group1,0
131.14285714285714,1,1,Group1,0
170.1156462585034,0,1,Group1,0
202.843537414966,1,1,Group1,0
246.2108843537415,0,1,Group1,0
