time,status,treat,Group,curve
0.4897959183673469,1,1,Group1,0
1.7142857142857142,1,1,Group1,0
1.9591836734693877,1,1,Group1,0
2.693877551020408,1,1,Group1,0
4.163265306122449,1,1,Group1,0
5.26530612244898,0,1,Group1,0
5.63265306122449,1,1,Group1,0
6.122448979591836,1,1,Group1,0
6.612244897959184,1,1,Group1,0
6.857142857142857,1,1,Group1,0
9.795918367346939,1,1,Group1,0
10.285714285714285,1,1,Group1,0
10.408163265306122,0,1,Group1,0
11.26530612244898,1,1,Group1,0
13.959183673469388,1,1,Group1,0
14.448979591836734,1,1,Group1,0
15.551020408163264,0,1,Group1,0
16.163265306122447,1,1,Group1,0
17.142857142857142,1,1,Group1,0
19.10204081632653,1,1,Group1,0
19.346938775510203,1,1,Group1,0
19.591836734693878,1,1,Group1,0
20.57142857142857,1,1,Group1,0
20.816326530612244,0,1,Group1,0
22.285714285714285,1,1,Group1,0
24.489795918367346,1,1,Group1,0
24.979591836734695,1,1,Group1,0
25.836734693877553,0,1,Group1,0
27.918367346938776,1,1,Group1,0
30.36734693877551,1,1,Group1,0
31.591836734693878,0,1,Group1,0
33.795918367346935,1,1,Group1,0
36.73469387755102,1,1,Group1,0
37.224489795918366,1,1,Group1,0
38.57142857142857,0,1,Group1,0
39.6734693877551,1,1,Group1,0
40.16326530612245,1,1,Group1,0
41.265306122448976,0,1,Group1,0
42.12244897959184,1,1,Group1,0
43.59183673469388,1,1,Group1,0
43.714285714285715,0,1,Group1,0
44.816326530612244,1,1,Group1,0
45.55102040816326,1,1,Group1,0
46.16326530612245,0,1,Group1,0
48.857142857142854,0,1,Group1,0
49.224489795918366,1,1,Group1,0
53.14285714285714,0,1,Group1,0
53.14285714285714,0,1,Group1,0
56.69387755102041,0,1,Group1,0
56.816326530612244,1,1,Group1,0
58.53061224489796,1,1,Group1,0
59.265306122448976,0,1,Group1,0
61.836734693877546,0,1,Group1,0
64.16326530612245,1,1,Group1,0
67.59183673469389,0,1,Group1,0
67.59183673469389,0,1,Group1,0
67.59183673469389,0,1,Group1,0
77.87755102040816,1,1,Group1,0
86.93877551020408,1,1,Group1,0
96.48979591836735,1,1,Group1,0
117.55102040816327,1,1,Group1,0
130.53061224489795,1,1,Group1,0
148.40816326530611,1,1,Group1,0
261.7959183673469,1,1,Group1,0
