time,status,treat,Group,curve
0.32653061224489793,1,1,Group1,0
0.5442176870748299,1,1,Group1,0
1.3605442176870746,0,1,Group1,0
2.7210884353741496,1,1,Group1,0
3.3741496598639458,0,1,Group1,0
4.571428571428571,1,1,Group1,0
6.36734693877551,0,1,Group1,0
6.36734693877551,0,1,Group1,0
6.36734693877551,0,1,Group1,0
8.707482993197278,1,1,Group1,0
10.775510204081632,0,1,Group1,0
10.775510204081632,0,1,Group1,0
13.061224489795919,0,1,Group1,0
13.387755102040815,1,1,Group1,0
13.714285714285714,1,1,Group1,0
14.965986394557824,0,1,Group1,0
16.761904761904763,1,1,Group1,0
18.068027210884352,1,1,Group1,0
25.79591836734694,1,1,Group1,0
26.77551020408163,1,1,Group1,0
26.993197278911563,1,1,Group1,0
27.972789115646258,1,1,Group1,0
28.408163265306122,1,1,Group1,0
37.87755102040816,0,1,Group1,0
47.89115646258503,1,1,Group1,0
57.68707482993197,1,1,Group1,0
66.61224489795919,1,1,Group1,0
146.1768707482993,1,1,Group1,0
