time,status,treat,Group,curve
0.7191780821917808,1,1,Group1,0
1.3184931506849313,0,1,Group1,0
1.6780821917808217,1,1,Group1,0
2.3972602739726026,1,1,Group1,0
2.5171232876712324,0,1,Group1,0
3.955479452054794,0,1,Group1,0
5.154109589041095,0,1,Group1,0
5.273972602739725,1,1,Group1,0
6.352739726027397,0,1,Group1,0
7.671232876712328,0,1,Group1,0
8.98972602739726,0,1,Group1,0
9.34931506849315,1,1,Group1,0
10.42808219178082,0,1,Group1,0
11.626712328767123,0,1,Group1,0
11.746575342465754,1,1,Group1,0
12.705479452054792,0,1,Group1,0
14.263698630136986,0,1,Group1,0
15.102739726027396,1,1,Group1,0
15.462328767123287,0,1,Group1,0
16.90068493150685,0,1,Group1,0
17.26027397260274,1,1,Group1,0
17.73972602739726,0,1,Group1,0
19.53767123287671,0,1,Group1,0
19.897260273972602,1,1,Group1,0
20.616438356164384,0,1,Group1,0
22.893835616438352,0,1,Group1,0
22.893835616438352,0,1,Group1,0
24.571917808219176,0,1,Group1,0
26.01027397260274,0,1,Group1,0
26.13013698630137,1,1,Group1,0
26.609589041095887,1,1,Group1,0
27.92808219178082,0,1,Group1,0
27.92808219178082,0,1,Group1,0
29.8458904109589,0,1,Group1,0
31.044520547945204,0,1,Group1,0
31.883561643835616,1,1,Group1,0
32.72260273972603,0,1,Group1,0
33.68150684931507,0,1,Group1,0
38.11643835616438,1,1,Group1,0
38.236301369863014,0,1,Group1,0
39.07534246575342,1,1,Group1,0
40.273972602739725,0,1,Group1,0
43.86986301369863,1,1,Group1,0
44.469178082191775,0,1,Group1,0
47.70547945205479,1,1,Group1,0
47.94520547945205,0,1,Group1,0
48.90410958904109,1,1,Group1,0
52.140410958904106,0,1,Group1,0
52.140410958904106,0,1,Group1,0
56.93493150684931,0,1,Group1,0
57.773972602739725,1,1,Group1,0
60.53082191780821,0,1,Group1,0
63.52739726027397,1,1,Group1,0
63.647260273972606,0,1,Group1,0
66.64383561643835,1,1,Group1,0
66.76369863013699,0,1,Group1,0
72.63698630136986,1,1,Group1,0
74.07534246575342,1,1,Group1,0
77.1917808219178,1,1,Group1,0
83.78424657534246,0,1,Group1,0
87.97945205479452,1,1,Group1,0
90.61643835616438,0,1,Group1,0
93.97260273972603,1,1,Group1,0
98.52739726027397,0,1,Group1,0
104.04109589041096,1,1,Group1,0
114.34931506849314,1,1,Group1,0
122.26027397260273,1,1,Group1,0
124.17808219178082,1,1,Group1,0
138.08219178082192,1,1,Group1,0
163.25342465753423,1,1,Group1,0
189.7431506849315,0,1,Group1,0
217.43150684931507,1,1,Group1,0
322.5513698630137,0,1,Group1,0
