time,status,treat,Group,curve
0.1780821917808219,1,1,Group1,0
0.26712328767123283,1,1,Group1,0
0.3561643835616438,1,1,Group1,0
0.8013698630136985,0,1,Group1,0
1.0684931506849313,1,1,Group1,0
1.5136986301369861,1,1,Group1,0
1.6472602739726026,0,1,Group1,0
2.047945205479452,1,1,Group1,0
2.315068493150685,1,1,Group1,0
2.448630136986301,0,1,Group1,0
2.7602739726027394,1,1,Group1,0
3.0273972602739723,1,1,Group1,0
3.25,0,1,Group1,0
3.650684931506849,1,1,Group1,0
4.006849315068493,0,1,Group1,0
4.363013698630136,1,1,Group1,0
4.852739726027397,0,1,Group1,0
4.986301369863013,1,1,Group1,0
5.164383561643835,1,1,Group1,0
5.654109589041095,0,1,Group1,0
6.143835616438356,1,1,Group1,0
6.232876712328767,1,1,Group1,0
6.544520547945205,0,1,Group1,0
6.678082191780821,1,1,Group1,0
7.123287671232877,1,1,Group1,0
7.345890410958903,0,1,Group1,0
7.47945205479452,1,1,Group1,0
8.191780821917808,0,1,Group1,0
8.815068493150685,1,1,Group1,0
8.948630136986301,0,1,Group1,0
9.705479452054794,1,1,Group1,0
9.75,0,1,Group1,0
9.972602739726026,1,1,Group1,0
10.551369863013697,0,1,Group1,0
10.773972602739725,1,1,Group1,0
11.13013698630137,1,1,Group1,0
11.352739726027398,0,1,Group1,0
11.664383561643834,1,1,Group1,0
12.109589041095889,1,1,Group1,0
12.154109589041095,0,1,Group1,0
12.376712328767123,1,1,Group1,0
13.0,1,1,Group1,0
13.89041095890411,1,1,Group1,0
15.136986301369863,1,1,Group1,0
15.315068493150685,1,1,Group1,0
16.205479452054792,1,1,Group1,0
17.273972602739725,1,1,Group1,0
17.986301369863014,1,1,Group1,0
18.253424657534246,1,1,Group1,0
19.054794520547944,0,1,Group1,0
19.67808219178082,1,1,Group1,0
20.835616438356162,1,1,Group1,0
21.815068493150683,1,1,Group1,0
21.904109589041095,1,1,Group1,0
22.082191780821915,1,1,Group1,0
22.26027397260274,1,1,Group1,0
23.506849315068493,1,1,Group1,0
24.575342465753423,1,1,Group1,0
25.02054794520548,1,1,Group1,0
26.801369863013697,1,1,Group1,0
28.04794520547945,1,1,Group1,0
28.76027397260274,1,1,Group1,0
29.82876712328767,1,1,Group1,0
32.5,1,1,Group1,0
34.54794520547945,1,1,Group1,0
35.705479452054796,1,1,Group1,0
38.28767123287671,1,1,Group1,0
38.554794520547944,1,1,Group1,0
42.11643835616438,1,1,Group1,0
47.36986301369863,1,1,Group1,0
49.017123287671225,0,1,Group1,0
54.76027397260274,1,1,Group1,0
57.16438356164383,1,1,Group1,0
62.996575342465746,0,1,Group1,0
73.9931506849315,1,1,Group1,0
92.78082191780821,0,1,Group1,0
110.05479452054794,1,1,Group1,0
