time,status,treat,Group,curve
0.5816326530612245,0,1,Group1,0
1.346938775510204,1,1,Group1,0
1.346938775510204,1,1,Group1,0
2.8469387755102042,0,1,Group1,0
2.8469387755102042,0,1,Group1,0
2.8469387755102042,0,1,Group1,0
2.8469387755102042,0,1,Group1,0
4.530612244897959,1,1,Group1,0
4.561224489795919,0,1,Group1,0
4.591836734693877,1,1,Group1,0
5.755102040816326,0,1,Group1,0
5.755102040816326,0,1,Group1,0
5.755102040816326,0,1,Group1,0
7.224489795918367,1,1,Group1,0
8.908163265306122,0,1,Group1,0
8.908163265306122,0,1,Group1,0
8.908163265306122,0,1,Group1,0
8.908163265306122,0,1,Group1,0
10.89795918367347,1,1,Group1,0
11.510204081632654,0,1,Group1,0
12.428571428571429,1,1,Group1,0
13.959183673469386,0,1,Group1,0
13.959183673469386,0,1,Group1,0
13.959183673469386,0,1,Group1,0
15.795918367346939,1,1,Group1,0
16.622448979591837,0,1,Group1,0
16.653061224489797,1,1,Group1,0
18.42857142857143,0,1,Group1,0
18.42857142857143,0,1,Group1,0
20.510204081632654,1,1,Group1,0
20.816326530612244,1,1,Group1,0
23.51020408163265,0,1,Group1,0
23.51020408163265,0,1,Group1,0
26.51020408163265,1,1,Group1,0
27.0,1,1,Group1,0
42.12244897959184,0,1,Group1,0
57.55102040816326,1,1,Group1,0
67.46938775510203,1,1,Group1,0
68.38775510204081,1,1,Group1,0
82.77551020408163,1,1,Group1,0
