time,status,treat,Group,curve
0.2696629213483146,0,1,Group1,0
0.2696629213483146,0,1,Group1,0
0.2696629213483146,0,1,Group1,0
0.2696629213483146,0,1,Group1,0
0.5393258426966292,0,1,Group1,0
0.5730337078651685,1,1,Group1,0
0.646067415730337,0,1,Group1,0
0.7415730337078652,0,1,Group1,0
0.7640449438202247,1,1,Group1,0
1.1292134831460674,0,1,Group1,0
1.1292134831460674,0,1,Group1,0
1.1292134831460674,0,1,Group1,0
1.1292134831460674,0,1,Group1,0
1.1292134831460674,0,1,Group1,0
1.1292134831460674,0,1,Group1,0
1.5280898876404494,1,1,Group1,0
1.797752808988764,0,1,Group1,0
1.797752808988764,0,1,Group1,0
1.797752808988764,0,1,Group1,0
1.797752808988764,0,1,Group1,0
2.056179775280899,1,1,Group1,0
2.2303370786516856,0,1,Group1,0
2.393258426966292,1,1,Group1,0
2.528089887640449,1,1,Group1,0
2.702247191011236,0,1,Group1,0
2.9101123595505616,1,1,Group1,0
2.932584269662921,1,1,Group1,0
2.938202247191011,0,1,Group1,0
3.235955056179775,0,1,Group1,0
3.5730337078651684,1,1,Group1,0
3.797752808988764,1,1,Group1,0
3.842696629213483,1,1,Group1,0
4.258426966292134,0,1,Group1,0
4.258426966292134,0,1,Group1,0
4.707865168539326,1,1,Group1,0
4.859550561797753,0,1,Group1,0
4.859550561797753,0,1,Group1,0
5.067415730337078,1,1,Group1,0
6.1966292134831455,0,1,Group1,0
6.1966292134831455,0,1,Group1,0
6.1966292134831455,0,1,Group1,0
7.359550561797753,1,1,Group1,0
7.876404494382022,1,1,Group1,0
8.786516853932584,1,1,Group1,0
9.95505617977528,1,1,Group1,0
10.938202247191011,0,1,Group1,0
11.97752808988764,1,1,Group1,0
13.415730337078651,1,1,Group1,0
13.595505617977528,1,1,Group1,0
14.325842696629213,1,1,Group1,0
