time,status,treat,Group,curve
0.05517241379310345,1,1,Group1,0
0.496551724137931,1,1,Group1,0
1.1586206896551723,0,1,Group1,0
1.7379310344827585,0,1,Group1,0
1.7655172413793103,1,1,Group1,0
2.6206896551724137,0,1,Group1,0
2.7586206896551726,1,1,Group1,0
3.282758620689655,0,1,Group1,0
3.972413793103448,1,1,Group1,0
4.220689655172414,0,1,Group1,0
4.468965517241379,1,1,Group1,0
5.213793103448276,0,1,Group1,0
5.241379310344827,1,1,Group1,0
5.462068965517242,1,1,Group1,0
5.903448275862069,1,1,Group1,0
6.041379310344827,0,1,Group1,0
6.179310344827586,1,1,Group1,0
6.56551724137931,0,1,Group1,0
7.227586206896552,1,1,Group1,0
7.8068965517241375,0,1,Group1,0
7.834482758620689,1,1,Group1,0
8.937931034482759,1,1,Group1,0
10.206896551724137,1,1,Group1,0
10.565517241379311,0,1,Group1,0
11.144827586206896,1,1,Group1,0
11.2,1,1,Group1,0
12.386206896551723,0,1,Group1,0
13.737931034482758,1,1,Group1,0
14.096551724137932,0,1,Group1,0
14.73103448275862,1,1,Group1,0
16.055172413793102,1,1,Group1,0
16.16551724137931,1,1,Group1,0
19.255172413793105,1,1,Group1,0
21.406896551724138,1,1,Group1,0
22.675862068965518,1,1,Group1,0
22.786206896551725,1,1,Group1,0
24.33103448275862,1,1,Group1,0
24.93793103448276,1,1,Group1,0
30.813793103448276,0,1,Group1,0
36.91034482758621,1,1,Group1,0
38.97931034482758,0,1,Group1,0
41.324137931034485,1,1,Group1,0
43.08965517241379,1,1,Group1,0
74.92413793103448,0,1,Group1,0
