time,status,treat,Group,curve
0.20610687022900764,0,1,Group1,0
0.22900763358778625,1,1,Group1,0
0.4351145038167939,0,1,Group1,0
0.6412213740458015,0,1,Group1,0
0.7786259541984732,1,1,Group1,0
0.8473282442748091,0,1,Group1,0
1.0076335877862594,0,1,Group1,0
1.2595419847328244,0,1,Group1,0
1.282442748091603,1,1,Group1,0
1.3740458015267176,0,1,Group1,0
1.6717557251908397,0,1,Group1,0
1.8091603053435115,0,1,Group1,0
2.083969465648855,0,1,Group1,0
2.198473282442748,1,1,Group1,0
2.2442748091603053,0,1,Group1,0
2.4961832061068705,0,1,Group1,0
2.6564885496183206,1,1,Group1,0
2.679389312977099,0,1,Group1,0
2.908396946564886,0,1,Group1,0
3.068702290076336,1,1,Group1,0
3.091603053435114,0,1,Group1,0
3.320610687022901,0,1,Group1,0
3.435114503816794,1,1,Group1,0
3.549618320610687,0,1,Group1,0
3.7557251908396947,0,1,Group1,0
3.8931297709923665,1,1,Group1,0
3.916030534351145,0,1,Group1,0
4.259541984732825,0,1,Group1,0
4.259541984732825,0,1,Group1,0
4.557251908396946,0,1,Group1,0
4.625954198473282,1,1,Group1,0
4.740458015267175,0,1,Group1,0
4.854961832061068,1,1,Group1,0
4.969465648854962,0,1,Group1,0
5.152671755725191,0,1,Group1,0
5.221374045801527,1,1,Group1,0
5.381679389312977,0,1,Group1,0
5.564885496183206,0,1,Group1,0
5.679389312977099,1,1,Group1,0
5.793893129770993,0,1,Group1,0
6.0458015267175576,1,1,Group1,0
6.320610687022901,1,1,Group1,0
7.007633587786259,0,1,Group1,0
7.534351145038168,0,1,Group1,0
7.557251908396947,1,1,Group1,0
7.923664122137405,1,1,Group1,0
8.290076335877863,1,1,Group1,0
9.022900763358779,0,1,Group1,0
9.022900763358779,0,1,Group1,0
9.916030534351146,0,1,Group1,0
10.580152671755725,1,1,Group1,0
10.67175572519084,0,1,Group1,0
11.038167938931299,1,1,Group1,0
11.450381679389313,1,1,Group1,0
11.51908396946565,0,1,Group1,0
11.908396946564885,1,1,Group1,0
12.778625954198473,1,1,Group1,0
13.16793893129771,0,1,Group1,0
13.32824427480916,1,1,Group1,0
13.992366412213741,0,1,Group1,0
14.885496183206106,1,1,Group1,0
15.274809160305344,0,1,Group1,0
15.84732824427481,1,1,Group1,0
17.267175572519086,0,1,Group1,0
17.267175572519086,0,1,Group1,0
17.267175572519086,0,1,Group1,0
19.14503816793893,1,1,Group1,0
19.923664122137403,0,1,Group1,0
21.435114503816795,1,1,Group1,0
22.30534351145038,1,1,Group1,0
22.465648854961835,0,1,Group1,0
23.0381679389313,1,1,Group1,0
25.374045801526716,1,1,Group1,0
29.17557251908397,1,1,Group1,0
35.10687022900763,0,1,Group1,0
45.045801526717554,0,1,Group1,0
49.05343511450382,1,1,Group1,0
