time,status,treat,Group,curve
0.22695035460992907,1,1,Group1,0
0.2553191489361702,0,1,Group1,0
0.2836879432624113,1,1,Group1,0
0.9929078014184397,0,1,Group1,0
0.9929078014184397,0,1,Group1,0
0.9929078014184397,0,1,Group1,0
0.9929078014184397,0,1,Group1,0
0.9929078014184397,0,1,Group1,0
0.9929078014184397,0,1,Group1,0
1.900709219858156,0,1,Group1,0
1.929078014184397,1,1,Group1,0
2.099290780141844,1,1,Group1,0
2.127659574468085,0,1,Group1,0
2.1560283687943262,1,1,Group1,0
2.2127659574468086,1,1,Group1,0
2.4397163120567376,0,1,Group1,0
2.4397163120567376,0,1,Group1,0
2.8652482269503547,0,1,Group1,0
2.950354609929078,1,1,Group1,0
3.0921985815602837,0,1,Group1,0
3.3191489361702127,0,1,Group1,0
3.347517730496454,1,1,Group1,0
4.73758865248227,0,1,Group1,0
4.73758865248227,0,1,Group1,0
4.73758865248227,0,1,Group1,0
4.73758865248227,0,1,Group1,0
4.73758865248227,0,1,Group1,0
4.73758865248227,0,1,Group1,0
4.73758865248227,0,1,Group1,0
4.73758865248227,0,1,Group1,0
4.73758865248227,0,1,Group1,0
4.73758865248227,0,1,Group1,0
4.73758865248227,0,1,Group1,0
6.212765957446809,0,1,Group1,0
6.3546099290780145,1,1,Group1,0
6.411347517730496,1,1,Group1,0
6.638297872340425,0,1,Group1,0
6.638297872340425,0,1,Group1,0
6.8936170212765955,0,1,Group1,0
6.978723404255319,1,1,Group1,0
7.546099290780141,0,1,Group1,0
7.546099290780141,0,1,Group1,0
7.546099290780141,0,1,Group1,0
7.546099290780141,0,1,Group1,0
8.397163120567376,1,1,Group1,0
9.75886524822695,1,1,Group1,0
10.042553191489361,0,1,Group1,0
10.609929078014185,1,1,Group1,0
10.609929078014185,1,1,Group1,0
12.76595744680851,0,1,Group1,0
12.76595744680851,0,1,Group1,0
15.205673758865247,1,1,Group1,0
16.113475177304963,0,1,Group1,0
17.30496453900709,1,1,Group1,0
19.06382978723404,1,1,Group1,0
22.29787234042553,0,1,Group1,0
25.81560283687943,1,1,Group1,0
34.09929078014184,1,1,Group1,0
48.79432624113475,1,1,Group1,0
76.28368794326241,0,1,Group1,0
