time,status,treat,Group,curve
0.3597122302158273,0,1,Group1,0
0.4892086330935252,1,1,Group1,0
0.7338129496402879,0,1,Group1,0
0.7769784172661871,1,1,Group1,0
1.064748201438849,0,1,Group1,0
1.4532374100719425,0,1,Group1,0
1.4964028776978417,1,1,Group1,0
1.7122302158273381,0,1,Group1,0
2.0719424460431655,1,1,Group1,0
2.172661870503597,0,1,Group1,0
2.3884892086330938,1,1,Group1,0
2.618705035971223,0,1,Group1,0
2.906474820143885,0,1,Group1,0
2.9640287769784175,1,1,Group1,0
3.4244604316546763,0,1,Group1,0
3.4244604316546763,0,1,Group1,0
3.971223021582734,1,1,Group1,0
4.489208633093526,1,1,Group1,0
5.20863309352518,1,1,Group1,0
5.956834532374101,1,1,Group1,0
6.258992805755396,0,1,Group1,0
6.64748201438849,1,1,Group1,0
8.920863309352518,1,1,Group1,0
10.474820143884893,1,1,Group1,0
11.928057553956835,0,1,Group1,0
13.467625899280577,1,1,Group1,0
14.0431654676259,1,1,Group1,0
14.18705035971223,1,1,Group1,0
14.848920863309353,1,1,Group1,0
16.201438848920866,1,1,Group1,0
16.37410071942446,1,1,Group1,0
16.863309352517987,1,1,Group1,0
17.179856115107913,1,1,Group1,0
23.510791366906474,1,1,Group1,0
24.949640287769785,1,1,Group1,0
25.43884892086331,1,1,Group1,0
35.42446043165468,1,1,Group1,0
38.61870503597123,0,1,Group1,0
