time,status,treat,Group,curve
0.6438356164383562,1,1,Group1,0
1.9315068493150687,1,1,Group1,0
2.897260273972603,1,1,Group1,0
3.058219178082192,0,1,Group1,0
3.8630136986301373,1,1,Group1,0
5.955479452054795,0,1,Group1,0
7.404109589041096,1,1,Group1,0
7.726027397260275,1,1,Group1,0
8.047945205479452,1,1,Group1,0
8.852739726027398,0,1,Group1,0
9.335616438356166,1,1,Group1,0
11.91095890410959,0,1,Group1,0
13.52054794520548,1,1,Group1,0
14.486301369863014,1,1,Group1,0
14.647260273972602,0,1,Group1,0
16.41780821917808,1,1,Group1,0
17.866438356164384,0,1,Group1,0
18.34931506849315,1,1,Group1,0
19.315068493150687,1,1,Group1,0
20.763698630136986,0,1,Group1,0
21.568493150684933,1,1,Group1,0
23.66095890410959,0,1,Group1,0
24.787671232876715,1,1,Group1,0
25.43150684931507,1,1,Group1,0
26.55821917808219,0,1,Group1,0
26.71917808219178,1,1,Group1,0
28.65068493150685,1,1,Group1,0
29.455479452054796,0,1,Group1,0
30.9041095890411,1,1,Group1,0
32.513698630136986,1,1,Group1,0
32.67465753424658,0,1,Group1,0
35.57191780821918,0,1,Group1,0
36.37671232876713,1,1,Group1,0
38.630136986301366,0,1,Group1,0
39.917808219178085,1,1,Group1,0
41.205479452054796,1,1,Group1,0
41.36643835616438,0,1,Group1,0
44.263698630136986,0,1,Group1,0
45.06849315068493,1,1,Group1,0
47.965753424657535,1,1,Group1,0
49.25342465753425,1,1,Group1,0
52.15068493150685,1,1,Group1,0
52.794520547945204,1,1,Group1,0
53.76027397260274,1,1,Group1,0
55.69178082191781,1,1,Group1,0
58.589041095890416,1,1,Group1,0
59.554794520547944,1,1,Group1,0
65.9931506849315,1,1,Group1,0
70.82191780821918,1,1,Group1,0
72.43150684931507,1,1,Group1,0
75.65068493150685,1,1,Group1,0
79.19178082191782,1,1,Group1,0
94.32191780821918,1,1,Group1,0
106.23287671232877,1,1,Group1,0
107.84246575342466,1,1,Group1,0
110.90068493150686,0,1,Group1,0
116.2123287671233,1,1,Group1,0
126.19178082191782,1,1,Group1,0
127.31849315068493,0,1,Group1,0
145.82876712328766,1,1,Group1,0
167.39726027397262,1,1,Group1,0
174.47945205479454,1,1,Group1,0
243.6917808219178,1,1,Group1,0
