time,status,treat,Group,curve
0.5306122448979592,1,1,Group1,0
1.326530612244898,1,1,Group1,0
2.122448979591837,1,1,Group1,0
2.918367346938776,1,1,Group1,0
2.918367346938776,1,1,Group1,0
3.979591836734694,1,1,Group1,0
4.775510204081633,1,1,Group1,0
5.306122448979592,1,1,Group1,0
5.836734693877552,1,1,Group1,0
6.36734693877551,1,1,Group1,0
7.959183673469388,1,1,Group1,0
8.489795918367347,1,1,Group1,0
9.020408163265307,1,1,Group1,0
10.346938775510205,1,1,Group1,0
11.673469387755103,1,1,Group1,0
13.0,1,1,Group1,0
14.061224489795919,1,1,Group1,0
14.857142857142858,1,1,Group1,0
15.387755102040817,1,1,Group1,0
16.183673469387756,1,1,Group1,0
16.979591836734695,1,1,Group1,0
17.775510204081634,1,1,Group1,0
18.040816326530614,1,1,Group1,0
19.63265306122449,0,1,Group1,0
20.42857142857143,1,1,Group1,0
21.22448979591837,1,1,Group1,0
22.551020408163268,1,1,Group1,0
24.142857142857146,1,1,Group1,0
24.938775510204085,1,1,Group1,0
27.591836734693878,1,1,Group1,0
28.387755102040817,1,1,Group1,0
29.448979591836736,1,1,Group1,0
30.775510204081634,1,1,Group1,0
32.102040816326536,1,1,Group1,0
33.163265306122454,1,1,Group1,0
35.816326530612244,1,1,Group1,0
37.40816326530612,1,1,Group1,0
39.53061224489796,1,1,Group1,0
40.06122448979592,1,1,Group1,0
40.3265306122449,1,1,Group1,0
40.85714285714286,1,1,Group1,0
42.183673469387756,1,1,Group1,0
44.04081632653062,1,1,Group1,0
45.36734693877551,1,1,Group1,0
46.42857142857143,1,1,Group1,0
48.28571428571429,1,1,Group1,0
49.61224489795919,1,1,Group1,0
55.183673469387756,1,1,Group1,0
57.57142857142858,1,1,Group1,0
59.163265306122454,1,1,Group1,0
62.34693877551021,1,1,Group1,0
65.26530612244899,1,1,Group1,0
70.3061224489796,1,1,Group1,0
71.36734693877551,1,1,Group1,0
72.16326530612245,1,1,Group1,0
80.12244897959184,1,1,Group1,0
84.36734693877551,1,1,Group1,0
86.22448979591837,1,1,Group1,0
87.81632653061224,1,1,Group1,0
92.85714285714286,1,1,Group1,0
100.81632653061226,1,1,Group1,0
106.12244897959184,1,1,Group1,0
112.75510204081634,1,1,Group1,0
117.00000000000001,1,1,Group1,0
122.3061224489796,1,1,Group1,0
132.12244897959184,1,1,Group1,0
137.69387755102042,1,1,Group1,0
173.51020408163265,1,1,Group1,0
187.3061224489796,1,1,Group1,0
206.40816326530614,1,1,Group1,0
260.0,1,1,Group1,0
305.10204081632656,1,1,Group1,0
310.40816326530614,0,1,Group1,0
