time,status,treat,Group,curve
0.6394557823129252,1,1,Group1,0
2.8775510204081636,1,1,Group1,0
3.5170068027210886,1,1,Group1,0
4.476190476190476,1,1,Group1,0
5.115646258503402,1,1,Group1,0
5.115646258503402,1,1,Group1,0
5.9149659863945585,0,1,Group1,0
6.07482993197279,1,1,Group1,0
6.394557823129253,1,1,Group1,0
7.034013605442177,1,1,Group1,0
7.35374149659864,1,1,Group1,0
9.272108843537415,1,1,Group1,0
12.14965986394558,0,1,Group1,0
13.108843537414966,1,1,Group1,0
14.387755102040817,1,1,Group1,0
15.346938775510205,1,1,Group1,0
16.625850340136054,1,1,Group1,0
17.585034013605444,0,1,Group1,0
19.50340136054422,1,1,Group1,0
21.102040816326532,1,1,Group1,0
22.700680272108844,1,1,Group1,0
23.5,0,1,Group1,0
26.217687074829932,1,1,Group1,0
26.537414965986397,1,1,Group1,0
28.455782312925173,1,1,Group1,0
29.25510204081633,0,1,Group1,0
31.333333333333336,1,1,Group1,0
34.53061224489796,1,1,Group1,0
35.32993197278912,0,1,Group1,0
35.80952380952381,1,1,Group1,0
39.00680272108844,1,1,Group1,0
39.64625850340136,1,1,Group1,0
40.60544217687075,1,1,Group1,0
41.40476190476191,0,1,Group1,0
42.843537414965986,1,1,Group1,0
44.442176870748305,1,1,Group1,0
45.721088435374156,1,1,Group1,0
46.68027210884354,1,1,Group1,0
49.87755102040817,1,1,Group1,0
52.1156462585034,1,1,Group1,0
56.59183673469388,1,1,Group1,0
57.23129251700681,1,1,Group1,0
58.51020408163266,1,1,Group1,0
59.78911564625851,1,1,Group1,0
60.10884353741497,1,1,Group1,0
61.06802721088436,1,1,Group1,0
64.26530612244899,1,1,Group1,0
70.02040816326532,1,1,Group1,0
72.57823129251702,1,1,Group1,0
76.0952380952381,1,1,Group1,0
77.37414965986395,1,1,Group1,0
83.12925170068027,1,1,Group1,0
86.96598639455783,1,1,Group1,0
88.56462585034014,1,1,Group1,0
97.19727891156464,1,1,Group1,0
98.79591836734694,1,1,Group1,0
119.89795918367348,1,1,Group1,0
130.44897959183675,1,1,Group1,0
150.27210884353744,1,1,Group1,0
158.90476190476193,1,1,Group1,0
177.44897959183675,1,1,Group1,0
185.4421768707483,1,1,Group1,0
210.06122448979593,1,1,Group1,0
218.53401360544217,0,1,Group1,0
245.87074829931976,1,1,Group1,0
256.10204081632656,1,1,Group1,0
366.7278911564626,1,1,Group1,0
