time,status,treat,Group,curve
0.22727272727272727,0,1,Group1,0
0.4752066115702479,0,1,Group1,0
0.4793388429752066,1,1,Group1,0
0.6322314049586777,0,1,Group1,0
0.8264462809917356,1,1,Group1,0
0.9462809917355373,0,1,Group1,0
0.9834710743801653,1,1,Group1,0
1.2066115702479339,1,1,Group1,0
2.1818181818181817,0,1,Group1,0
2.1818181818181817,0,1,Group1,0
2.1818181818181817,0,1,Group1,0
2.1818181818181817,0,1,Group1,0
2.1818181818181817,0,1,Group1,0
3.206611570247934,1,1,Group1,0
3.388429752066116,1,1,Group1,0
3.7024793388429753,1,1,Group1,0
4.033057851239669,0,1,Group1,0
4.3966942148760335,1,1,Group1,0
4.644628099173554,1,1,Group1,0
4.735537190082645,1,1,Group1,0
5.140495867768595,1,1,Group1,0
5.2809917355371905,1,1,Group1,0
5.305785123966943,1,1,Group1,0
5.53305785123967,0,1,Group1,0
5.53305785123967,0,1,Group1,0
5.801652892561983,1,1,Group1,0
6.066115702479339,1,1,Group1,0
6.148760330578512,1,1,Group1,0
6.1652892561983474,1,1,Group1,0
6.198347107438017,1,1,Group1,0
6.223140495867769,1,1,Group1,0
6.256198347107438,1,1,Group1,0
6.2809917355371905,1,1,Group1,0
6.289256198347108,1,1,Group1,0
6.355371900826446,1,1,Group1,0
6.450413223140496,0,1,Group1,0
6.586776859504132,1,1,Group1,0
6.760330578512397,1,1,Group1,0
6.892561983471075,1,1,Group1,0
7.1735537190082646,1,1,Group1,0
10.363636363636363,1,1,Group1,0
