time,status,treat,Group,curve
1.1891891891891893,1,1,Group1,0
3.891891891891892,0,1,Group1,0
6.7027027027027035,1,1,Group1,0
7.243243243243244,1,1,Group1,0
8.378378378378379,1,1,Group1,0
9.216216216216218,1,1,Group1,0
13.837837837837839,1,1,Group1,0
15.027027027027028,1,1,Group1,0
15.081081081081082,1,1,Group1,0
16.35135135135135,1,1,Group1,0
17.864864864864867,1,1,Group1,0
18.594594594594597,1,1,Group1,0
19.675675675675677,1,1,Group1,0
21.027027027027028,1,1,Group1,0
22.45945945945946,1,1,Group1,0
22.72972972972973,1,1,Group1,0
23.162162162162165,1,1,Group1,0
23.72972972972973,1,1,Group1,0
24.513513513513516,1,1,Group1,0
24.64864864864865,1,1,Group1,0
24.783783783783786,1,1,Group1,0
25.756756756756758,1,1,Group1,0
26.10810810810811,1,1,Group1,0
26.27027027027027,1,1,Group1,0
26.621621621621625,1,1,Group1,0
28.64864864864865,1,1,Group1,0
28.64864864864865,1,1,Group1,0
28.675675675675677,1,1,Group1,0
28.972972972972975,1,1,Group1,0
29.243243243243246,1,1,Group1,0
29.2972972972973,1,1,Group1,0
29.391891891891895,0,1,Group1,0
29.621621621621625,1,1,Group1,0
29.675675675675677,1,1,Group1,0
30.256756756756758,0,1,Group1,0
30.432432432432435,1,1,Group1,0
30.594594594594597,1,1,Group1,0
30.72972972972973,1,1,Group1,0
30.932432432432435,0,1,Group1,0
31.351351351351354,1,1,Group1,0
31.702702702702705,1,1,Group1,0
31.72972972972973,1,1,Group1,0
32.02702702702703,1,1,Group1,0
32.2972972972973,1,1,Group1,0
32.45945945945946,1,1,Group1,0
32.67567567567568,1,1,Group1,0
32.67567567567568,1,1,Group1,0
36.054054054054056,0,1,Group1,0
36.054054054054056,0,1,Group1,0
