time,status,treat,Group,curve
1.53125,0,1,Group1,0
1.53125,0,1,Group1,0
1.53125,0,1,Group1,0
1.53125,0,1,Group1,0
1.53125,0,1,Group1,0
1.53125,0,1,Group1,0
1.53125,0,1,Group1,0
1.53125,0,1,Group1,0
1.53125,0,1,Group1,0
1.53125,0,1,Group1,0
1.53125,0,1,Group1,0
1.53125,0,1,Group1,0
1.53125,0,1,Group1,0
3.09375,1,1,Group1,0
5.71875,0,1,Group1,0
5.71875,0,1,Group1,0
5.71875,0,1,Group1,0
5.71875,0,1,Group1,0
5.71875,0,1,Group1,0
5.71875,0,1,Group1,0
5.71875,0,1,Group1,0
5.71875,0,1,Group1,0
5.71875,0,1,Group1,0
5.71875,0,1,Group1,0
5.71875,0,1,Group1,0
5.71875,0,1,Group1,0
5.71875,0,1,Group1,0
5.71875,0,1,Group1,0
5.71875,0,1,Group1,0
8.395833333333332,1,1,Group1,0
8.552083333333332,0,1,Group1,0
8.760416666666666,1,1,Group1,0
9.104166666666666,0,1,Group1,0
9.104166666666666,0,1,Group1,0
9.520833333333332,1,1,Group1,0
9.828125,0,1,Group1,0
9.828125,0,1,Group1,0
10.1875,1,1,Group1,0
10.427083333333332,1,1,Group1,0
10.739583333333332,0,1,Group1,0
11.104166666666666,1,1,Group1,0
11.28125,0,1,Group1,0
11.510416666666666,1,1,Group1,0
11.770833333333332,0,1,Group1,0
11.8125,1,1,Group1,0
11.8125,1,1,Group1,0
11.895833333333332,1,1,Group1,0
12.192708333333332,0,1,Group1,0
12.541666666666666,1,1,Group1,0
12.666666666666666,1,1,Group1,0
12.677083333333332,1,1,Group1,0
12.828125,0,1,Group1,0
13.03125,1,1,Group1,0
13.192708333333332,0,1,Group1,0
