time,status,treat,Group,curve
7.9459459459459465,0,1,Group1,0
7.9459459459459465,0,1,Group1,0
7.9459459459459465,0,1,Group1,0
7.9459459459459465,0,1,Group1,0
7.9459459459459465,0,1,Group1,0
7.9459459459459465,0,1,Group1,0
7.9459459459459465,0,1,Group1,0
7.9459459459459465,0,1,Group1,0
15.972972972972974,1,1,Group1,0
16.62162162162162,0,1,Group1,0
16.62162162162162,0,1,Group1,0
17.405405405405407,1,1,Group1,0
19.905405405405407,0,1,Group1,0
19.905405405405407,0,1,Group1,0
22.54054054054054,1,1,Group1,0
23.135135135135137,1,1,Group1,0
24.391891891891895,0,1,Group1,0
24.391891891891895,0,1,Group1,0
25.783783783783786,1,1,Group1,0
26.60810810810811,0,1,Group1,0
27.54054054054054,1,1,Group1,0
28.54054054054054,1,1,Group1,0
29.2027027027027,0,1,Group1,0
29.945945945945947,1,1,Group1,0
30.716216216216218,0,1,Group1,0
31.621621621621625,1,1,Group1,0
32.54054054054054,1,1,Group1,0
32.810810810810814,1,1,Group1,0
34.378378378378386,0,1,Group1,0
36.054054054054056,0,1,Group1,0
36.054054054054056,0,1,Group1,0
36.054054054054056,0,1,Group1,0
36.054054054054056,0,1,Group1,0
36.054054054054056,0,1,Group1,0
36.054054054054056,0,1,Group1,0
