time,status,treat,Group,curve
0.40540540540540543,1,1,Group1,0
1.4594594594594597,0,1,Group1,0
2.621621621621622,1,1,Group1,0
4.45945945945946,1,1,Group1,0
5.324324324324325,1,1,Group1,0
6.513513513513514,1,1,Group1,0
13.64864864864865,1,1,Group1,0
17.324324324324326,1,1,Group1,0
18.324324324324326,1,1,Group1,0
19.12162162162162,0,1,Group1,0
20.027027027027028,1,1,Group1,0
22.054054054054056,1,1,Group1,0
22.513513513513516,1,1,Group1,0
23.81081081081081,1,1,Group1,0
25.10810810810811,1,1,Group1,0
25.594594594594597,1,1,Group1,0
26.864864864864867,1,1,Group1,0
27.783783783783786,1,1,Group1,0
28.56756756756757,1,1,Group1,0
28.675675675675677,1,1,Group1,0
28.756756756756758,1,1,Group1,0
29.56756756756757,1,1,Group1,0
31.37837837837838,1,1,Group1,0
32.62162162162162,1,1,Group1,0
32.78378378378378,1,1,Group1,0
32.810810810810814,1,1,Group1,0
33.0,1,1,Group1,0
33.16216216216216,1,1,Group1,0
33.270270270270274,1,1,Group1,0
33.351351351351354,1,1,Group1,0
33.40540540540541,1,1,Group1,0
33.513513513513516,1,1,Group1,0
33.5945945945946,1,1,Group1,0
33.72972972972973,1,1,Group1,0
33.891891891891895,1,1,Group1,0
33.972972972972975,1,1,Group1,0
34.2972972972973,1,1,Group1,0
34.40540540540541,1,1,Group1,0
34.432432432432435,1,1,Group1,0
35.13513513513514,1,1,Group1,0
35.54054054054054,1,1,Group1,0
35.5945945945946,1,1,Group1,0
35.91891891891892,1,1,Group1,0
36.054054054054056,1,1,Group1,0
36.054054054054056,0,1,Group1,0
36.054054054054056,0,1,Group1,0
36.054054054054056,0,1,Group1,0
36.054054054054056,0,1,Group1,0
36.054054054054056,0,1,Group1,0
36.054054054054056,0,1,Group1,0
36.054054054054056,0,1,Group1,0
36.054054054054056,0,1,Group1,0
