time,status,treat,Group,curve
0.29166666666666663,1,1,Group1,0
2.2447916666666665,0,1,Group1,0
2.2447916666666665,0,1,Group1,0
2.2447916666666665,0,1,Group1,0
2.2447916666666665,0,1,Group1,0
2.2447916666666665,0,1,Group1,0
4.25,1,1,Group1,0
4.770833333333333,1,1,Group1,0
5.385416666666666,0,1,Group1,0
6.03125,1,1,Group1,0
6.453125,0,1,Group1,0
6.927083333333333,1,1,Group1,0
7.333333333333333,1,1,Group1,0
7.677083333333332,0,1,Group1,0
7.677083333333332,0,1,Group1,0
8.072916666666666,1,1,Group1,0
8.177083333333332,1,1,Group1,0
8.604166666666666,1,1,Group1,0
8.677083333333332,1,1,Group1,0
9.40625,1,1,Group1,0
9.458333333333332,1,1,Group1,0
9.989583333333332,1,1,Group1,0
10.375,1,1,Group1,0
10.640625,0,1,Group1,0
10.947916666666666,1,1,Group1,0
11.072916666666666,1,1,Group1,0
11.125,1,1,Group1,0
11.375,1,1,Group1,0
11.385416666666666,1,1,Group1,0
11.416666666666666,1,1,Group1,0
11.46875,1,1,Group1,0
11.510416666666666,1,1,Group1,0
11.614583333333332,1,1,Group1,0
11.677083333333332,1,1,Group1,0
11.697916666666666,1,1,Group1,0
11.697916666666666,1,1,Group1,0
11.708333333333332,1,1,Group1,0
11.75,1,1,Group1,0
11.947916666666666,1,1,Group1,0
12.333333333333332,1,1,Group1,0
12.635416666666666,1,1,Group1,0
12.645833333333332,1,1,Group1,0
12.677083333333332,1,1,Group1,0
12.78125,1,1,Group1,0
12.895833333333332,1,1,Group1,0
13.520833333333332,1,1,Group1,0
13.520833333333332,1,1,Group1,0
