time,status,treat,Group,curve
1.7355371900826446,1,1,Group1,0
2.512396694214876,1,1,Group1,0
3.2148760330578514,0,1,Group1,0
4.016528925619835,1,1,Group1,0
6.62809917355372,1,1,Group1,0
7.272727272727273,1,1,Group1,0
7.537190082644628,1,1,Group1,0
7.785123966942149,1,1,Group1,0
8.429752066115702,1,1,Group1,0
9.338842975206612,1,1,Group1,0
9.37190082644628,1,1,Group1,0
9.619834710743802,1,1,Group1,0
9.685950413223141,1,1,Group1,0
10.082644628099175,1,1,Group1,0
10.24793388429752,1,1,Group1,0
10.561983471074381,1,1,Group1,0
11.603305785123966,1,1,Group1,0
11.669421487603307,1,1,Group1,0
11.801652892561984,1,1,Group1,0
12.214876033057852,1,1,Group1,0
12.512396694214877,1,1,Group1,0
12.644628099173554,0,1,Group1,0
12.842975206611571,1,1,Group1,0
12.90909090909091,1,1,Group1,0
13.057851239669422,1,1,Group1,0
13.074380165289256,1,1,Group1,0
13.090909090909092,1,1,Group1,0
13.107438016528926,1,1,Group1,0
13.239669421487603,1,1,Group1,0
13.289256198347108,1,1,Group1,0
13.338842975206612,1,1,Group1,0
13.363636363636363,0,1,Group1,0
13.388429752066116,1,1,Group1,0
13.78512396694215,1,1,Group1,0
13.851239669421489,1,1,Group1,0
13.983471074380166,1,1,Group1,0
14.049586776859504,1,1,Group1,0
14.297520661157025,1,1,Group1,0
14.495867768595042,1,1,Group1,0
15.223140495867769,1,1,Group1,0
15.818181818181818,1,1,Group1,0
16.16528925619835,1,1,Group1,0
16.462809917355372,1,1,Group1,0
21.71900826446281,1,1,Group1,0
