time,status,treat,Group,curve
0.8,0,1,Group1,0
0.8,0,1,Group1,0
0.8,0,1,Group1,0
0.8,0,1,Group1,0
0.8,0,1,Group1,0
0.8,0,1,Group1,0
0.8,0,1,Group1,0
0.8,0,1,Group1,0
0.8,0,1,Group1,0
0.8,0,1,Group1,0
1.6133333333333335,1,1,Group1,0
1.6166666666666667,0,1,Group1,0
1.8233333333333335,0,1,Group1,0
1.8233333333333335,0,1,Group1,0
1.8233333333333335,0,1,Group1,0
1.8233333333333335,0,1,Group1,0
1.8233333333333335,0,1,Group1,0
1.8233333333333335,0,1,Group1,0
1.8233333333333335,0,1,Group1,0
1.8233333333333335,0,1,Group1,0
1.8233333333333335,0,1,Group1,0
1.8233333333333335,0,1,Group1,0
1.8233333333333335,0,1,Group1,0
1.8233333333333335,0,1,Group1,0
1.8233333333333335,0,1,Group1,0
2.0533333333333337,1,1,Group1,0
3.3833333333333333,0,1,Group1,0
3.3833333333333333,0,1,Group1,0
3.3833333333333333,0,1,Group1,0
3.3833333333333333,0,1,Group1,0
3.3833333333333333,0,1,Group1,0
3.3833333333333333,0,1,Group1,0
3.3833333333333333,0,1,Group1,0
3.3833333333333333,0,1,Group1,0
4.706666666666667,1,1,Group1,0
5.213333333333334,0,1,Group1,0
5.213333333333334,0,1,Group1,0
5.213333333333334,0,1,Group1,0
5.213333333333334,0,1,Group1,0
5.213333333333334,0,1,Group1,0
5.753333333333334,1,1,Group1,0
5.760000000000001,1,1,Group1,0
5.85,0,1,Group1,0
5.8533333333333335,1,1,Group1,0
6.116666666666667,0,1,Group1,0
6.116666666666667,0,1,Group1,0
6.116666666666667,0,1,Group1,0
6.406666666666667,1,1,Group1,0
6.406666666666667,1,1,Group1,0
6.406666666666667,1,1,Group1,0
6.54,1,1,Group1,0
6.646666666666667,1,1,Group1,0
6.66,1,1,Group1,0
6.746666666666667,0,1,Group1,0
6.846666666666667,1,1,Group1,0
7.000000000000001,1,1,Group1,0
7.006666666666667,1,1,Group1,0
7.053333333333334,1,1,Group1,0
7.233333333333333,1,1,Group1,0
7.3066666666666675,1,1,Group1,0
7.3066666666666675,1,1,Group1,0
7.3066666666666675,1,1,Group1,0
7.673333333333334,0,1,Group1,0
8.073333333333334,1,1,Group1,0
