time,status,treat,Group,curve
1.2148760330578512,1,1,Group1,0
1.78099173553719,0,1,Group1,0
2.396694214876033,1,1,Group1,0
2.9008264462809916,1,1,Group1,0
3.31404958677686,1,1,Group1,0
3.628099173553719,1,1,Group1,0
3.632231404958678,0,1,Group1,0
3.6528925619834713,1,1,Group1,0
3.677685950413223,1,1,Group1,0
3.768595041322314,1,1,Group1,0
3.950413223140496,1,1,Group1,0
3.9834710743801653,1,1,Group1,0
4.008264462809917,1,1,Group1,0
4.152892561983471,0,1,Group1,0
4.330578512396694,1,1,Group1,0
4.3966942148760335,1,1,Group1,0
4.5123966942148765,0,1,Group1,0
4.652892561983471,1,1,Group1,0
4.809917355371901,0,1,Group1,0
5.0,1,1,Group1,0
5.016528925619835,1,1,Group1,0
5.12396694214876,1,1,Group1,0
5.15702479338843,1,1,Group1,0
5.1900826446281,1,1,Group1,0
5.1900826446281,1,1,Group1,0
5.214876033057851,1,1,Group1,0
5.264462809917355,1,1,Group1,0
5.2727272727272725,1,1,Group1,0
5.446280991735537,1,1,Group1,0
5.446280991735537,1,1,Group1,0
5.603305785123967,1,1,Group1,0
5.685950413223141,1,1,Group1,0
5.75206611570248,1,1,Group1,0
5.768595041322314,1,1,Group1,0
5.793388429752066,1,1,Group1,0
5.809917355371901,1,1,Group1,0
5.818181818181818,1,1,Group1,0
5.884297520661157,1,1,Group1,0
5.9421487603305785,1,1,Group1,0
5.991735537190083,1,1,Group1,0
6.0,1,1,Group1,0
6.041322314049587,1,1,Group1,0
6.082644628099174,1,1,Group1,0
6.090909090909091,1,1,Group1,0
6.132231404958678,1,1,Group1,0
6.1735537190082646,1,1,Group1,0
6.198347107438017,1,1,Group1,0
6.231404958677686,1,1,Group1,0
6.322314049586777,1,1,Group1,0
6.3884297520661155,1,1,Group1,0
6.43801652892562,1,1,Group1,0
6.479338842975206,1,1,Group1,0
6.487603305785124,1,1,Group1,0
6.528925619834711,1,1,Group1,0
6.75206611570248,1,1,Group1,0
6.776859504132232,1,1,Group1,0
6.884297520661157,1,1,Group1,0
6.958677685950414,1,1,Group1,0
7.0578512396694215,1,1,Group1,0
7.115702479338843,1,1,Group1,0
7.1735537190082646,1,1,Group1,0
7.181818181818182,1,1,Group1,0
7.322314049586777,1,1,Group1,0
7.347107438016529,1,1,Group1,0
7.413223140495868,1,1,Group1,0
7.520661157024794,1,1,Group1,0
7.595041322314049,1,1,Group1,0
7.677685950413223,1,1,Group1,0
10.239669421487603,1,1,Group1,0
