time,status,treat,Group,curve
0.08108108108108109,1,1,Group1,0
0.5405405405405406,1,1,Group1,0
0.7207207207207207,0,1,Group1,0
0.9279279279279279,1,1,Group1,0
1.1081081081081081,1,1,Group1,0
1.3603603603603605,1,1,Group1,0
1.7387387387387387,1,1,Group1,0
1.972972972972973,1,1,Group1,0
2.864864864864865,1,1,Group1,0
2.9279279279279278,0,1,Group1,0
3.018018018018018,1,1,Group1,0
3.31981981981982,0,1,Group1,0
3.6306306306306304,1,1,Group1,0
3.8378378378378377,1,1,Group1,0
4.198198198198198,1,1,Group1,0
4.378378378378378,1,1,Group1,0
4.621621621621622,1,1,Group1,0
4.648648648648648,1,1,Group1,0
4.7207207207207205,1,1,Group1,0
4.981981981981982,1,1,Group1,0
5.252252252252252,1,1,Group1,0
5.261261261261261,1,1,Group1,0
5.351351351351351,1,1,Group1,0
5.4774774774774775,1,1,Group1,0
5.481981981981982,0,1,Group1,0
5.612612612612613,1,1,Group1,0
5.621621621621622,1,1,Group1,0
5.716216216216216,0,1,Group1,0
5.837837837837838,1,1,Group1,0
5.981981981981982,1,1,Group1,0
6.018018018018018,1,1,Group1,0
6.018018018018018,1,1,Group1,0
6.108108108108108,1,1,Group1,0
6.207207207207207,1,1,Group1,0
6.576576576576577,1,1,Group1,0
6.837837837837838,1,1,Group1,0
6.873873873873873,1,1,Group1,0
6.882882882882883,1,1,Group1,0
6.927927927927928,1,1,Group1,0
6.936936936936937,1,1,Group1,0
6.972972972972973,1,1,Group1,0
6.990990990990991,1,1,Group1,0
7.009009009009009,1,1,Group1,0
7.027027027027027,1,1,Group1,0
7.054054054054054,1,1,Group1,0
7.063063063063063,1,1,Group1,0
7.09009009009009,1,1,Group1,0
7.126126126126126,1,1,Group1,0
7.126126126126126,1,1,Group1,0
7.207207207207207,1,1,Group1,0
7.225225225225225,1,1,Group1,0
7.342342342342342,1,1,Group1,0
7.387387387387387,1,1,Group1,0
7.45945945945946,1,1,Group1,0
7.468468468468468,1,1,Group1,0
7.5225225225225225,1,1,Group1,0
7.612612612612613,1,1,Group1,0
7.72972972972973,1,1,Group1,0
7.792792792792793,1,1,Group1,0
7.801801801801802,1,1,Group1,0
7.954954954954955,1,1,Group1,0
8.135135135135135,1,1,Group1,0
8.153153153153154,1,1,Group1,0
11.567567567567567,1,1,Group1,0
11.747747747747747,1,1,Group1,0
