time,status,treat,Group,curve
0.30357142857142855,0,1,Group1,0
0.30357142857142855,0,1,Group1,0
0.625,1,1,Group1,0
0.75,0,1,Group1,0
0.9047619047619047,1,1,Group1,0
1.1517857142857142,0,1,Group1,0
1.4345238095238095,1,1,Group1,0
2.005952380952381,0,1,Group1,0
2.607142857142857,1,1,Group1,0
2.7976190476190474,0,1,Group1,0
2.7976190476190474,0,1,Group1,0
2.7976190476190474,0,1,Group1,0
3.017857142857143,1,1,Group1,0
3.1696428571428568,0,1,Group1,0
3.345238095238095,1,1,Group1,0
3.3571428571428568,1,1,Group1,0
3.446428571428571,1,1,Group1,0
3.4613095238095237,0,1,Group1,0
3.470238095238095,1,1,Group1,0
3.6130952380952377,1,1,Group1,0
3.6726190476190474,1,1,Group1,0
3.7172619047619047,0,1,Group1,0
3.7857142857142856,1,1,Group1,0
3.970238095238095,0,1,Group1,0
4.178571428571428,1,1,Group1,0
4.351190476190476,1,1,Group1,0
4.488095238095238,1,1,Group1,0
4.5773809523809526,0,1,Group1,0
4.595238095238095,1,1,Group1,0
4.595238095238095,1,1,Group1,0
4.601190476190476,1,1,Group1,0
4.625,1,1,Group1,0
4.684523809523809,1,1,Group1,0
4.69047619047619,1,1,Group1,0
4.744047619047619,1,1,Group1,0
4.767857142857142,1,1,Group1,0
4.779761904761904,1,1,Group1,0
4.7976190476190474,1,1,Group1,0
4.964285714285714,1,1,Group1,0
4.964285714285714,1,1,Group1,0
5.035714285714286,1,1,Group1,0
5.1309523809523805,1,1,Group1,0
5.160714285714286,1,1,Group1,0
5.452380952380952,1,1,Group1,0
5.666666666666666,1,1,Group1,0
5.7976190476190474,1,1,Group1,0
5.904761904761904,1,1,Group1,0
7.785714285714286,1,1,Group1,0
