time,status,treat,Group,curve
0.6531531531531531,0,1,Group1,0
0.6531531531531531,0,1,Group1,0
0.6531531531531531,0,1,Group1,0
0.6531531531531531,0,1,Group1,0
0.6531531531531531,0,1,Group1,0
1.3243243243243243,1,1,Group1,0
1.9594594594594592,0,1,Group1,0
1.9594594594594592,0,1,Group1,0
2.6126126126126126,1,1,Group1,0
3.09009009009009,0,1,Group1,0
3.09009009009009,0,1,Group1,0
3.09009009009009,0,1,Group1,0
3.09009009009009,0,1,Group1,0
3.6036036036036037,1,1,Group1,0
3.774774774774775,0,1,Group1,0
3.774774774774775,0,1,Group1,0
3.774774774774775,0,1,Group1,0
3.972972972972973,1,1,Group1,0
3.990990990990991,1,1,Group1,0
4.09009009009009,1,1,Group1,0
4.1891891891891895,0,1,Group1,0
4.288288288288288,1,1,Group1,0
4.333333333333334,0,1,Group1,0
4.351351351351351,1,1,Group1,0
4.6891891891891895,0,1,Group1,0
4.6891891891891895,0,1,Group1,0
4.6891891891891895,0,1,Group1,0
5.054054054054054,1,1,Group1,0
5.441441441441442,1,1,Group1,0
5.45045045045045,1,1,Group1,0
5.558558558558558,1,1,Group1,0
5.63063063063063,1,1,Group1,0
5.918918918918919,1,1,Group1,0
5.918918918918919,1,1,Group1,0
6.081081081081081,1,1,Group1,0
6.18018018018018,1,1,Group1,0
6.27027027027027,1,1,Group1,0
6.288288288288288,1,1,Group1,0
6.315315315315315,1,1,Group1,0
6.315315315315315,1,1,Group1,0
6.387387387387387,1,1,Group1,0
6.45945945945946,1,1,Group1,0
6.504504504504505,1,1,Group1,0
6.5225225225225225,1,1,Group1,0
6.576576576576576,0,1,Group1,0
6.666666666666667,1,1,Group1,0
6.711711711711712,1,1,Group1,0
6.72972972972973,1,1,Group1,0
6.756756756756757,1,1,Group1,0
6.792792792792793,1,1,Group1,0
6.873873873873873,1,1,Group1,0
6.954954954954955,1,1,Group1,0
7.063063063063063,1,1,Group1,0
7.099099099099099,1,1,Group1,0
7.36936936936937,1,1,Group1,0
7.4774774774774775,1,1,Group1,0
7.486486486486487,1,1,Group1,0
7.5225225225225225,0,1,Group1,0
7.5675675675675675,1,1,Group1,0
7.675675675675675,1,1,Group1,0
7.684684684684685,1,1,Group1,0
7.7657657657657655,1,1,Group1,0
7.8108108108108105,1,1,Group1,0
7.981981981981982,1,1,Group1,0
8.252252252252251,1,1,Group1,0
11.144144144144144,1,1,Group1,0
