time,status,treat,Group,curve
15.14864864864865,0,1,Group1,0
15.14864864864865,0,1,Group1,0
15.14864864864865,0,1,Group1,0
15.14864864864865,0,1,Group1,0
15.14864864864865,0,1,Group1,0
15.14864864864865,0,1,Group1,0
15.14864864864865,0,1,Group1,0
15.14864864864865,0,1,Group1,0
15.14864864864865,0,1,Group1,0
15.14864864864865,0,1,Group1,0
15.14864864864865,0,1,Group1,0
15.14864864864865,0,1,Group1,0
15.14864864864865,0,1,Group1,0
15.14864864864865,0,1,Group1,0
15.14864864864865,0,1,Group1,0
15.14864864864865,0,1,Group1,0
15.14864864864865,0,1,Group1,0
15.14864864864865,0,1,Group1,0
15.14864864864865,0,1,Group1,0
15.14864864864865,0,1,Group1,0
15.14864864864865,0,1,Group1,0
15.14864864864865,0,1,Group1,0
15.14864864864865,0,1,Group1,0
15.14864864864865,0,1,Group1,0
15.14864864864865,0,1,Group1,0
15.14864864864865,0,1,Group1,0
15.14864864864865,0,1,Group1,0
15.14864864864865,0,1,Group1,0
15.14864864864865,0,1,Group1,0
15.14864864864865,0,1,Group1,0
15.14864864864865,0,1,Group1,0
15.14864864864865,0,1,Group1,0
15.14864864864865,0,1,Group1,0
30.37837837837838,1,1,Group1,0
31.06756756756757,0,1,Group1,0
31.864864864864867,1,1,Group1,0
31.864864864864867,1,1,Group1,0
33.04054054054055,0,1,Group1,0
33.04054054054055,0,1,Group1,0
34.37837837837838,1,1,Group1,0
35.08108108108108,0,1,Group1,0
35.08108108108108,0,1,Group1,0
35.08108108108108,0,1,Group1,0
35.08108108108108,0,1,Group1,0
35.810810810810814,1,1,Group1,0
36.054054054054056,0,1,Group1,0
36.054054054054056,0,1,Group1,0
