time,status,treat,Group,curve
0.5952380952380952,0,1,Group1,0
1.2023809523809523,1,1,Group1,0
1.7232142857142856,0,1,Group1,0
1.732142857142857,1,1,Group1,0
2.2738095238095237,0,1,Group1,0
2.839285714285714,1,1,Group1,0
2.907738095238095,0,1,Group1,0
2.994047619047619,1,1,Group1,0
3.0595238095238093,1,1,Group1,0
3.383928571428571,0,1,Group1,0
3.383928571428571,0,1,Group1,0
3.383928571428571,0,1,Group1,0
3.383928571428571,0,1,Group1,0
3.7321428571428568,1,1,Group1,0
3.8630952380952377,0,1,Group1,0
4.017857142857142,1,1,Group1,0
4.125,1,1,Group1,0
4.232142857142857,1,1,Group1,0
4.404761904761905,0,1,Group1,0
4.595238095238095,1,1,Group1,0
4.708333333333333,1,1,Group1,0
4.910714285714286,1,1,Group1,0
5.083333333333333,1,1,Group1,0
5.273809523809524,1,1,Group1,0
5.339285714285714,1,1,Group1,0
5.473214285714286,0,1,Group1,0
5.636904761904762,1,1,Group1,0
5.7023809523809526,0,1,Group1,0
5.7976190476190474,1,1,Group1,0
5.845238095238095,1,1,Group1,0
5.8809523809523805,1,1,Group1,0
5.982142857142857,1,1,Group1,0
6.059523809523809,1,1,Group1,0
6.220238095238095,1,1,Group1,0
6.3809523809523805,1,1,Group1,0
6.452380952380952,1,1,Group1,0
6.494047619047619,1,1,Group1,0
6.5059523809523805,1,1,Group1,0
6.523809523809524,1,1,Group1,0
6.5476190476190474,1,1,Group1,0
6.571428571428571,1,1,Group1,0
6.5892857142857135,1,1,Group1,0
6.601190476190475,1,1,Group1,0
6.648809523809524,1,1,Group1,0
6.654761904761904,1,1,Group1,0
6.6726190476190474,1,1,Group1,0
6.69047619047619,1,1,Group1,0
6.863095238095238,1,1,Group1,0
6.976190476190475,1,1,Group1,0
7.029761904761904,1,1,Group1,0
7.101190476190475,1,1,Group1,0
7.303571428571428,1,1,Group1,0
7.523809523809524,1,1,Group1,0
