time,status,treat,Group,curve
0.2702702702702703,1,1,Group1,0
1.2792792792792793,1,1,Group1,0
1.6126126126126126,1,1,Group1,0
1.6216216216216217,1,1,Group1,0
2.018018018018018,1,1,Group1,0
2.09009009009009,1,1,Group1,0
2.2522522522522523,1,1,Group1,0
2.6576576576576576,1,1,Group1,0
2.855855855855856,1,1,Group1,0
3.198198198198198,1,1,Group1,0
3.2522522522522523,1,1,Group1,0
3.3873873873873874,1,1,Group1,0
3.6936936936936937,1,1,Group1,0
3.9369369369369367,1,1,Group1,0
4.153153153153153,1,1,Group1,0
4.2342342342342345,1,1,Group1,0
4.5225225225225225,1,1,Group1,0
4.774774774774775,1,1,Group1,0
4.8108108108108105,1,1,Group1,0
4.837837837837838,1,1,Group1,0
5.09009009009009,1,1,Group1,0
5.301801801801802,0,1,Group1,0
5.5225225225225225,0,1,Group1,0
5.54954954954955,1,1,Group1,0
5.72972972972973,0,1,Group1,0
5.954954954954955,1,1,Group1,0
6.0,1,1,Group1,0
6.009009009009009,1,1,Group1,0
6.297297297297297,1,1,Group1,0
6.936936936936937,1,1,Group1,0
6.972972972972973,1,1,Group1,0
7.1441441441441444,1,1,Group1,0
7.45045045045045,1,1,Group1,0
7.495495495495495,1,1,Group1,0
7.603603603603603,1,1,Group1,0
7.675675675675675,1,1,Group1,0
9.216216216216216,1,1,Group1,0
9.333333333333334,1,1,Group1,0
10.995495495495495,0,1,Group1,0
11.018018018018019,1,1,Group1,0
