time,status,treat,Group,curve
1.0280898876404494,0,1,Group1,0
2.089887640449438,1,1,Group1,0
2.2696629213483144,1,1,Group1,0
2.752808988764045,1,1,Group1,0
2.98876404494382,1,1,Group1,0
3.191011235955056,1,1,Group1,0
3.5730337078651684,1,1,Group1,0
3.786516853932584,1,1,Group1,0
4.157303370786517,1,1,Group1,0
4.561797752808989,1,1,Group1,0
4.578651685393258,0,1,Group1,0
4.651685393258427,1,1,Group1,0
4.6966292134831455,1,1,Group1,0
5.078651685393258,1,1,Group1,0
5.426966292134831,1,1,Group1,0
5.426966292134831,1,1,Group1,0
5.47191011235955,1,1,Group1,0
5.685393258426966,1,1,Group1,0
5.786516853932584,1,1,Group1,0
5.808988764044944,1,1,Group1,0
6.01123595505618,1,1,Group1,0
6.415730337078651,1,1,Group1,0
6.48314606741573,1,1,Group1,0
6.764044943820225,1,1,Group1,0
7.033707865168539,1,1,Group1,0
7.337078651685393,1,1,Group1,0
7.449438202247191,1,1,Group1,0
7.51685393258427,1,1,Group1,0
7.775280898876404,1,1,Group1,0
7.842696629213483,1,1,Group1,0
7.876404494382022,1,1,Group1,0
8.01123595505618,1,1,Group1,0
8.168539325842696,1,1,Group1,0
8.477528089887642,0,1,Group1,0
8.831460674157302,1,1,Group1,0
9.01123595505618,1,1,Group1,0
9.44943820224719,1,1,Group1,0
9.808988764044944,1,1,Group1,0
10.348314606741573,1,1,Group1,0
10.370786516853933,1,1,Group1,0
10.685393258426966,1,1,Group1,0
12.730337078651685,1,1,Group1,0
12.820224719101123,1,1,Group1,0
14.303370786516853,1,1,Group1,0
