time,status,treat,Group,curve
0.3177083333333333,0,1,Group1,0
0.65625,1,1,Group1,0
1.2083333333333333,1,1,Group1,0
1.3541666666666665,0,1,Group1,0
1.5104166666666665,0,1,Group1,0
1.53125,1,1,Group1,0
1.65625,1,1,Group1,0
1.703125,0,1,Group1,0
1.7916666666666665,1,1,Group1,0
1.859375,0,1,Group1,0
1.9791666666666665,1,1,Group1,0
1.9895833333333333,1,1,Group1,0
2.145833333333333,0,1,Group1,0
2.145833333333333,0,1,Group1,0
2.3385416666666665,0,1,Group1,0
2.34375,1,1,Group1,0
2.3854166666666665,1,1,Group1,0
2.46875,0,1,Group1,0
2.5572916666666665,0,1,Group1,0
2.65625,0,1,Group1,0
2.708333333333333,1,1,Group1,0
2.848958333333333,0,1,Group1,0
2.848958333333333,0,1,Group1,0
3.020833333333333,1,1,Group1,0
3.0625,1,1,Group1,0
3.1875,1,1,Group1,0
3.239583333333333,1,1,Group1,0
3.3854166666666665,1,1,Group1,0
3.427083333333333,1,1,Group1,0
3.6875,1,1,Group1,0
3.6979166666666665,1,1,Group1,0
3.833333333333333,1,1,Group1,0
4.291666666666666,1,1,Group1,0
4.333333333333333,1,1,Group1,0
4.447916666666666,1,1,Group1,0
4.645833333333333,1,1,Group1,0
4.760416666666666,1,1,Group1,0
4.916666666666666,1,1,Group1,0
5.15625,1,1,Group1,0
5.25,1,1,Group1,0
5.427083333333333,1,1,Group1,0
5.59375,1,1,Group1,0
6.645833333333333,1,1,Group1,0
6.729166666666666,1,1,Group1,0
6.911458333333333,0,1,Group1,0
6.916666666666666,1,1,Group1,0
7.416666666666666,1,1,Group1,0
7.4375,0,1,Group1,0
7.604166666666666,1,1,Group1,0
7.661458333333333,0,1,Group1,0
7.828125,0,1,Group1,0
7.958333333333333,1,1,Group1,0
8.364583333333332,1,1,Group1,0
8.40625,1,1,Group1,0
8.677083333333332,1,1,Group1,0
9.260416666666666,1,1,Group1,0
10.78125,1,1,Group1,0
12.28125,1,1,Group1,0
12.8125,0,1,Group1,0
