time,status,treat,Group,curve
2.3964285714285714,0,1,Group1,0
5.0285714285714285,1,1,Group1,0
5.225,0,1,Group1,0
5.421428571428572,1,1,Group1,0
7.817857142857143,0,1,Group1,0
8.17142857142857,1,1,Group1,0
10.607142857142858,0,1,Group1,0
13.435714285714285,1,1,Group1,0
15.007142857142856,1,1,Group1,0
17.835714285714285,0,1,Group1,0
17.835714285714285,0,1,Group1,0
20.82142857142857,1,1,Group1,0
23.060714285714283,0,1,Group1,0
25.771428571428572,1,1,Group1,0
26.714285714285715,1,1,Group1,0
27.42142857142857,1,1,Group1,0
29.54285714285714,1,1,Group1,0
29.935714285714287,1,1,Group1,0
30.014285714285712,1,1,Group1,0
30.485714285714284,1,1,Group1,0
30.525,0,1,Group1,0
32.135714285714286,1,1,Group1,0
32.371428571428574,1,1,Group1,0
32.607142857142854,1,1,Group1,0
36.849999999999994,0,1,Group1,0
41.48571428571429,1,1,Group1,0
43.528571428571425,1,1,Group1,0
45.964285714285715,1,1,Group1,0
51.385714285714286,1,1,Group1,0
51.699999999999996,1,1,Group1,0
51.857142857142854,1,1,Group1,0
52.01428571428571,1,1,Group1,0
55.07857142857143,1,1,Group1,0
55.39285714285714,1,1,Group1,0
58.535714285714285,1,1,Group1,0
59.47857142857143,1,1,Group1,0
60.5,1,1,Group1,0
64.58571428571429,1,1,Group1,0
64.82142857142857,1,1,Group1,0
72.28571428571428,1,1,Group1,0
76.44999999999999,0,1,Group1,0
81.00714285714285,1,1,Group1,0
81.95,1,1,Group1,0
91.61428571428571,1,1,Group1,0
96.95714285714286,1,1,Group1,0
100.57142857142857,1,1,Group1,0
106.46428571428571,0,1,Group1,0
