time,status,treat,Group,curve
0.1322314049586777,0,1,Group1,0
0.2892561983471075,1,1,Group1,0
0.7685950413223142,0,1,Group1,0
0.7685950413223142,0,1,Group1,0
0.7685950413223142,0,1,Group1,0
0.7685950413223142,0,1,Group1,0
1.2892561983471076,1,1,Group1,0
2.855371900826446,0,1,Group1,0
2.855371900826446,0,1,Group1,0
2.855371900826446,0,1,Group1,0
2.855371900826446,0,1,Group1,0
2.855371900826446,0,1,Group1,0
2.855371900826446,0,1,Group1,0
2.855371900826446,0,1,Group1,0
2.855371900826446,0,1,Group1,0
2.855371900826446,0,1,Group1,0
2.855371900826446,0,1,Group1,0
2.855371900826446,0,1,Group1,0
2.855371900826446,0,1,Group1,0
2.855371900826446,0,1,Group1,0
4.462809917355372,1,1,Group1,0
4.65702479338843,0,1,Group1,0
4.65702479338843,0,1,Group1,0
4.892561983471074,1,1,Group1,0
5.086776859504132,0,1,Group1,0
5.086776859504132,0,1,Group1,0
5.322314049586777,1,1,Group1,0
5.380165289256198,1,1,Group1,0
5.570247933884298,1,1,Group1,0
5.723140495867769,0,1,Group1,0
5.917355371900826,1,1,Group1,0
6.140495867768595,0,1,Group1,0
6.3966942148760335,1,1,Group1,0
6.3966942148760335,1,1,Group1,0
6.743801652892563,0,1,Group1,0
7.12396694214876,1,1,Group1,0
7.566115702479339,0,1,Group1,0
8.049586776859504,1,1,Group1,0
9.24793388429752,0,1,Group1,0
10.479338842975206,1,1,Group1,0
10.636363636363637,0,1,Group1,0
10.900826446280991,1,1,Group1,0
