time,status,treat,Group,curve
2.1940298507462686,0,1,Group1,0
2.1940298507462686,0,1,Group1,0
4.432835820895522,1,1,Group1,0
4.611940298507462,1,1,Group1,0
4.85820895522388,0,1,Group1,0
5.171641791044776,1,1,Group1,0
5.619402985074626,1,1,Group1,0
6.0783582089552235,0,1,Group1,0
6.514925373134328,1,1,Group1,0
6.861940298507463,0,1,Group1,0
7.276119402985074,1,1,Group1,0
7.320895522388059,1,1,Group1,0
7.544776119402985,0,1,Group1,0
7.76865671641791,1,1,Group1,0
7.835820895522388,1,1,Group1,0
7.869402985074626,0,1,Group1,0
7.947761194029851,1,1,Group1,0
8.597014925373134,0,1,Group1,0
8.597014925373134,0,1,Group1,0
9.313432835820896,1,1,Group1,0
9.53731343283582,1,1,Group1,0
9.604477611940299,1,1,Group1,0
10.388059701492537,1,1,Group1,0
10.67910447761194,1,1,Group1,0
10.690298507462686,0,1,Group1,0
11.104477611940299,1,1,Group1,0
11.194029850746269,1,1,Group1,0
11.619402985074625,1,1,Group1,0
11.888059701492537,1,1,Group1,0
12.313432835820894,1,1,Group1,0
13.141791044776118,1,1,Group1,0
13.455223880597014,0,1,Group1,0
13.835820895522387,1,1,Group1,0
13.970149253731343,1,1,Group1,0
14.440298507462686,1,1,Group1,0
14.731343283582088,1,1,Group1,0
15.022388059701491,1,1,Group1,0
15.26865671641791,1,1,Group1,0
15.940298507462686,1,1,Group1,0
15.973880597014924,0,1,Group1,0
16.16417910447761,1,1,Group1,0
16.41044776119403,1,1,Group1,0
16.768656716417908,1,1,Group1,0
17.003731343283583,0,1,Group1,0
17.082089552238806,1,1,Group1,0
18.089552238805968,1,1,Group1,0
18.470149253731343,1,1,Group1,0
19.34328358208955,1,1,Group1,0
19.679104477611936,0,1,Group1,0
20.082089552238806,1,1,Group1,0
20.104477611940297,1,1,Group1,0
21.223880597014926,1,1,Group1,0
21.98507462686567,1,1,Group1,0
29.328358208955223,1,1,Group1,0
