time,status,treat,Group,curve
0.351063829787234,0,1,Group1,0
0.7659574468085106,1,1,Group1,0
1.829787234042553,0,1,Group1,0
1.829787234042553,0,1,Group1,0
1.829787234042553,0,1,Group1,0
1.829787234042553,0,1,Group1,0
1.829787234042553,0,1,Group1,0
3.0,1,1,Group1,0
4.308510638297872,0,1,Group1,0
4.308510638297872,0,1,Group1,0
4.308510638297872,0,1,Group1,0
5.723404255319148,1,1,Group1,0
6.1063829787234045,1,1,Group1,0
7.414893617021277,0,1,Group1,0
7.414893617021277,0,1,Group1,0
7.414893617021277,0,1,Group1,0
7.414893617021277,0,1,Group1,0
7.414893617021277,0,1,Group1,0
7.414893617021277,0,1,Group1,0
8.829787234042554,1,1,Group1,0
9.25531914893617,1,1,Group1,0
10.0,1,1,Group1,0
10.648936170212766,0,1,Group1,0
11.404255319148936,1,1,Group1,0
12.829787234042552,1,1,Group1,0
14.319148936170212,1,1,Group1,0
14.329787234042552,0,1,Group1,0
14.382978723404255,1,1,Group1,0
16.085106382978722,1,1,Group1,0
18.191489361702125,0,1,Group1,0
18.191489361702125,0,1,Group1,0
20.404255319148934,1,1,Group1,0
20.404255319148934,1,1,Group1,0
20.48936170212766,1,1,Group1,0
23.53191489361702,0,1,Group1,0
23.53191489361702,0,1,Group1,0
26.595744680851062,1,1,Group1,0
26.595744680851062,1,1,Group1,0
27.30851063829787,0,1,Group1,0
