time,status,treat,Group,curve
0.348314606741573,1,1,Group1,0
1.6292134831460674,1,1,Group1,0
1.8426966292134832,0,1,Group1,0
1.8426966292134832,0,1,Group1,0
1.8426966292134832,0,1,Group1,0
2.0674157303370784,1,1,Group1,0
2.286516853932584,0,1,Group1,0
2.550561797752809,1,1,Group1,0
2.640449438202247,1,1,Group1,0
2.865168539325843,1,1,Group1,0
3.0898876404494384,0,1,Group1,0
3.359550561797753,1,1,Group1,0
4.056179775280898,1,1,Group1,0
4.123595505617978,1,1,Group1,0
4.292134831460674,1,1,Group1,0
4.674157303370786,1,1,Group1,0
4.98876404494382,1,1,Group1,0
5.280898876404494,1,1,Group1,0
5.370786516853933,1,1,Group1,0
5.741573033707865,1,1,Group1,0
6.067415730337078,1,1,Group1,0
6.112359550561798,1,1,Group1,0
6.146067415730337,1,1,Group1,0
6.47191011235955,1,1,Group1,0
6.713483146067416,0,1,Group1,0
6.966292134831461,1,1,Group1,0
7.033707865168539,1,1,Group1,0
7.516853932584269,0,1,Group1,0
7.561797752808989,1,1,Group1,0
7.617977528089887,1,1,Group1,0
8.0,1,1,Group1,0
8.606741573033707,1,1,Group1,0
8.629213483146067,1,1,Group1,0
8.820224719101123,1,1,Group1,0
9.314606741573034,1,1,Group1,0
9.460674157303371,1,1,Group1,0
9.516853932584269,1,1,Group1,0
9.696629213483146,1,1,Group1,0
10.54494382022472,0,1,Group1,0
11.393258426966291,1,1,Group1,0
11.730337078651685,1,1,Group1,0
11.865168539325843,1,1,Group1,0
13.988764044943819,1,1,Group1,0
14.629213483146067,1,1,Group1,0
