time,status,treat,Group,curve
0.6492537313432836,0,1,Group1,0
0.6492537313432836,0,1,Group1,0
0.6492537313432836,0,1,Group1,0
0.6492537313432836,0,1,Group1,0
0.6492537313432836,0,1,Group1,0
0.6492537313432836,0,1,Group1,0
0.6492537313432836,0,1,Group1,0
1.3432835820895521,1,1,Group1,0
2.111940298507463,0,1,Group1,0
2.111940298507463,0,1,Group1,0
2.111940298507463,0,1,Group1,0
2.111940298507463,0,1,Group1,0
2.111940298507463,0,1,Group1,0
2.111940298507463,0,1,Group1,0
2.111940298507463,0,1,Group1,0
2.111940298507463,0,1,Group1,0
2.955223880597015,1,1,Group1,0
3.820895522388059,0,1,Group1,0
3.820895522388059,0,1,Group1,0
3.820895522388059,0,1,Group1,0
3.820895522388059,0,1,Group1,0
3.820895522388059,0,1,Group1,0
3.820895522388059,0,1,Group1,0
3.820895522388059,0,1,Group1,0
3.820895522388059,0,1,Group1,0
3.820895522388059,0,1,Group1,0
3.820895522388059,0,1,Group1,0
3.820895522388059,0,1,Group1,0
3.820895522388059,0,1,Group1,0
4.701492537313433,1,1,Group1,0
4.798507462686567,0,1,Group1,0
4.798507462686567,0,1,Group1,0
4.902985074626866,0,1,Group1,0
4.970149253731343,1,1,Group1,0
5.492537313432836,0,1,Group1,0
5.492537313432836,0,1,Group1,0
5.492537313432836,0,1,Group1,0
5.492537313432836,0,1,Group1,0
5.492537313432836,0,1,Group1,0
5.492537313432836,0,1,Group1,0
5.492537313432836,0,1,Group1,0
5.492537313432836,0,1,Group1,0
5.492537313432836,0,1,Group1,0
5.492537313432836,0,1,Group1,0
5.492537313432836,0,1,Group1,0
5.492537313432836,0,1,Group1,0
5.492537313432836,0,1,Group1,0
5.492537313432836,0,1,Group1,0
6.08955223880597,1,1,Group1,0
7.343283582089552,1,1,Group1,0
8.656716417910447,1,1,Group1,0
10.626865671641792,1,1,Group1,0
13.208955223880597,0,1,Group1,0
15.895522388059701,1,1,Group1,0
18.970149253731343,0,1,Group1,0
