time,status,treat,Group,curve
0.2247191011235955,1,1,Group1,0
0.29213483146067415,1,1,Group1,0
0.550561797752809,0,1,Group1,0
0.8651685393258427,1,1,Group1,0
1.1797752808988764,1,1,Group1,0
2.247191011235955,1,1,Group1,0
2.752808988764045,0,1,Group1,0
2.797752808988764,1,1,Group1,0
3.3820224719101124,1,1,Group1,0
3.460674157303371,1,1,Group1,0
3.6179775280898876,1,1,Group1,0
3.9213483146067416,1,1,Group1,0
4.078651685393258,1,1,Group1,0
4.47191011235955,1,1,Group1,0
4.511235955056179,0,1,Group1,0
4.51685393258427,1,1,Group1,0
5.0,1,1,Group1,0
5.022471910112359,1,1,Group1,0
5.303370786516854,1,1,Group1,0
5.359550561797753,1,1,Group1,0
5.617977528089887,1,1,Group1,0
5.640449438202247,1,1,Group1,0
6.157303370786517,1,1,Group1,0
6.179775280898876,1,1,Group1,0
6.235955056179775,1,1,Group1,0
6.303370786516854,1,1,Group1,0
6.741573033707865,1,1,Group1,0
7.741573033707865,1,1,Group1,0
7.966292134831461,1,1,Group1,0
8.02247191011236,1,1,Group1,0
8.280898876404494,1,1,Group1,0
9.168539325842696,1,1,Group1,0
10.213483146067416,1,1,Group1,0
10.426966292134832,1,1,Group1,0
10.808988764044944,1,1,Group1,0
11.044943820224718,1,1,Group1,0
14.988764044943819,1,1,Group1,0
