time,status,treat,Group,curve
7.1954887218045105,0,1,Group1,0
7.1954887218045105,0,1,Group1,0
7.1954887218045105,0,1,Group1,0
7.1954887218045105,0,1,Group1,0
7.1954887218045105,0,1,Group1,0
7.1954887218045105,0,1,Group1,0
7.1954887218045105,0,1,Group1,0
7.1954887218045105,0,1,Group1,0
7.1954887218045105,0,1,Group1,0
7.1954887218045105,0,1,Group1,0
7.1954887218045105,0,1,Group1,0
7.1954887218045105,0,1,Group1,0
14.526315789473683,1,1,Group1,0
15.06766917293233,1,1,Group1,0
19.127819548872182,0,1,Group1,0
19.127819548872182,0,1,Group1,0
19.127819548872182,0,1,Group1,0
19.127819548872182,0,1,Group1,0
19.127819548872182,0,1,Group1,0
19.127819548872182,0,1,Group1,0
23.36842105263158,1,1,Group1,0
24.94736842105263,0,1,Group1,0
24.94736842105263,0,1,Group1,0
24.94736842105263,0,1,Group1,0
24.94736842105263,0,1,Group1,0
26.57142857142857,1,1,Group1,0
30.586466165413533,0,1,Group1,0
30.586466165413533,0,1,Group1,0
30.586466165413533,0,1,Group1,0
34.82706766917293,1,1,Group1,0
37.037593984962406,0,1,Group1,0
39.473684210526315,1,1,Group1,0
41.05263157894737,0,1,Group1,0
41.05263157894737,0,1,Group1,0
42.857142857142854,1,1,Group1,0
43.17293233082707,1,1,Group1,0
46.6015037593985,0,1,Group1,0
46.6015037593985,0,1,Group1,0
46.6015037593985,0,1,Group1,0
50.25563909774436,1,1,Group1,0
52.73684210526316,1,1,Group1,0
53.41353383458646,1,1,Group1,0
53.59398496240601,1,1,Group1,0
54.6766917293233,1,1,Group1,0
60.27067669172932,1,1,Group1,0
