time,status,treat,Group,curve
0.14965986394557823,1,1,Group1,0
1.7959183673469388,1,1,Group1,0
1.870748299319728,0,1,Group1,0
2.8435374149659864,1,1,Group1,0
3.442176870748299,0,1,Group1,0
4.489795918367347,1,1,Group1,0
4.938775510204081,1,1,Group1,0
5.537414965986395,1,1,Group1,0
5.612244897959184,0,1,Group1,0
7.034013605442177,0,1,Group1,0
8.979591836734693,1,1,Group1,0
9.129251700680273,1,1,Group1,0
9.27891156462585,1,1,Group1,0
9.35374149659864,0,1,Group1,0
11.299319727891156,0,1,Group1,0
11.523809523809524,1,1,Group1,0
13.095238095238095,0,1,Group1,0
14.965986394557824,0,1,Group1,0
15.414965986394558,1,1,Group1,0
16.91156462585034,0,1,Group1,0
17.360544217687075,1,1,Group1,0
17.360544217687075,1,1,Group1,0
19.904761904761905,0,1,Group1,0
19.904761904761905,0,1,Group1,0
23.197278911564627,1,1,Group1,0
23.197278911564627,1,1,Group1,0
26.040816326530614,1,1,Group1,0
26.34013605442177,1,1,Group1,0
29.183673469387756,1,1,Group1,0
31.877551020408163,1,1,Group1,0
32.925170068027214,0,1,Group1,0
34.72108843537415,1,1,Group1,0
39.95918367346939,1,1,Group1,0
40.5578231292517,1,1,Group1,0
40.5578231292517,1,1,Group1,0
44.74829931972789,1,1,Group1,0
51.63265306122449,1,1,Group1,0
52.08163265306123,1,1,Group1,0
54.925170068027214,1,1,Group1,0
55.897959183673464,0,1,Group1,0
57.31972789115646,1,1,Group1,0
60.46258503401361,1,1,Group1,0
62.5578231292517,1,1,Group1,0
65.10204081632654,1,1,Group1,0
66.29931972789116,1,1,Group1,0
79.0204081632653,1,1,Group1,0
90.84353741496598,1,1,Group1,0
95.03401360544218,1,1,Group1,0
96.2312925170068,1,1,Group1,0
98.17687074829932,1,1,Group1,0
136.63945578231292,1,1,Group1,0
139.78231292517006,1,1,Group1,0
149.36054421768708,1,1,Group1,0
198.29931972789115,1,1,Group1,0
