time,status,treat,Group,curve
0.15151515151515152,1,1,Group1,0
0.3939393939393939,1,1,Group1,0
0.7575757575757576,1,1,Group1,0
1.0909090909090908,1,1,Group1,0
1.0909090909090908,1,1,Group1,0
1.4848484848484849,1,1,Group1,0
1.5454545454545454,1,1,Group1,0
2.0,1,1,Group1,0
2.166666666666667,0,1,Group1,0
2.484848484848485,1,1,Group1,0
2.757575757575758,1,1,Group1,0
2.757575757575758,1,1,Group1,0
2.878787878787879,1,1,Group1,0
3.181818181818182,1,1,Group1,0
3.5454545454545454,1,1,Group1,0
3.6969696969696972,1,1,Group1,0
3.9696969696969697,1,1,Group1,0
4.878787878787879,1,1,Group1,0
4.96969696969697,1,1,Group1,0
5.333333333333334,1,1,Group1,0
5.787878787878788,1,1,Group1,0
5.848484848484849,1,1,Group1,0
6.545454545454546,1,1,Group1,0
7.121212121212121,1,1,Group1,0
7.212121212121212,1,1,Group1,0
7.484848484848485,1,1,Group1,0
7.9393939393939394,1,1,Group1,0
8.424242424242424,1,1,Group1,0
10.06060606060606,1,1,Group1,0
11.96969696969697,1,1,Group1,0
12.181818181818182,1,1,Group1,0
12.90909090909091,1,1,Group1,0
15.06060606060606,1,1,Group1,0
15.575757575757576,1,1,Group1,0
16.151515151515152,1,1,Group1,0
19.303030303030305,1,1,Group1,0
20.303030303030305,1,1,Group1,0
21.272727272727273,1,1,Group1,0
23.09090909090909,1,1,Group1,0
24.21212121212121,1,1,Group1,0
31.424242424242426,1,1,Group1,0
40.63636363636364,0,1,Group1,0
