time,status,treat,Group,curve
1.1938775510204083,0,1,Group1,0
2.6530612244897958,0,1,Group1,0
3.4489795918367347,1,1,Group1,0
3.7142857142857144,0,1,Group1,0
4.908163265306123,0,1,Group1,0
6.23469387755102,0,1,Group1,0
6.8979591836734695,1,1,Group1,0
7.561224489795919,0,1,Group1,0
8.887755102040817,0,1,Group1,0
9.948979591836736,0,1,Group1,0
10.081632653061225,1,1,Group1,0
11.275510204081634,0,1,Group1,0
12.73469387755102,0,1,Group1,0
13.26530612244898,1,1,Group1,0
13.928571428571429,0,1,Group1,0
14.989795918367347,0,1,Group1,0
15.122448979591837,1,1,Group1,0
16.316326530612244,0,1,Group1,0
17.244897959183675,1,1,Group1,0
18.43877551020408,0,1,Group1,0
18.43877551020408,0,1,Group1,0
20.16326530612245,0,1,Group1,0
21.622448979591837,0,1,Group1,0
22.683673469387756,0,1,Group1,0
24.142857142857146,0,1,Group1,0
24.142857142857146,0,1,Group1,0
26.39795918367347,0,1,Group1,0
26.53061224489796,1,1,Group1,0
30.775510204081634,0,1,Group1,0
30.775510204081634,0,1,Group1,0
30.775510204081634,0,1,Group1,0
30.775510204081634,0,1,Group1,0
30.775510204081634,0,1,Group1,0
30.775510204081634,0,1,Group1,0
35.1530612244898,0,1,Group1,0
36.08163265306123,1,1,Group1,0
36.4795918367347,0,1,Group1,0
37.40816326530612,1,1,Group1,0
37.673469387755105,0,1,Group1,0
41.12244897959184,1,1,Group1,0
43.11224489795919,0,1,Group1,0
47.48979591836735,1,1,Group1,0
48.94897959183674,0,1,Group1,0
52.79591836734694,1,1,Group1,0
53.85714285714286,1,1,Group1,0
57.704081632653065,0,1,Group1,0
57.704081632653065,0,1,Group1,0
62.87755102040817,1,1,Group1,0
65.0,0,1,Group1,0
69.77551020408164,1,1,Group1,0
75.4795918367347,0,1,Group1,0
75.4795918367347,0,1,Group1,0
90.20408163265307,1,1,Group1,0
94.9795918367347,0,1,Group1,0
98.16326530612245,1,1,Group1,0
108.37755102040816,0,1,Group1,0
115.9387755102041,1,1,Group1,0
136.89795918367346,1,1,Group1,0
245.01020408163265,0,1,Group1,0
353.6530612244898,0,1,Group1,0
