time,status,treat,Group,curve
0.21768707482993196,1,1,Group1,0
0.2312925170068027,0,1,Group1,0
0.44897959183673464,0,1,Group1,0
0.6938775510204082,0,1,Group1,0
0.7346938775510203,1,1,Group1,0
0.91156462585034,0,1,Group1,0
1.034013605442177,1,1,Group1,0
1.0884353741496597,1,1,Group1,0
1.2380952380952381,0,1,Group1,0
1.2380952380952381,0,1,Group1,0
1.619047619047619,0,1,Group1,0
1.7142857142857142,1,1,Group1,0
1.9727891156462585,0,1,Group1,0
1.9727891156462585,0,1,Group1,0
2.2993197278911564,0,1,Group1,0
2.4761904761904763,0,1,Group1,0
2.6666666666666665,1,1,Group1,0
2.91156462585034,0,1,Group1,0
2.91156462585034,0,1,Group1,0
3.2108843537414966,0,1,Group1,0
3.2925170068027207,1,1,Group1,0
3.4693877551020407,0,1,Group1,0
4.421768707482993,0,1,Group1,0
4.421768707482993,0,1,Group1,0
4.421768707482993,0,1,Group1,0
4.421768707482993,0,1,Group1,0
4.421768707482993,0,1,Group1,0
4.421768707482993,0,1,Group1,0
4.421768707482993,0,1,Group1,0
5.442176870748299,1,1,Group1,0
5.836734693877551,0,1,Group1,0
5.836734693877551,0,1,Group1,0
6.476190476190476,1,1,Group1,0
6.653061224489795,0,1,Group1,0
6.666666666666666,1,1,Group1,0
7.1020408163265305,0,1,Group1,0
7.591836734693877,0,1,Group1,0
7.673469387755102,1,1,Group1,0
8.299319727891156,0,1,Group1,0
8.299319727891156,0,1,Group1,0
9.061224489795919,1,1,Group1,0
12.272108843537413,0,1,Group1,0
12.272108843537413,0,1,Group1,0
12.272108843537413,0,1,Group1,0
12.272108843537413,0,1,Group1,0
15.020408163265305,1,1,Group1,0
15.83673469387755,0,1,Group1,0
16.7891156462585,1,1,Group1,0
18.42176870748299,0,1,Group1,0
18.42176870748299,0,1,Group1,0
22.639455782312925,1,1,Group1,0
28.952380952380953,1,1,Group1,0
