time,status,treat,Group,curve
0.6506849315068493,1,1,Group1,0
1.821917808219178,1,1,Group1,0
3.2534246575342465,1,1,Group1,0
4.684931506849315,1,1,Group1,0
6.376712328767123,1,1,Group1,0
6.767123287671232,1,1,Group1,0
6.832191780821917,0,1,Group1,0
8.71917808219178,1,1,Group1,0
10.671232876712327,1,1,Group1,0
11.712328767123287,1,1,Group1,0
11.972602739726026,1,1,Group1,0
12.363013698630136,1,1,Group1,0
13.273972602739725,1,1,Group1,0
13.59931506849315,0,1,Group1,0
13.664383561643834,1,1,Group1,0
15.226027397260273,1,1,Group1,0
15.876712328767123,1,1,Group1,0
17.04794520547945,1,1,Group1,0
21.082191780821915,1,1,Group1,0
21.472602739726025,1,1,Group1,0
24.986301369863014,1,1,Group1,0
25.376712328767123,1,1,Group1,0
28.239726027397257,1,1,Group1,0
30.972602739726025,1,1,Group1,0
31.102739726027394,1,1,Group1,0
32.273972602739725,1,1,Group1,0
34.35616438356164,1,1,Group1,0
36.438356164383556,1,1,Group1,0
43.465753424657535,1,1,Group1,0
51.794520547945204,1,1,Group1,0
52.83561643835616,1,1,Group1,0
55.82876712328767,1,1,Group1,0
65.32876712328766,1,1,Group1,0
67.41095890410959,1,1,Group1,0
70.01369863013699,1,1,Group1,0
76.52054794520548,0,1,Group1,0
83.67808219178082,1,1,Group1,0
87.97260273972603,1,1,Group1,0
100.20547945205479,1,1,Group1,0
104.8904109589041,1,1,Group1,0
135.9931506849315,1,1,Group1,0
136.25342465753423,1,1,Group1,0
176.2054794520548,1,1,Group1,0
