time,status,treat,Group,curve
0.17985611510791366,0,1,Group1,0
0.28776978417266186,1,1,Group1,0
0.4856115107913669,0,1,Group1,0
0.539568345323741,1,1,Group1,0
0.7014388489208633,0,1,Group1,0
0.7194244604316546,1,1,Group1,0
0.8633093525179856,1,1,Group1,0
0.9532374100719424,0,1,Group1,0
1.079136690647482,1,1,Group1,0
1.1870503597122302,1,1,Group1,0
1.2050359712230216,0,1,Group1,0
1.3669064748201438,1,1,Group1,0
1.420863309352518,0,1,Group1,0
1.474820143884892,1,1,Group1,0
1.6366906474820144,0,1,Group1,0
1.8884892086330933,0,1,Group1,0
1.9064748201438848,1,1,Group1,0
2.1402877697841727,0,1,Group1,0
2.302158273381295,1,1,Group1,0
2.3920863309352516,0,1,Group1,0
2.4820143884892083,1,1,Group1,0
2.607913669064748,0,1,Group1,0
2.76978417266187,1,1,Group1,0
2.8597122302158273,0,1,Group1,0
3.1115107913669062,0,1,Group1,0
3.129496402877698,1,1,Group1,0
3.273381294964029,0,1,Group1,0
3.579136690647482,0,1,Group1,0
3.597122302158273,1,1,Group1,0
3.7949640287769784,0,1,Group1,0
3.884892086330935,1,1,Group1,0
4.046762589928058,0,1,Group1,0
4.136690647482014,1,1,Group1,0
4.316546762589928,0,1,Group1,0
4.514388489208633,0,1,Group1,0
4.568345323741007,1,1,Group1,0
4.676258992805755,1,1,Group1,0
4.802158273381295,0,1,Group1,0
5.179856115107913,1,1,Group1,0
5.377697841726619,0,1,Group1,0
5.575539568345324,1,1,Group1,0
5.79136690647482,1,1,Group1,0
5.917266187050359,0,1,Group1,0
6.0071942446043165,1,1,Group1,0
6.348920863309353,0,1,Group1,0
6.798561151079136,0,1,Group1,0
6.870503597122302,1,1,Group1,0
7.086330935251798,1,1,Group1,0
7.194244604316546,1,1,Group1,0
7.464028776978417,0,1,Group1,0
7.464028776978417,0,1,Group1,0
8.129496402877699,0,1,Group1,0
8.453237410071942,1,1,Group1,0
8.57913669064748,0,1,Group1,0
9.100719424460431,0,1,Group1,0
9.35251798561151,1,1,Group1,0
9.60431654676259,0,1,Group1,0
10.14388489208633,1,1,Group1,0
10.899280575539567,0,1,Group1,0
11.546762589928058,1,1,Group1,0
11.690647482014388,0,1,Group1,0
12.482014388489208,1,1,Group1,0
12.589928057553957,0,1,Group1,0
13.273381294964029,0,1,Group1,0
13.81294964028777,1,1,Group1,0
14.172661870503596,0,1,Group1,0
15.071942446043165,1,1,Group1,0
15.647482014388489,1,1,Group1,0
17.086330935251798,1,1,Group1,0
20.53956834532374,1,1,Group1,0
30.05395683453237,0,1,Group1,0
33.41726618705036,1,1,Group1,0
37.014388489208635,1,1,Group1,0
44.92805755395683,1,1,Group1,0
46.52877697841727,0,1,Group1,0
