time,status,treat,Group,curve
0.2206896551724138,1,1,Group1,0
0.27586206896551724,1,1,Group1,0
0.4413793103448276,1,1,Group1,0
0.8827586206896552,0,1,Group1,0
0.993103448275862,1,1,Group1,0
1.2689655172413792,1,1,Group1,0
1.3793103448275863,1,1,Group1,0
1.6551724137931034,1,1,Group1,0
1.793103448275862,0,1,Group1,0
1.8758620689655172,1,1,Group1,0
1.9310344827586206,1,1,Group1,0
2.0413793103448277,1,1,Group1,0
2.0413793103448277,1,1,Group1,0
2.372413793103448,1,1,Group1,0
2.372413793103448,1,1,Group1,0
2.6758620689655173,0,1,Group1,0
2.7586206896551726,1,1,Group1,0
2.8689655172413793,1,1,Group1,0
2.979310344827586,1,1,Group1,0
3.2,1,1,Group1,0
3.5310344827586206,0,1,Group1,0
4.027586206896552,1,1,Group1,0
4.358620689655172,1,1,Group1,0
4.441379310344828,0,1,Group1,0
4.524137931034483,1,1,Group1,0
4.744827586206896,1,1,Group1,0
4.855172413793103,1,1,Group1,0
5.13103448275862,1,1,Group1,0
5.324137931034483,0,1,Group1,0
5.3517241379310345,1,1,Group1,0
5.462068965517242,1,1,Group1,0
6.068965517241379,1,1,Group1,0
6.206896551724138,0,1,Group1,0
6.23448275862069,1,1,Group1,0
6.731034482758621,1,1,Group1,0
6.951724137931034,1,1,Group1,0
7.062068965517241,1,1,Group1,0
7.448275862068965,0,1,Group1,0
8.110344827586207,1,1,Group1,0
9.048275862068966,1,1,Group1,0
9.158620689655173,1,1,Group1,0
9.489655172413793,1,1,Group1,0
9.655172413793103,1,1,Group1,0
9.76551724137931,1,1,Group1,0
10.151724137931033,1,1,Group1,0
10.372413793103448,1,1,Group1,0
10.537931034482758,1,1,Group1,0
11.448275862068964,0,1,Group1,0
12.63448275862069,1,1,Group1,0
12.689655172413794,1,1,Group1,0
14.068965517241379,0,1,Group1,0
15.83448275862069,1,1,Group1,0
15.83448275862069,1,1,Group1,0
16.717241379310344,1,1,Group1,0
17.820689655172412,1,1,Group1,0
18.482758620689655,1,1,Group1,0
21.79310344827586,1,1,Group1,0
23.282758620689656,1,1,Group1,0
24.99310344827586,1,1,Group1,0
47.227586206896554,1,1,Group1,0
73.98620689655172,0,1,Group1,0
