time,status,treat,Group,curve
0.1079136690647482,1,1,Group1,0
0.23381294964028776,0,1,Group1,0
0.3237410071942446,1,1,Group1,0
0.4676258992805755,1,1,Group1,0
0.4856115107913669,0,1,Group1,0
0.539568345323741,1,1,Group1,0
0.6115107913669064,1,1,Group1,0
0.6834532374100719,1,1,Group1,0
0.7014388489208633,0,1,Group1,0
0.7913669064748201,1,1,Group1,0
0.8633093525179856,1,1,Group1,0
0.9532374100719424,0,1,Group1,0
1.0431654676258992,1,1,Group1,0
1.2589928057553956,0,1,Group1,0
1.4028776978417266,0,1,Group1,0
1.474820143884892,1,1,Group1,0
1.5827338129496402,1,1,Group1,0
1.672661870503597,0,1,Group1,0
1.7266187050359711,1,1,Group1,0
1.7985611510791366,1,1,Group1,0
1.8884892086330933,0,1,Group1,0
1.9064748201438848,1,1,Group1,0
2.158273381294964,0,1,Group1,0
2.3741007194244603,1,1,Group1,0
2.3920863309352516,0,1,Group1,0
2.607913669064748,0,1,Group1,0
2.6258992805755392,1,1,Group1,0
2.8597122302158273,0,1,Group1,0
2.913669064748201,1,1,Group1,0
3.057553956834532,1,1,Group1,0
3.129496402877698,0,1,Group1,0
3.3273381294964026,0,1,Group1,0
3.381294964028777,1,1,Group1,0
3.579136690647482,0,1,Group1,0
3.741007194244604,1,1,Group1,0
3.830935251798561,0,1,Group1,0
4.046762589928058,0,1,Group1,0
4.0647482014388485,1,1,Group1,0
4.244604316546763,1,1,Group1,0
4.316546762589928,0,1,Group1,0
4.514388489208633,0,1,Group1,0
4.568345323741007,1,1,Group1,0
4.60431654676259,1,1,Group1,0
4.7661870503597115,0,1,Group1,0
4.892086330935252,1,1,Group1,0
5.107913669064748,1,1,Group1,0
5.215827338129496,1,1,Group1,0
5.359712230215827,1,1,Group1,0
5.431654676258993,1,1,Group1,0
5.755395683453237,1,1,Group1,0
6.0071942446043165,1,1,Group1,0
6.510791366906474,1,1,Group1,0
6.798561151079136,1,1,Group1,0
7.014388489208633,1,1,Group1,0
7.338129496402877,1,1,Group1,0
7.410071942446043,1,1,Group1,0
8.345323741007194,1,1,Group1,0
8.920863309352518,1,1,Group1,0
9.74820143884892,1,1,Group1,0
10.071942446043165,1,1,Group1,0
10.827338129496402,1,1,Group1,0
11.115107913669064,1,1,Group1,0
11.33093525179856,1,1,Group1,0
12.625899280575538,1,1,Group1,0
16.366906474820144,1,1,Group1,0
17.158273381294965,1,1,Group1,0
17.51798561151079,1,1,Group1,0
19.74820143884892,1,1,Group1,0
20.39568345323741,1,1,Group1,0
21.294964028776977,1,1,Group1,0
22.89568345323741,0,1,Group1,0
23.56115107913669,1,1,Group1,0
26.76258992805755,0,1,Group1,0
28.237410071942445,1,1,Group1,0
31.007194244604314,1,1,Group1,0
45.39568345323741,0,1,Group1,0
