time,status,treat,Group,curve
0.21959459459459463,0,1,Group1,0
0.30405405405405406,1,1,Group1,0
0.4222972972972973,0,1,Group1,0
0.6587837837837838,0,1,Group1,0
0.6756756756756757,1,1,Group1,0
0.8783783783783784,0,1,Group1,0
1.0641891891891893,0,1,Group1,0
1.3006756756756757,0,1,Group1,0
1.6554054054054055,0,1,Group1,0
1.6554054054054055,0,1,Group1,0
1.6554054054054055,0,1,Group1,0
2.1790540540540544,0,1,Group1,0
2.195945945945946,1,1,Group1,0
2.533783783783784,0,1,Group1,0
2.533783783783784,0,1,Group1,0
2.533783783783784,0,1,Group1,0
3.006756756756757,1,1,Group1,0
3.260135135135135,0,1,Group1,0
3.260135135135135,0,1,Group1,0
3.260135135135135,0,1,Group1,0
3.581081081081081,1,1,Group1,0
3.6993243243243246,0,1,Group1,0
3.9695945945945947,0,1,Group1,0
3.9695945945945947,0,1,Group1,0
4.324324324324325,1,1,Group1,0
4.64527027027027,0,1,Group1,0
4.64527027027027,0,1,Group1,0
4.64527027027027,0,1,Group1,0
5.135135135135135,1,1,Group1,0
5.337837837837839,0,1,Group1,0
5.726351351351352,0,1,Group1,0
5.777027027027027,1,1,Group1,0
6.013513513513514,0,1,Group1,0
6.418918918918919,1,1,Group1,0
6.4358108108108105,0,1,Group1,0
6.824324324324325,0,1,Group1,0
6.925675675675676,1,1,Group1,0
7.179054054054054,0,1,Group1,0
7.5,1,1,Group1,0
7.550675675675676,0,1,Group1,0
7.837837837837839,1,1,Group1,0
8.20945945945946,0,1,Group1,0
8.20945945945946,0,1,Group1,0
8.631756756756758,0,1,Group1,0
8.885135135135137,0,1,Group1,0
9.324324324324325,0,1,Group1,0
9.527027027027028,1,1,Group1,0
9.712837837837839,0,1,Group1,0
12.22972972972973,1,1,Group1,0
12.652027027027028,0,1,Group1,0
13.581081081081082,1,1,Group1,0
15.52364864864865,0,1,Group1,0
22.22972972972973,0,1,Group1,0
27.027027027027028,1,1,Group1,0
35.76013513513514,0,1,Group1,0
