time,status,treat,Group,curve
0.20833333333333334,1,1,Group1,0
0.625,1,1,Group1,0
1.1111111111111112,1,1,Group1,0
1.3194444444444444,1,1,Group1,0
1.527777777777778,1,1,Group1,0
1.875,1,1,Group1,0
1.9444444444444446,1,1,Group1,0
2.638888888888889,1,1,Group1,0
2.7083333333333335,1,1,Group1,0
3.263888888888889,1,1,Group1,0
3.611111111111111,1,1,Group1,0
4.236111111111112,1,1,Group1,0
4.583333333333334,1,1,Group1,0
4.791666666666667,1,1,Group1,0
4.930555555555555,1,1,Group1,0
5.208333333333334,0,1,Group1,0
5.486111111111112,1,1,Group1,0
5.625,1,1,Group1,0
6.111111111111112,1,1,Group1,0
6.458333333333334,1,1,Group1,0
6.666666666666667,1,1,Group1,0
6.736111111111112,1,1,Group1,0
7.152777777777778,1,1,Group1,0
8.88888888888889,1,1,Group1,0
9.027777777777779,1,1,Group1,0
9.166666666666668,1,1,Group1,0
9.722222222222223,1,1,Group1,0
10.48611111111111,1,1,Group1,0
10.625,1,1,Group1,0
11.041666666666668,1,1,Group1,0
11.805555555555555,1,1,Group1,0
12.986111111111112,1,1,Group1,0
13.055555555555555,1,1,Group1,0
13.541666666666668,1,1,Group1,0
14.375,1,1,Group1,0
15.208333333333334,1,1,Group1,0
16.631944444444443,0,1,Group1,0
18.194444444444446,1,1,Group1,0
21.666666666666668,1,1,Group1,0
22.083333333333336,1,1,Group1,0
23.40277777777778,1,1,Group1,0
25.625,1,1,Group1,0
27.291666666666668,1,1,Group1,0
28.194444444444446,1,1,Group1,0
30.90277777777778,1,1,Group1,0
32.77777777777778,1,1,Group1,0
34.44444444444444,1,1,Group1,0
34.51388888888889,1,1,Group1,0
34.93055555555556,1,1,Group1,0
36.80555555555556,1,1,Group1,0
38.47222222222222,1,1,Group1,0
41.80555555555556,1,1,Group1,0
43.81944444444444,1,1,Group1,0
56.80555555555556,1,1,Group1,0
56.875,1,1,Group1,0
73.54166666666667,1,1,Group1,0
87.56944444444444,1,1,Group1,0
94.02777777777779,1,1,Group1,0
