time,status,treat,Group,curve
0.3945578231292517,1,1,Group1,0
1.183673469387755,1,1,Group1,0
2.1700680272108843,1,1,Group1,0
2.1700680272108843,1,1,Group1,0
4.142857142857142,1,1,Group1,0
5.129251700680272,1,1,Group1,0
5.918367346938775,1,1,Group1,0
6.5102040816326525,1,1,Group1,0
6.707482993197279,1,1,Group1,0
7.200680272108843,0,1,Group1,0
7.6938775510204085,1,1,Group1,0
8.680272108843537,1,1,Group1,0
10.45578231292517,1,1,Group1,0
11.244897959183673,1,1,Group1,0
11.639455782312925,1,1,Group1,0
13.020408163265305,1,1,Group1,0
13.020408163265305,1,1,Group1,0
14.598639455782312,0,1,Group1,0
15.585034013605442,1,1,Group1,0
16.374149659863946,1,1,Group1,0
18.346938775510203,1,1,Group1,0
20.122448979591837,1,1,Group1,0
21.306122448979593,1,1,Group1,0
21.799319727891156,0,1,Group1,0
21.897959183673468,1,1,Group1,0
23.27891156462585,1,1,Group1,0
24.26530612244898,1,1,Group1,0
24.857142857142858,1,1,Group1,0
26.632653061224488,1,1,Group1,0
26.829931972789115,1,1,Group1,0
27.816326530612244,1,1,Group1,0
29.98639455782313,1,1,Group1,0
30.183673469387756,1,1,Group1,0
30.775510204081634,1,1,Group1,0
32.64965986394558,0,1,Group1,0
32.74829931972789,1,1,Group1,0
33.73469387755102,1,1,Group1,0
34.12925170068027,1,1,Group1,0
36.10204081632653,1,1,Group1,0
36.20068027210884,0,1,Group1,0
37.08843537414966,1,1,Group1,0
39.94897959183673,0,1,Group1,0
41.2312925170068,1,1,Group1,0
42.414965986394556,1,1,Group1,0
43.40136054421768,0,1,Group1,0
44.38775510204081,1,1,Group1,0
47.05102040816327,0,1,Group1,0
47.74149659863946,1,1,Group1,0
50.70068027210884,0,1,Group1,0
52.87074829931973,1,1,Group1,0
53.46258503401361,1,1,Group1,0
55.534013605442176,0,1,Group1,0
58.197278911564624,1,1,Group1,0
62.34013605442177,1,1,Group1,0
64.31292517006803,1,1,Group1,0
65.49659863945578,1,1,Group1,0
69.04761904761905,1,1,Group1,0
75.16326530612245,1,1,Group1,0
78.91156462585033,1,1,Group1,0
84.23809523809524,1,1,Group1,0
87.0,1,1,Group1,0
90.94557823129252,1,1,Group1,0
101.79591836734694,1,1,Group1,0
108.10884353741497,1,1,Group1,0
138.2925170068027,1,1,Group1,0
151.312925170068,1,1,Group1,0
227.26530612244898,1,1,Group1,0
231.01360544217687,0,1,Group1,0
244.1326530612245,0,1,Group1,0
