time,status,treat,Group,curve
0.410958904109589,0,1,Group1,0
0.5753424657534246,1,1,Group1,0
0.7808219178082192,0,1,Group1,0
1.1506849315068493,1,1,Group1,0
1.191780821917808,0,1,Group1,0
1.3972602739726028,0,1,Group1,0
1.9315068493150684,0,1,Group1,0
2.383561643835616,0,1,Group1,0
2.547945205479452,1,1,Group1,0
2.6712328767123283,0,1,Group1,0
2.7123287671232874,1,1,Group1,0
3.0821917808219177,0,1,Group1,0
3.4520547945205475,0,1,Group1,0
3.780821917808219,1,1,Group1,0
3.863013698630137,0,1,Group1,0
4.191780821917808,0,1,Group1,0
4.643835616438356,0,1,Group1,0
5.054794520547945,0,1,Group1,0
5.178082191780821,1,1,Group1,0
5.383561643835616,0,1,Group1,0
5.917808219178082,0,1,Group1,0
5.917808219178082,0,1,Group1,0
6.616438356164384,0,1,Group1,0
6.657534246575342,1,1,Group1,0
6.986301369863013,0,1,Group1,0
7.47945205479452,0,1,Group1,0
7.767123287671232,0,1,Group1,0
7.972602739726026,0,1,Group1,0
8.506849315068493,0,1,Group1,0
8.63013698630137,1,1,Group1,0
8.876712328767123,1,1,Group1,0
8.917808219178081,0,1,Group1,0
9.32876712328767,0,1,Group1,0
9.575342465753424,0,1,Group1,0
10.06849315068493,0,1,Group1,0
10.109589041095889,1,1,Group1,0
10.479452054794521,0,1,Group1,0
10.602739726027396,1,1,Group1,0
10.84931506849315,0,1,Group1,0
11.26027397260274,0,1,Group1,0
11.58904109589041,1,1,Group1,0
11.671232876712327,0,1,Group1,0
12.863013698630137,0,1,Group1,0
12.986301369863012,1,1,Group1,0
13.561643835616437,0,1,Group1,0
14.136986301369863,1,1,Group1,0
14.58904109589041,0,1,Group1,0
15.205479452054794,1,1,Group1,0
15.452054794520546,0,1,Group1,0
16.43835616438356,0,1,Group1,0
17.013698630136986,1,1,Group1,0
17.054794520547944,0,1,Group1,0
17.87671232876712,0,1,Group1,0
18.164383561643834,1,1,Group1,0
18.534246575342465,0,1,Group1,0
19.561643835616437,1,1,Group1,0
19.602739726027394,0,1,Group1,0
20.424657534246574,0,1,Group1,0
21.205479452054796,0,1,Group1,0
21.945205479452053,1,1,Group1,0
22.273972602739725,0,1,Group1,0
22.972602739726028,0,1,Group1,0
24.28767123287671,0,1,Group1,0
24.28767123287671,0,1,Group1,0
26.054794520547944,1,1,Group1,0
30.164383561643834,1,1,Group1,0
32.465753424657535,1,1,Group1,0
34.10958904109589,1,1,Group1,0
35.75342465753425,1,1,Group1,0
40.1917808219178,1,1,Group1,0
44.21917808219178,1,1,Group1,0
52.52054794520548,1,1,Group1,0
110.3835616438356,0,1,Group1,0
