time,status,treat,Group,curve
0.10884353741496598,1,1,Group1,0
0.16326530612244897,1,1,Group1,0
0.29931972789115646,1,1,Group1,0
0.5442176870748299,1,1,Group1,0
0.8163265306122449,1,1,Group1,0
0.9523809523809523,1,1,Group1,0
0.9931972789115646,0,1,Group1,0
1.0068027210884354,1,1,Group1,0
1.0884353741496597,1,1,Group1,0
1.1156462585034013,1,1,Group1,0
1.1700680272108843,1,1,Group1,0
1.6870748299319727,1,1,Group1,0
1.7414965986394557,1,1,Group1,0
1.9319727891156462,1,1,Group1,0
2.0,0,1,Group1,0
2.0136054421768708,1,1,Group1,0
2.3945578231292517,1,1,Group1,0
2.421768707482993,1,1,Group1,0
2.6666666666666665,1,1,Group1,0
2.7755102040816326,1,1,Group1,0
2.9931972789115644,0,1,Group1,0
3.2108843537414966,1,1,Group1,0
3.3197278911564623,1,1,Group1,0
3.4285714285714284,1,1,Group1,0
3.4829931972789114,1,1,Group1,0
4.0272108843537415,1,1,Group1,0
4.081632653061225,1,1,Group1,0
4.73469387755102,1,1,Group1,0
5.061224489795918,1,1,Group1,0
5.659863945578231,1,1,Group1,0
5.714285714285714,1,1,Group1,0
6.01360544217687,1,1,Group1,0
6.040816326530612,1,1,Group1,0
6.258503401360544,1,1,Group1,0
6.36734693877551,1,1,Group1,0
6.829931972789115,1,1,Group1,0
7.183673469387755,1,1,Group1,0
7.673469387755102,1,1,Group1,0
7.700680272108843,1,1,Group1,0
7.755102040816326,1,1,Group1,0
7.9727891156462585,1,1,Group1,0
8.136054421768707,1,1,Group1,0
9.197278911564625,1,1,Group1,0
9.360544217687075,1,1,Group1,0
9.551020408163264,1,1,Group1,0
9.605442176870747,1,1,Group1,0
10.802721088435375,1,1,Group1,0
10.911564625850339,1,1,Group1,0
11.238095238095237,1,1,Group1,0
11.346938775510203,1,1,Group1,0
12.02721088435374,1,1,Group1,0
12.680272108843537,1,1,Group1,0
13.877551020408163,1,1,Group1,0
14.965986394557822,1,1,Group1,0
15.619047619047619,1,1,Group1,0
16.517006802721088,1,1,Group1,0
16.653061224489797,1,1,Group1,0
16.87074829931973,1,1,Group1,0
16.897959183673468,1,1,Group1,0
17.85034013605442,1,1,Group1,0
20.435374149659864,1,1,Group1,0
21.71428571428571,1,1,Group1,0
21.741496598639454,1,1,Group1,0
25.387755102040817,1,1,Group1,0
26.448979591836732,1,1,Group1,0
27.83673469387755,1,1,Group1,0
33.33333333333333,1,1,Group1,0
35.72789115646258,1,1,Group1,0
36.54421768707483,1,1,Group1,0
