time,status,treat,Group,curve
0.018018018018018018,1,1,Group1,0
0.12612612612612611,1,1,Group1,0
0.32432432432432434,1,1,Group1,0
0.43243243243243246,1,1,Group1,0
0.48648648648648646,1,1,Group1,0
0.6486486486486487,1,1,Group1,0
0.9009009009009009,1,1,Group1,0
1.027027027027027,1,1,Group1,0
1.1801801801801801,0,1,Group1,0
1.2612612612612613,1,1,Group1,0
1.4054054054054055,1,1,Group1,0
2.4864864864864864,1,1,Group1,0
2.873873873873874,0,1,Group1,0
3.3513513513513513,1,1,Group1,0
3.873873873873874,1,1,Group1,0
3.963963963963964,1,1,Group1,0
4.09009009009009,1,1,Group1,0
4.702702702702703,1,1,Group1,0
4.7207207207207205,1,1,Group1,0
4.756756756756757,1,1,Group1,0
5.621621621621622,1,1,Group1,0
5.63963963963964,1,1,Group1,0
5.7657657657657655,1,1,Group1,0
6.162162162162162,1,1,Group1,0
6.990990990990991,1,1,Group1,0
7.2342342342342345,0,1,Group1,0
7.5675675675675675,1,1,Group1,0
7.5675675675675675,1,1,Group1,0
8.162162162162161,1,1,Group1,0
8.504504504504505,1,1,Group1,0
9.387387387387387,1,1,Group1,0
10.108108108108109,1,1,Group1,0
10.882882882882884,1,1,Group1,0
11.00900900900901,1,1,Group1,0
11.747747747747747,1,1,Group1,0
12.666666666666666,1,1,Group1,0
12.91891891891892,1,1,Group1,0
13.567567567567567,1,1,Group1,0
14.162162162162161,1,1,Group1,0
14.198198198198199,1,1,Group1,0
14.54054054054054,1,1,Group1,0
15.00900900900901,0,1,Group1,0
15.567567567567567,1,1,Group1,0
16.036036036036037,1,1,Group1,0
19.27927927927928,1,1,Group1,0
21.81981981981982,1,1,Group1,0
22.9009009009009,1,1,Group1,0
23.063063063063062,1,1,Group1,0
23.35135135135135,1,1,Group1,0
23.71171171171171,1,1,Group1,0
