time,status,treat,Group,curve
1.2925170068027212,0,1,Group1,0
2.197278911564626,0,1,Group1,0
3.2312925170068025,0,1,Group1,0
3.619047619047619,1,1,Group1,0
4.136054421768708,1,1,Group1,0
4.26530612244898,0,1,Group1,0
5.170068027210885,1,1,Group1,0
5.299319727891157,0,1,Group1,0
6.333333333333334,0,1,Group1,0
7.238095238095238,1,1,Group1,0
7.36734693877551,0,1,Group1,0
8.659863945578232,0,1,Group1,0
8.659863945578232,0,1,Group1,0
10.34013605442177,0,1,Group1,0
11.503401360544217,0,1,Group1,0
11.63265306122449,1,1,Group1,0
12.666666666666668,0,1,Group1,0
13.829931972789115,0,1,Group1,0
15.380952380952383,0,1,Group1,0
15.380952380952383,0,1,Group1,0
16.931972789115648,0,1,Group1,0
17.578231292517007,1,1,Group1,0
17.965986394557824,0,1,Group1,0
19.0,0,1,Group1,0
20.034013605442176,0,1,Group1,0
22.74829931972789,0,1,Group1,0
22.74829931972789,0,1,Group1,0
22.74829931972789,0,1,Group1,0
22.74829931972789,0,1,Group1,0
22.74829931972789,0,1,Group1,0
26.496598639455783,0,1,Group1,0
26.625850340136054,1,1,Group1,0
27.142857142857146,0,1,Group1,0
28.564625850340136,0,1,Group1,0
28.952380952380953,1,1,Group1,0
29.727891156462587,0,1,Group1,0
30.63265306122449,0,1,Group1,0
31.666666666666668,0,1,Group1,0
33.08843537414966,0,1,Group1,0
33.734693877551024,0,1,Group1,0
34.7687074829932,0,1,Group1,0
34.89795918367347,1,1,Group1,0
35.673469387755105,0,1,Group1,0
36.83673469387755,0,1,Group1,0
37.482993197278915,1,1,Group1,0
42.13605442176871,1,1,Group1,0
47.04761904761905,1,1,Group1,0
49.89115646258504,1,1,Group1,0
52.47619047619048,1,1,Group1,0
58.68027210884354,1,1,Group1,0
62.04081632653062,1,1,Group1,0
68.24489795918367,1,1,Group1,0
74.96598639455783,1,1,Group1,0
89.4421768707483,1,1,Group1,0
119.68707482993199,0,1,Group1,0
150.96598639455783,1,1,Group1,0
153.03401360544217,0,1,Group1,0
153.03401360544217,0,1,Group1,0
153.03401360544217,0,1,Group1,0
177.9795918367347,0,1,Group1,0
177.9795918367347,0,1,Group1,0
213.26530612244898,1,1,Group1,0
