time,status,treat,Group,curve
0.6293706293706294,1,1,Group1,0
0.7867132867132867,0,1,Group1,0
1.6783216783216783,0,1,Group1,0
1.8881118881118881,1,1,Group1,0
2.3076923076923075,0,1,Group1,0
3.041958041958042,1,1,Group1,0
3.199300699300699,0,1,Group1,0
3.9335664335664333,0,1,Group1,0
3.986013986013986,1,1,Group1,0
4.300699300699301,1,1,Group1,0
4.615384615384615,1,1,Group1,0
4.7727272727272725,0,1,Group1,0
5.34965034965035,1,1,Group1,0
5.506993006993007,0,1,Group1,0
6.398601398601398,0,1,Group1,0
7.080419580419581,0,1,Group1,0
7.132867132867133,1,1,Group1,0
7.7622377622377625,1,1,Group1,0
8.076923076923077,0,1,Group1,0
8.653846153846153,0,1,Group1,0
9.493006993006993,0,1,Group1,0
9.545454545454545,1,1,Group1,0
10.227272727272727,0,1,Group1,0
10.27972027972028,1,1,Group1,0
11.433566433566433,0,1,Group1,0
11.433566433566433,0,1,Group1,0
12.63986013986014,0,1,Group1,0
12.797202797202797,1,1,Group1,0
13.321678321678322,1,1,Group1,0
13.374125874125873,0,1,Group1,0
14.003496503496503,0,1,Group1,0
14.685314685314685,1,1,Group1,0
17.307692307692307,1,1,Group1,0
17.56993006993007,0,1,Group1,0
18.251748251748253,1,1,Group1,0
18.986013986013987,1,1,Group1,0
19.87762237762238,0,1,Group1,0
20.55944055944056,1,1,Group1,0
22.657342657342657,0,1,Group1,0
24.02097902097902,1,1,Group1,0
26.486013986013987,0,1,Group1,0
26.486013986013987,0,1,Group1,0
28.531468531468533,1,1,Group1,0
33.56643356643357,1,1,Group1,0
35.45454545454545,1,1,Group1,0
42.06293706293706,1,1,Group1,0
45.0,1,1,Group1,0
63.35664335664336,1,1,Group1,0
141.3986013986014,1,1,Group1,0
