time,status,treat,Group,curve
0.7210884353741497,1,1,Group1,0
1.8027210884353742,1,1,Group1,0
3.2448979591836737,1,1,Group1,0
4.687074829931973,1,1,Group1,0
6.4897959183673475,1,1,Group1,0
6.850340136054422,1,1,Group1,0
7.571428571428572,1,1,Group1,0
8.653061224489797,1,1,Group1,0
9.374149659863946,1,1,Group1,0
11.537414965986395,1,1,Group1,0
12.979591836734695,1,1,Group1,0
13.700680272108844,1,1,Group1,0
14.061224489795919,1,1,Group1,0
15.142857142857144,1,1,Group1,0
15.863945578231293,1,1,Group1,0
18.027210884353742,1,1,Group1,0
18.387755102040817,1,1,Group1,0
19.829931972789115,1,1,Group1,0
20.551020408163264,1,1,Group1,0
21.272108843537417,1,1,Group1,0
25.238095238095237,1,1,Group1,0
28.122448979591837,1,1,Group1,0
29.92517006802721,1,1,Group1,0
31.006802721088437,1,1,Group1,0
32.44897959183674,1,1,Group1,0
33.89115646258504,1,1,Group1,0
35.333333333333336,1,1,Group1,0
36.775510204081634,1,1,Group1,0
38.93877551020408,1,1,Group1,0
40.02040816326531,1,1,Group1,0
41.823129251700685,1,1,Group1,0
42.904761904761905,1,1,Group1,0
43.26530612244898,1,1,Group1,0
45.06802721088435,1,1,Group1,0
45.7891156462585,1,1,Group1,0
50.476190476190474,1,1,Group1,0
51.91836734693878,1,1,Group1,0
54.802721088435376,1,1,Group1,0
58.04761904761905,1,1,Group1,0
60.57142857142858,1,1,Group1,0
61.6530612244898,1,1,Group1,0
62.554421768707485,0,1,Group1,0
63.095238095238095,1,1,Group1,0
64.17687074829932,1,1,Group1,0
67.06122448979592,1,1,Group1,0
68.8639455782313,1,1,Group1,0
70.3061224489796,1,1,Group1,0
71.92857142857143,0,1,Group1,0
74.99319727891157,1,1,Group1,0
77.51700680272108,1,1,Group1,0
81.30272108843538,0,1,Group1,0
81.48299319727892,1,1,Group1,0
90.49659863945578,0,1,Group1,0
91.578231292517,1,1,Group1,0
99.6904761904762,0,1,Group1,0
100.59183673469389,1,1,Group1,0
111.40816326530613,1,1,Group1,0
115.01360544217687,1,1,Group1,0
127.63265306122449,1,1,Group1,0
133.76190476190476,1,1,Group1,0
140.97278911564626,1,1,Group1,0
150.3469387755102,1,1,Group1,0
203.3469387755102,1,1,Group1,0
321.2448979591837,1,1,Group1,0
