time,status,treat,Group,curve
1.2431506849315066,0,1,Group1,0
1.3561643835616437,1,1,Group1,0
4.068493150684931,0,1,Group1,0
4.068493150684931,0,1,Group1,0
4.068493150684931,0,1,Group1,0
4.068493150684931,0,1,Group1,0
6.5547945205479445,1,1,Group1,0
11.188356164383562,0,1,Group1,0
11.188356164383562,0,1,Group1,0
11.188356164383562,0,1,Group1,0
11.188356164383562,0,1,Group1,0
11.188356164383562,0,1,Group1,0
11.188356164383562,0,1,Group1,0
11.188356164383562,0,1,Group1,0
15.70890410958904,0,1,Group1,0
16.83904109589041,0,1,Group1,0
16.952054794520546,1,1,Group1,0
17.17808219178082,1,1,Group1,0
17.743150684931507,0,1,Group1,0
18.986301369863014,1,1,Group1,0
23.393835616438352,0,1,Group1,0
23.393835616438352,0,1,Group1,0
23.393835616438352,0,1,Group1,0
23.393835616438352,0,1,Group1,0
23.393835616438352,0,1,Group1,0
23.393835616438352,0,1,Group1,0
23.393835616438352,0,1,Group1,0
27.68835616438356,0,1,Group1,0
28.705479452054792,1,1,Group1,0
29.835616438356162,0,1,Group1,0
29.835616438356162,0,1,Group1,0
31.41780821917808,0,1,Group1,0
32.0958904109589,1,1,Group1,0
32.0958904109589,1,1,Group1,0
35.26027397260273,0,1,Group1,0
35.26027397260273,0,1,Group1,0
35.26027397260273,0,1,Group1,0
35.26027397260273,0,1,Group1,0
35.26027397260273,0,1,Group1,0
39.554794520547944,1,1,Group1,0
41.58904109589041,1,1,Group1,0
44.640410958904106,0,1,Group1,0
47.91780821917808,1,1,Group1,0
52.77739726027397,0,1,Group1,0
57.863013698630134,1,1,Group1,0
71.87671232876711,0,1,Group1,0
71.87671232876711,0,1,Group1,0
71.87671232876711,0,1,Group1,0
86.7945205479452,1,1,Group1,0
86.7945205479452,1,1,Group1,0
140.25,0,1,Group1,0
140.25,0,1,Group1,0
140.25,0,1,Group1,0
194.6095890410959,1,1,Group1,0
278.4657534246575,1,1,Group1,0
304.3458904109589,0,1,Group1,0
