time,status,treat,Group,curve
0.0390625,1,1,Group1,0
0.1953125,1,1,Group1,0
0.3125,1,1,Group1,0
0.625,1,1,Group1,0
0.83984375,0,1,Group1,0
1.171875,1,1,Group1,0
1.328125,1,1,Group1,0
1.50390625,0,1,Group1,0
1.796875,1,1,Group1,0
2.1484375,0,1,Group1,0
2.6171875,1,1,Group1,0
2.6953125,1,1,Group1,0
2.8515625,0,1,Group1,0
3.125,1,1,Group1,0
3.37890625,0,1,Group1,0
3.90625,1,1,Group1,0
4.1015625,1,1,Group1,0
4.296875,0,1,Group1,0
4.6875,1,1,Group1,0
4.8046875,1,1,Group1,0
5.234375,1,1,Group1,0
5.859375,1,1,Group1,0
5.9375,1,1,Group1,0
7.36328125,0,1,Group1,0
7.36328125,0,1,Group1,0
8.984375,1,1,Group1,0
9.12109375,0,1,Group1,0
9.296875,1,1,Group1,0
9.765625,1,1,Group1,0
10.6640625,1,1,Group1,0
10.7421875,1,1,Group1,0
11.66015625,0,1,Group1,0
12.7734375,1,1,Group1,0
13.0078125,1,1,Group1,0
13.59375,0,1,Group1,0
14.21875,1,1,Group1,0
15.0,1,1,Group1,0
15.1171875,1,1,Group1,0
16.3671875,1,1,Group1,0
19.6875,1,1,Group1,0
22.51953125,0,1,Group1,0
25.46875,1,1,Group1,0
52.734375,1,1,Group1,0
