time,status,treat,Group,curve
0.2951388888888889,0,1,Group1,0
0.6423611111111112,0,1,Group1,0
0.6944444444444444,1,1,Group1,0
1.1805555555555556,0,1,Group1,0
1.1805555555555556,0,1,Group1,0
1.1805555555555556,0,1,Group1,0
1.8055555555555556,1,1,Group1,0
2.3090277777777777,0,1,Group1,0
2.3090277777777777,0,1,Group1,0
2.3090277777777777,0,1,Group1,0
2.8472222222222223,0,1,Group1,0
2.951388888888889,1,1,Group1,0
3.6111111111111116,0,1,Group1,0
3.6111111111111116,0,1,Group1,0
3.6111111111111116,0,1,Group1,0
3.6111111111111116,0,1,Group1,0
4.392361111111111,0,1,Group1,0
4.409722222222222,1,1,Group1,0
5.364583333333334,0,1,Group1,0
5.364583333333334,0,1,Group1,0
5.364583333333334,0,1,Group1,0
5.364583333333334,0,1,Group1,0
5.364583333333334,0,1,Group1,0
6.458333333333334,1,1,Group1,0
7.1875,1,1,Group1,0
10.972222222222221,0,1,Group1,0
10.972222222222221,0,1,Group1,0
10.972222222222221,0,1,Group1,0
10.972222222222221,0,1,Group1,0
14.774305555555557,0,1,Group1,0
14.86111111111111,0,1,Group1,0
14.86111111111111,0,1,Group1,0
14.86111111111111,0,1,Group1,0
14.86111111111111,0,1,Group1,0
14.86111111111111,0,1,Group1,0
14.86111111111111,0,1,Group1,0
14.947916666666668,0,1,Group1,0
14.98263888888889,0,1,Group1,0
15.0,1,1,Group1,0
19.010416666666668,0,1,Group1,0
23.159722222222225,1,1,Group1,0
29.375,0,1,Group1,0
29.375,0,1,Group1,0
35.69444444444444,1,1,Group1,0
47.03125,0,1,Group1,0
