time,status,treat,Group,curve
0.2553191489361702,0,1,Group1,0
0.2836879432624113,1,1,Group1,0
0.5390070921985815,0,1,Group1,0
0.624113475177305,1,1,Group1,0
0.8794326241134751,0,1,Group1,0
1.106382978723404,0,1,Group1,0
1.3617021276595744,1,1,Group1,0
1.3900709219858156,0,1,Group1,0
1.6453900709219857,1,1,Group1,0
1.673758865248227,0,1,Group1,0
1.872340425531915,1,1,Group1,0
1.9574468085106382,0,1,Group1,0
2.1843971631205674,0,1,Group1,0
2.382978723404255,0,1,Group1,0
2.6950354609929077,0,1,Group1,0
2.8936170212765955,1,1,Group1,0
3.0921985815602833,0,1,Group1,0
3.347517730496454,0,1,Group1,0
3.5177304964539005,1,1,Group1,0
3.602836879432624,0,1,Group1,0
3.6879432624113475,1,1,Group1,0
4.0,0,1,Group1,0
4.0,0,1,Group1,0
4.397163120567376,0,1,Group1,0
4.964539007092199,0,1,Group1,0
4.964539007092199,0,1,Group1,0
4.964539007092199,0,1,Group1,0
5.560283687943262,0,1,Group1,0
5.673758865248227,1,1,Group1,0
5.872340425531915,0,1,Group1,0
6.042553191489361,0,1,Group1,0
6.468085106382979,0,1,Group1,0
6.468085106382979,0,1,Group1,0
6.921985815602836,0,1,Group1,0
7.035460992907801,1,1,Group1,0
7.177304964539006,0,1,Group1,0
7.375886524822695,1,1,Group1,0
7.460992907801419,0,1,Group1,0
7.74468085106383,0,1,Group1,0
8.0,1,1,Group1,0
8.567375886524822,1,1,Group1,0
8.73758865248227,1,1,Group1,0
8.907801418439716,1,1,Group1,0
9.191489361702127,1,1,Group1,0
9.53191489361702,1,1,Group1,0
9.98581560283688,1,1,Group1,0
11.00709219858156,0,1,Group1,0
12.680851063829788,0,1,Group1,0
12.709219858156029,1,1,Group1,0
13.900709219858156,1,1,Group1,0
14.72340425531915,0,1,Group1,0
15.319148936170212,1,1,Group1,0
15.602836879432624,1,1,Group1,0
17.645390070921984,1,1,Group1,0
19.0354609929078,0,1,Group1,0
19.120567375886523,1,1,Group1,0
19.858156028368793,1,1,Group1,0
20.737588652482266,0,1,Group1,0
22.326241134751772,0,1,Group1,0
22.52482269503546,1,1,Group1,0
23.94326241134752,1,1,Group1,0
24.9645390070922,1,1,Group1,0
26.72340425531915,1,1,Group1,0
29.95744680851064,1,1,Group1,0
31.54609929078014,1,1,Group1,0
39.00709219858156,0,1,Group1,0
39.00709219858156,0,1,Group1,0
39.00709219858156,0,1,Group1,0
39.00709219858156,0,1,Group1,0
39.00709219858156,0,1,Group1,0
40.851063829787236,1,1,Group1,0
46.58156028368794,1,1,Group1,0
