time,status,treat,Group,curve
0.9791666666666666,0,1,Group1,0
0.9791666666666666,0,1,Group1,0
0.9791666666666666,0,1,Group1,0
0.9791666666666666,0,1,Group1,0
0.9791666666666666,0,1,Group1,0
0.9791666666666666,0,1,Group1,0
1.9791666666666665,1,1,Group1,0
3.348958333333333,0,1,Group1,0
3.348958333333333,0,1,Group1,0
3.348958333333333,0,1,Group1,0
3.348958333333333,0,1,Group1,0
3.348958333333333,0,1,Group1,0
4.71875,1,1,Group1,0
4.947916666666666,1,1,Group1,0
5.557291666666666,0,1,Group1,0
6.1875,1,1,Group1,0
6.432291666666666,0,1,Group1,0
6.458333333333333,1,1,Group1,0
6.5625,1,1,Group1,0
6.645833333333333,1,1,Group1,0
6.65625,1,1,Group1,0
6.713541666666666,0,1,Group1,0
6.760416666666666,1,1,Group1,0
6.833333333333333,1,1,Group1,0
7.010416666666666,1,1,Group1,0
7.614583333333333,1,1,Group1,0
7.802083333333333,1,1,Group1,0
8.416666666666666,1,1,Group1,0
8.828125,0,1,Group1,0
9.291666666666666,1,1,Group1,0
9.333333333333332,1,1,Group1,0
9.458333333333332,1,1,Group1,0
9.46875,1,1,Group1,0
9.604166666666666,1,1,Group1,0
9.6875,1,1,Group1,0
9.739583333333332,1,1,Group1,0
9.90625,1,1,Group1,0
10.3125,1,1,Group1,0
10.4375,1,1,Group1,0
10.5625,1,1,Group1,0
10.697916666666666,1,1,Group1,0
10.760416666666666,1,1,Group1,0
10.822916666666666,1,1,Group1,0
10.895833333333332,1,1,Group1,0
10.9375,1,1,Group1,0
10.979166666666666,1,1,Group1,0
11.010416666666666,1,1,Group1,0
11.020833333333332,1,1,Group1,0
11.052083333333332,1,1,Group1,0
11.083333333333332,1,1,Group1,0
11.322916666666666,1,1,Group1,0
11.364583333333332,1,1,Group1,0
11.53125,0,1,Group1,0
11.5625,1,1,Group1,0
11.635416666666666,1,1,Group1,0
11.677083333333332,1,1,Group1,0
11.770833333333332,1,1,Group1,0
12.104166666666666,1,1,Group1,0
12.114583333333332,1,1,Group1,0
12.15625,1,1,Group1,0
12.458333333333332,1,1,Group1,0
13.322916666666666,1,1,Group1,0
