time,status,treat,Group,curve
0.03731343283582089,1,1,Group1,0
0.9514925373134328,0,1,Group1,0
0.9514925373134328,0,1,Group1,0
0.9514925373134328,0,1,Group1,0
0.9514925373134328,0,1,Group1,0
0.9514925373134328,0,1,Group1,0
0.9514925373134328,0,1,Group1,0
0.9514925373134328,0,1,Group1,0
0.9514925373134328,0,1,Group1,0
0.9514925373134328,0,1,Group1,0
1.8955223880597014,1,1,Group1,0
3.0261194029850746,0,1,Group1,0
3.0261194029850746,0,1,Group1,0
3.0261194029850746,0,1,Group1,0
3.0261194029850746,0,1,Group1,0
3.0261194029850746,0,1,Group1,0
3.0261194029850746,0,1,Group1,0
3.0261194029850746,0,1,Group1,0
3.0261194029850746,0,1,Group1,0
3.0261194029850746,0,1,Group1,0
3.0261194029850746,0,1,Group1,0
3.0261194029850746,0,1,Group1,0
3.0261194029850746,0,1,Group1,0
4.17910447761194,1,1,Group1,0
4.529850746268656,0,1,Group1,0
4.529850746268656,0,1,Group1,0
4.529850746268656,0,1,Group1,0
4.895522388059701,1,1,Group1,0
5.119402985074627,0,1,Group1,0
5.3731343283582085,1,1,Group1,0
5.869402985074627,0,1,Group1,0
5.869402985074627,0,1,Group1,0
5.869402985074627,0,1,Group1,0
6.402985074626866,1,1,Group1,0
6.4664179104477615,0,1,Group1,0
6.559701492537314,1,1,Group1,0
6.764925373134329,0,1,Group1,0
6.764925373134329,0,1,Group1,0
6.764925373134329,0,1,Group1,0
7.0,1,1,Group1,0
7.082089552238806,1,1,Group1,0
7.2164179104477615,1,1,Group1,0
7.432835820895522,1,1,Group1,0
7.753731343283582,1,1,Group1,0
7.7611940298507465,1,1,Group1,0
7.776119402985074,1,1,Group1,0
8.104477611940299,1,1,Group1,0
8.216417910447761,1,1,Group1,0
8.667910447761194,0,1,Group1,0
9.156716417910447,1,1,Group1,0
