time,status,treat,Group,curve
8.783783783783784,0,1,Group1,0
8.783783783783784,0,1,Group1,0
8.783783783783784,0,1,Group1,0
8.783783783783784,0,1,Group1,0
8.783783783783784,0,1,Group1,0
8.783783783783784,0,1,Group1,0
8.783783783783784,0,1,Group1,0
8.783783783783784,0,1,Group1,0
8.783783783783784,0,1,Group1,0
8.783783783783784,0,1,Group1,0
8.783783783783784,0,1,Group1,0
8.783783783783784,0,1,Group1,0
8.783783783783784,0,1,Group1,0
8.783783783783784,0,1,Group1,0
8.783783783783784,0,1,Group1,0
8.783783783783784,0,1,Group1,0
8.783783783783784,0,1,Group1,0
8.783783783783784,0,1,Group1,0
8.783783783783784,0,1,Group1,0
8.783783783783784,0,1,Group1,0
8.783783783783784,0,1,Group1,0
8.783783783783784,0,1,Group1,0
17.64864864864865,1,1,Group1,0
18.405405405405407,0,1,Group1,0
18.405405405405407,0,1,Group1,0
18.405405405405407,0,1,Group1,0
18.405405405405407,0,1,Group1,0
18.405405405405407,0,1,Group1,0
19.27027027027027,1,1,Group1,0
19.60810810810811,0,1,Group1,0
19.60810810810811,0,1,Group1,0
20.054054054054056,1,1,Group1,0
21.27027027027027,1,1,Group1,0
26.64864864864865,1,1,Group1,0
26.91891891891892,0,1,Group1,0
27.216216216216218,1,1,Group1,0
28.027027027027028,0,1,Group1,0
28.027027027027028,0,1,Group1,0
28.972972972972975,1,1,Group1,0
30.216216216216218,0,1,Group1,0
31.594594594594597,1,1,Group1,0
32.16216216216216,1,1,Group1,0
32.32432432432432,1,1,Group1,0
32.91891891891892,1,1,Group1,0
33.94594594594595,1,1,Group1,0
35.0,0,1,Group1,0
36.054054054054056,0,1,Group1,0
36.054054054054056,0,1,Group1,0
36.054054054054056,0,1,Group1,0
