time,status,treat,Group,curve
0.16455696202531644,1,1,Group1,0
0.22784810126582278,1,1,Group1,0
0.5189873417721519,1,1,Group1,0
1.620253164556962,1,1,Group1,0
1.7911392405063291,0,1,Group1,0
2.0126582278481013,1,1,Group1,0
2.721518987341772,1,1,Group1,0
3.4113924050632907,0,1,Group1,0
4.139240506329114,1,1,Group1,0
5.468354430379747,1,1,Group1,0
5.481012658227848,1,1,Group1,0
5.518987341772152,1,1,Group1,0
5.582278481012658,1,1,Group1,0
5.924050632911392,1,1,Group1,0
6.012658227848101,1,1,Group1,0
6.177215189873418,1,1,Group1,0
6.291139240506329,1,1,Group1,0
6.556962025316456,1,1,Group1,0
6.6455696202531644,1,1,Group1,0
6.7974683544303796,1,1,Group1,0
6.936708860759493,1,1,Group1,0
7.2025316455696204,1,1,Group1,0
7.240506329113924,1,1,Group1,0
7.506329113924051,1,1,Group1,0
8.025316455696203,1,1,Group1,0
8.08860759493671,1,1,Group1,0
8.151898734177214,1,1,Group1,0
8.215189873417721,1,1,Group1,0
8.658227848101266,1,1,Group1,0
8.835443037974683,1,1,Group1,0
8.835443037974683,1,1,Group1,0
9.08860759493671,1,1,Group1,0
9.164556962025316,1,1,Group1,0
9.20253164556962,1,1,Group1,0
9.215189873417721,1,1,Group1,0
9.240506329113924,1,1,Group1,0
9.253164556962025,1,1,Group1,0
9.405063291139241,1,1,Group1,0
9.430379746835444,1,1,Group1,0
9.50632911392405,1,1,Group1,0
9.518987341772151,1,1,Group1,0
9.544303797468354,1,1,Group1,0
9.582278481012658,1,1,Group1,0
9.594936708860759,1,1,Group1,0
9.594936708860759,1,1,Group1,0
9.60759493670886,1,1,Group1,0
9.620253164556962,1,1,Group1,0
9.632911392405063,1,1,Group1,0
9.734177215189874,1,1,Group1,0
9.949367088607595,1,1,Group1,0
10.050632911392405,1,1,Group1,0
10.126582278481013,1,1,Group1,0
10.151898734177214,1,1,Group1,0
10.227848101265822,1,1,Group1,0
10.253164556962025,1,1,Group1,0
10.30379746835443,1,1,Group1,0
10.39240506329114,1,1,Group1,0
10.544303797468354,1,1,Group1,0
10.556962025316455,1,1,Group1,0
10.60759493670886,1,1,Group1,0
10.746835443037975,1,1,Group1,0
12.974683544303797,1,1,Group1,0
16.088607594936708,1,1,Group1,0
16.088607594936708,1,1,Group1,0
