time,status,treat,Group,curve
11.324324324324325,1,1,Group1,0
18.62162162162162,1,1,Group1,0
19.256756756756758,0,1,Group1,0
19.256756756756758,0,1,Group1,0
20.0,1,1,Group1,0
20.2972972972973,1,1,Group1,0
24.45945945945946,1,1,Group1,0
26.243243243243246,1,1,Group1,0
26.27027027027027,1,1,Group1,0
26.972972972972975,1,1,Group1,0
30.081081081081084,1,1,Group1,0
30.810810810810814,1,1,Group1,0
32.13513513513514,1,1,Group1,0
33.270270270270274,1,1,Group1,0
33.86486486486487,0,1,Group1,0
34.513513513513516,1,1,Group1,0
34.91891891891892,1,1,Group1,0
36.054054054054056,0,1,Group1,0
36.054054054054056,0,1,Group1,0
36.054054054054056,0,1,Group1,0
36.054054054054056,0,1,Group1,0
36.054054054054056,0,1,Group1,0
36.054054054054056,0,1,Group1,0
36.054054054054056,0,1,Group1,0
36.054054054054056,0,1,Group1,0
36.054054054054056,0,1,Group1,0
36.054054054054056,0,1,Group1,0
36.054054054054056,0,1,Group1,0
36.054054054054056,0,1,Group1,0
36.054054054054056,0,1,Group1,0
36.054054054054056,0,1,Group1,0
36.054054054054056,0,1,Group1,0
36.054054054054056,0,1,Group1,0
36.054054054054056,0,1,Group1,0
36.054054054054056,0,1,Group1,0
36.054054054054056,0,1,Group1,0
36.054054054054056,0,1,Group1,0
36.054054054054056,0,1,Group1,0
36.054054054054056,0,1,Group1,0
36.054054054054056,0,1,Group1,0
36.054054054054056,0,1,Group1,0
36.054054054054056,0,1,Group1,0
36.054054054054056,0,1,Group1,0
36.054054054054056,0,1,Group1,0
36.054054054054056,0,1,Group1,0
36.054054054054056,0,1,Group1,0
36.054054054054056,0,1,Group1,0
