time,status,treat,Group,curve
0.1891891891891892,1,1,Group1,0
4.108108108108109,1,1,Group1,0
11.91891891891892,1,1,Group1,0
12.324324324324325,1,1,Group1,0
12.54054054054054,1,1,Group1,0
14.0,1,1,Group1,0
15.243243243243244,0,1,Group1,0
16.594594594594597,1,1,Group1,0
18.513513513513516,1,1,Group1,0
19.162162162162165,1,1,Group1,0
20.864864864864867,1,1,Group1,0
21.162162162162165,1,1,Group1,0
21.35135135135135,1,1,Group1,0
21.37837837837838,1,1,Group1,0
21.972972972972975,1,1,Group1,0
24.162162162162165,1,1,Group1,0
24.513513513513516,1,1,Group1,0
25.405405405405407,1,1,Group1,0
25.486486486486488,1,1,Group1,0
26.405405405405407,1,1,Group1,0
26.594594594594597,1,1,Group1,0
27.594594594594597,1,1,Group1,0
28.216216216216218,1,1,Group1,0
28.243243243243246,1,1,Group1,0
28.243243243243246,1,1,Group1,0
28.56756756756757,1,1,Group1,0
28.675675675675677,1,1,Group1,0
28.783783783783786,1,1,Group1,0
29.081081081081084,1,1,Group1,0
29.162162162162165,1,1,Group1,0
29.324324324324326,1,1,Group1,0
29.432432432432435,1,1,Group1,0
29.45945945945946,1,1,Group1,0
29.513513513513516,1,1,Group1,0
29.83783783783784,1,1,Group1,0
30.216216216216218,1,1,Group1,0
30.621621621621625,1,1,Group1,0
31.810810810810814,1,1,Group1,0
33.02702702702703,1,1,Group1,0
34.24324324324324,1,1,Group1,0
35.54054054054054,1,1,Group1,0
