time,status,treat,Group,curve
0.4594594594594595,1,1,Group1,0
2.6756756756756754,0,1,Group1,0
2.6756756756756754,0,1,Group1,0
4.891891891891892,1,1,Group1,0
9.797297297297298,0,1,Group1,0
9.797297297297298,0,1,Group1,0
9.797297297297298,0,1,Group1,0
14.891891891891893,1,1,Group1,0
16.83783783783784,0,1,Group1,0
16.83783783783784,0,1,Group1,0
16.83783783783784,0,1,Group1,0
18.89189189189189,1,1,Group1,0
19.37837837837838,0,1,Group1,0
19.972972972972975,1,1,Group1,0
22.891891891891895,0,1,Group1,0
22.891891891891895,0,1,Group1,0
22.891891891891895,0,1,Group1,0
22.891891891891895,0,1,Group1,0
22.891891891891895,0,1,Group1,0
25.945945945945947,1,1,Group1,0
27.351351351351354,1,1,Group1,0
27.864864864864867,1,1,Group1,0
28.45945945945946,1,1,Group1,0
29.27027027027027,1,1,Group1,0
30.2972972972973,1,1,Group1,0
31.10810810810811,1,1,Group1,0
31.270270270270274,1,1,Group1,0
31.351351351351354,1,1,Group1,0
32.24324324324324,1,1,Group1,0
34.21621621621622,1,1,Group1,0
35.54054054054054,1,1,Group1,0
35.72972972972973,1,1,Group1,0
35.75675675675676,1,1,Group1,0
35.972972972972975,1,1,Group1,0
36.054054054054056,0,1,Group1,0
36.054054054054056,0,1,Group1,0
36.054054054054056,0,1,Group1,0
36.054054054054056,0,1,Group1,0
36.054054054054056,0,1,Group1,0
36.054054054054056,0,1,Group1,0
36.054054054054056,0,1,Group1,0
36.054054054054056,0,1,Group1,0
36.054054054054056,0,1,Group1,0
36.054054054054056,0,1,Group1,0
36.054054054054056,0,1,Group1,0
36.054054054054056,0,1,Group1,0
36.054054054054056,0,1,Group1,0
36.054054054054056,0,1,Group1,0
36.054054054054056,0,1,Group1,0
