time,status,treat,Group,curve
0.20224719101123595,1,1,Group1,0
0.348314606741573,1,1,Group1,0
1.9325842696629212,1,1,Group1,0
1.9831460674157302,0,1,Group1,0
2.0786516853932584,1,1,Group1,0
2.404494382022472,1,1,Group1,0
2.640449438202247,1,1,Group1,0
4.314606741573034,1,1,Group1,0
4.314606741573034,1,1,Group1,0
4.6966292134831455,1,1,Group1,0
4.797752808988764,1,1,Group1,0
5.134831460674157,1,1,Group1,0
5.325842696629214,1,1,Group1,0
5.651685393258427,1,1,Group1,0
5.797752808988764,1,1,Group1,0
6.033707865168539,1,1,Group1,0
6.438202247191011,1,1,Group1,0
6.51685393258427,1,1,Group1,0
6.651685393258427,1,1,Group1,0
6.820224719101123,1,1,Group1,0
7.033707865168539,1,1,Group1,0
7.078651685393258,1,1,Group1,0
7.112359550561798,1,1,Group1,0
7.404494382022472,1,1,Group1,0
7.4943820224719095,1,1,Group1,0
7.52808988764045,1,1,Group1,0
7.550561797752809,1,1,Group1,0
7.651685393258426,1,1,Group1,0
7.97752808988764,1,1,Group1,0
8.235955056179774,1,1,Group1,0
8.235955056179774,1,1,Group1,0
8.235955056179774,1,1,Group1,0
8.325842696629213,1,1,Group1,0
8.404494382022472,1,1,Group1,0
8.415730337078651,1,1,Group1,0
8.44943820224719,0,1,Group1,0
8.50561797752809,1,1,Group1,0
8.516853932584269,1,1,Group1,0
8.550561797752808,1,1,Group1,0
8.724719101123595,0,1,Group1,0
8.741573033707866,1,1,Group1,0
8.797752808988763,1,1,Group1,0
8.842696629213483,1,1,Group1,0
8.898876404494382,1,1,Group1,0
9.01123595505618,1,1,Group1,0
9.0561797752809,1,1,Group1,0
9.101123595505618,1,1,Group1,0
9.112359550561797,1,1,Group1,0
9.202247191011235,1,1,Group1,0
9.202247191011235,1,1,Group1,0
9.303370786516854,1,1,Group1,0
9.337078651685394,1,1,Group1,0
9.393258426966291,1,1,Group1,0
10.370786516853933,1,1,Group1,0
10.460674157303371,1,1,Group1,0
11.359550561797752,1,1,Group1,0
14.078651685393258,1,1,Group1,0
