time,status,treat,Group,curve
12.864864864864865,0,1,Group1,0
12.864864864864865,0,1,Group1,0
12.864864864864865,0,1,Group1,0
12.864864864864865,0,1,Group1,0
12.864864864864865,0,1,Group1,0
12.864864864864865,0,1,Group1,0
12.864864864864865,0,1,Group1,0
12.864864864864865,0,1,Group1,0
12.864864864864865,0,1,Group1,0
12.864864864864865,0,1,Group1,0
12.864864864864865,0,1,Group1,0
12.864864864864865,0,1,Group1,0
12.864864864864865,0,1,Group1,0
12.864864864864865,0,1,Group1,0
12.864864864864865,0,1,Group1,0
12.864864864864865,0,1,Group1,0
12.864864864864865,0,1,Group1,0
12.864864864864865,0,1,Group1,0
12.864864864864865,0,1,Group1,0
12.864864864864865,0,1,Group1,0
12.864864864864865,0,1,Group1,0
12.864864864864865,0,1,Group1,0
12.864864864864865,0,1,Group1,0
12.864864864864865,0,1,Group1,0
12.864864864864865,0,1,Group1,0
12.864864864864865,0,1,Group1,0
12.864864864864865,0,1,Group1,0
12.864864864864865,0,1,Group1,0
12.864864864864865,0,1,Group1,0
12.864864864864865,0,1,Group1,0
12.864864864864865,0,1,Group1,0
12.864864864864865,0,1,Group1,0
12.864864864864865,0,1,Group1,0
25.783783783783786,1,1,Group1,0
26.972972972972975,1,1,Group1,0
31.486486486486488,0,1,Group1,0
31.486486486486488,0,1,Group1,0
31.486486486486488,0,1,Group1,0
35.986486486486484,0,1,Group1,0
35.986486486486484,0,1,Group1,0
36.054054054054056,0,1,Group1,0
36.054054054054056,0,1,Group1,0
36.054054054054056,0,1,Group1,0
36.054054054054056,0,1,Group1,0
36.054054054054056,0,1,Group1,0
36.054054054054056,0,1,Group1,0
36.054054054054056,0,1,Group1,0
