time,status,treat,Group,curve
0.9902912621359222,1,1,Group1,0
1.436893203883495,1,1,Group1,0
1.8543689320388348,0,1,Group1,0
1.8543689320388348,0,1,Group1,0
1.8543689320388348,0,1,Group1,0
2.3009708737864076,1,1,Group1,0
3.815533980582524,1,1,Group1,0
3.9999999999999996,0,1,Group1,0
3.9999999999999996,0,1,Group1,0
3.9999999999999996,0,1,Group1,0
4.184466019417475,1,1,Group1,0
4.330097087378641,1,1,Group1,0
4.359223300970873,1,1,Group1,0
4.466019417475728,1,1,Group1,0
4.631067961165048,0,1,Group1,0
4.8446601941747565,1,1,Group1,0
5.106796116504854,0,1,Group1,0
5.398058252427184,1,1,Group1,0
5.543689320388349,1,1,Group1,0
5.660194174757281,0,1,Group1,0
5.805825242718446,1,1,Group1,0
5.810679611650485,0,1,Group1,0
5.9029126213592225,1,1,Group1,0
6.07766990291262,1,1,Group1,0
6.364077669902912,0,1,Group1,0
6.679611650485437,1,1,Group1,0
6.723300970873786,0,1,Group1,0
6.796116504854369,1,1,Group1,0
7.03883495145631,1,1,Group1,0
7.398058252427184,1,1,Group1,0
7.398058252427184,1,1,Group1,0
7.427184466019416,1,1,Group1,0
7.514563106796116,1,1,Group1,0
7.524271844660194,1,1,Group1,0
7.533980582524271,1,1,Group1,0
7.708737864077669,1,1,Group1,0
7.776699029126213,1,1,Group1,0
7.87378640776699,1,1,Group1,0
7.922330097087378,1,1,Group1,0
7.980582524271844,1,1,Group1,0
7.990291262135922,1,1,Group1,0
8.087378640776699,1,1,Group1,0
8.097087378640776,1,1,Group1,0
8.213592233009708,1,1,Group1,0
8.242718446601941,1,1,Group1,0
8.300970873786406,1,1,Group1,0
8.514563106796116,0,1,Group1,0
8.776699029126213,1,1,Group1,0
9.135922330097086,1,1,Group1,0
9.320388349514563,1,1,Group1,0
9.49514563106796,1,1,Group1,0
12.524271844660193,1,1,Group1,0
