time,status,treat,Group,curve
6.716216216216217,0,1,Group1,0
6.716216216216217,0,1,Group1,0
6.716216216216217,0,1,Group1,0
6.716216216216217,0,1,Group1,0
6.716216216216217,0,1,Group1,0
6.716216216216217,0,1,Group1,0
13.513513513513514,1,1,Group1,0
14.162162162162163,1,1,Group1,0
16.675675675675677,0,1,Group1,0
16.675675675675677,0,1,Group1,0
16.675675675675677,0,1,Group1,0
19.324324324324326,1,1,Group1,0
23.608108108108112,0,1,Group1,0
23.608108108108112,0,1,Group1,0
23.608108108108112,0,1,Group1,0
23.608108108108112,0,1,Group1,0
23.608108108108112,0,1,Group1,0
23.608108108108112,0,1,Group1,0
23.608108108108112,0,1,Group1,0
23.608108108108112,0,1,Group1,0
23.608108108108112,0,1,Group1,0
23.608108108108112,0,1,Group1,0
23.608108108108112,0,1,Group1,0
23.608108108108112,0,1,Group1,0
27.905405405405407,0,1,Group1,0
27.945945945945947,0,1,Group1,0
27.945945945945947,0,1,Group1,0
27.945945945945947,0,1,Group1,0
27.945945945945947,0,1,Group1,0
27.986486486486488,0,1,Group1,0
28.027027027027028,1,1,Group1,0
30.864864864864863,0,1,Group1,0
30.864864864864863,0,1,Group1,0
33.83783783783784,1,1,Group1,0
34.94594594594595,0,1,Group1,0
36.054054054054056,0,1,Group1,0
36.054054054054056,0,1,Group1,0
36.054054054054056,0,1,Group1,0
36.054054054054056,0,1,Group1,0
36.054054054054056,0,1,Group1,0
36.054054054054056,0,1,Group1,0
36.054054054054056,0,1,Group1,0
