time,status,treat,Group,curve
0.1694915254237288,1,1,Group1,0
1.0508474576271187,1,1,Group1,0
1.8135593220338984,1,1,Group1,0
2.152542372881356,1,1,Group1,0
2.6440677966101696,1,1,Group1,0
6.983050847457627,1,1,Group1,0
7.389830508474576,1,1,Group1,0
8.084745762711865,1,1,Group1,0
9.59322033898305,1,1,Group1,0
10.11864406779661,1,1,Group1,0
10.305084745762711,1,1,Group1,0
11.525423728813559,1,1,Group1,0
11.576271186440678,1,1,Group1,0
11.932203389830509,1,1,Group1,0
13.152542372881356,1,1,Group1,0
13.220338983050848,1,1,Group1,0
13.23728813559322,1,1,Group1,0
13.40677966101695,1,1,Group1,0
13.440677966101696,1,1,Group1,0
13.525423728813559,1,1,Group1,0
13.559322033898304,1,1,Group1,0
13.576271186440678,1,1,Group1,0
13.627118644067796,1,1,Group1,0
13.694915254237289,1,1,Group1,0
13.711864406779661,1,1,Group1,0
13.847457627118644,1,1,Group1,0
13.88135593220339,1,1,Group1,0
13.88135593220339,1,1,Group1,0
14.35593220338983,1,1,Group1,0
14.372881355932204,1,1,Group1,0
14.694915254237289,1,1,Group1,0
14.745762711864407,1,1,Group1,0
15.305084745762711,1,1,Group1,0
15.677966101694915,1,1,Group1,0
22.25423728813559,1,1,Group1,0
22.593220338983052,1,1,Group1,0
