time,status,treat,Group,curve
0.13541666666666666,1,1,Group1,0
0.4375,1,1,Group1,0
0.4427083333333333,0,1,Group1,0
0.8802083333333333,0,1,Group1,0
1.3541666666666665,1,1,Group1,0
1.5,0,1,Group1,0
1.6666666666666665,1,1,Group1,0
1.96875,0,1,Group1,0
1.96875,0,1,Group1,0
1.96875,0,1,Group1,0
2.270833333333333,1,1,Group1,0
2.859375,0,1,Group1,0
3.46875,1,1,Group1,0
4.614583333333333,1,1,Group1,0
4.666666666666666,1,1,Group1,0
4.786458333333333,0,1,Group1,0
4.786458333333333,0,1,Group1,0
4.96875,1,1,Group1,0
5.03125,1,1,Group1,0
5.260416666666666,1,1,Group1,0
5.390625,0,1,Group1,0
5.552083333333333,1,1,Group1,0
5.6875,1,1,Group1,0
5.802083333333333,1,1,Group1,0
6.03125,1,1,Group1,0
6.052083333333333,1,1,Group1,0
6.71875,1,1,Group1,0
6.770833333333333,1,1,Group1,0
7.171875,0,1,Group1,0
7.604166666666666,1,1,Group1,0
7.666666666666666,1,1,Group1,0
7.697916666666666,1,1,Group1,0
7.708333333333333,1,1,Group1,0
7.739583333333333,1,1,Group1,0
7.84375,1,1,Group1,0
7.9375,1,1,Group1,0
7.989583333333333,1,1,Group1,0
8.010416666666666,1,1,Group1,0
8.03125,1,1,Group1,0
8.0625,1,1,Group1,0
8.177083333333332,1,1,Group1,0
8.3125,1,1,Group1,0
8.40625,1,1,Group1,0
8.489583333333332,1,1,Group1,0
8.583333333333332,1,1,Group1,0
8.697916666666666,1,1,Group1,0
8.833333333333332,1,1,Group1,0
8.875,1,1,Group1,0
8.96875,1,1,Group1,0
8.989583333333332,1,1,Group1,0
9.15625,1,1,Group1,0
11.291666666666666,0,1,Group1,0
13.46875,1,1,Group1,0
