time,status,treat,Group,curve
2.8243243243243246,0,1,Group1,0
5.702702702702703,1,1,Group1,0
6.9324324324324325,0,1,Group1,0
6.9324324324324325,0,1,Group1,0
8.27027027027027,1,1,Group1,0
10.64864864864865,0,1,Group1,0
10.64864864864865,0,1,Group1,0
10.64864864864865,0,1,Group1,0
13.135135135135135,1,1,Group1,0
21.756756756756758,1,1,Group1,0
22.770270270270274,0,1,Group1,0
22.770270270270274,0,1,Group1,0
23.891891891891895,1,1,Group1,0
24.91891891891892,1,1,Group1,0
27.675675675675677,1,1,Group1,0
29.108108108108112,0,1,Group1,0
30.675675675675677,1,1,Group1,0
30.783783783783786,1,1,Group1,0
31.148648648648653,0,1,Group1,0
31.594594594594597,1,1,Group1,0
31.7972972972973,0,1,Group1,0
31.810810810810814,1,1,Group1,0
32.45945945945946,0,1,Group1,0
33.10810810810811,1,1,Group1,0
33.62162162162162,1,1,Group1,0
34.0945945945946,0,1,Group1,0
34.554054054054056,0,1,Group1,0
34.7027027027027,1,1,Group1,0
35.33783783783784,0,1,Group1,0
36.054054054054056,1,1,Group1,0
36.054054054054056,0,1,Group1,0
36.054054054054056,0,1,Group1,0
36.054054054054056,0,1,Group1,0
36.054054054054056,0,1,Group1,0
36.054054054054056,0,1,Group1,0
36.054054054054056,0,1,Group1,0
36.054054054054056,0,1,Group1,0
36.054054054054056,0,1,Group1,0
36.054054054054056,0,1,Group1,0
36.054054054054056,0,1,Group1,0
36.054054054054056,0,1,Group1,0
36.054054054054056,0,1,Group1,0
36.054054054054056,0,1,Group1,0
36.054054054054056,0,1,Group1,0
36.054054054054056,0,1,Group1,0
36.054054054054056,0,1,Group1,0
36.054054054054056,0,1,Group1,0
36.054054054054056,0,1,Group1,0
36.054054054054056,0,1,Group1,0
36.054054054054056,0,1,Group1,0
