time,status,treat,Group,curve
2.479338842975207,0,1,Group1,0
2.479338842975207,0,1,Group1,0
2.479338842975207,0,1,Group1,0
2.479338842975207,0,1,Group1,0
2.479338842975207,0,1,Group1,0
2.479338842975207,0,1,Group1,0
2.479338842975207,0,1,Group1,0
4.991735537190083,1,1,Group1,0
6.272727272727273,0,1,Group1,0
6.272727272727273,0,1,Group1,0
6.272727272727273,0,1,Group1,0
7.553719008264463,1,1,Group1,0
7.652892561983471,1,1,Group1,0
7.7190082644628095,0,1,Group1,0
7.834710743801653,1,1,Group1,0
8.008264462809917,0,1,Group1,0
8.231404958677686,1,1,Group1,0
8.314049586776859,1,1,Group1,0
8.330578512396695,1,1,Group1,0
8.66115702479339,0,1,Group1,0
8.66115702479339,0,1,Group1,0
9.041322314049587,1,1,Group1,0
9.685950413223141,0,1,Group1,0
9.685950413223141,0,1,Group1,0
9.685950413223141,0,1,Group1,0
10.413223140495868,1,1,Group1,0
10.446280991735538,1,1,Group1,0
10.743801652892563,1,1,Group1,0
10.793388429752067,1,1,Group1,0
10.809917355371901,1,1,Group1,0
10.859504132231406,1,1,Group1,0
11.074380165289256,0,1,Group1,0
11.338842975206612,1,1,Group1,0
11.652892561983471,1,1,Group1,0
11.851239669421489,1,1,Group1,0
11.867768595041323,1,1,Group1,0
12.016528925619834,1,1,Group1,0
12.049586776859504,1,1,Group1,0
12.099173553719009,1,1,Group1,0
12.132231404958677,1,1,Group1,0
12.264462809917356,1,1,Group1,0
12.396694214876034,1,1,Group1,0
12.495867768595042,1,1,Group1,0
12.512396694214877,1,1,Group1,0
12.611570247933885,1,1,Group1,0
12.694214876033058,1,1,Group1,0
12.793388429752067,1,1,Group1,0
12.90909090909091,1,1,Group1,0
13.107438016528926,1,1,Group1,0
13.40495867768595,1,1,Group1,0
13.983471074380166,1,1,Group1,0
14.479338842975206,1,1,Group1,0
14.710743801652892,1,1,Group1,0
14.727272727272728,1,1,Group1,0
14.87603305785124,1,1,Group1,0
14.958677685950414,1,1,Group1,0
15.190082644628099,0,1,Group1,0
15.487603305785125,1,1,Group1,0
15.851239669421489,1,1,Group1,0
21.371900826446282,1,1,Group1,0
