time,status,treat,Group,curve
1.4788732394366195,0,1,Group1,0
1.4788732394366195,0,1,Group1,0
1.4788732394366195,0,1,Group1,0
3.105633802816901,1,1,Group1,0
3.2288732394366195,0,1,Group1,0
3.352112676056338,1,1,Group1,0
5.742957746478872,0,1,Group1,0
5.742957746478872,0,1,Group1,0
5.742957746478872,0,1,Group1,0
5.742957746478872,0,1,Group1,0
5.742957746478872,0,1,Group1,0
8.330985915492958,1,1,Group1,0
14.049295774647888,0,1,Group1,0
14.049295774647888,0,1,Group1,0
14.049295774647888,0,1,Group1,0
14.049295774647888,0,1,Group1,0
14.049295774647888,0,1,Group1,0
14.049295774647888,0,1,Group1,0
14.049295774647888,0,1,Group1,0
20.014084507042252,1,1,Group1,0
20.161971830985916,1,1,Group1,0
20.26056338028169,1,1,Group1,0
21.69014084507042,0,1,Group1,0
21.69014084507042,0,1,Group1,0
21.69014084507042,0,1,Group1,0
21.69014084507042,0,1,Group1,0
23.36619718309859,1,1,Group1,0
24.64788732394366,1,1,Group1,0
25.535211267605632,1,1,Group1,0
26.12676056338028,0,1,Group1,0
27.014084507042252,1,1,Group1,0
28.492957746478872,1,1,Group1,0
30.267605633802816,0,1,Group1,0
30.267605633802816,0,1,Group1,0
32.239436619718305,1,1,Group1,0
33.59507042253521,0,1,Group1,0
33.59507042253521,0,1,Group1,0
35.14788732394366,1,1,Group1,0
36.82394366197183,1,1,Group1,0
37.51408450704225,1,1,Group1,0
43.75,0,1,Group1,0
50.23239436619718,1,1,Group1,0
66.05633802816901,1,1,Group1,0
