time,status,treat,Group,curve
4.920289855072464,0,1,Group1,0
4.920289855072464,0,1,Group1,0
4.920289855072464,0,1,Group1,0
9.942028985507246,1,1,Group1,0
10.347826086956523,1,1,Group1,0
11.971014492753625,0,1,Group1,0
12.072463768115943,1,1,Group1,0
13.137681159420291,1,1,Group1,0
14.304347826086957,1,1,Group1,0
15.217391304347828,1,1,Group1,0
17.043478260869566,1,1,Group1,0
17.094202898550726,1,1,Group1,0
18.159420289855074,1,1,Group1,0
18.31159420289855,1,1,Group1,0
18.615942028985508,1,1,Group1,0
19.17391304347826,1,1,Group1,0
19.884057971014492,1,1,Group1,0
22.268115942028988,1,1,Group1,0
22.521739130434785,1,1,Group1,0
22.97826086956522,1,1,Group1,0
24.246376811594203,1,1,Group1,0
24.956521739130437,1,1,Group1,0
25.920289855072465,1,1,Group1,0
26.021739130434785,1,1,Group1,0
26.22463768115942,1,1,Group1,0
27.188405797101453,1,1,Group1,0
27.746376811594203,1,1,Group1,0
27.797101449275363,1,1,Group1,0
28.811594202898554,1,1,Group1,0
30.78985507246377,1,1,Group1,0
31.043478260869566,1,1,Group1,0
31.094202898550726,1,1,Group1,0
32.36231884057971,1,1,Group1,0
32.71739130434783,1,1,Group1,0
33.731884057971016,1,1,Group1,0
34.54347826086957,1,1,Group1,0
35.152173913043484,1,1,Group1,0
35.608695652173914,1,1,Group1,0
36.06521739130435,1,1,Group1,0
37.231884057971016,1,1,Group1,0
37.63768115942029,1,1,Group1,0
37.73913043478261,1,1,Group1,0
38.39855072463769,1,1,Group1,0
39.210144927536234,1,1,Group1,0
39.971014492753625,1,1,Group1,0
40.22463768115942,1,1,Group1,0
42.30434782608696,1,1,Group1,0
43.06521739130435,1,1,Group1,0
45.2463768115942,1,1,Group1,0
45.29710144927537,1,1,Group1,0
46.971014492753625,1,1,Group1,0
48.54347826086957,1,1,Group1,0
49.608695652173914,1,1,Group1,0
50.572463768115945,1,1,Group1,0
51.3840579710145,1,1,Group1,0
59.70289855072464,1,1,Group1,0
61.02173913043479,1,1,Group1,0
61.47826086956522,1,1,Group1,0
68.57971014492755,1,1,Group1,0
