time,status,treat,Group,curve
0.4406779661016949,1,1,Group1,0
1.5508474576271187,0,1,Group1,0
1.5508474576271187,0,1,Group1,0
1.5508474576271187,0,1,Group1,0
1.5508474576271187,0,1,Group1,0
2.694915254237288,1,1,Group1,0
2.9915254237288136,0,1,Group1,0
2.9915254237288136,0,1,Group1,0
3.3559322033898304,1,1,Group1,0
3.389830508474576,0,1,Group1,0
3.4745762711864407,1,1,Group1,0
3.9322033898305087,0,1,Group1,0
3.9322033898305087,0,1,Group1,0
3.9322033898305087,0,1,Group1,0
4.440677966101695,1,1,Group1,0
4.661016949152542,1,1,Group1,0
4.745762711864407,1,1,Group1,0
4.762711864406779,1,1,Group1,0
5.025423728813559,0,1,Group1,0
5.338983050847458,1,1,Group1,0
5.423728813559322,1,1,Group1,0
5.661016949152542,1,1,Group1,0
6.1525423728813555,1,1,Group1,0
6.5423728813559325,1,1,Group1,0
6.559322033898305,1,1,Group1,0
6.932203389830509,1,1,Group1,0
7.0423728813559325,0,1,Group1,0
7.0508474576271185,1,1,Group1,0
7.559322033898305,1,1,Group1,0
8.016949152542374,1,1,Group1,0
8.067796610169491,1,1,Group1,0
8.220338983050848,1,1,Group1,0
8.508474576271187,1,1,Group1,0
8.88135593220339,1,1,Group1,0
8.991525423728813,0,1,Group1,0
9.152542372881356,1,1,Group1,0
9.254237288135593,1,1,Group1,0
9.966101694915254,1,1,Group1,0
10.033898305084746,1,1,Group1,0
11.322033898305085,1,1,Group1,0
11.322033898305085,1,1,Group1,0
11.35593220338983,1,1,Group1,0
11.610169491525424,1,1,Group1,0
11.677966101694915,1,1,Group1,0
11.932203389830509,1,1,Group1,0
12.254237288135593,1,1,Group1,0
12.457627118644067,1,1,Group1,0
12.525423728813559,1,1,Group1,0
12.711864406779661,1,1,Group1,0
12.745762711864407,1,1,Group1,0
12.830508474576272,1,1,Group1,0
13.372881355932204,0,1,Group1,0
14.0,1,1,Group1,0
14.11864406779661,1,1,Group1,0
15.016949152542372,1,1,Group1,0
15.033898305084746,1,1,Group1,0
15.35593220338983,1,1,Group1,0
15.457627118644067,1,1,Group1,0
15.610169491525424,1,1,Group1,0
16.97457627118644,0,1,Group1,0
18.423728813559322,1,1,Group1,0
22.1864406779661,1,1,Group1,0
