time,status,treat,Group,curve
4.774436090225564,0,1,Group1,0
4.774436090225564,0,1,Group1,0
4.774436090225564,0,1,Group1,0
4.774436090225564,0,1,Group1,0
4.774436090225564,0,1,Group1,0
4.774436090225564,0,1,Group1,0
4.774436090225564,0,1,Group1,0
4.774436090225564,0,1,Group1,0
4.774436090225564,0,1,Group1,0
9.661654135338345,1,1,Group1,0
13.25187969924812,0,1,Group1,0
13.25187969924812,0,1,Group1,0
13.25187969924812,0,1,Group1,0
13.25187969924812,0,1,Group1,0
13.25187969924812,0,1,Group1,0
13.25187969924812,0,1,Group1,0
13.25187969924812,0,1,Group1,0
13.25187969924812,0,1,Group1,0
13.25187969924812,0,1,Group1,0
13.25187969924812,0,1,Group1,0
13.25187969924812,0,1,Group1,0
13.25187969924812,0,1,Group1,0
13.25187969924812,0,1,Group1,0
13.25187969924812,0,1,Group1,0
17.030075187969924,1,1,Group1,0
18.81578947368421,0,1,Group1,0
18.81578947368421,0,1,Group1,0
18.81578947368421,0,1,Group1,0
18.81578947368421,0,1,Group1,0
18.81578947368421,0,1,Group1,0
20.82706766917293,1,1,Group1,0
24.07894736842105,0,1,Group1,0
24.07894736842105,0,1,Group1,0
24.07894736842105,0,1,Group1,0
24.07894736842105,0,1,Group1,0
24.07894736842105,0,1,Group1,0
27.481203007518797,1,1,Group1,0
27.70676691729323,1,1,Group1,0
27.70676691729323,1,1,Group1,0
31.052631578947366,0,1,Group1,0
31.052631578947366,0,1,Group1,0
34.58646616541353,1,1,Group1,0
34.73684210526316,0,1,Group1,0
34.73684210526316,0,1,Group1,0
35.07518796992481,1,1,Group1,0
36.785714285714285,0,1,Group1,0
38.64661654135338,1,1,Group1,0
41.46616541353383,1,1,Group1,0
41.503759398496236,1,1,Group1,0
44.849624060150376,1,1,Group1,0
50.827067669172926,1,1,Group1,0
