time,status,treat,Group,curve
1.0366972477064222,0,1,Group1,0
1.0366972477064222,0,1,Group1,0
1.0366972477064222,0,1,Group1,0
1.0366972477064222,0,1,Group1,0
1.0366972477064222,0,1,Group1,0
1.0366972477064222,0,1,Group1,0
1.0366972477064222,0,1,Group1,0
1.0366972477064222,0,1,Group1,0
1.0366972477064222,0,1,Group1,0
1.0366972477064222,0,1,Group1,0
2.128440366972477,1,1,Group1,0
3.660550458715597,0,1,Group1,0
3.660550458715597,0,1,Group1,0
3.660550458715597,0,1,Group1,0
3.660550458715597,0,1,Group1,0
3.660550458715597,0,1,Group1,0
3.660550458715597,0,1,Group1,0
3.660550458715597,0,1,Group1,0
3.660550458715597,0,1,Group1,0
3.660550458715597,0,1,Group1,0
5.284403669724771,1,1,Group1,0
5.908256880733946,0,1,Group1,0
5.908256880733946,0,1,Group1,0
5.908256880733946,0,1,Group1,0
5.908256880733946,0,1,Group1,0
5.908256880733946,0,1,Group1,0
6.568807339449542,1,1,Group1,0
7.220183486238533,0,1,Group1,0
7.220183486238533,0,1,Group1,0
7.963302752293578,1,1,Group1,0
8.825688073394495,0,1,Group1,0
8.825688073394495,0,1,Group1,0
8.825688073394495,0,1,Group1,0
9.761467889908257,1,1,Group1,0
9.889908256880734,1,1,Group1,0
10.825688073394495,0,1,Group1,0
10.825688073394495,0,1,Group1,0
11.77981651376147,1,1,Group1,0
11.77981651376147,1,1,Group1,0
11.79816513761468,1,1,Group1,0
11.79816513761468,1,1,Group1,0
12.376146788990827,0,1,Group1,0
12.376146788990827,0,1,Group1,0
12.376146788990827,0,1,Group1,0
13.045871559633028,1,1,Group1,0
13.44954128440367,0,1,Group1,0
13.44954128440367,0,1,Group1,0
13.44954128440367,0,1,Group1,0
13.871559633027523,1,1,Group1,0
14.073394495412845,0,1,Group1,0
14.366972477064222,1,1,Group1,0
16.110091743119266,1,1,Group1,0
16.53211009174312,1,1,Group1,0
19.98165137614679,1,1,Group1,0
22.055045871559635,1,1,Group1,0
24.779816513761467,0,1,Group1,0
