time,status,treat,Group,curve
0.3177083333333333,0,1,Group1,0
0.65625,1,1,Group1,0
1.2083333333333333,1,1,Group1,0
1.53125,1,1,Group1,0
1.65625,1,1,Group1,0
1.7916666666666665,1,1,Group1,0
1.96875,1,1,Group1,0
1.9791666666666665,1,1,Group1,0
2.333333333333333,1,1,Group1,0
2.375,1,1,Group1,0
2.59375,1,1,Group1,0
2.708333333333333,1,1,Group1,0
3.020833333333333,1,1,Group1,0
3.052083333333333,1,1,Group1,0
3.1875,1,1,Group1,0
3.208333333333333,1,1,Group1,0
3.239583333333333,1,1,Group1,0
3.375,1,1,Group1,0
3.427083333333333,1,1,Group1,0
3.614583333333333,1,1,Group1,0
3.6875,1,1,Group1,0
3.6875,1,1,Group1,0
3.833333333333333,1,1,Group1,0
4.25,1,1,Group1,0
4.291666666666666,1,1,Group1,0
4.322916666666666,1,1,Group1,0
4.447916666666666,1,1,Group1,0
4.635416666666666,1,1,Group1,0
4.645833333333333,1,1,Group1,0
4.760416666666666,1,1,Group1,0
4.916666666666666,1,1,Group1,0
5.145833333333333,1,1,Group1,0
5.15625,1,1,Group1,0
5.260416666666666,1,1,Group1,0
5.416666666666666,1,1,Group1,0
5.572916666666666,1,1,Group1,0
5.625,1,1,Group1,0
6.119791666666666,0,1,Group1,0
6.65625,1,1,Group1,0
6.71875,1,1,Group1,0
6.90625,1,1,Group1,0
7.25,1,1,Group1,0
7.46875,1,1,Group1,0
7.59375,1,1,Group1,0
7.739583333333333,1,1,Group1,0
7.958333333333333,1,1,Group1,0
8.197916666666666,1,1,Group1,0
8.395833333333332,1,1,Group1,0
8.40625,1,1,Group1,0
8.458333333333332,1,1,Group1,0
8.677083333333332,1,1,Group1,0
8.885416666666666,1,1,Group1,0
9.260416666666666,1,1,Group1,0
9.479166666666666,1,1,Group1,0
10.78125,1,1,Group1,0
10.802083333333332,1,1,Group1,0
12.28125,1,1,Group1,0
13.395833333333332,1,1,Group1,0
13.885416666666666,1,1,Group1,0
