time,status,treat,Group,curve
0.7848101265822784,1,1,Group1,0
0.8481012658227848,1,1,Group1,0
1.2658227848101267,1,1,Group1,0
2.088607594936709,1,1,Group1,0
2.3417721518987342,1,1,Group1,0
3.0759493670886076,0,1,Group1,0
3.873417721518987,1,1,Group1,0
4.012658227848101,1,1,Group1,0
4.265822784810126,1,1,Group1,0
4.411392405063291,0,1,Group1,0
4.620253164556962,1,1,Group1,0
4.670886075949367,1,1,Group1,0
4.7594936708860756,1,1,Group1,0
5.037974683544304,1,1,Group1,0
5.075949367088607,1,1,Group1,0
5.8734177215189876,1,1,Group1,0
6.151898734177215,1,1,Group1,0
6.177215189873418,1,1,Group1,0
6.417721518987341,1,1,Group1,0
6.455696202531645,1,1,Group1,0
6.784810126582278,1,1,Group1,0
7.1645569620253164,1,1,Group1,0
7.30379746835443,1,1,Group1,0
7.493670886075949,1,1,Group1,0
7.759493670886076,0,1,Group1,0
8.075949367088608,1,1,Group1,0
8.08860759493671,1,1,Group1,0
8.582278481012658,1,1,Group1,0
8.620253164556962,1,1,Group1,0
8.822784810126581,1,1,Group1,0
9.253164556962025,1,1,Group1,0
9.417721518987342,1,1,Group1,0
10.063291139240507,1,1,Group1,0
10.08860759493671,1,1,Group1,0
11.265822784810126,1,1,Group1,0
11.683544303797468,1,1,Group1,0
12.620253164556962,1,1,Group1,0
12.746835443037975,1,1,Group1,0
14.265822784810126,1,1,Group1,0
14.924050632911392,1,1,Group1,0
15.08860759493671,1,1,Group1,0
15.658227848101266,1,1,Group1,0
16.582278481012658,1,1,Group1,0
