time,status,treat,Group,curve
0.7241379310344828,1,1,Group1,0
1.9137931034482758,0,1,Group1,0
1.9137931034482758,0,1,Group1,0
3.206896551724138,1,1,Group1,0
3.8689655172413793,1,1,Group1,0
4.572413793103449,0,1,Group1,0
5.296551724137931,1,1,Group1,0
6.248275862068965,1,1,Group1,0
6.620689655172414,1,1,Group1,0
8.772413793103448,1,1,Group1,0
10.137931034482758,1,1,Group1,0
10.489655172413793,0,1,Group1,0
10.944827586206896,1,1,Group1,0
11.110344827586207,1,1,Group1,0
11.544827586206896,0,1,Group1,0
12.082758620689654,1,1,Group1,0
12.16551724137931,1,1,Group1,0
13.2,1,1,Group1,0
13.220689655172414,1,1,Group1,0
13.386206896551723,1,1,Group1,0
13.862068965517242,1,1,Group1,0
14.73103448275862,1,1,Group1,0
15.331034482758621,1,1,Group1,0
15.351724137931035,1,1,Group1,0
15.931034482758621,1,1,Group1,0
17.089655172413792,1,1,Group1,0
18.393103448275863,1,1,Group1,0
18.70344827586207,0,1,Group1,0
19.09655172413793,1,1,Group1,0
19.179310344827584,1,1,Group1,0
19.56206896551724,0,1,Group1,0
20.02758620689655,1,1,Group1,0
20.46206896551724,0,1,Group1,0
21.0,1,1,Group1,0
21.99310344827586,1,1,Group1,0
22.303448275862067,1,1,Group1,0
24.455172413793104,1,1,Group1,0
26.048275862068966,1,1,Group1,0
26.917241379310344,1,1,Group1,0
27.124137931034483,0,1,Group1,0
