time,status,treat,Group,curve
6.1603053435114505,0,1,Group1,0
6.1603053435114505,0,1,Group1,0
6.1603053435114505,0,1,Group1,0
6.1603053435114505,0,1,Group1,0
6.1603053435114505,0,1,Group1,0
6.1603053435114505,0,1,Group1,0
6.1603053435114505,0,1,Group1,0
6.1603053435114505,0,1,Group1,0
6.1603053435114505,0,1,Group1,0
6.1603053435114505,0,1,Group1,0
6.1603053435114505,0,1,Group1,0
6.1603053435114505,0,1,Group1,0
6.1603053435114505,0,1,Group1,0
12.458015267175572,1,1,Group1,0
14.335877862595419,0,1,Group1,0
16.442748091603054,1,1,Group1,0
17.06106870229008,0,1,Group1,0
17.908396946564885,1,1,Group1,0
19.053435114503817,1,1,Group1,0
26.404580152671755,0,1,Group1,0
26.404580152671755,0,1,Group1,0
26.404580152671755,0,1,Group1,0
26.404580152671755,0,1,Group1,0
26.404580152671755,0,1,Group1,0
26.404580152671755,0,1,Group1,0
26.404580152671755,0,1,Group1,0
26.404580152671755,0,1,Group1,0
34.030534351145036,1,1,Group1,0
34.62595419847328,1,1,Group1,0
34.62595419847328,1,1,Group1,0
36.45801526717557,0,1,Group1,0
36.45801526717557,0,1,Group1,0
36.45801526717557,0,1,Group1,0
38.38167938931298,1,1,Group1,0
41.06106870229007,0,1,Group1,0
43.969465648854964,1,1,Group1,0
44.56488549618321,1,1,Group1,0
45.43511450381679,0,1,Group1,0
46.534351145038165,1,1,Group1,0
48.0,1,1,Group1,0
48.961832061068705,1,1,Group1,0
58.717557251908396,1,1,Group1,0
60.18320610687023,0,1,Group1,0
61.786259541984734,0,1,Group1,0
