time,status,treat,Group,curve
0.6306306306306306,1,1,Group1,0
0.6396396396396397,1,1,Group1,0
1.1711711711711712,1,1,Group1,0
1.4954954954954955,1,1,Group1,0
1.6126126126126126,1,1,Group1,0
1.927927927927928,1,1,Group1,0
1.936936936936937,1,1,Group1,0
2.27027027027027,1,1,Group1,0
2.324324324324324,1,1,Group1,0
2.6396396396396398,1,1,Group1,0
2.9369369369369367,1,1,Group1,0
3.099099099099099,1,1,Group1,0
3.1171171171171173,1,1,Group1,0
3.1621621621621623,1,1,Group1,0
3.2972972972972974,1,1,Group1,0
3.324324324324324,1,1,Group1,0
3.40990990990991,0,1,Group1,0
3.5225225225225225,1,1,Group1,0
3.5945945945945947,1,1,Group1,0
3.72972972972973,1,1,Group1,0
3.9189189189189193,0,1,Group1,0
4.1441441441441444,1,1,Group1,0
4.18018018018018,1,1,Group1,0
4.225225225225225,1,1,Group1,0
4.333333333333333,1,1,Group1,0
4.5225225225225225,1,1,Group1,0
4.531531531531532,1,1,Group1,0
4.6441441441441444,0,1,Group1,0
4.792792792792793,1,1,Group1,0
5.009009009009009,1,1,Group1,0
5.036036036036036,1,1,Group1,0
5.126126126126126,1,1,Group1,0
5.288288288288288,1,1,Group1,0
5.441441441441442,1,1,Group1,0
5.945945945945946,1,1,Group1,0
6.486486486486487,1,1,Group1,0
6.54954954954955,1,1,Group1,0
6.72972972972973,1,1,Group1,0
7.054054054054054,1,1,Group1,0
7.288288288288288,1,1,Group1,0
7.396396396396396,1,1,Group1,0
7.7207207207207205,1,1,Group1,0
7.963963963963964,1,1,Group1,0
8.17117117117117,1,1,Group1,0
8.234234234234235,1,1,Group1,0
8.45045045045045,1,1,Group1,0
8.531531531531531,0,1,Group1,0
8.63963963963964,1,1,Group1,0
9.00900900900901,1,1,Group1,0
9.234234234234235,1,1,Group1,0
10.504504504504505,1,1,Group1,0
11.945945945945946,1,1,Group1,0
