time,status,treat,Group,curve
0.7872340425531915,0,1,Group1,0
0.7872340425531915,0,1,Group1,0
0.7872340425531915,0,1,Group1,0
0.7872340425531915,0,1,Group1,0
0.7872340425531915,0,1,Group1,0
1.6170212765957446,1,1,Group1,0
2.25531914893617,0,1,Group1,0
2.25531914893617,0,1,Group1,0
2.25531914893617,0,1,Group1,0
2.25531914893617,0,1,Group1,0
2.957446808510638,1,1,Group1,0
3.4468085106382977,0,1,Group1,0
3.4468085106382977,0,1,Group1,0
3.4468085106382977,0,1,Group1,0
4.0638297872340425,1,1,Group1,0
4.404255319148936,0,1,Group1,0
4.404255319148936,0,1,Group1,0
4.829787234042553,1,1,Group1,0
5.23404255319149,0,1,Group1,0
5.23404255319149,0,1,Group1,0
5.702127659574468,1,1,Group1,0
8.24468085106383,0,1,Group1,0
8.24468085106383,0,1,Group1,0
8.24468085106383,0,1,Group1,0
8.24468085106383,0,1,Group1,0
8.24468085106383,0,1,Group1,0
8.24468085106383,0,1,Group1,0
8.24468085106383,0,1,Group1,0
8.24468085106383,0,1,Group1,0
8.24468085106383,0,1,Group1,0
8.24468085106383,0,1,Group1,0
8.24468085106383,0,1,Group1,0
8.24468085106383,0,1,Group1,0
10.872340425531915,1,1,Group1,0
11.808510638297872,0,1,Group1,0
11.808510638297872,0,1,Group1,0
11.808510638297872,0,1,Group1,0
11.808510638297872,0,1,Group1,0
11.808510638297872,0,1,Group1,0
11.808510638297872,0,1,Group1,0
11.808510638297872,0,1,Group1,0
12.851063829787234,1,1,Group1,0
14.574468085106382,0,1,Group1,0
14.574468085106382,0,1,Group1,0
16.404255319148938,1,1,Group1,0
17.595744680851062,0,1,Group1,0
18.893617021276594,1,1,Group1,0
19.425531914893618,1,1,Group1,0
20.46808510638298,0,1,Group1,0
20.46808510638298,0,1,Group1,0
21.659574468085104,1,1,Group1,0
22.574468085106382,1,1,Group1,0
23.127659574468083,1,1,Group1,0
26.340425531914892,1,1,Group1,0
26.340425531914892,1,1,Group1,0
28.47872340425532,0,1,Group1,0
