time,status,treat,Group,curve
5.52112676056338,1,1,Group1,0
7.394366197183098,1,1,Group1,0
12.619718309859154,1,1,Group1,0
18.239436619718308,1,1,Group1,0
18.338028169014084,1,1,Group1,0
18.929577464788732,1,1,Group1,0
19.028169014084504,1,1,Group1,0
23.56338028169014,1,1,Group1,0
24.549295774647884,1,1,Group1,0
27.507042253521124,1,1,Group1,0
29.577464788732392,1,1,Group1,0
32.33802816901408,1,1,Group1,0
32.33802816901408,1,1,Group1,0
32.83098591549295,1,1,Group1,0
34.309859154929576,1,1,Group1,0
34.901408450704224,1,1,Group1,0
37.61267605633803,0,1,Group1,0
40.32394366197183,1,1,Group1,0
40.816901408450704,1,1,Group1,0
44.56338028169014,1,1,Group1,0
45.154929577464785,1,1,Group1,0
46.83098591549295,1,1,Group1,0
48.01408450704225,1,1,Group1,0
48.112676056338024,1,1,Group1,0
49.59154929577465,1,1,Group1,0
49.69014084507042,1,1,Group1,0
50.97183098591549,0,1,Group1,0
52.25352112676056,1,1,Group1,0
55.80281690140845,1,1,Group1,0
55.99999999999999,1,1,Group1,0
56.985915492957744,1,1,Group1,0
57.18309859154929,1,1,Group1,0
58.76056338028169,1,1,Group1,0
76.30985915492957,1,1,Group1,0
78.08450704225352,1,1,Group1,0
83.80281690140845,1,1,Group1,0
90.01408450704224,1,1,Group1,0
133.49295774647885,1,1,Group1,0
