time,status,treat,Group,curve
2.4855072463768115,0,1,Group1,0
5.1231884057971016,1,1,Group1,0
7.583333333333334,0,1,Group1,0
10.094202898550725,1,1,Group1,0
11.692028985507246,0,1,Group1,0
13.543478260869566,1,1,Group1,0
14.202898550724639,1,1,Group1,0
17.880434782608695,0,1,Group1,0
17.905797101449277,1,1,Group1,0
20.898550724637683,1,1,Group1,0
22.01449275362319,1,1,Group1,0
24.60144927536232,1,1,Group1,0
25.920289855072465,1,1,Group1,0
28.10144927536232,1,1,Group1,0
28.507246376811597,1,1,Group1,0
30.231884057971016,1,1,Group1,0
30.73913043478261,1,1,Group1,0
30.73913043478261,1,1,Group1,0
34.44202898550725,0,1,Group1,0
38.39855072463769,1,1,Group1,0
39.768115942028984,1,1,Group1,0
68.68115942028986,1,1,Group1,0
