time,status,treat,Group,curve
0.33783783783783783,1,1,Group1,0
0.4222972972972973,0,1,Group1,0
0.6756756756756757,1,1,Group1,0
0.7094594594594595,1,1,Group1,0
0.8445945945945946,1,1,Group1,0
0.945945945945946,0,1,Group1,0
1.1486486486486487,1,1,Group1,0
1.2162162162162162,1,1,Group1,0
1.2837837837837838,1,1,Group1,0
1.3175675675675675,1,1,Group1,0
1.4189189189189189,0,1,Group1,0
1.7567567567567568,1,1,Group1,0
1.8581081081081081,1,1,Group1,0
2.14527027027027,0,1,Group1,0
2.14527027027027,0,1,Group1,0
2.6013513513513513,1,1,Group1,0
2.8040540540540544,1,1,Group1,0
2.8209459459459465,0,1,Group1,0
2.9391891891891895,1,1,Group1,0
3.141891891891892,1,1,Group1,0
3.260135135135135,0,1,Group1,0
3.3445945945945947,1,1,Group1,0
3.4121621621621623,1,1,Group1,0
3.75,0,1,Group1,0
3.8513513513513518,1,1,Group1,0
4.087837837837839,0,1,Group1,0
4.493243243243244,1,1,Group1,0
5.050675675675676,0,1,Group1,0
5.050675675675676,0,1,Group1,0
5.777027027027027,1,1,Group1,0
5.844594594594595,1,1,Group1,0
6.013513513513514,1,1,Group1,0
6.216216216216217,1,1,Group1,0
6.554054054054054,1,1,Group1,0
6.554054054054054,1,1,Group1,0
6.722972972972974,1,1,Group1,0
7.0777027027027035,0,1,Group1,0
7.601351351351352,1,1,Group1,0
8.429054054054054,0,1,Group1,0
9.391891891891893,1,1,Group1,0
10.101351351351353,1,1,Group1,0
10.101351351351353,1,1,Group1,0
13.91891891891892,1,1,Group1,0
14.864864864864865,1,1,Group1,0
15.945945945945947,1,1,Group1,0
30.70945945945946,0,1,Group1,0
45.50675675675676,0,1,Group1,0
