time,status,treat,Group,curve
3.041958041958042,1,1,Group1,0
3.5664335664335667,1,1,Group1,0
4.353146853146853,0,1,Group1,0
5.34965034965035,1,1,Group1,0
6.188811188811189,1,1,Group1,0
7.027972027972028,1,1,Group1,0
8.811188811188812,1,1,Group1,0
8.811188811188812,1,1,Group1,0
10.017482517482517,0,1,Group1,0
10.06993006993007,1,1,Group1,0
11.958041958041958,1,1,Group1,0
14.475524475524475,1,1,Group1,0
15.0,1,1,Group1,0
15.314685314685315,1,1,Group1,0
17.937062937062937,1,1,Group1,0
20.34965034965035,1,1,Group1,0
20.454545454545453,1,1,Group1,0
20.76923076923077,1,1,Group1,0
22.447552447552447,1,1,Group1,0
23.181818181818183,1,1,Group1,0
25.174825174825173,1,1,Group1,0
29.16083916083916,1,1,Group1,0
31.67832167832168,1,1,Group1,0
34.40559440559441,1,1,Group1,0
37.34265734265734,1,1,Group1,0
39.12587412587413,1,1,Group1,0
41.64335664335665,1,1,Group1,0
42.37762237762238,1,1,Group1,0
42.9020979020979,1,1,Group1,0
44.58041958041958,1,1,Group1,0
46.36363636363637,1,1,Group1,0
48.88111888111888,1,1,Group1,0
53.65384615384615,0,1,Group1,0
53.91608391608391,1,1,Group1,0
56.11888111888112,1,1,Group1,0
61.88811188811189,1,1,Group1,0
66.71328671328672,1,1,Group1,0
74.26573426573427,1,1,Group1,0
74.58041958041959,1,1,Group1,0
112.44755244755245,1,1,Group1,0
114.02097902097903,1,1,Group1,0
141.92307692307693,1,1,Group1,0
