time,status,treat,Group,curve
0.3013698630136986,1,1,Group1,0
0.9041095890410958,1,1,Group1,0
0.9041095890410958,1,1,Group1,0
1.2054794520547945,0,1,Group1,0
2.410958904109589,0,1,Group1,0
3.1643835616438354,1,1,Group1,0
3.5410958904109586,0,1,Group1,0
3.917808219178082,1,1,Group1,0
4.671232876712328,0,1,Group1,0
5.273972602739725,1,1,Group1,0
5.801369863013699,0,1,Group1,0
7.006849315068493,0,1,Group1,0
7.082191780821917,1,1,Group1,0
8.061643835616438,0,1,Group1,0
8.287671232876711,1,1,Group1,0
8.73972602739726,1,1,Group1,0
9.116438356164384,0,1,Group1,0
10.246575342465754,1,1,Group1,0
10.472602739726026,0,1,Group1,0
10.84931506849315,1,1,Group1,0
11.602739726027396,0,1,Group1,0
12.356164383561643,1,1,Group1,0
12.732876712328768,0,1,Group1,0
13.410958904109588,1,1,Group1,0
13.93835616438356,0,1,Group1,0
14.993150684931507,0,1,Group1,0
16.198630136986303,0,1,Group1,0
16.726027397260275,1,1,Group1,0
17.47945205479452,0,1,Group1,0
17.931506849315067,1,1,Group1,0
18.458904109589042,0,1,Group1,0
18.986301369863014,1,1,Group1,0
19.664383561643834,0,1,Group1,0
19.73972602739726,1,1,Group1,0
20.794520547945204,1,1,Group1,0
20.869863013698627,0,1,Group1,0
22.753424657534246,1,1,Group1,0
24.712328767123285,1,1,Group1,0
26.219178082191778,1,1,Group1,0
30.28767123287671,1,1,Group1,0
30.89041095890411,1,1,Group1,0
31.342465753424655,1,1,Group1,0
34.80821917808219,1,1,Group1,0
37.06849315068493,1,1,Group1,0
37.36986301369863,1,1,Group1,0
39.47945205479452,1,1,Group1,0
40.082191780821915,1,1,Group1,0
42.1917808219178,1,1,Group1,0
42.794520547945204,1,1,Group1,0
45.50684931506849,1,1,Group1,0
47.61643835616438,1,1,Group1,0
55.0,1,1,Group1,0
57.56164383561644,1,1,Group1,0
60.87671232876712,1,1,Group1,0
64.94520547945206,1,1,Group1,0
72.32876712328766,1,1,Group1,0
78.20547945205479,1,1,Group1,0
78.28082191780821,0,1,Group1,0
82.42465753424656,0,1,Group1,0
92.36986301369862,1,1,Group1,0
95.68493150684931,1,1,Group1,0
102.91780821917807,1,1,Group1,0
131.84931506849315,1,1,Group1,0
159.95205479452054,0,1,Group1,0
188.05479452054794,1,1,Group1,0
