time,status,treat,Group,curve
0.40816326530612246,1,1,Group1,0
0.7482993197278912,0,1,Group1,0
0.9523809523809524,1,1,Group1,0
1.9727891156462587,0,1,Group1,0
1.9727891156462587,0,1,Group1,0
3.1972789115646263,0,1,Group1,0
3.4013605442176873,1,1,Group1,0
3.9455782312925174,1,1,Group1,0
5.034013605442177,0,1,Group1,0
5.034013605442177,0,1,Group1,0
5.034013605442177,0,1,Group1,0
6.530612244897959,0,1,Group1,0
7.278911564625851,0,1,Group1,0
7.346938775510205,1,1,Group1,0
8.027210884353742,0,1,Group1,0
8.979591836734695,0,1,Group1,0
9.523809523809526,1,1,Group1,0
9.727891156462587,0,1,Group1,0
9.795918367346939,1,1,Group1,0
11.700680272108844,0,1,Group1,0
11.700680272108844,0,1,Group1,0
11.700680272108844,0,1,Group1,0
11.700680272108844,0,1,Group1,0
13.741496598639458,0,1,Group1,0
14.14965986394558,1,1,Group1,0
14.625850340136056,0,1,Group1,0
16.598639455782312,0,1,Group1,0
16.598639455782312,0,1,Group1,0
16.598639455782312,0,1,Group1,0
16.598639455782312,0,1,Group1,0
18.70748299319728,0,1,Group1,0
18.775510204081634,1,1,Group1,0
19.727891156462587,0,1,Group1,0
20.816326530612248,1,1,Group1,0
20.952380952380953,1,1,Group1,0
21.904761904761905,1,1,Group1,0
24.081632653061227,1,1,Group1,0
25.03401360544218,1,1,Group1,0
25.374149659863946,0,1,Group1,0
26.258503401360546,1,1,Group1,0
29.115646258503403,1,1,Group1,0
30.204081632653065,0,1,Group1,0
31.836734693877553,1,1,Group1,0
34.28571428571429,1,1,Group1,0
34.693877551020414,1,1,Group1,0
34.965986394557824,1,1,Group1,0
35.374149659863946,0,1,Group1,0
36.59863945578232,1,1,Group1,0
38.503401360544224,1,1,Group1,0
41.22448979591837,1,1,Group1,0
42.78911564625851,0,1,Group1,0
44.08163265306123,1,1,Group1,0
45.30612244897959,0,1,Group1,0
47.00680272108844,0,1,Group1,0
47.07482993197279,1,1,Group1,0
48.84353741496599,1,1,Group1,0
49.183673469387756,0,1,Group1,0
50.204081632653065,1,1,Group1,0
51.42857142857143,0,1,Group1,0
54.5578231292517,0,1,Group1,0
55.71428571428572,0,1,Group1,0
56.054421768707485,1,1,Group1,0
57.41496598639456,0,1,Group1,0
59.31972789115647,1,1,Group1,0
63.401360544217695,1,1,Group1,0
68.43537414965986,1,1,Group1,0
68.843537414966,0,1,Group1,0
71.42857142857143,1,1,Group1,0
76.46258503401361,1,1,Group1,0
81.7687074829932,0,1,Group1,0
87.34693877551021,1,1,Group1,0
91.97278911564626,0,1,Group1,0
98.91156462585035,1,1,Group1,0
108.02721088435375,1,1,Group1,0
152.65306122448982,1,1,Group1,0
165.85034013605446,0,1,Group1,0
