time,status,treat,Group,curve
0.836734693877551,1,1,Group1,0
2.7891156462585034,1,1,Group1,0
4.32312925170068,0,1,Group1,0
6.693877551020408,1,1,Group1,0
7.2517006802721085,1,1,Group1,0
7.530612244897958,1,1,Group1,0
10.040816326530612,1,1,Group1,0
10.598639455782312,0,1,Group1,0
11.993197278911564,1,1,Group1,0
12.272108843537413,1,1,Group1,0
12.829931972789115,1,1,Group1,0
15.479591836734691,0,1,Group1,0
15.897959183673468,1,1,Group1,0
18.268707482993193,0,1,Group1,0
22.034013605442176,1,1,Group1,0
22.034013605442176,1,1,Group1,0
22.591836734693874,1,1,Group1,0
24.823129251700678,1,1,Group1,0
25.520408163265305,0,1,Group1,0
25.65986394557823,1,1,Group1,0
28.17006802721088,1,1,Group1,0
30.401360544217685,0,1,Group1,0
34.027210884353735,1,1,Group1,0
34.86394557823129,1,1,Group1,0
35.14285714285714,1,1,Group1,0
35.14285714285714,1,1,Group1,0
37.93197278911565,0,1,Group1,0
40.4421768707483,1,1,Group1,0
41.557823129251695,1,1,Group1,0
42.115646258503396,1,1,Group1,0
42.6734693877551,1,1,Group1,0
45.4625850340136,1,1,Group1,0
46.0204081632653,1,1,Group1,0
48.2517006802721,1,1,Group1,0
51.877551020408156,1,1,Group1,0
53.27210884353741,1,1,Group1,0
56.897959183673464,1,1,Group1,0
60.66326530612244,0,1,Group1,0
65.82312925170068,1,1,Group1,0
68.33333333333333,1,1,Group1,0
68.61224489795917,1,1,Group1,0
72.51700680272108,1,1,Group1,0
81.16326530612244,0,1,Group1,0
90.3673469387755,1,1,Group1,0
100.12925170068026,1,1,Group1,0
110.17006802721087,0,1,Group1,0
122.16326530612244,1,1,Group1,0
127.4625850340136,1,1,Group1,0
133.0408163265306,1,1,Group1,0
210.578231292517,1,1,Group1,0
372.3469387755102,1,1,Group1,0
