time,status,treat,Group,curve
0.5102040816326531,1,1,Group1,0
0.6802721088435374,1,1,Group1,0
1.3605442176870748,1,1,Group1,0
3.7414965986394555,1,1,Group1,0
4.591836734693877,1,1,Group1,0
7.482993197278911,1,1,Group1,0
8.843537414965986,1,1,Group1,0
12.414965986394558,1,1,Group1,0
13.26530612244898,1,1,Group1,0
14.285714285714285,1,1,Group1,0
15.136054421768707,1,1,Group1,0
17.517006802721088,1,1,Group1,0
18.197278911564624,1,1,Group1,0
18.36734693877551,1,1,Group1,0
18.877551020408163,1,1,Group1,0
21.088435374149658,1,1,Group1,0
21.428571428571427,1,1,Group1,0
28.57142857142857,1,1,Group1,0
31.462585034013603,1,1,Group1,0
31.632653061224488,1,1,Group1,0
32.6530612244898,1,1,Group1,0
34.35374149659864,1,1,Group1,0
34.523809523809526,1,1,Group1,0
38.265306122448976,1,1,Group1,0
42.517006802721085,1,1,Group1,0
44.21768707482993,1,1,Group1,0
46.59863945578231,1,1,Group1,0
53.2312925170068,1,1,Group1,0
53.91156462585034,1,1,Group1,0
54.25170068027211,1,1,Group1,0
54.42176870748299,1,1,Group1,0
61.05442176870748,1,1,Group1,0
61.73469387755102,1,1,Group1,0
64.79591836734694,1,1,Group1,0
69.21768707482993,1,1,Group1,0
71.08843537414965,1,1,Group1,0
73.63945578231292,1,1,Group1,0
73.63945578231292,1,1,Group1,0
84.01360544217687,1,1,Group1,0
84.52380952380952,1,1,Group1,0
94.5578231292517,0,1,Group1,0
105.10204081632652,1,1,Group1,0
113.26530612244898,1,1,Group1,0
131.97278911564626,1,1,Group1,0
135.03401360544217,1,1,Group1,0
169.04761904761904,1,1,Group1,0
185.03401360544217,1,1,Group1,0
189.28571428571428,1,1,Group1,0
228.2312925170068,1,1,Group1,0
