time,status,treat,Group,curve
0.17578125,0,1,Group1,0
0.41015625,0,1,Group1,0
0.46875,1,1,Group1,0
0.6640625,0,1,Group1,0
0.7421875,1,1,Group1,0
0.83984375,0,1,Group1,0
0.9375,1,1,Group1,0
1.07421875,0,1,Group1,0
1.23046875,0,1,Group1,0
1.4453125,1,1,Group1,0
1.50390625,0,1,Group1,0
1.71875,0,1,Group1,0
1.71875,0,1,Group1,0
2.0703125,1,1,Group1,0
2.12890625,0,1,Group1,0
2.32421875,0,1,Group1,0
2.34375,1,1,Group1,0
2.5,0,1,Group1,0
2.75390625,0,1,Group1,0
2.8515625,1,1,Group1,0
2.98828125,0,1,Group1,0
3.18359375,0,1,Group1,0
3.203125,1,1,Group1,0
3.41796875,0,1,Group1,0
3.515625,1,1,Group1,0
3.6328125,0,1,Group1,0
3.75,1,1,Group1,0
3.80859375,0,1,Group1,0
3.9453125,1,1,Group1,0
4.04296875,0,1,Group1,0
4.1796875,1,1,Group1,0
4.3359375,0,1,Group1,0
4.47265625,0,1,Group1,0
4.66796875,0,1,Group1,0
4.7265625,1,1,Group1,0
5.09765625,0,1,Group1,0
5.09765625,0,1,Group1,0
5.390625,1,1,Group1,0
5.625,0,1,Group1,0
5.9765625,1,1,Group1,0
6.30859375,0,1,Group1,0
6.640625,1,1,Group1,0
6.66015625,0,1,Group1,0
7.08984375,0,1,Group1,0
7.5,1,1,Group1,0
7.67578125,0,1,Group1,0
7.98828125,0,1,Group1,0
8.046875,1,1,Group1,0
8.3203125,1,1,Group1,0
9.00390625,0,1,Group1,0
9.00390625,0,1,Group1,0
9.00390625,0,1,Group1,0
9.78515625,0,1,Group1,0
10.390625,1,1,Group1,0
11.0546875,0,1,Group1,0
11.875,1,1,Group1,0
12.03125,1,1,Group1,0
14.55078125,0,1,Group1,0
14.55078125,0,1,Group1,0
14.55078125,0,1,Group1,0
14.55078125,0,1,Group1,0
17.2265625,1,1,Group1,0
18.28125,1,1,Group1,0
18.80859375,0,1,Group1,0
19.4921875,1,1,Group1,0
20.91796875,0,1,Group1,0
20.91796875,0,1,Group1,0
22.5390625,1,1,Group1,0
23.14453125,0,1,Group1,0
23.57421875,0,1,Group1,0
24.0625,1,1,Group1,0
24.765625,0,1,Group1,0
25.6640625,1,1,Group1,0
27.1484375,0,1,Group1,0
30.8984375,1,1,Group1,0
52.55859375,0,1,Group1,0
