time,status,treat,Group,curve
0.13432835820895522,1,1,Group1,0
0.33582089552238803,0,1,Group1,0
0.5373134328358209,1,1,Group1,0
0.5597014925373134,0,1,Group1,0
0.8731343283582089,0,1,Group1,0
0.8955223880597014,1,1,Group1,0
1.0746268656716418,1,1,Group1,0
1.1417910447761193,0,1,Group1,0
1.3880597014925373,1,1,Group1,0
1.4104477611940298,0,1,Group1,0
1.6119402985074627,1,1,Group1,0
1.7238805970149254,0,1,Group1,0
1.835820895522388,1,1,Group1,0
1.9477611940298507,0,1,Group1,0
2.2835820895522385,1,1,Group1,0
2.3059701492537314,0,1,Group1,0
2.574626865671642,0,1,Group1,0
2.843283582089552,0,1,Group1,0
2.8656716417910446,1,1,Group1,0
3.08955223880597,0,1,Group1,0
3.3582089552238803,1,1,Group1,0
3.4477611940298507,0,1,Group1,0
3.671641791044776,1,1,Group1,0
3.6940298507462686,0,1,Group1,0
3.9402985074626864,1,1,Group1,0
4.007462686567164,0,1,Group1,0
4.276119402985074,0,1,Group1,0
4.298507462686567,1,1,Group1,0
4.343283582089552,1,1,Group1,0
4.746268656716417,0,1,Group1,0
4.746268656716417,0,1,Group1,0
4.970149253731343,1,1,Group1,0
5.1268656716417915,0,1,Group1,0
5.2835820895522385,1,1,Group1,0
5.4402985074626855,0,1,Group1,0
5.597014925373134,1,1,Group1,0
5.708955223880597,0,1,Group1,0
6.08955223880597,1,1,Group1,0
6.35820895522388,1,1,Group1,0
6.402985074626866,1,1,Group1,0
6.6268656716417915,0,1,Group1,0
7.253731343283581,1,1,Group1,0
7.455223880597014,0,1,Group1,0
7.656716417910447,1,1,Group1,0
7.992537313432836,0,1,Group1,0
8.507462686567164,1,1,Group1,0
8.888059701492537,0,1,Group1,0
9.044776119402984,1,1,Group1,0
9.604477611940297,0,1,Group1,0
10.365671641791044,0,1,Group1,0
11.03731343283582,0,1,Group1,0
11.194029850746269,1,1,Group1,0
11.865671641791044,0,1,Group1,0
13.432835820895521,1,1,Group1,0
15.80597014925373,1,1,Group1,0
16.746268656716417,1,1,Group1,0
17.91044776119403,1,1,Group1,0
18.71641791044776,1,1,Group1,0
19.88059701492537,1,1,Group1,0
28.94776119402985,0,1,Group1,0
31.567164179104477,1,1,Group1,0
35.708955223880594,0,1,Group1,0
