time,status,treat,Group,curve
0.8250000000000001,0,1,Group1,0
0.8250000000000001,0,1,Group1,0
0.8250000000000001,0,1,Group1,0
0.8250000000000001,0,1,Group1,0
0.8250000000000001,0,1,Group1,0
1.6500000000000001,0,1,Group1,0
1.75,1,1,Group1,0
2.1,0,1,Group1,0
2.1,0,1,Group1,0
2.5250000000000004,0,1,Group1,0
2.9750000000000005,0,1,Group1,0
2.9750000000000005,0,1,Group1,0
3.35,1,1,Group1,0
3.375,0,1,Group1,0
3.95,0,1,Group1,0
3.95,0,1,Group1,0
3.95,0,1,Group1,0
4.475,0,1,Group1,0
4.65,1,1,Group1,0
4.95,0,1,Group1,0
4.95,0,1,Group1,0
5.300000000000001,0,1,Group1,0
5.550000000000001,1,1,Group1,0
5.575000000000001,0,1,Group1,0
5.800000000000001,1,1,Group1,0
5.875,0,1,Group1,0
6.175000000000001,0,1,Group1,0
6.25,1,1,Group1,0
6.4,1,1,Group1,0
6.9750000000000005,0,1,Group1,0
6.9750000000000005,0,1,Group1,0
6.9750000000000005,0,1,Group1,0
6.9750000000000005,0,1,Group1,0
7.9750000000000005,0,1,Group1,0
8.35,1,1,Group1,0
8.95,0,1,Group1,0
8.95,0,1,Group1,0
9.75,1,1,Group1,0
9.775,0,1,Group1,0
10.15,0,1,Group1,0
10.55,1,1,Group1,0
10.850000000000001,0,1,Group1,0
11.4,1,1,Group1,0
11.575,0,1,Group1,0
11.925,0,1,Group1,0
12.100000000000001,1,1,Group1,0
12.425,0,1,Group1,0
12.950000000000001,1,1,Group1,0
13.125,0,1,Group1,0
13.625,0,1,Group1,0
13.8,1,1,Group1,0
15.925,0,1,Group1,0
15.925,0,1,Group1,0
15.925,0,1,Group1,0
15.925,0,1,Group1,0
15.925,0,1,Group1,0
15.925,0,1,Group1,0
15.925,0,1,Group1,0
18.1,1,1,Group1,0
18.95,1,1,Group1,0
19.1,1,1,Group1,0
19.8,0,1,Group1,0
20.3,1,1,Group1,0
20.55,1,1,Group1,0
22.025000000000002,0,1,Group1,0
22.025000000000002,0,1,Group1,0
23.650000000000002,1,1,Group1,0
24.200000000000003,0,1,Group1,0
24.200000000000003,0,1,Group1,0
25.0,1,1,Group1,0
26.625,0,1,Group1,0
26.625,0,1,Group1,0
26.625,0,1,Group1,0
26.625,0,1,Group1,0
26.625,0,1,Group1,0
29.5,1,1,Group1,0
30.225,0,1,Group1,0
31.400000000000002,0,1,Group1,0
32.800000000000004,1,1,Group1,0
33.550000000000004,1,1,Group1,0
34.875,0,1,Group1,0
39.2,1,1,Group1,0
49.675000000000004,0,1,Group1,0
49.675000000000004,0,1,Group1,0
49.675000000000004,0,1,Group1,0
64.0,0,1,Group1,0
