time,status,treat,Group,curve
1.4149659863945578,1,1,Group1,0
1.945578231292517,0,1,Group1,0
2.4761904761904763,1,1,Group1,0
3.183673469387755,1,1,Group1,0
4.244897959183674,0,1,Group1,0
6.190476190476191,0,1,Group1,0
6.36734693877551,1,1,Group1,0
7.074829931972789,1,1,Group1,0
8.312925170068027,0,1,Group1,0
8.489795918367347,1,1,Group1,0
10.081632653061224,0,1,Group1,0
12.557823129251702,0,1,Group1,0
12.73469387755102,1,1,Group1,0
13.08843537414966,1,1,Group1,0
14.326530612244898,0,1,Group1,0
14.857142857142858,1,1,Group1,0
16.448979591836732,0,1,Group1,0
16.979591836734695,1,1,Group1,0
17.333333333333332,1,1,Group1,0
18.39455782312925,1,1,Group1,0
18.57142857142857,0,1,Group1,0
19.45578231292517,1,1,Group1,0
20.517006802721088,1,1,Group1,0
22.285714285714285,0,1,Group1,0
22.285714285714285,0,1,Group1,0
24.76190476190476,0,1,Group1,0
25.82312925170068,1,1,Group1,0
27.23809523809524,0,1,Group1,0
28.299319727891156,1,1,Group1,0
29.183673469387756,0,1,Group1,0
30.775510204081634,1,1,Group1,0
30.952380952380953,0,1,Group1,0
31.836734693877553,1,1,Group1,0
32.544217687074834,0,1,Group1,0
36.08163265306123,0,1,Group1,0
37.31972789115646,0,1,Group1,0
38.5578231292517,1,1,Group1,0
39.97278911564626,0,1,Group1,0
41.74149659863946,0,1,Group1,0
42.802721088435376,1,1,Group1,0
43.33333333333333,0,1,Group1,0
44.21768707482993,1,1,Group1,0
45.455782312925166,0,1,Group1,0
47.755102040816325,0,1,Group1,0
47.755102040816325,0,1,Group1,0
51.64625850340136,1,1,Group1,0
53.7687074829932,0,1,Group1,0
53.7687074829932,0,1,Group1,0
58.36734693877551,1,1,Group1,0
65.4421768707483,1,1,Group1,0
80.29931972789116,1,1,Group1,0
100.81632653061224,1,1,Group1,0
138.66666666666666,1,1,Group1,0
158.82993197278913,1,1,Group1,0
471.18367346938777,1,1,Group1,0
