time,status,treat,Group,curve
0.18620689655172412,1,1,Group1,0
0.7448275862068965,1,1,Group1,0
0.9310344827586207,0,1,Group1,0
1.489655172413793,1,1,Group1,0
1.5517241379310345,1,1,Group1,0
1.6137931034482758,1,1,Group1,0
1.6758620689655173,1,1,Group1,0
1.986206896551724,0,1,Group1,0
2.3586206896551722,1,1,Group1,0
2.668965517241379,1,1,Group1,0
2.7,0,1,Group1,0
2.731034482758621,1,1,Group1,0
2.8551724137931034,1,1,Group1,0
3.6,1,1,Group1,0
4.127586206896551,0,1,Group1,0
4.127586206896551,0,1,Group1,0
4.9655172413793105,1,1,Group1,0
5.089655172413793,1,1,Group1,0
5.4,0,1,Group1,0
5.586206896551724,1,1,Group1,0
6.3,0,1,Group1,0
6.3310344827586205,1,1,Group1,0
6.951724137931034,0,1,Group1,0
7.696551724137931,1,1,Group1,0
7.882758620689655,1,1,Group1,0
7.882758620689655,1,1,Group1,0
7.882758620689655,1,1,Group1,0
8.441379310344828,0,1,Group1,0
9.310344827586206,1,1,Group1,0
9.620689655172413,1,1,Group1,0
10.241379310344827,1,1,Group1,0
10.36551724137931,1,1,Group1,0
10.862068965517242,1,1,Group1,0
11.606896551724137,1,1,Group1,0
12.724137931034482,1,1,Group1,0
12.786206896551723,1,1,Group1,0
13.655172413793103,0,1,Group1,0
14.648275862068965,1,1,Group1,0
15.331034482758621,1,1,Group1,0
15.393103448275863,1,1,Group1,0
18.837931034482757,0,1,Group1,0
22.53103448275862,1,1,Group1,0
24.82758620689655,0,1,Group1,0
24.82758620689655,0,1,Group1,0
27.43448275862069,1,1,Group1,0
33.02068965517241,1,1,Group1,0
39.97241379310344,0,1,Group1,0
47.29655172413793,1,1,Group1,0
83.73103448275862,1,1,Group1,0
