time,status,treat,Group,curve
0.16216216216216217,1,1,Group1,0
0.21621621621621623,1,1,Group1,0
0.5945945945945946,0,1,Group1,0
0.5945945945945946,0,1,Group1,0
1.0,0,1,Group1,0
1.135135135135135,1,1,Group1,0
1.5135135135135136,0,1,Group1,0
1.5135135135135136,0,1,Group1,0
1.837837837837838,1,1,Group1,0
2.5675675675675675,0,1,Group1,0
2.5675675675675675,0,1,Group1,0
2.5675675675675675,0,1,Group1,0
2.5675675675675675,0,1,Group1,0
3.27027027027027,0,1,Group1,0
3.4054054054054057,1,1,Group1,0
4.054054054054054,0,1,Group1,0
4.054054054054054,0,1,Group1,0
4.054054054054054,0,1,Group1,0
4.054054054054054,0,1,Group1,0
4.810810810810811,1,1,Group1,0
4.864864864864865,1,1,Group1,0
7.0,0,1,Group1,0
7.0,0,1,Group1,0
7.0,0,1,Group1,0
7.0,0,1,Group1,0
7.0,0,1,Group1,0
7.0,0,1,Group1,0
7.0,0,1,Group1,0
7.0,0,1,Group1,0
7.0,0,1,Group1,0
7.0,0,1,Group1,0
7.0,0,1,Group1,0
7.0,0,1,Group1,0
7.0,0,1,Group1,0
9.351351351351353,1,1,Group1,0
9.91891891891892,0,1,Group1,0
9.91891891891892,0,1,Group1,0
10.702702702702704,1,1,Group1,0
11.54054054054054,0,1,Group1,0
11.54054054054054,0,1,Group1,0
11.54054054054054,0,1,Group1,0
12.594594594594595,1,1,Group1,0
12.972972972972974,0,1,Group1,0
13.135135135135135,1,1,Group1,0
13.405405405405407,0,1,Group1,0
13.945945945945947,1,1,Group1,0
14.216216216216218,0,1,Group1,0
17.729729729729733,0,1,Group1,0
17.729729729729733,0,1,Group1,0
17.729729729729733,0,1,Group1,0
17.729729729729733,0,1,Group1,0
17.729729729729733,0,1,Group1,0
17.729729729729733,0,1,Group1,0
17.729729729729733,0,1,Group1,0
17.729729729729733,0,1,Group1,0
17.729729729729733,0,1,Group1,0
20.972972972972975,1,1,Group1,0
28.27027027027027,1,1,Group1,0
31.72972972972973,1,1,Group1,0
33.45945945945946,1,1,Group1,0
55.13513513513514,1,1,Group1,0
63.08108108108108,0,1,Group1,0
71.13513513513513,0,1,Group1,0
