time,status,treat,Group,curve
0.4897959183673469,1,1,Group1,0
0.6530612244897959,1,1,Group1,0
1.0612244897959182,1,1,Group1,0
1.183673469387755,0,1,Group1,0
1.3061224489795917,1,1,Group1,0
1.3061224489795917,1,1,Group1,0
1.5510204081632653,1,1,Group1,0
1.7142857142857142,1,1,Group1,0
1.7959183673469385,1,1,Group1,0
1.7959183673469385,1,1,Group1,0
2.1224489795918364,1,1,Group1,0
2.2857142857142856,1,1,Group1,0
2.775510204081632,0,1,Group1,0
3.265306122448979,1,1,Group1,0
3.4285714285714284,1,1,Group1,0
3.5510204081632653,0,1,Group1,0
3.591836734693877,1,1,Group1,0
3.9999999999999996,1,1,Group1,0
4.326530612244897,1,1,Group1,0
5.346938775510203,0,1,Group1,0
5.346938775510203,0,1,Group1,0
6.775510204081632,1,1,Group1,0
6.775510204081632,1,1,Group1,0
6.857142857142857,1,1,Group1,0
7.142857142857142,0,1,Group1,0
7.183673469387754,1,1,Group1,0
7.346938775510203,1,1,Group1,0
8.122448979591837,0,1,Group1,0
9.224489795918366,1,1,Group1,0
9.551020408163264,0,1,Group1,0
10.204081632653061,1,1,Group1,0
10.204081632653061,1,1,Group1,0
10.693877551020407,0,1,Group1,0
10.938775510204081,1,1,Group1,0
11.346938775510203,1,1,Group1,0
11.591836734693876,1,1,Group1,0
11.673469387755102,1,1,Group1,0
12.408163265306122,0,1,Group1,0
13.306122448979592,1,1,Group1,0
13.714285714285714,0,1,Group1,0
14.530612244897958,1,1,Group1,0
14.77551020408163,0,1,Group1,0
15.30612244897959,0,1,Group1,0
15.428571428571427,1,1,Group1,0
15.673469387755102,1,1,Group1,0
15.918367346938775,0,1,Group1,0
16.489795918367346,1,1,Group1,0
17.224489795918366,0,1,Group1,0
17.224489795918366,0,1,Group1,0
18.244897959183675,0,1,Group1,0
18.36734693877551,1,1,Group1,0
19.877551020408163,0,1,Group1,0
19.877551020408163,0,1,Group1,0
19.877551020408163,0,1,Group1,0
21.183673469387756,0,1,Group1,0
21.46938775510204,1,1,Group1,0
21.83673469387755,0,1,Group1,0
22.448979591836732,1,1,Group1,0
22.57142857142857,0,1,Group1,0
23.346938775510203,0,1,Group1,0
24.489795918367346,1,1,Group1,0
25.30612244897959,1,1,Group1,0
31.51020408163265,1,1,Group1,0
40.73469387755102,1,1,Group1,0
45.55102040816326,1,1,Group1,0
64.24489795918367,1,1,Group1,0
77.79591836734693,1,1,Group1,0
