time,status,treat,Group,curve
0.1171875,1,1,Group1,0
0.29296875,0,1,Group1,0
0.3125,1,1,Group1,0
0.48828125,0,1,Group1,0
0.8203125,1,1,Group1,0
0.83984375,0,1,Group1,0
1.03515625,0,1,Group1,0
1.3671875,1,1,Group1,0
1.38671875,0,1,Group1,0
1.6796875,0,1,Group1,0
1.7578125,1,1,Group1,0
1.953125,0,1,Group1,0
2.03125,1,1,Group1,0
2.55859375,0,1,Group1,0
2.55859375,0,1,Group1,0
2.55859375,0,1,Group1,0
3.06640625,0,1,Group1,0
3.3203125,1,1,Group1,0
3.61328125,0,1,Group1,0
3.61328125,0,1,Group1,0
3.61328125,0,1,Group1,0
4.0625,1,1,Group1,0
4.16015625,0,1,Group1,0
4.1796875,1,1,Group1,0
4.21875,1,1,Group1,0
4.4921875,0,1,Group1,0
4.70703125,0,1,Group1,0
4.9609375,1,1,Group1,0
6.640625,1,1,Group1,0
6.89453125,0,1,Group1,0
7.265625,1,1,Group1,0
8.0078125,1,1,Group1,0
8.359375,0,1,Group1,0
8.828125,1,1,Group1,0
9.84375,1,1,Group1,0
10.8984375,0,1,Group1,0
12.1484375,1,1,Group1,0
12.3046875,1,1,Group1,0
12.5,1,1,Group1,0
12.5390625,1,1,Group1,0
12.6171875,1,1,Group1,0
13.125,1,1,Group1,0
13.6328125,0,1,Group1,0
14.1796875,1,1,Group1,0
14.3359375,1,1,Group1,0
14.9609375,1,1,Group1,0
15.0,1,1,Group1,0
16.5234375,1,1,Group1,0
17.109375,1,1,Group1,0
17.109375,1,1,Group1,0
18.2421875,1,1,Group1,0
19.53125,1,1,Group1,0
21.875,0,1,Group1,0
24.4140625,1,1,Group1,0
26.171875,1,1,Group1,0
26.328125,1,1,Group1,0
31.09375,1,1,Group1,0
39.1796875,1,1,Group1,0
43.90625,1,1,Group1,0
52.96875,0,1,Group1,0
