time,status,treat,Group,curve
0.07462686567164178,1,1,Group1,0
0.14925373134328357,1,1,Group1,0
0.2425373134328358,0,1,Group1,0
0.29850746268656714,1,1,Group1,0
0.46641791044776115,0,1,Group1,0
0.6902985074626865,0,1,Group1,0
0.8955223880597014,1,1,Group1,0
0.9141791044776119,0,1,Group1,0
1.1567164179104477,0,1,Group1,0
1.3992537313432836,0,1,Group1,0
1.6044776119402984,0,1,Group1,0
1.716417910447761,1,1,Group1,0
1.7910447761194028,0,1,Group1,0
2.0708955223880596,0,1,Group1,0
2.08955223880597,1,1,Group1,0
2.294776119402985,0,1,Group1,0
2.388059701492537,1,1,Group1,0
2.5,1,1,Group1,0
2.593283582089552,0,1,Group1,0
2.761194029850746,0,1,Group1,0
2.8731343283582085,1,1,Group1,0
3.0970149253731343,0,1,Group1,0
3.0970149253731343,0,1,Group1,0
3.4888059701492535,0,1,Group1,0
3.6940298507462686,0,1,Group1,0
3.805970149253731,1,1,Group1,0
3.899253731343283,0,1,Group1,0
4.104477611940299,1,1,Group1,0
4.1231343283582085,0,1,Group1,0
4.253731343283581,1,1,Group1,0
4.347014925373134,0,1,Group1,0
4.440298507462686,1,1,Group1,0
4.58955223880597,0,1,Group1,0
4.794776119402984,0,1,Group1,0
4.813432835820895,1,1,Group1,0
4.925373134328358,1,1,Group1,0
5.298507462686567,1,1,Group1,0
6.082089552238806,1,1,Group1,0
6.67910447761194,0,1,Group1,0
6.865671641791044,1,1,Group1,0
7.462686567164178,1,1,Group1,0
7.94776119402985,1,1,Group1,0
8.283582089552239,1,1,Group1,0
8.376865671641792,0,1,Group1,0
8.507462686567163,1,1,Group1,0
9.067164179104477,1,1,Group1,0
10.391791044776118,0,1,Group1,0
11.865671641791044,1,1,Group1,0
12.164179104477611,0,1,Group1,0
14.421641791044774,0,1,Group1,0
14.421641791044774,0,1,Group1,0
14.421641791044774,0,1,Group1,0
14.421641791044774,0,1,Group1,0
14.421641791044774,0,1,Group1,0
14.421641791044774,0,1,Group1,0
16.30597014925373,1,1,Group1,0
16.828358208955223,1,1,Group1,0
18.320895522388057,1,1,Group1,0
19.25373134328358,1,1,Group1,0
22.05223880597015,1,1,Group1,0
22.723880597014922,1,1,Group1,0
26.567164179104473,1,1,Group1,0
27.779850746268654,0,1,Group1,0
30.52238805970149,1,1,Group1,0
35.97014925373134,1,1,Group1,0
