time,status,treat,Group,curve
0.1267605633802817,1,1,Group1,0
0.3380281690140845,1,1,Group1,0
0.5070422535211268,1,1,Group1,0
0.6126760563380282,0,1,Group1,0
0.676056338028169,1,1,Group1,0
0.9295774647887324,1,1,Group1,0
1.056338028169014,1,1,Group1,0
1.204225352112676,0,1,Group1,0
1.3098591549295775,1,1,Group1,0
1.4788732394366197,1,1,Group1,0
1.6901408450704225,1,1,Group1,0
1.7746478873239435,1,1,Group1,0
1.9859154929577463,0,1,Group1,0
2.387323943661972,0,1,Group1,0
2.4507042253521125,1,1,Group1,0
2.5774647887323945,1,1,Group1,0
2.6619718309859155,1,1,Group1,0
2.9577464788732395,1,1,Group1,0
3.02112676056338,0,1,Group1,0
3.2535211267605635,1,1,Group1,0
3.591549295774648,0,1,Group1,0
3.8028169014084505,1,1,Group1,0
4.014084507042253,1,1,Group1,0
4.204225352112676,0,1,Group1,0
4.267605633802817,1,1,Group1,0
4.690140845070422,1,1,Group1,0
4.816901408450704,0,1,Group1,0
5.070422535211268,1,1,Group1,0
5.387323943661972,0,1,Group1,0
5.408450704225352,1,1,Group1,0
5.619718309859155,1,1,Group1,0
6.211267605633803,1,1,Group1,0
6.633802816901408,1,1,Group1,0
6.718309859154929,1,1,Group1,0
6.929577464788732,1,1,Group1,0
7.309859154929577,1,1,Group1,0
7.52112676056338,1,1,Group1,0
8.028169014084506,1,1,Group1,0
8.23943661971831,1,1,Group1,0
9.04225352112676,0,1,Group1,0
9.211267605633802,1,1,Group1,0
10.47887323943662,1,1,Group1,0
11.028169014084506,1,1,Group1,0
11.915492957746478,1,1,Group1,0
12.04225352112676,1,1,Group1,0
13.52112676056338,1,1,Group1,0
14.28169014084507,1,1,Group1,0
14.619718309859154,1,1,Group1,0
15.274647887323944,0,1,Group1,0
15.464788732394366,1,1,Group1,0
17.070422535211268,1,1,Group1,0
18.76056338028169,1,1,Group1,0
19.014084507042252,1,1,Group1,0
20.91549295774648,1,1,Group1,0
22.901408450704224,1,1,Group1,0
29.95774647887324,0,1,Group1,0
29.95774647887324,0,1,Group1,0
31.47887323943662,1,1,Group1,0
43.436619718309856,1,1,Group1,0
