time,status,treat,Group,curve
0.24324324324324326,0,1,Group1,0
0.4864864864864865,0,1,Group1,0
0.6486486486486487,1,1,Group1,0
0.7297297297297298,0,1,Group1,0
0.918918918918919,0,1,Group1,0
1.1351351351351353,0,1,Group1,0
1.4594594594594594,0,1,Group1,0
1.6216216216216217,1,1,Group1,0
1.6756756756756759,0,1,Group1,0
1.864864864864865,0,1,Group1,0
2.2702702702702706,0,1,Group1,0
2.2702702702702706,0,1,Group1,0
2.5675675675675675,0,1,Group1,0
2.6486486486486487,1,1,Group1,0
2.9189189189189193,0,1,Group1,0
3.0540540540540544,0,1,Group1,0
3.2432432432432434,1,1,Group1,0
3.27027027027027,0,1,Group1,0
3.4324324324324325,0,1,Group1,0
3.756756756756757,0,1,Group1,0
3.837837837837838,1,1,Group1,0
4.216216216216216,0,1,Group1,0
4.216216216216216,0,1,Group1,0
4.216216216216216,0,1,Group1,0
4.648648648648649,0,1,Group1,0
4.810810810810811,1,1,Group1,0
5.027027027027027,0,1,Group1,0
5.162162162162162,0,1,Group1,0
6.162162162162162,0,1,Group1,0
6.162162162162162,0,1,Group1,0
6.162162162162162,0,1,Group1,0
6.162162162162162,0,1,Group1,0
6.162162162162162,0,1,Group1,0
6.162162162162162,0,1,Group1,0
6.162162162162162,0,1,Group1,0
7.054054054054054,0,1,Group1,0
7.27027027027027,0,1,Group1,0
7.297297297297297,1,1,Group1,0
7.405405405405405,0,1,Group1,0
7.756756756756757,0,1,Group1,0
8.0,0,1,Group1,0
8.594594594594595,1,1,Group1,0
9.027027027027028,1,1,Group1,0
10.162162162162163,1,1,Group1,0
10.891891891891893,0,1,Group1,0
12.45945945945946,0,1,Group1,0
12.64864864864865,1,1,Group1,0
14.486486486486488,0,1,Group1,0
15.135135135135137,1,1,Group1,0
16.91891891891892,1,1,Group1,0
17.72972972972973,1,1,Group1,0
18.16216216216216,0,1,Group1,0
18.81081081081081,1,1,Group1,0
19.45945945945946,1,1,Group1,0
21.675675675675677,0,1,Group1,0
21.675675675675677,0,1,Group1,0
30.86486486486487,0,1,Group1,0
30.86486486486487,0,1,Group1,0
30.86486486486487,0,1,Group1,0
30.86486486486487,0,1,Group1,0
37.83783783783784,1,1,Group1,0
43.62162162162162,1,1,Group1,0
47.486486486486484,0,1,Group1,0
61.75675675675676,0,1,Group1,0
