time,status,treat,Group,curve
0.1388888888888889,1,1,Group1,0
2.0833333333333335,1,1,Group1,0
2.1527777777777777,0,1,Group1,0
3.8194444444444446,0,1,Group1,0
5.972222222222222,1,1,Group1,0
6.458333333333334,0,1,Group1,0
6.805555555555556,1,1,Group1,0
8.333333333333334,1,1,Group1,0
8.61111111111111,0,1,Group1,0
9.305555555555555,1,1,Group1,0
12.63888888888889,0,1,Group1,0
12.63888888888889,0,1,Group1,0
12.63888888888889,0,1,Group1,0
16.38888888888889,1,1,Group1,0
19.09722222222222,0,1,Group1,0
19.09722222222222,0,1,Group1,0
22.22222222222222,1,1,Group1,0
23.472222222222225,1,1,Group1,0
25.694444444444446,1,1,Group1,0
26.38888888888889,1,1,Group1,0
27.222222222222225,1,1,Group1,0
28.055555555555557,0,1,Group1,0
29.305555555555557,1,1,Group1,0
31.25,1,1,Group1,0
34.65277777777778,0,1,Group1,0
38.333333333333336,1,1,Group1,0
41.111111111111114,1,1,Group1,0
41.25,1,1,Group1,0
43.47222222222222,1,1,Group1,0
44.861111111111114,0,1,Group1,0
46.52777777777778,1,1,Group1,0
50.55555555555556,1,1,Group1,0
50.69444444444445,1,1,Group1,0
52.29166666666667,0,1,Group1,0
54.44444444444445,1,1,Group1,0
56.66666666666667,1,1,Group1,0
56.736111111111114,0,1,Group1,0
62.63888888888889,1,1,Group1,0
67.5,1,1,Group1,0
72.63888888888889,1,1,Group1,0
73.61111111111111,1,1,Group1,0
78.47222222222223,1,1,Group1,0
84.58333333333334,1,1,Group1,0
86.38888888888889,1,1,Group1,0
90.69444444444444,1,1,Group1,0
92.77777777777779,1,1,Group1,0
94.72222222222223,1,1,Group1,0
96.25,1,1,Group1,0
104.16666666666667,1,1,Group1,0
107.22222222222223,1,1,Group1,0
128.88888888888889,1,1,Group1,0
144.44444444444446,1,1,Group1,0
146.38888888888889,1,1,Group1,0
153.88888888888889,1,1,Group1,0
158.47222222222223,1,1,Group1,0
158.61111111111111,1,1,Group1,0
188.19444444444446,0,1,Group1,0
