time,status,treat,Group,curve
0.1836734693877551,1,1,Group1,0
0.3673469387755102,1,1,Group1,0
1.836734693877551,1,1,Group1,0
2.5714285714285716,0,1,Group1,0
4.040816326530613,1,1,Group1,0
5.6020408163265305,0,1,Group1,0
5.6938775510204085,1,1,Group1,0
5.6938775510204085,1,1,Group1,0
8.081632653061225,1,1,Group1,0
10.561224489795919,0,1,Group1,0
10.561224489795919,0,1,Group1,0
13.867346938775512,0,1,Group1,0
14.142857142857144,1,1,Group1,0
16.714285714285715,0,1,Group1,0
17.081632653061224,1,1,Group1,0
18.73469387755102,1,1,Group1,0
20.02040816326531,0,1,Group1,0
21.6734693877551,1,1,Group1,0
22.867346938775512,0,1,Group1,0
24.612244897959187,1,1,Group1,0
26.26530612244898,0,1,Group1,0
28.46938775510204,1,1,Group1,0
29.20408163265306,1,1,Group1,0
35.44897959183674,1,1,Group1,0
35.816326530612244,1,1,Group1,0
37.28571428571429,0,1,Group1,0
39.30612244897959,1,1,Group1,0
39.85714285714286,1,1,Group1,0
40.775510204081634,1,1,Group1,0
43.163265306122454,1,1,Group1,0
44.816326530612244,1,1,Group1,0
49.04081632653062,0,1,Group1,0
53.81632653061225,1,1,Group1,0
54.36734693877551,1,1,Group1,0
56.57142857142858,1,1,Group1,0
59.3265306122449,1,1,Group1,0
64.6530612244898,1,1,Group1,0
65.02040816326532,1,1,Group1,0
70.89795918367348,0,1,Group1,0
77.51020408163265,1,1,Group1,0
87.06122448979592,1,1,Group1,0
91.28571428571429,1,1,Group1,0
91.83673469387756,1,1,Group1,0
92.02040816326532,1,1,Group1,0
97.89795918367348,1,1,Group1,0
100.46938775510205,1,1,Group1,0
109.83673469387756,0,1,Group1,0
119.93877551020408,1,1,Group1,0
133.98979591836735,0,1,Group1,0
148.9591836734694,1,1,Group1,0
157.0408163265306,0,1,Group1,0
166.59183673469389,1,1,Group1,0
242.26530612244898,0,1,Group1,0
