time,status,treat,Group,curve
0.06944444444444445,1,1,Group1,0
0.3472222222222222,1,1,Group1,0
0.46875,0,1,Group1,0
0.5208333333333334,1,1,Group1,0
0.7986111111111112,1,1,Group1,0
0.9027777777777778,1,1,Group1,0
0.9201388888888888,0,1,Group1,0
1.0416666666666667,1,1,Group1,0
1.1805555555555556,1,1,Group1,0
1.3715277777777777,0,1,Group1,0
1.4930555555555556,1,1,Group1,0
1.6319444444444444,1,1,Group1,0
1.8229166666666667,0,1,Group1,0
1.840277777777778,1,1,Group1,0
1.9097222222222223,1,1,Group1,0
2.1875,1,1,Group1,0
2.2222222222222223,1,1,Group1,0
2.2569444444444446,0,1,Group1,0
2.5,1,1,Group1,0
2.7777777777777777,0,1,Group1,0
3.211805555555556,0,1,Group1,0
3.368055555555556,1,1,Group1,0
3.611111111111111,1,1,Group1,0
3.6631944444444446,0,1,Group1,0
3.8888888888888893,1,1,Group1,0
3.9583333333333335,1,1,Group1,0
4.114583333333334,0,1,Group1,0
4.201388888888889,1,1,Group1,0
4.340277777777778,1,1,Group1,0
4.565972222222223,0,1,Group1,0
4.618055555555555,1,1,Group1,0
4.756944444444445,1,1,Group1,0
5.173611111111112,1,1,Group1,0
5.208333333333334,1,1,Group1,0
5.486111111111112,1,1,Group1,0
6.041666666666667,1,1,Group1,0
6.631944444444445,1,1,Group1,0
7.152777777777778,1,1,Group1,0
7.430555555555556,1,1,Group1,0
7.708333333333334,1,1,Group1,0
8.055555555555555,1,1,Group1,0
8.368055555555555,1,1,Group1,0
8.57638888888889,1,1,Group1,0
9.375,1,1,Group1,0
9.895833333333334,1,1,Group1,0
10.13888888888889,1,1,Group1,0
11.70138888888889,0,1,Group1,0
12.430555555555555,1,1,Group1,0
12.690972222222221,0,1,Group1,0
13.368055555555555,1,1,Group1,0
13.611111111111112,1,1,Group1,0
14.114583333333334,0,1,Group1,0
14.479166666666668,1,1,Group1,0
16.354166666666668,1,1,Group1,0
17.569444444444446,1,1,Group1,0
19.40972222222222,1,1,Group1,0
25.90277777777778,1,1,Group1,0
31.40625,0,1,Group1,0
