time,status,treat,Group,curve
0.38851351351351354,0,1,Group1,0
0.38851351351351354,0,1,Group1,0
0.38851351351351354,0,1,Group1,0
0.8445945945945946,1,1,Group1,0
1.1824324324324325,0,1,Group1,0
1.1824324324324325,0,1,Group1,0
1.1824324324324325,0,1,Group1,0
1.5540540540540542,0,1,Group1,0
1.6554054054054055,1,1,Group1,0
2.668918918918919,0,1,Group1,0
2.668918918918919,0,1,Group1,0
2.668918918918919,0,1,Group1,0
2.668918918918919,0,1,Group1,0
2.668918918918919,0,1,Group1,0
2.668918918918919,0,1,Group1,0
2.668918918918919,0,1,Group1,0
2.668918918918919,0,1,Group1,0
2.668918918918919,0,1,Group1,0
3.783783783783784,0,1,Group1,0
3.9189189189189193,1,1,Group1,0
4.594594594594595,0,1,Group1,0
4.594594594594595,0,1,Group1,0
4.594594594594595,0,1,Group1,0
4.594594594594595,0,1,Group1,0
4.594594594594595,0,1,Group1,0
4.594594594594595,0,1,Group1,0
5.4391891891891895,1,1,Group1,0
5.641891891891892,1,1,Group1,0
5.743243243243244,1,1,Group1,0
7.888513513513514,0,1,Group1,0
7.888513513513514,0,1,Group1,0
7.888513513513514,0,1,Group1,0
7.888513513513514,0,1,Group1,0
7.888513513513514,0,1,Group1,0
7.888513513513514,0,1,Group1,0
7.888513513513514,0,1,Group1,0
7.888513513513514,0,1,Group1,0
10.27027027027027,1,1,Group1,0
12.567567567567568,0,1,Group1,0
12.567567567567568,0,1,Group1,0
12.567567567567568,0,1,Group1,0
12.567567567567568,0,1,Group1,0
12.567567567567568,0,1,Group1,0
12.567567567567568,0,1,Group1,0
15.033783783783784,1,1,Group1,0
17.87162162162162,1,1,Group1,0
26.689189189189193,0,1,Group1,0
26.689189189189193,0,1,Group1,0
26.689189189189193,0,1,Group1,0
26.689189189189193,0,1,Group1,0
35.54054054054054,1,1,Group1,0
39.34121621621622,0,1,Group1,0
43.310810810810814,1,1,Group1,0
43.310810810810814,1,1,Group1,0
45.472972972972975,1,1,Group1,0
