time,status,treat,Group,curve
2.957746478873239,0,1,Group1,0
2.957746478873239,0,1,Group1,0
2.957746478873239,0,1,Group1,0
2.957746478873239,0,1,Group1,0
2.957746478873239,0,1,Group1,0
2.957746478873239,0,1,Group1,0
2.957746478873239,0,1,Group1,0
6.161971830985915,0,1,Group1,0
6.211267605633802,1,1,Group1,0
10.450704225352112,0,1,Group1,0
10.450704225352112,0,1,Group1,0
10.450704225352112,0,1,Group1,0
10.450704225352112,0,1,Group1,0
10.450704225352112,0,1,Group1,0
10.450704225352112,0,1,Group1,0
10.450704225352112,0,1,Group1,0
10.450704225352112,0,1,Group1,0
10.450704225352112,0,1,Group1,0
10.450704225352112,0,1,Group1,0
14.788732394366196,1,1,Group1,0
14.788732394366196,1,1,Group1,0
17.204225352112672,0,1,Group1,0
20.014084507042252,1,1,Group1,0
21.394366197183096,1,1,Group1,0
26.767605633802816,0,1,Group1,0
26.767605633802816,0,1,Group1,0
26.767605633802816,0,1,Group1,0
32.33802816901408,1,1,Group1,0
36.57746478873239,1,1,Group1,0
36.57746478873239,1,1,Group1,0
45.401408450704224,0,1,Group1,0
54.71830985915493,1,1,Group1,0
103.52112676056338,1,1,Group1,0
133.83802816901408,0,1,Group1,0
