time,status,treat,Group,curve
0.1388888888888889,1,1,Group1,0
0.3472222222222222,1,1,Group1,0
0.763888888888889,1,1,Group1,0
1.0416666666666667,1,1,Group1,0
1.2847222222222223,0,1,Group1,0
1.5972222222222223,1,1,Group1,0
1.9444444444444446,1,1,Group1,0
2.361111111111111,1,1,Group1,0
2.430555555555556,1,1,Group1,0
2.5347222222222223,0,1,Group1,0
2.7083333333333335,1,1,Group1,0
2.8472222222222223,1,1,Group1,0
3.611111111111111,1,1,Group1,0
3.7847222222222223,0,1,Group1,0
3.9583333333333335,1,1,Group1,0
4.305555555555555,1,1,Group1,0
4.513888888888889,1,1,Group1,0
4.722222222222222,1,1,Group1,0
4.861111111111112,1,1,Group1,0
5.243055555555555,0,1,Group1,0
5.833333333333334,1,1,Group1,0
6.111111111111112,1,1,Group1,0
6.284722222222222,0,1,Group1,0
6.527777777777778,1,1,Group1,0
6.875,1,1,Group1,0
7.430555555555556,1,1,Group1,0
7.534722222222222,0,1,Group1,0
7.708333333333334,1,1,Group1,0
7.916666666666667,1,1,Group1,0
8.125,1,1,Group1,0
8.541666666666668,1,1,Group1,0
8.784722222222221,0,1,Group1,0
8.958333333333334,1,1,Group1,0
9.097222222222223,1,1,Group1,0
9.652777777777779,1,1,Group1,0
10.069444444444445,1,1,Group1,0
10.416666666666668,1,1,Group1,0
10.76388888888889,1,1,Group1,0
11.11111111111111,0,1,Group1,0
11.458333333333334,1,1,Group1,0
11.666666666666668,1,1,Group1,0
12.083333333333334,1,1,Group1,0
12.1875,0,1,Group1,0
12.569444444444445,1,1,Group1,0
13.333333333333334,1,1,Group1,0
13.368055555555557,0,1,Group1,0
14.444444444444445,0,1,Group1,0
15.347222222222223,1,1,Group1,0
15.625,0,1,Group1,0
15.833333333333334,1,1,Group1,0
16.59722222222222,0,1,Group1,0
16.944444444444446,1,1,Group1,0
18.055555555555557,0,1,Group1,0
18.923611111111114,0,1,Group1,0
19.375,1,1,Group1,0
19.72222222222222,1,1,Group1,0
21.38888888888889,1,1,Group1,0
23.680555555555557,1,1,Group1,0
23.958333333333336,1,1,Group1,0
24.65277777777778,1,1,Group1,0
25.03472222222222,0,1,Group1,0
25.069444444444446,1,1,Group1,0
25.76388888888889,1,1,Group1,0
27.708333333333336,1,1,Group1,0
28.472222222222225,1,1,Group1,0
30.27777777777778,1,1,Group1,0
32.22222222222222,1,1,Group1,0
34.583333333333336,1,1,Group1,0
38.125,1,1,Group1,0
44.82638888888889,0,1,Group1,0
51.04166666666667,1,1,Group1,0
52.22222222222222,1,1,Group1,0
55.90277777777778,1,1,Group1,0
77.63888888888889,0,1,Group1,0
87.01388888888889,1,1,Group1,0
