time,status,treat,Group,curve
0.04861111111111111,1,1,Group1,0
0.4131944444444444,0,1,Group1,0
0.7777777777777778,1,1,Group1,0
0.8993055555555556,0,1,Group1,0
1.1666666666666667,1,1,Group1,0
1.3125,1,1,Group1,0
1.3368055555555556,0,1,Group1,0
1.4097222222222223,1,1,Group1,0
1.7986111111111112,0,1,Group1,0
2.138888888888889,1,1,Group1,0
2.1875,0,1,Group1,0
2.3819444444444446,1,1,Group1,0
2.673611111111111,0,1,Group1,0
3.0625,1,1,Group1,0
3.135416666666667,0,1,Group1,0
3.2569444444444446,1,1,Group1,0
3.305555555555556,1,1,Group1,0
3.5,0,1,Group1,0
3.888888888888889,1,1,Group1,0
4.083333333333333,0,1,Group1,0
4.447916666666667,0,1,Group1,0
4.520833333333333,1,1,Group1,0
4.958333333333334,0,1,Group1,0
5.104166666666667,1,1,Group1,0
5.347222222222222,0,1,Group1,0
5.809027777777778,0,1,Group1,0
5.833333333333333,1,1,Group1,0
5.979166666666667,1,1,Group1,0
6.5625,0,1,Group1,0
6.5625,0,1,Group1,0
7.388888888888889,1,1,Group1,0
7.680555555555555,0,1,Group1,0
8.215277777777779,1,1,Group1,0
8.3125,1,1,Group1,0
8.385416666666668,0,1,Group1,0
8.409722222222223,1,1,Group1,0
8.725694444444445,0,1,Group1,0
9.1875,1,1,Group1,0
9.625,0,1,Group1,0
10.11111111111111,1,1,Group1,0
10.5,0,1,Group1,0
10.5,0,1,Group1,0
11.083333333333334,1,1,Group1,0
11.180555555555555,1,1,Group1,0
11.375,1,1,Group1,0
12.20138888888889,0,1,Group1,0
12.20138888888889,0,1,Group1,0
12.20138888888889,0,1,Group1,0
13.246527777777779,0,1,Group1,0
14.461805555555557,0,1,Group1,0
14.461805555555557,0,1,Group1,0
14.461805555555557,0,1,Group1,0
15.895833333333334,1,1,Group1,0
17.743055555555557,1,1,Group1,0
18.86111111111111,1,1,Group1,0
21.680555555555557,1,1,Group1,0
24.743055555555557,1,1,Group1,0
34.173611111111114,1,1,Group1,0
65.625,1,1,Group1,0
