time,status,treat,Group,curve
1.2215189873417722,0,1,Group1,0
2.4683544303797467,1,1,Group1,0
3.5443037974683542,1,1,Group1,0
5.8354430379746836,1,1,Group1,0
5.987341772151899,0,1,Group1,0
5.987341772151899,0,1,Group1,0
5.987341772151899,0,1,Group1,0
5.987341772151899,0,1,Group1,0
6.151898734177215,1,1,Group1,0
6.291139240506329,1,1,Group1,0
6.379746835443038,1,1,Group1,0
6.5696202531645564,1,1,Group1,0
7.6835443037974684,1,1,Group1,0
7.829113924050633,0,1,Group1,0
7.829113924050633,0,1,Group1,0
8.025316455696203,1,1,Group1,0
8.164556962025316,1,1,Group1,0
8.379746835443038,1,1,Group1,0
8.468354430379748,1,1,Group1,0
8.69620253164557,1,1,Group1,0
9.443037974683545,1,1,Group1,0
9.69620253164557,1,1,Group1,0
10.10126582278481,1,1,Group1,0
10.468354430379748,1,1,Group1,0
10.848101265822784,1,1,Group1,0
10.987341772151899,1,1,Group1,0
11.582278481012658,1,1,Group1,0
11.734177215189874,1,1,Group1,0
11.740506329113924,0,1,Group1,0
11.759493670886076,1,1,Group1,0
11.91139240506329,1,1,Group1,0
12.037974683544304,1,1,Group1,0
12.069620253164558,0,1,Group1,0
12.08860759493671,1,1,Group1,0
12.164556962025316,0,1,Group1,0
12.164556962025316,0,1,Group1,0
12.259493670886076,0,1,Group1,0
12.354430379746836,0,1,Group1,0
12.354430379746836,0,1,Group1,0
12.449367088607595,0,1,Group1,0
12.455696202531646,1,1,Group1,0
12.61392405063291,0,1,Group1,0
12.61392405063291,0,1,Group1,0
12.61392405063291,0,1,Group1,0
12.61392405063291,0,1,Group1,0
12.753164556962027,0,1,Group1,0
12.81012658227848,1,1,Group1,0
12.860759493670885,0,1,Group1,0
12.860759493670885,0,1,Group1,0
12.936708860759493,0,1,Group1,0
13.050632911392405,1,1,Group1,0
13.354430379746836,1,1,Group1,0
13.39240506329114,1,1,Group1,0
13.430379746835444,1,1,Group1,0
13.556962025316455,1,1,Group1,0
13.658227848101266,1,1,Group1,0
13.734177215189874,1,1,Group1,0
13.772151898734178,1,1,Group1,0
14.113924050632912,1,1,Group1,0
14.468354430379746,1,1,Group1,0
14.620253164556962,1,1,Group1,0
14.974683544303797,1,1,Group1,0
15.10126582278481,1,1,Group1,0
15.981012658227847,0,1,Group1,0
