time,status,treat,Group,curve
0.08860759493670886,1,1,Group1,0
2.0443037974683542,0,1,Group1,0
2.0443037974683542,0,1,Group1,0
2.0443037974683542,0,1,Group1,0
2.0443037974683542,0,1,Group1,0
2.0443037974683542,0,1,Group1,0
2.0443037974683542,0,1,Group1,0
2.0443037974683542,0,1,Group1,0
2.0443037974683542,0,1,Group1,0
2.0443037974683542,0,1,Group1,0
2.0443037974683542,0,1,Group1,0
2.0443037974683542,0,1,Group1,0
3.9936708860759493,0,1,Group1,0
3.9936708860759493,0,1,Group1,0
3.9936708860759493,0,1,Group1,0
3.9936708860759493,0,1,Group1,0
3.9936708860759493,0,1,Group1,0
4.012658227848101,1,1,Group1,0
4.8734177215189876,0,1,Group1,0
4.8734177215189876,0,1,Group1,0
4.8734177215189876,0,1,Group1,0
4.8734177215189876,0,1,Group1,0
4.8734177215189876,0,1,Group1,0
5.746835443037974,1,1,Group1,0
7.468354430379746,0,1,Group1,0
7.468354430379746,0,1,Group1,0
7.468354430379746,0,1,Group1,0
7.468354430379746,0,1,Group1,0
7.468354430379746,0,1,Group1,0
7.468354430379746,0,1,Group1,0
7.468354430379746,0,1,Group1,0
7.468354430379746,0,1,Group1,0
9.20253164556962,1,1,Group1,0
9.60126582278481,0,1,Group1,0
10.063291139240507,1,1,Group1,0
10.38607594936709,0,1,Group1,0
10.765822784810126,0,1,Group1,0
11.905063291139241,0,1,Group1,0
11.905063291139241,0,1,Group1,0
11.905063291139241,0,1,Group1,0
11.905063291139241,0,1,Group1,0
11.905063291139241,0,1,Group1,0
13.10126582278481,1,1,Group1,0
13.81012658227848,1,1,Group1,0
14.544303797468354,1,1,Group1,0
14.943037974683545,0,1,Group1,0
15.379746835443038,1,1,Group1,0
