time,status,treat,Group,curve
1.2633333333333334,0,1,Group1,0
1.2633333333333334,0,1,Group1,0
1.2633333333333334,0,1,Group1,0
1.2633333333333334,0,1,Group1,0
1.2633333333333334,0,1,Group1,0
1.2633333333333334,0,1,Group1,0
1.2633333333333334,0,1,Group1,0
1.2633333333333334,0,1,Group1,0
1.2633333333333334,0,1,Group1,0
1.2633333333333334,0,1,Group1,0
1.2633333333333334,0,1,Group1,0
1.2633333333333334,0,1,Group1,0
1.2633333333333334,0,1,Group1,0
1.2633333333333334,0,1,Group1,0
2.546666666666667,1,1,Group1,0
3.35,0,1,Group1,0
3.35,0,1,Group1,0
3.35,0,1,Group1,0
3.35,0,1,Group1,0
3.35,0,1,Group1,0
3.35,0,1,Group1,0
3.35,0,1,Group1,0
3.35,0,1,Group1,0
3.35,0,1,Group1,0
4.1866666666666665,1,1,Group1,0
4.516666666666667,0,1,Group1,0
4.516666666666667,0,1,Group1,0
4.516666666666667,0,1,Group1,0
4.516666666666667,0,1,Group1,0
4.516666666666667,0,1,Group1,0
4.88,1,1,Group1,0
4.88,1,1,Group1,0
4.8933333333333335,1,1,Group1,0
4.933333333333334,0,1,Group1,0
4.96,1,1,Group1,0
4.96,1,1,Group1,0
5.140000000000001,0,1,Group1,0
5.140000000000001,0,1,Group1,0
5.346666666666667,1,1,Group1,0
5.36,1,1,Group1,0
5.7,1,1,Group1,0
5.7,1,1,Group1,0
6.876666666666667,0,1,Group1,0
8.1,1,1,Group1,0
