time,status,treat,Group,curve
0.8918918918918919,1,1,Group1,0
1.364864864864865,0,1,Group1,0
1.972972972972973,1,1,Group1,0
3.945945945945946,0,1,Group1,0
3.945945945945946,0,1,Group1,0
6.0,1,1,Group1,0
7.4324324324324325,1,1,Group1,0
14.783783783783784,0,1,Group1,0
14.783783783783784,0,1,Group1,0
14.783783783783784,0,1,Group1,0
14.783783783783784,0,1,Group1,0
14.783783783783784,0,1,Group1,0
14.783783783783784,0,1,Group1,0
14.783783783783784,0,1,Group1,0
14.783783783783784,0,1,Group1,0
22.27027027027027,1,1,Group1,0
23.2027027027027,0,1,Group1,0
23.2027027027027,0,1,Group1,0
24.27027027027027,1,1,Group1,0
24.56756756756757,1,1,Group1,0
25.64864864864865,1,1,Group1,0
26.64864864864865,1,1,Group1,0
26.810810810810814,1,1,Group1,0
31.945945945945947,0,1,Group1,0
31.945945945945947,0,1,Group1,0
32.02702702702703,1,1,Group1,0
32.64864864864865,1,1,Group1,0
33.08108108108108,0,1,Group1,0
33.64864864864865,1,1,Group1,0
33.891891891891895,1,1,Group1,0
34.08108108108108,1,1,Group1,0
34.4054054054054,0,1,Group1,0
35.32432432432432,1,1,Group1,0
35.40540540540541,1,1,Group1,0
35.45945945945946,1,1,Group1,0
36.054054054054056,0,1,Group1,0
36.054054054054056,0,1,Group1,0
36.054054054054056,0,1,Group1,0
36.054054054054056,0,1,Group1,0
36.054054054054056,0,1,Group1,0
36.054054054054056,0,1,Group1,0
36.054054054054056,0,1,Group1,0
36.054054054054056,0,1,Group1,0
