time,status,treat,Group,curve
0.047619047619047616,1,1,Group1,0
1.4166666666666665,0,1,Group1,0
1.4166666666666665,0,1,Group1,0
1.4166666666666665,0,1,Group1,0
1.4166666666666665,0,1,Group1,0
1.4166666666666665,0,1,Group1,0
1.4166666666666665,0,1,Group1,0
1.4166666666666665,0,1,Group1,0
1.4166666666666665,0,1,Group1,0
1.4166666666666665,0,1,Group1,0
1.4166666666666665,0,1,Group1,0
1.4166666666666665,0,1,Group1,0
2.7976190476190474,1,1,Group1,0
2.830357142857143,0,1,Group1,0
2.830357142857143,0,1,Group1,0
2.830357142857143,0,1,Group1,0
2.883928571428571,0,1,Group1,0
2.886904761904762,1,1,Group1,0
2.9791666666666665,0,1,Group1,0
2.9791666666666665,0,1,Group1,0
2.9791666666666665,0,1,Group1,0
2.9791666666666665,0,1,Group1,0
2.9791666666666665,0,1,Group1,0
2.9791666666666665,0,1,Group1,0
3.089285714285714,1,1,Group1,0
3.1785714285714284,0,1,Group1,0
3.2857142857142856,1,1,Group1,0
3.6636904761904763,0,1,Group1,0
3.6636904761904763,0,1,Group1,0
3.6636904761904763,0,1,Group1,0
3.6636904761904763,0,1,Group1,0
3.6636904761904763,0,1,Group1,0
4.0476190476190474,1,1,Group1,0
4.2559523809523805,1,1,Group1,0
4.345238095238095,1,1,Group1,0
4.410714285714286,0,1,Group1,0
4.494047619047619,1,1,Group1,0
4.81547619047619,0,1,Group1,0
5.154761904761904,1,1,Group1,0
5.449404761904762,0,1,Group1,0
5.449404761904762,0,1,Group1,0
5.761904761904762,1,1,Group1,0
5.803571428571428,1,1,Group1,0
5.9226190476190474,1,1,Group1,0
5.955357142857142,0,1,Group1,0
5.9642857142857135,1,1,Group1,0
5.988095238095238,1,1,Group1,0
6.2559523809523805,1,1,Group1,0
6.601190476190475,1,1,Group1,0
6.636904761904762,1,1,Group1,0
6.642857142857142,1,1,Group1,0
6.678571428571428,1,1,Group1,0
6.702380952380952,1,1,Group1,0
6.7142857142857135,1,1,Group1,0
6.738095238095238,1,1,Group1,0
6.761904761904762,1,1,Group1,0
6.809523809523809,1,1,Group1,0
6.827380952380952,1,1,Group1,0
6.9226190476190474,1,1,Group1,0
6.952380952380952,1,1,Group1,0
6.958333333333333,1,1,Group1,0
6.976190476190475,1,1,Group1,0
7.363095238095237,1,1,Group1,0
7.407738095238095,0,1,Group1,0
