time,status,treat,Group,curve
8.472972972972972,0,1,Group1,0
8.472972972972972,0,1,Group1,0
8.472972972972972,0,1,Group1,0
8.472972972972972,0,1,Group1,0
8.472972972972972,0,1,Group1,0
8.472972972972972,0,1,Group1,0
8.472972972972972,0,1,Group1,0
8.472972972972972,0,1,Group1,0
8.472972972972972,0,1,Group1,0
8.472972972972972,0,1,Group1,0
8.472972972972972,0,1,Group1,0
8.472972972972972,0,1,Group1,0
8.472972972972972,0,1,Group1,0
8.472972972972972,0,1,Group1,0
8.472972972972972,0,1,Group1,0
8.472972972972972,0,1,Group1,0
8.472972972972972,0,1,Group1,0
8.472972972972972,0,1,Group1,0
17.027027027027028,1,1,Group1,0
17.432432432432435,0,1,Group1,0
17.972972972972975,1,1,Group1,0
23.83783783783784,0,1,Group1,0
23.83783783783784,0,1,Group1,0
23.83783783783784,0,1,Group1,0
23.83783783783784,0,1,Group1,0
23.83783783783784,0,1,Group1,0
23.83783783783784,0,1,Group1,0
23.83783783783784,0,1,Group1,0
23.83783783783784,0,1,Group1,0
23.83783783783784,0,1,Group1,0
23.83783783783784,0,1,Group1,0
23.83783783783784,0,1,Group1,0
23.83783783783784,0,1,Group1,0
23.83783783783784,0,1,Group1,0
23.83783783783784,0,1,Group1,0
23.83783783783784,0,1,Group1,0
29.810810810810814,1,1,Group1,0
30.594594594594597,1,1,Group1,0
32.513513513513516,0,1,Group1,0
32.513513513513516,0,1,Group1,0
34.56756756756757,1,1,Group1,0
35.270270270270274,0,1,Group1,0
35.270270270270274,0,1,Group1,0
36.054054054054056,0,1,Group1,0
36.054054054054056,0,1,Group1,0
36.054054054054056,0,1,Group1,0
36.054054054054056,0,1,Group1,0
36.054054054054056,0,1,Group1,0
36.054054054054056,0,1,Group1,0
36.054054054054056,0,1,Group1,0
36.054054054054056,0,1,Group1,0
36.054054054054056,0,1,Group1,0
