time,status,treat,Group,curve
2.4413793103448276,0,1,Group1,0
2.4413793103448276,0,1,Group1,0
4.924137931034482,1,1,Group1,0
5.172413793103448,1,1,Group1,0
6.268965517241379,1,1,Group1,0
7.055172413793104,1,1,Group1,0
8.648275862068965,1,1,Group1,0
8.89655172413793,1,1,Group1,0
10.117241379310345,1,1,Group1,0
10.241379310344827,1,1,Group1,0
10.820689655172414,1,1,Group1,0
11.213793103448275,0,1,Group1,0
11.668965517241379,1,1,Group1,0
11.937931034482759,1,1,Group1,0
12.082758620689654,1,1,Group1,0
12.351724137931035,1,1,Group1,0
12.86896551724138,1,1,Group1,0
13.882758620689655,1,1,Group1,0
13.986206896551725,1,1,Group1,0
14.751724137931035,1,1,Group1,0
15.351724137931035,1,1,Group1,0
15.455172413793104,1,1,Group1,0
16.220689655172414,1,1,Group1,0
16.344827586206897,1,1,Group1,0
16.344827586206897,1,1,Group1,0
16.386206896551723,1,1,Group1,0
16.386206896551723,1,1,Group1,0
16.448275862068964,1,1,Group1,0
16.841379310344827,1,1,Group1,0
16.862068965517242,1,1,Group1,0
16.90344827586207,1,1,Group1,0
17.02758620689655,1,1,Group1,0
17.17241379310345,1,1,Group1,0
17.275862068965516,1,1,Group1,0
17.29655172413793,1,1,Group1,0
17.29655172413793,1,1,Group1,0
17.317241379310346,1,1,Group1,0
17.379310344827587,1,1,Group1,0
17.689655172413794,1,1,Group1,0
17.979310344827585,1,1,Group1,0
18.103448275862068,1,1,Group1,0
18.248275862068965,1,1,Group1,0
18.724137931034484,1,1,Group1,0
18.76551724137931,1,1,Group1,0
18.806896551724137,1,1,Group1,0
18.910344827586208,1,1,Group1,0
19.075862068965517,1,1,Group1,0
20.006896551724136,1,1,Group1,0
27.620689655172413,1,1,Group1,0
27.620689655172413,1,1,Group1,0
27.620689655172413,1,1,Group1,0
