time,status,treat,Group,curve
0.30097087378640774,1,1,Group1,0
1.0145631067961165,0,1,Group1,0
1.0145631067961165,0,1,Group1,0
1.0145631067961165,0,1,Group1,0
1.7766990291262135,1,1,Group1,0
2.7087378640776696,0,1,Group1,0
2.7087378640776696,0,1,Group1,0
2.7087378640776696,0,1,Group1,0
3.6893203883495143,1,1,Group1,0
3.9999999999999996,1,1,Group1,0
4.368932038834951,1,1,Group1,0
4.543689320388349,1,1,Group1,0
5.024271844660194,0,1,Group1,0
5.543689320388349,1,1,Group1,0
5.66504854368932,0,1,Group1,0
5.7864077669902905,1,1,Group1,0
5.888349514563107,0,1,Group1,0
6.019417475728154,1,1,Group1,0
6.048543689320388,1,1,Group1,0
6.29126213592233,1,1,Group1,0
6.300970873786407,1,1,Group1,0
6.3786407766990285,1,1,Group1,0
6.558252427184465,0,1,Group1,0
6.776699029126213,1,1,Group1,0
7.009708737864077,1,1,Group1,0
7.07766990291262,1,1,Group1,0
7.1456310679611645,1,1,Group1,0
7.155339805825242,1,1,Group1,0
7.4368932038834945,1,1,Group1,0
7.650485436893203,1,1,Group1,0
7.825242718446601,1,1,Group1,0
9.669902912621358,1,1,Group1,0
11.980582524271844,1,1,Group1,0
