time,status,treat,Group,curve
1.9915254237288136,0,1,Group1,0
1.9915254237288136,0,1,Group1,0
1.9915254237288136,0,1,Group1,0
4.033898305084746,1,1,Group1,0
4.220338983050848,1,1,Group1,0
4.9576271186440675,0,1,Group1,0
4.9576271186440675,0,1,Group1,0
4.9576271186440675,0,1,Group1,0
4.9576271186440675,0,1,Group1,0
4.9576271186440675,0,1,Group1,0
5.711864406779661,0,1,Group1,0
5.762711864406779,1,1,Group1,0
7.025423728813559,0,1,Group1,0
7.025423728813559,0,1,Group1,0
7.025423728813559,0,1,Group1,0
7.025423728813559,0,1,Group1,0
7.025423728813559,0,1,Group1,0
7.025423728813559,0,1,Group1,0
7.025423728813559,0,1,Group1,0
7.025423728813559,0,1,Group1,0
8.35593220338983,1,1,Group1,0
9.186440677966102,0,1,Group1,0
9.186440677966102,0,1,Group1,0
9.186440677966102,0,1,Group1,0
9.186440677966102,0,1,Group1,0
9.186440677966102,0,1,Group1,0
9.186440677966102,0,1,Group1,0
10.101694915254237,1,1,Group1,0
11.703389830508474,0,1,Group1,0
11.703389830508474,0,1,Group1,0
11.703389830508474,0,1,Group1,0
11.703389830508474,0,1,Group1,0
11.703389830508474,0,1,Group1,0
13.372881355932204,1,1,Group1,0
13.389830508474576,1,1,Group1,0
13.635593220338983,0,1,Group1,0
13.915254237288135,1,1,Group1,0
14.11864406779661,1,1,Group1,0
14.186440677966102,1,1,Group1,0
14.440677966101696,1,1,Group1,0
18.45762711864407,0,1,Group1,0
22.559322033898304,1,1,Group1,0
