time,status,treat,Group,curve
0.11392405063291139,1,1,Group1,0
0.43037974683544306,0,1,Group1,0
0.7848101265822784,1,1,Group1,0
1.0506329113924051,0,1,Group1,0
1.3544303797468353,1,1,Group1,0
1.6075949367088607,1,1,Group1,0
2.189873417721519,0,1,Group1,0
2.848101265822785,1,1,Group1,0
4.170886075949367,0,1,Group1,0
4.170886075949367,0,1,Group1,0
4.170886075949367,0,1,Group1,0
4.170886075949367,0,1,Group1,0
4.170886075949367,0,1,Group1,0
4.170886075949367,0,1,Group1,0
5.544303797468355,1,1,Group1,0
5.784810126582279,0,1,Group1,0
6.075949367088607,1,1,Group1,0
6.373417721518987,0,1,Group1,0
6.6835443037974684,1,1,Group1,0
6.8354430379746836,1,1,Group1,0
7.215189873417722,1,1,Group1,0
7.455696202531646,0,1,Group1,0
7.455696202531646,0,1,Group1,0
7.746835443037974,1,1,Group1,0
7.917721518987342,0,1,Group1,0
8.139240506329115,1,1,Group1,0
8.443037974683545,1,1,Group1,0
8.658227848101266,1,1,Group1,0
8.708860759493671,1,1,Group1,0
9.943037974683545,0,1,Group1,0
9.949367088607595,1,1,Group1,0
9.949367088607595,1,1,Group1,0
9.987341772151899,1,1,Group1,0
10.050632911392405,1,1,Group1,0
10.075949367088608,1,1,Group1,0
10.10126582278481,1,1,Group1,0
10.113924050632912,1,1,Group1,0
10.139240506329113,1,1,Group1,0
10.177215189873417,1,1,Group1,0
10.20253164556962,1,1,Group1,0
10.253164556962025,1,1,Group1,0
10.30379746835443,1,1,Group1,0
10.341772151898734,0,1,Group1,0
10.443037974683545,1,1,Group1,0
10.443037974683545,1,1,Group1,0
10.639240506329113,0,1,Group1,0
10.89873417721519,1,1,Group1,0
11.08860759493671,1,1,Group1,0
11.291139240506329,1,1,Group1,0
11.291139240506329,1,1,Group1,0
11.759493670886076,1,1,Group1,0
11.772151898734178,1,1,Group1,0
14.253164556962025,0,1,Group1,0
16.746835443037973,1,1,Group1,0
