time,status,treat,Group,curve
1.240506329113924,0,1,Group1,0
1.240506329113924,0,1,Group1,0
1.240506329113924,0,1,Group1,0
1.240506329113924,0,1,Group1,0
2.5063291139240507,1,1,Group1,0
4.867088607594937,0,1,Group1,0
4.867088607594937,0,1,Group1,0
4.867088607594937,0,1,Group1,0
4.867088607594937,0,1,Group1,0
4.867088607594937,0,1,Group1,0
7.2784810126582276,1,1,Group1,0
7.531645569620253,1,1,Group1,0
7.620253164556962,0,1,Group1,0
7.772151898734177,1,1,Group1,0
8.253164556962025,1,1,Group1,0
8.430379746835444,1,1,Group1,0
8.848101265822784,0,1,Group1,0
8.848101265822784,0,1,Group1,0
9.354430379746836,1,1,Group1,0
9.620253164556962,1,1,Group1,0
9.683544303797468,1,1,Group1,0
9.943037974683545,0,1,Group1,0
10.240506329113924,1,1,Group1,0
10.569620253164556,1,1,Group1,0
11.60759493670886,1,1,Group1,0
11.689873417721518,0,1,Group1,0
11.81012658227848,1,1,Group1,0
11.993670886075948,0,1,Group1,0
11.993670886075948,0,1,Group1,0
12.215189873417721,1,1,Group1,0
12.518987341772151,1,1,Group1,0
12.651898734177216,0,1,Group1,0
12.822784810126581,1,1,Group1,0
12.835443037974683,1,1,Group1,0
13.08860759493671,1,1,Group1,0
13.10126582278481,1,1,Group1,0
13.126582278481013,1,1,Group1,0
13.30379746835443,1,1,Group1,0
13.341772151898734,1,1,Group1,0
13.39240506329114,1,1,Group1,0
13.556962025316455,1,1,Group1,0
13.734177215189874,1,1,Group1,0
13.873417721518987,1,1,Group1,0
13.873417721518987,1,1,Group1,0
13.987341772151899,1,1,Group1,0
14.050632911392405,1,1,Group1,0
14.253164556962025,1,1,Group1,0
14.316455696202532,1,1,Group1,0
14.518987341772151,1,1,Group1,0
15.227848101265822,1,1,Group1,0
15.860759493670885,1,1,Group1,0
16.189873417721518,1,1,Group1,0
16.481012658227847,1,1,Group1,0
