time,status,treat,Group,curve
3.837837837837838,1,1,Group1,0
7.851351351351352,0,1,Group1,0
11.91891891891892,0,1,Group1,0
12.0,1,1,Group1,0
16.77027027027027,0,1,Group1,0
21.54054054054054,1,1,Group1,0
22.891891891891895,1,1,Group1,0
26.351351351351354,1,1,Group1,0
27.621621621621625,1,1,Group1,0
29.324324324324326,1,1,Group1,0
29.486486486486488,1,1,Group1,0
30.0,1,1,Group1,0
31.64864864864865,1,1,Group1,0
32.72972972972973,1,1,Group1,0
33.5945945945946,1,1,Group1,0
33.67567567567568,1,1,Group1,0
35.37837837837838,1,1,Group1,0
36.054054054054056,0,1,Group1,0
36.054054054054056,0,1,Group1,0
36.054054054054056,0,1,Group1,0
36.054054054054056,0,1,Group1,0
36.054054054054056,0,1,Group1,0
36.054054054054056,0,1,Group1,0
36.054054054054056,0,1,Group1,0
36.054054054054056,0,1,Group1,0
36.054054054054056,0,1,Group1,0
36.054054054054056,0,1,Group1,0
36.054054054054056,0,1,Group1,0
36.054054054054056,0,1,Group1,0
36.054054054054056,0,1,Group1,0
36.054054054054056,0,1,Group1,0
36.054054054054056,0,1,Group1,0
36.054054054054056,0,1,Group1,0
36.054054054054056,0,1,Group1,0
36.054054054054056,0,1,Group1,0
36.054054054054056,0,1,Group1,0
36.054054054054056,0,1,Group1,0
36.054054054054056,0,1,Group1,0
36.054054054054056,0,1,Group1,0
36.054054054054056,0,1,Group1,0
36.054054054054056,0,1,Group1,0
