time,status,treat,Group,curve
0.5945945945945946,1,1,Group1,0
0.8108108108108109,1,1,Group1,0
1.810810810810811,1,1,Group1,0
5.540540540540541,1,1,Group1,0
6.837837837837839,1,1,Group1,0
18.81081081081081,1,1,Group1,0
19.027027027027028,1,1,Group1,0
20.18918918918919,1,1,Group1,0
20.513513513513516,1,1,Group1,0
21.08108108108108,1,1,Group1,0
21.45945945945946,1,1,Group1,0
22.35135135135135,1,1,Group1,0
22.64864864864865,1,1,Group1,0
23.18918918918919,1,1,Group1,0
23.64864864864865,1,1,Group1,0
24.56756756756757,1,1,Group1,0
24.675675675675677,1,1,Group1,0
27.56756756756757,1,1,Group1,0
29.513513513513516,1,1,Group1,0
30.10810810810811,1,1,Group1,0
30.162162162162165,1,1,Group1,0
31.0,1,1,Group1,0
31.243243243243246,1,1,Group1,0
31.540540540540544,1,1,Group1,0
31.540540540540544,1,1,Group1,0
32.13513513513514,1,1,Group1,0
32.56756756756757,1,1,Group1,0
32.64864864864865,1,1,Group1,0
32.64864864864865,1,1,Group1,0
32.7027027027027,1,1,Group1,0
33.270270270270274,1,1,Group1,0
34.24324324324324,1,1,Group1,0
34.45945945945946,1,1,Group1,0
34.54054054054054,1,1,Group1,0
34.91891891891892,1,1,Group1,0
35.08108108108108,1,1,Group1,0
35.972972972972975,1,1,Group1,0
36.054054054054056,0,1,Group1,0
36.054054054054056,0,1,Group1,0
36.054054054054056,0,1,Group1,0
36.054054054054056,0,1,Group1,0
