time,status,treat,Group,curve
0.1640625,0,1,Group1,0
0.1640625,0,1,Group1,0
0.1640625,0,1,Group1,0
0.33854166666666663,1,1,Group1,0
0.8046875,0,1,Group1,0
0.8046875,0,1,Group1,0
0.8046875,0,1,Group1,0
0.8046875,0,1,Group1,0
0.8046875,0,1,Group1,0
0.8046875,0,1,Group1,0
0.8046875,0,1,Group1,0
0.8046875,0,1,Group1,0
1.2916666666666665,1,1,Group1,0
2.536458333333333,0,1,Group1,0
2.536458333333333,0,1,Group1,0
2.536458333333333,0,1,Group1,0
2.536458333333333,0,1,Group1,0
2.536458333333333,0,1,Group1,0
2.536458333333333,0,1,Group1,0
2.536458333333333,0,1,Group1,0
2.536458333333333,0,1,Group1,0
2.536458333333333,0,1,Group1,0
2.536458333333333,0,1,Group1,0
2.536458333333333,0,1,Group1,0
2.536458333333333,0,1,Group1,0
3.8125,1,1,Group1,0
3.880208333333333,0,1,Group1,0
3.973958333333333,1,1,Group1,0
4.109375,0,1,Group1,0
4.270833333333333,1,1,Group1,0
4.700520833333333,0,1,Group1,0
4.700520833333333,0,1,Group1,0
4.700520833333333,0,1,Group1,0
4.700520833333333,0,1,Group1,0
5.15625,1,1,Group1,0
5.197916666666666,1,1,Group1,0
5.28125,1,1,Group1,0
5.463541666666666,0,1,Group1,0
5.463541666666666,0,1,Group1,0
5.671875,1,1,Group1,0
5.677083333333333,1,1,Group1,0
5.848958333333333,1,1,Group1,0
5.872395833333333,0,1,Group1,0
5.921875,1,1,Group1,0
5.947916666666666,1,1,Group1,0
5.953125,1,1,Group1,0
6.140625,1,1,Group1,0
6.15625,1,1,Group1,0
6.1875,1,1,Group1,0
6.369791666666666,0,1,Group1,0
6.369791666666666,0,1,Group1,0
6.369791666666666,0,1,Group1,0
6.588541666666666,1,1,Group1,0
6.734375,0,1,Group1,0
