time,status,treat,Group,curve
0.43243243243243246,0,1,Group1,0
0.918918918918919,1,1,Group1,0
5.135135135135136,0,1,Group1,0
5.135135135135136,0,1,Group1,0
5.135135135135136,0,1,Group1,0
5.135135135135136,0,1,Group1,0
5.135135135135136,0,1,Group1,0
5.135135135135136,0,1,Group1,0
5.135135135135136,0,1,Group1,0
5.135135135135136,0,1,Group1,0
5.135135135135136,0,1,Group1,0
5.135135135135136,0,1,Group1,0
5.135135135135136,0,1,Group1,0
5.135135135135136,0,1,Group1,0
5.135135135135136,0,1,Group1,0
5.135135135135136,0,1,Group1,0
9.351351351351353,1,1,Group1,0
10.567567567567568,0,1,Group1,0
11.91891891891892,1,1,Group1,0
19.472972972972975,0,1,Group1,0
19.472972972972975,0,1,Group1,0
19.472972972972975,0,1,Group1,0
19.472972972972975,0,1,Group1,0
19.472972972972975,0,1,Group1,0
19.472972972972975,0,1,Group1,0
19.472972972972975,0,1,Group1,0
19.472972972972975,0,1,Group1,0
19.472972972972975,0,1,Group1,0
19.472972972972975,0,1,Group1,0
27.162162162162165,1,1,Group1,0
27.95945945945946,0,1,Group1,0
27.95945945945946,0,1,Group1,0
27.95945945945946,0,1,Group1,0
27.95945945945946,0,1,Group1,0
28.972972972972975,1,1,Group1,0
29.716216216216218,0,1,Group1,0
30.594594594594597,1,1,Group1,0
31.027027027027028,0,1,Group1,0
31.594594594594597,1,1,Group1,0
32.567567567567565,0,1,Group1,0
32.567567567567565,0,1,Group1,0
33.67567567567568,1,1,Group1,0
34.851351351351354,0,1,Group1,0
34.851351351351354,0,1,Group1,0
34.851351351351354,0,1,Group1,0
34.851351351351354,0,1,Group1,0
36.054054054054056,0,1,Group1,0
36.054054054054056,0,1,Group1,0
36.054054054054056,0,1,Group1,0
36.054054054054056,0,1,Group1,0
36.054054054054056,0,1,Group1,0
36.054054054054056,0,1,Group1,0
36.054054054054056,0,1,Group1,0
36.054054054054056,0,1,Group1,0
36.054054054054056,0,1,Group1,0
36.054054054054056,0,1,Group1,0
