time,status,treat,Group,curve
0.12666666666666668,1,1,Group1,0
0.16666666666666669,1,1,Group1,0
0.62,1,1,Group1,0
1.05,0,1,Group1,0
1.4800000000000002,1,1,Group1,0
1.56,1,1,Group1,0
1.6633333333333336,0,1,Group1,0
1.7866666666666668,1,1,Group1,0
1.8866666666666667,1,1,Group1,0
1.8900000000000001,0,1,Group1,0
2.126666666666667,1,1,Group1,0
2.6,1,1,Group1,0
2.9400000000000004,1,1,Group1,0
2.9933333333333336,1,1,Group1,0
3.0533333333333337,1,1,Group1,0
3.08,1,1,Group1,0
3.226666666666667,1,1,Group1,0
3.2600000000000002,1,1,Group1,0
3.5133333333333336,1,1,Group1,0
3.5933333333333337,1,1,Group1,0
3.64,1,1,Group1,0
3.72,1,1,Group1,0
3.8666666666666667,1,1,Group1,0
4.1866666666666665,1,1,Group1,0
4.213333333333334,1,1,Group1,0
4.446666666666667,1,1,Group1,0
4.62,1,1,Group1,0
4.653333333333333,1,1,Group1,0
4.86,1,1,Group1,0
4.873333333333334,1,1,Group1,0
4.92,1,1,Group1,0
4.933333333333334,1,1,Group1,0
4.933333333333334,1,1,Group1,0
4.94,1,1,Group1,0
4.96,1,1,Group1,0
5.0200000000000005,1,1,Group1,0
5.066666666666667,1,1,Group1,0
5.073333333333333,1,1,Group1,0
5.086666666666667,1,1,Group1,0
5.1000000000000005,1,1,Group1,0
5.126666666666667,1,1,Group1,0
5.166666666666667,1,1,Group1,0
5.173333333333334,1,1,Group1,0
5.2,1,1,Group1,0
5.213333333333334,1,1,Group1,0
5.213333333333334,1,1,Group1,0
5.213333333333334,1,1,Group1,0
5.220000000000001,1,1,Group1,0
5.233333333333333,1,1,Group1,0
5.253333333333334,1,1,Group1,0
5.326666666666667,1,1,Group1,0
5.413333333333334,1,1,Group1,0
5.453333333333334,1,1,Group1,0
5.493333333333334,1,1,Group1,0
5.640000000000001,1,1,Group1,0
5.646666666666667,1,1,Group1,0
5.666666666666667,1,1,Group1,0
5.686666666666667,1,1,Group1,0
5.746666666666667,1,1,Group1,0
8.32,1,1,Group1,0
8.326666666666668,1,1,Group1,0
8.326666666666668,1,1,Group1,0
