time,status,treat,Group,curve
1.1570247933884297,0,1,Group1,0
1.1570247933884297,0,1,Group1,0
2.347107438016529,1,1,Group1,0
2.4132231404958677,1,1,Group1,0
2.7355371900826446,0,1,Group1,0
2.809917355371901,1,1,Group1,0
3.322314049586777,0,1,Group1,0
3.322314049586777,0,1,Group1,0
3.9173553719008267,1,1,Group1,0
4.198347107438017,1,1,Group1,0
4.380165289256198,1,1,Group1,0
4.900826446280991,0,1,Group1,0
5.5041322314049586,1,1,Group1,0
5.669421487603306,1,1,Group1,0
5.71900826446281,1,1,Group1,0
6.776859504132232,1,1,Group1,0
7.206611570247934,1,1,Group1,0
7.206611570247934,1,1,Group1,0
7.239669421487603,1,1,Group1,0
7.702479338842975,1,1,Group1,0
8.297520661157025,1,1,Group1,0
8.347107438016529,1,1,Group1,0
8.363636363636363,1,1,Group1,0
9.330578512396695,0,1,Group1,0
9.338842975206612,1,1,Group1,0
10.52892561983471,1,1,Group1,0
10.62809917355372,1,1,Group1,0
10.62809917355372,1,1,Group1,0
12.380165289256198,0,1,Group1,0
14.24793388429752,1,1,Group1,0
15.520661157024794,1,1,Group1,0
18.735537190082646,0,1,Group1,0
21.96694214876033,0,1,Group1,0
