time,status,treat,Group,curve
0.5443037974683543,0,1,Group1,0
0.5443037974683543,0,1,Group1,0
0.5443037974683543,0,1,Group1,0
0.5443037974683543,0,1,Group1,0
0.5443037974683543,0,1,Group1,0
1.1139240506329113,1,1,Group1,0
1.2911392405063291,0,1,Group1,0
1.3291139240506329,1,1,Group1,0
1.4367088607594938,0,1,Group1,0
1.6075949367088607,1,1,Group1,0
1.7088607594936709,1,1,Group1,0
1.7468354430379747,1,1,Group1,0
1.8544303797468356,0,1,Group1,0
2.0253164556962027,1,1,Group1,0
2.278481012658228,1,1,Group1,0
2.367088607594937,1,1,Group1,0
2.8354430379746836,1,1,Group1,0
2.8607594936708862,1,1,Group1,0
3.050632911392405,1,1,Group1,0
3.5506329113924053,0,1,Group1,0
3.5506329113924053,0,1,Group1,0
3.9746835443037973,1,1,Group1,0
3.9873417721518987,1,1,Group1,0
4.025316455696203,1,1,Group1,0
4.10126582278481,1,1,Group1,0
4.151898734177215,1,1,Group1,0
4.367088607594937,0,1,Group1,0
4.367088607594937,0,1,Group1,0
4.753164556962025,0,1,Group1,0
4.8734177215189876,1,1,Group1,0
4.911392405063291,1,1,Group1,0
5.063291139240507,1,1,Group1,0
5.2025316455696204,1,1,Group1,0
5.227848101265823,1,1,Group1,0
5.240506329113924,1,1,Group1,0
5.89873417721519,1,1,Group1,0
5.974683544303797,1,1,Group1,0
6.012658227848101,1,1,Group1,0
6.063291139240507,1,1,Group1,0
6.284810126582278,0,1,Group1,0
6.525316455696203,0,1,Group1,0
6.544303797468355,1,1,Group1,0
6.8924050632911396,0,1,Group1,0
7.10126582278481,1,1,Group1,0
7.2784810126582276,1,1,Group1,0
7.632911392405063,1,1,Group1,0
7.708860759493671,1,1,Group1,0
7.7215189873417724,1,1,Group1,0
8.60759493670886,1,1,Group1,0
9.873417721518987,1,1,Group1,0
11.265822784810126,1,1,Group1,0
11.474683544303797,0,1,Group1,0
12.20253164556962,1,1,Group1,0
13.518987341772151,1,1,Group1,0
