time,status,treat,Group,curve
1.73943661971831,1,1,Group1,0
4.440140845070423,0,1,Group1,0
7.049295774647888,1,1,Group1,0
9.612676056338028,1,1,Group1,0
13.45774647887324,1,1,Group1,0
16.295774647887324,1,1,Group1,0
16.47887323943662,1,1,Group1,0
16.93661971830986,1,1,Group1,0
17.62323943661972,0,1,Group1,0
17.669014084507044,1,1,Group1,0
18.492957746478872,1,1,Group1,0
19.683098591549296,1,1,Group1,0
21.193661971830984,0,1,Group1,0
22.97887323943662,1,1,Group1,0
25.267605633802816,1,1,Group1,0
25.816901408450704,1,1,Group1,0
26.549295774647888,1,1,Group1,0
27.281690140845072,1,1,Group1,0
27.37323943661972,1,1,Group1,0
27.83098591549296,1,1,Group1,0
28.471830985915492,1,1,Group1,0
29.845070422535212,1,1,Group1,0
32.316901408450704,1,1,Group1,0
32.316901408450704,1,1,Group1,0
33.598591549295776,1,1,Group1,0
34.33098591549296,1,1,Group1,0
35.33802816901409,1,1,Group1,0
36.07042253521127,1,1,Group1,0
36.71126760563381,1,1,Group1,0
36.894366197183096,1,1,Group1,0
37.26056338028169,1,1,Group1,0
37.352112676056336,1,1,Group1,0
41.38028169014085,1,1,Group1,0
43.3943661971831,1,1,Group1,0
43.57746478873239,1,1,Group1,0
43.852112676056336,1,1,Group1,0
44.12676056338028,1,1,Group1,0
45.40845070422535,1,1,Group1,0
46.232394366197184,1,1,Group1,0
46.41549295774648,1,1,Group1,0
47.37676056338029,0,1,Group1,0
48.61267605633803,1,1,Group1,0
50.71830985915493,1,1,Group1,0
50.99295774647887,1,1,Group1,0
51.45070422535211,1,1,Group1,0
51.90845070422535,1,1,Group1,0
53.190140845070424,1,1,Group1,0
55.57042253521127,1,1,Group1,0
55.66197183098592,1,1,Group1,0
60.7887323943662,1,1,Group1,0
61.33802816901409,1,1,Group1,0
64.08450704225352,1,1,Group1,0
64.45070422535211,1,1,Group1,0
66.00704225352113,1,1,Group1,0
66.28169014084507,1,1,Group1,0
68.29577464788733,1,1,Group1,0
69.30281690140845,1,1,Group1,0
70.95070422535211,1,1,Group1,0
75.71126760563381,1,1,Group1,0
75.8943661971831,1,1,Group1,0
84.40845070422536,1,1,Group1,0
85.96478873239437,1,1,Group1,0
87.42957746478874,0,1,Group1,0
89.2605633802817,1,1,Group1,0
89.44366197183099,1,1,Group1,0
123.6830985915493,1,1,Group1,0
