time,status,treat,Group,curve
7.236641221374046,1,1,Group1,0
8.725190839694656,0,1,Group1,0
8.793893129770993,1,1,Group1,0
10.305343511450381,0,1,Group1,0
12.0,1,1,Group1,0
14.15267175572519,1,1,Group1,0
14.977099236641221,1,1,Group1,0
19.923664122137403,1,1,Group1,0
27.52671755725191,1,1,Group1,0
27.66412213740458,1,1,Group1,0
30.045801526717558,1,1,Group1,0
30.412213740458014,1,1,Group1,0
31.51145038167939,1,1,Group1,0
33.48091603053435,1,1,Group1,0
38.656488549618324,1,1,Group1,0
41.6793893129771,1,1,Group1,0
43.55725190839695,1,1,Group1,0
45.06870229007634,1,1,Group1,0
47.63358778625954,1,1,Group1,0
49.9236641221374,1,1,Group1,0
58.80916030534351,1,1,Group1,0
59.221374045801525,1,1,Group1,0
60.778625954198475,1,1,Group1,0
61.64885496183206,1,1,Group1,0
