time,status,treat,Group,curve
6.319148936170213,1,1,Group1,0
8.106382978723403,1,1,Group1,0
9.0,1,1,Group1,0
12.638297872340425,1,1,Group1,0
13.340425531914892,1,1,Group1,0
14.361702127659573,1,1,Group1,0
14.744680851063828,1,1,Group1,0
16.97872340425532,1,1,Group1,0
17.80851063829787,1,1,Group1,0
18.06382978723404,1,1,Group1,0
19.212765957446805,1,1,Group1,0
20.617021276595743,1,1,Group1,0
21.0,1,1,Group1,0
21.25531914893617,1,1,Group1,0
22.468085106382976,1,1,Group1,0
25.27659574468085,1,1,Group1,0
26.170212765957444,1,1,Group1,0
26.999999999999996,1,1,Group1,0
27.510638297872337,1,1,Group1,0
27.893617021276594,1,1,Group1,0
28.851063829787233,1,1,Group1,0
30.765957446808507,1,1,Group1,0
32.202127659574465,0,1,Group1,0
32.42553191489361,1,1,Group1,0
32.87234042553191,1,1,Group1,0
33.191489361702125,1,1,Group1,0
33.38297872340425,1,1,Group1,0
35.1063829787234,1,1,Group1,0
35.61702127659574,1,1,Group1,0
37.59574468085106,1,1,Group1,0
37.85106382978723,1,1,Group1,0
38.42553191489361,1,1,Group1,0
38.93617021276595,1,1,Group1,0
39.12765957446808,1,1,Group1,0
40.02127659574468,1,1,Group1,0
40.08510638297872,1,1,Group1,0
40.59574468085106,1,1,Group1,0
43.212765957446805,1,1,Group1,0
44.48936170212765,1,1,Group1,0
44.5531914893617,1,1,Group1,0
48.06382978723404,1,1,Group1,0
49.85106382978723,1,1,Group1,0
49.85106382978723,1,1,Group1,0
51.191489361702125,1,1,Group1,0
52.91489361702127,1,1,Group1,0
55.531914893617014,1,1,Group1,0
58.46808510638297,1,1,Group1,0
60.44680851063829,1,1,Group1,0
62.61702127659574,1,1,Group1,0
72.0,1,1,Group1,0
78.98936170212765,0,1,Group1,0
