time,status,treat,Group,curve
3.9574468085106385,0,1,Group1,0
8.042553191489361,0,1,Group1,0
8.085106382978724,1,1,Group1,0
9.617021276595745,1,1,Group1,0
11.48936170212766,1,1,Group1,0
12.25531914893617,1,1,Group1,0
12.595744680851064,1,1,Group1,0
13.702127659574467,1,1,Group1,0
14.638297872340425,1,1,Group1,0
14.72340425531915,1,1,Group1,0
15.23404255319149,1,1,Group1,0
15.319148936170212,1,1,Group1,0
16.51063829787234,1,1,Group1,0
17.02127659574468,1,1,Group1,0
20.51063829787234,1,1,Group1,0
20.595744680851062,1,1,Group1,0
21.95744680851064,1,1,Group1,0
22.893617021276594,1,1,Group1,0
28.76595744680851,1,1,Group1,0
28.76595744680851,1,1,Group1,0
29.02127659574468,1,1,Group1,0
29.70212765957447,1,1,Group1,0
30.04255319148936,1,1,Group1,0
33.4468085106383,1,1,Group1,0
35.234042553191486,1,1,Group1,0
35.319148936170215,1,1,Group1,0
35.48936170212766,1,1,Group1,0
36.59574468085106,1,1,Group1,0
37.191489361702125,1,1,Group1,0
37.702127659574465,1,1,Group1,0
37.78723404255319,1,1,Group1,0
37.95744680851064,1,1,Group1,0
37.95744680851064,1,1,Group1,0
40.340425531914896,1,1,Group1,0
42.12765957446808,1,1,Group1,0
42.723404255319146,1,1,Group1,0
43.06382978723404,1,1,Group1,0
43.48936170212766,1,1,Group1,0
43.829787234042556,1,1,Group1,0
44.0,1,1,Group1,0
45.02127659574468,1,1,Group1,0
47.31914893617021,1,1,Group1,0
48.59574468085106,1,1,Group1,0
49.1063829787234,1,1,Group1,0
51.40425531914894,1,1,Group1,0
52.25531914893617,1,1,Group1,0
52.42553191489362,1,1,Group1,0
52.680851063829785,1,1,Group1,0
54.723404255319146,1,1,Group1,0
55.234042553191486,1,1,Group1,0
55.31914893617021,1,1,Group1,0
55.744680851063826,1,1,Group1,0
55.744680851063826,1,1,Group1,0
61.53191489361702,1,1,Group1,0
62.212765957446805,1,1,Group1,0
67.31914893617021,1,1,Group1,0
69.36170212765957,1,1,Group1,0
70.72340425531915,1,1,Group1,0
71.48936170212765,1,1,Group1,0
74.72340425531915,1,1,Group1,0
81.44680851063829,1,1,Group1,0
84.68085106382979,1,1,Group1,0
88.17021276595744,1,1,Group1,0
88.85106382978724,1,1,Group1,0
97.70212765957447,1,1,Group1,0
115.48936170212765,1,1,Group1,0
