time,status,treat,Group,curve
0.5084745762711864,0,1,Group1,0
1.042372881355932,0,1,Group1,0
1.0508474576271187,1,1,Group1,0
1.152542372881356,1,1,Group1,0
1.3983050847457628,0,1,Group1,0
1.7118644067796611,1,1,Group1,0
2.4237288135593222,0,1,Group1,0
2.4237288135593222,0,1,Group1,0
3.1864406779661016,1,1,Group1,0
3.423728813559322,0,1,Group1,0
3.423728813559322,0,1,Group1,0
3.6440677966101696,1,1,Group1,0
3.864406779661017,0,1,Group1,0
4.135593220338983,1,1,Group1,0
4.423728813559322,1,1,Group1,0
4.847457627118644,0,1,Group1,0
5.271186440677966,1,1,Group1,0
5.516949152542373,0,1,Group1,0
5.813559322033898,1,1,Group1,0
6.288135593220339,1,1,Group1,0
6.372881355932203,1,1,Group1,0
6.389830508474576,1,1,Group1,0
6.47457627118644,1,1,Group1,0
6.677966101694915,0,1,Group1,0
6.915254237288136,1,1,Group1,0
7.711864406779661,0,1,Group1,0
7.711864406779661,0,1,Group1,0
7.711864406779661,0,1,Group1,0
8.542372881355933,1,1,Group1,0
8.813559322033898,1,1,Group1,0
9.04237288135593,0,1,Group1,0
9.254237288135593,1,1,Group1,0
9.466101694915253,0,1,Group1,0
9.76271186440678,1,1,Group1,0
9.966101694915254,1,1,Group1,0
10.220338983050848,1,1,Group1,0
10.847457627118644,1,1,Group1,0
11.0,1,1,Group1,0
11.05084745762712,1,1,Group1,0
11.381355932203391,0,1,Group1,0
11.76271186440678,1,1,Group1,0
12.016949152542374,1,1,Group1,0
12.067796610169491,1,1,Group1,0
12.474576271186441,1,1,Group1,0
12.64406779661017,1,1,Group1,0
12.847457627118644,1,1,Group1,0
13.271186440677965,0,1,Group1,0
13.728813559322035,1,1,Group1,0
13.779661016949152,1,1,Group1,0
15.389830508474576,1,1,Group1,0
15.966101694915254,1,1,Group1,0
17.406779661016948,1,1,Group1,0
20.627118644067796,1,1,Group1,0
21.406779661016948,1,1,Group1,0
22.661016949152543,1,1,Group1,0
