time,status,treat,Group,curve
0.3202247191011236,0,1,Group1,0
0.6629213483146067,1,1,Group1,0
0.7415730337078652,1,1,Group1,0
1.101123595505618,1,1,Group1,0
1.8089887640449438,1,1,Group1,0
2.033707865168539,1,1,Group1,0
2.640449438202247,1,1,Group1,0
2.8089887640449436,1,1,Group1,0
3.359550561797753,1,1,Group1,0
3.4719101123595504,1,1,Group1,0
3.6179775280898876,1,1,Group1,0
3.696629213483146,1,1,Group1,0
4.0,1,1,Group1,0
4.056179775280898,1,1,Group1,0
4.067415730337078,1,1,Group1,0
4.123595505617978,1,1,Group1,0
4.359550561797753,1,1,Group1,0
4.415730337078651,1,1,Group1,0
4.47191011235955,0,1,Group1,0
4.584269662921348,1,1,Group1,0
5.101123595505618,1,1,Group1,0
5.337078651685393,1,1,Group1,0
5.359550561797753,1,1,Group1,0
5.438202247191011,1,1,Group1,0
5.573033707865168,1,1,Group1,0
5.606741573033708,1,1,Group1,0
6.213483146067415,1,1,Group1,0
6.337078651685393,1,1,Group1,0
6.4943820224719095,1,1,Group1,0
6.98876404494382,1,1,Group1,0
7.011235955056179,1,1,Group1,0
7.022471910112359,1,1,Group1,0
7.449438202247191,1,1,Group1,0
7.4943820224719095,1,1,Group1,0
7.662921348314606,1,1,Group1,0
7.921348314606742,1,1,Group1,0
8.03370786516854,1,1,Group1,0
8.179775280898877,1,1,Group1,0
8.179775280898877,1,1,Group1,0
8.730337078651685,1,1,Group1,0
8.764044943820224,1,1,Group1,0
9.775280898876405,1,1,Group1,0
10.146067415730338,1,1,Group1,0
10.95505617977528,1,1,Group1,0
11.067415730337078,1,1,Group1,0
12.393258426966291,1,1,Group1,0
12.95505617977528,1,1,Group1,0
13.101123595505618,1,1,Group1,0
13.595505617977528,1,1,Group1,0
14.393258426966291,1,1,Group1,0
