time,status,treat,Group,curve
0.5619834710743802,1,1,Group1,0
1.6363636363636365,1,1,Group1,0
2.578512396694215,1,1,Group1,0
3.041322314049587,1,1,Group1,0
3.1239669421487606,1,1,Group1,0
3.5867768595041323,1,1,Group1,0
4.297520661157025,1,1,Group1,0
4.545454545454546,1,1,Group1,0
5.041322314049587,1,1,Group1,0
5.338842975206612,1,1,Group1,0
6.743801652892563,0,1,Group1,0
6.743801652892563,0,1,Group1,0
8.214876033057852,1,1,Group1,0
8.264462809917356,1,1,Group1,0
8.462809917355372,1,1,Group1,0
8.84297520661157,1,1,Group1,0
9.008264462809917,1,1,Group1,0
9.107438016528926,1,1,Group1,0
9.768595041322314,1,1,Group1,0
9.801652892561984,1,1,Group1,0
9.834710743801653,1,1,Group1,0
10.727272727272728,1,1,Group1,0
10.826446280991735,1,1,Group1,0
11.190082644628099,1,1,Group1,0
11.239669421487603,1,1,Group1,0
11.537190082644628,1,1,Group1,0
11.933884297520661,1,1,Group1,0
12.413223140495868,1,1,Group1,0
12.429752066115704,1,1,Group1,0
12.87603305785124,1,1,Group1,0
13.15702479338843,1,1,Group1,0
13.834710743801653,1,1,Group1,0
14.347107438016529,1,1,Group1,0
14.892561983471074,1,1,Group1,0
14.975206611570249,1,1,Group1,0
15.487603305785125,1,1,Group1,0
15.520661157024794,1,1,Group1,0
16.06611570247934,1,1,Group1,0
16.231404958677686,1,1,Group1,0
16.628099173553718,1,1,Group1,0
16.975206611570247,1,1,Group1,0
17.00826446280992,1,1,Group1,0
17.22314049586777,1,1,Group1,0
17.71900826446281,1,1,Group1,0
17.801652892561982,1,1,Group1,0
18.06611570247934,1,1,Group1,0
19.81818181818182,1,1,Group1,0
20.975206611570247,1,1,Group1,0
21.123966942148762,1,1,Group1,0
21.65289256198347,1,1,Group1,0
21.68595041322314,1,1,Group1,0
21.81818181818182,1,1,Group1,0
21.983471074380166,1,1,Group1,0
