ID,Time,Event
0,11.838057980475323,1
1,14.24994767131035,1
2,10.611873901555704,1
3,13.315161334782792,1
4,6.395915680595975,1
5,25.888099360171758,1
6,1.3899248684296355,1
7,23.588526346144747,1
8,10.674998240968801,1
9,7.7153401272855,1
10,10.35288601944648,1
11,7.862974707798669,1
12,13.349778299660437,1
13,14.583100607243976,1
14,19.318683590260648,1
15,6.632151559449135,1
16,24.957209776118518,1
17,12.072717966606007,1
18,8.306736655904027,1
19,13.22901606022245,1
20,3.855821286376497,1
21,3.448669247479595,1
22,15.567613330596375,1
23,12.372899999662327,1
24,20.855516455468468,1
25,9.701198980668059,1
26,10.161543926368156,1
27,15.292841739383533,1
28,10.21226477778437,1
29,2.095475639643165,1
30,7.621642419649026,1
31,6.240862205262575,0
32,11.212511560107124,1
33,16.63186066144146,1
34,1.2822238195925553,1
35,13.37986685546466,1
36,7.041708186011198,1
37,8.392785335818525,1
38,24.678612799502922,1
39,3.9955687288791073,0
40,27.418125027953067,1
41,18.607640219496645,1
42,21.077869174372232,1
43,5.358116518515417,1
44,7.741223158836272,1
45,6.87705007602399,1
46,15.080842073476068,1
47,15.565618784402046,1
48,5.01972979355902,1
49,8.719500697853016,1
50,14.543563026396582,1
51,3.688829771401341,1
52,4.410287976305391,1
53,13.137700295072742,1
54,19.266066788704066,1
55,23.109818569148857,1
56,11.826049822942686,1
57,16.08391657687212,1
58,12.297757686436173,1
