ID,Time,Event
0,36.0,1
1,29.67794521586058,1
2,8.121363052289375,1
3,3.2351706931931488,1
4,36.0,1
5,36.0,1
6,36.0,1
7,17.996249292755294,0
8,36.0,1
9,36.0,1
10,36.0,1
11,0.5323296894916529,1
12,36.0,1
13,6.631664553563581,1
14,36.0,1
15,24.970443766247627,1
16,36.0,1
17,36.0,1
18,31.302537450236354,1
19,36.0,1
20,5.576788124853629,1
21,21.616600743600543,1
22,36.0,1
23,36.0,1
24,36.0,1
25,35.601505093780126,1
26,36.0,1
27,36.0,1
28,36.0,1
29,36.0,1
30,36.0,1
31,35.7673761575023,1
32,22.822551358768266,1
33,36.0,1
34,36.0,1
35,30.442613380138905,0
36,36.0,1
37,36.0,1
38,36.0,1
39,34.66411473549161,1
40,36.0,1
41,32.55081047963111,1
42,15.853577569768223,0
43,33.48027206901773,1
44,35.85325964117599,1
45,36.0,1
46,27.475118401888793,1
47,36.0,1
48,17.035219780406756,1
49,36.0,1
50,36.0,1
51,28.093486491098197,1
52,36.0,1
53,11.715824284737499,1
54,33.375206371829364,1
55,23.793327558322513,1
56,36.0,1
57,36.0,1
58,27.650565994780713,1
59,10.370575436948236,1
60,36.0,1
61,26.062168071345013,1
62,17.96964216515866,1
63,36.0,1
64,31.246264306922267,1
65,36.0,1
66,26.110754912210385,1
67,36.0,1
68,35.025330338781146,1
