ID,Time,Event
0,18.185141190571425,0
1,12.138886726746104,1
2,39.88153520001342,1
3,35.459403209476775,1
4,48.3154483089488,0
5,92.19297410911685,1
6,41.924546049595136,0
7,16.72247800454095,1
8,7.059998161476127,0
9,9.353518946836502,1
10,77.08803117446476,0
11,0.736628128963761,1
12,148.2757455474592,1
13,42.126434153202915,0
14,16.861684079861377,1
15,2.0172550434891,0
16,6.454621707216045,1
17,22.562540968279944,1
18,248.8955691870264,1
19,16.017101137622696,0
20,21.07268125153251,0
21,18.940865744973973,1
22,24.69463449414019,0
23,51.49454080913325,1
24,61.47606530333456,1
25,17.45363793723532,1
26,141.44916810578815,1
27,19.374139095683827,1
28,27.54328550788996,0
29,74.60541135606947,1
30,35.80606646502705,1
31,4.567864484444327,1
32,21.64709667582258,0
33,32.72130128822943,1
34,130.21046453110202,1
35,175.01199107925783,0
36,98.7830167432289,0
37,13.816783634690976,0
38,15.099896987657202,1
39,21.598850318954366,1
40,5.859589132029374,0
41,6.503876476118496,1
42,192.23415539654252,1
43,116.51868745268952,1
44,37.33562467308111,1
45,3.9250593832425804,1
46,31.029007834957977,1
47,110.71846364263612,1
48,86.64342017392234,1
49,0.7159185121527891,1
50,244.13317264452897,0
