ID,Time,Event
0,7.431058966339842,1
1,2.533197026683521,0
2,0.8119872195520436,0
3,0.5313162666737467,0
4,7.8900755958280975,1
5,6.134984917454386,0
6,7.125354136107776,0
7,6.422779336895263,0
8,0.48504233984426676,0
9,8.61941837614655,1
10,7.8996937736930475,1
11,0.08779379361494513,0
12,0.32717439027999373,0
13,1.1571315215853026,0
14,7.09333876412,0
15,4.4404919840746375,1
16,8.104785241934305,1
17,4.466384707292557,0
18,5.414165223168722,0
19,3.5336468302328785,0
20,0.7132644739268663,0
21,1.023025618565137,0
22,1.8121431327934625,0
23,6.434800126872786,0
24,7.391198687036626,1
25,6.331012755312331,1
26,6.372252364548716,0
27,12.243990802169785,1
28,1.9493129865328032,0
29,3.208831211044585,0
30,2.5949434571964867,0
31,0.09353959381104353,0
32,0.943093035308936,0
33,6.26159643271071,0
34,5.29437736866164,0
35,5.0469408573674395,0
36,6.658944640679045,0
37,0.23407727146590554,0
38,8.60856322036301,1
39,4.672250024743117,0
40,3.239467106356158,0
41,0.8611216719736394,0
42,7.354350544012798,1
43,5.762833199163888,0
44,0.10195978517922788,0
45,6.621250291145987,0
46,4.88589807082241,1
47,7.405347880911688,1
48,3.0293717480541695,1
49,0.5263935553315194,0
50,7.79951577300991,1
51,4.651234419262818,0
