ID,Time,Event
0,14.086942088004992,0
1,4.111665297402448,1
2,13.508613102693065,1
3,12.010755263229019,1
4,16.46749460444298,1
5,31.22746433357559,1
6,24.79071110495409,1
7,5.66421238171299,1
8,1.9307182841469999,0
9,3.1682097483920555,1
10,32.308590953205254,1
11,0.24950956237835073,1
12,50.22373559765363,1
13,26.736916039459764,1
14,5.711364052370026,1
15,0.8256975289742483,1
16,1.2947738213677145,0
17,6.640176017608168,0
18,84.3055296206597,1
19,10.307971713220365,1
20,8.21497044481322,1
21,2.5506538566769654,0
22,42.12096317355428,1
23,7.843022861854947,0
24,11.11289578222524,0
25,5.911869764946223,1
26,47.91144764252308,1
27,6.480601202262676,0
28,14.787889002195778,1
29,19.393498171044993,0
30,12.128176515261138,1
31,1.5472201287243872,1
32,10.122893578669464,1
33,11.083309534162437,1
34,44.1046910168093,1
35,41.15696287600345,0
36,21.748818019193777,0
37,14.922302242242477,1
38,5.114614201128171,1
39,1.542407570999006,0
40,33.49035743754086,1
41,2.2029831736156926,1
42,42.58407817955402,0
43,39.467033055223766,1
44,10.985612385662954,0
45,1.3294901599801314,1
