ID,Time,Event
0,6.363656591027774,1
1,8.760912835783227,0
2,28.241117336260675,0
3,117.26506221952101,0
4,16.156694109343388,0
5,14.914143703532273,1
6,25.13574964161453,1
7,3.182274508027604,0
8,57.899254817470684,1
9,3.4882112041792177,0
10,26.102540549640242,1
11,76.09463027330484,0
12,15.417143603632175,1
13,41.852754728883745,0
14,22.20441381806558,0
15,117.66873360627964,1
16,52.5029149247183,1
17,41.29145102058443,0
18,14.091493043700337,0
19,10.280388546129869,1
20,0.10409129692555506,1
21,67.38927649633534,1
22,51.73666175666685,1
23,70.34936604619593,1
24,35.807670705763435,0
25,33.23757278981453,1
26,34.116463691123236,1
27,11.75498309602101,0
28,2.3918675212966853,1
29,124.76135870163276,1
30,16.790528967160327,0
31,3.7932932957659253,1
32,84.30356747712096,1
33,131.75200936053162,0
34,11.896559603070763,1
35,44.81116060131229,1
36,0.6911335246265791,0
37,27.063855654646222,0
38,2.41183656552798,0
39,52.40597641600484,1
40,78.39347403611049,1
41,66.93696841165814,1
42,43.854226763473626,1
43,102.39550400640852,1
44,22.48715590049149,1
45,118.00844111315297,1
46,256.83107440712985,1
47,4.476360246082861,0
48,137.65217147912014,1
49,41.29256783829564,1
50,29.915651032149952,1
51,11.82174982115667,1
52,98.96040354717528,0
53,5.377536020022532,0
54,84.80108913399559,1
55,35.40689080237697,1
56,145.59396043194644,1
57,66.94264681086246,1
58,246.0798579389028,1
59,11.89826891459512,1
60,10.797377938266214,1
61,80.67584293407765,0
62,6.440654054300726,0
63,158.5013856877807,1
64,64.34295635889299,1
65,31.751537252508566,1
66,160.44132753994273,0
67,2.4937093925465783,0
68,63.1381404141746,1
69,46.331638340752896,1
70,4.513434196313836,1
71,8.875740851675037,1
