ID,Time,Event
0,6.121506272605891,1
1,4.090737018659871,1
2,1.2167096238480624,0
3,5.841619778574139,1
4,2.1558064780053816,0
5,6.3434012061388465,1
6,6.083501146829793,1
7,4.600498673684029,0
8,0.6994480692736784,1
9,4.996288734982768,1
10,5.226164447850897,1
11,1.748742889710915,1
12,0.08677037413473113,0
13,5.983150775037114,1
14,9.34411535483692,1
15,5.858399154889655,1
16,3.1019199583222052,0
17,5.6957116219233495,1
18,2.2583120085327435,0
19,0.4298859284954008,0
20,4.039528786280983,1
21,0.04295336093636854,0
22,9.34411535483692,1
23,9.34411535483692,1
24,1.1079355725318225,0
25,6.327869298131875,1
26,3.6250414208465718,0
27,5.481128818609882,1
28,3.943209076560632,0
29,2.3881336623115,1
30,3.6786026539807075,0
31,5.544823704259963,1
32,0.07612013760078828,0
33,1.8982561436011536,0
34,3.4626193848499005,1
35,1.668330011506646,1
36,2.923517024667703,1
37,6.769786455043732,1
38,3.016803274535822,1
39,3.6665812967790212,1
40,4.732532914933198,1
