ID,Time,Event
0,5.862488029765326,1
1,1.5558114187860685,1
2,5.111518812197678,1
3,0.90251145417778,0
4,6.23112882280959,1
5,11.8161479779506,1
6,4.612154042731516,0
7,2.051838542916955,0
8,1.1580029136587362,1
9,1.1832381363228068,0
10,12.225235055402173,1
11,0.07883133630365258,0
12,1.126249185551929,0
13,3.1729303050061475,0
14,2.1611208030807334,1
15,0.3124353640490006,1
16,0.8272730755370522,1
17,2.8917856855797504,1
18,4.942423663674152,0
19,2.2342445043516337,0
20,3.10845944369666,1
21,2.4276044312033527,1
22,15.938134730247464,1
23,6.599929334497562,1
24,7.879236913071035,1
25,2.2369900809995755,1
26,9.54175121357779,0
27,2.483136016732101,1
28,5.5955835179220275,1
29,9.56199308090244,1
30,4.5891759534553875,1
31,0.5602514522883808,0
32,2.7744554298875563,0
33,4.1938091464020815,1
34,14.556638236129253,0
35,13.095256023088302,0
36,15.163096081088977,1
37,5.646444091089985,1
38,1.93531686098761,1
39,2.7682718123433703,1
40,12.672403211776558,1
41,0.8335859387849857,1
42,11.725596618044833,0
43,11.669351218142259,0
44,3.867313235756068,0
45,0.1322976640641755,0
46,3.976912034022288,1
47,14.190514656185272,1
48,11.104875224863532,1
49,0.09175752449139227,1
50,40.51868494563486,0
51,13.41603705072737,1
52,12.382537105126643,0
53,2.8824115165535256,1
