ID,Time,Event
0,12.128058620728968,1
1,6.502496889015458,1
2,27.145161845977796,1
3,7.087276112802057,1
4,3.976646754433266,1
5,15.70714758782756,1
6,8.267585909909144,1
7,8.694154458487528,1
8,2.018189924725935,1
9,10.23413496980858,1
10,11.948311019415707,1
11,5.622339661295891,1
12,15.162816434801437,1
13,5.347612880444116,1
14,10.381674443937213,1
15,4.2012392636497164,1
16,11.247700863548872,1
17,7.961182135513724,1
18,9.716575976164878,1
19,19.055858778093825,1
20,12.360282156684221,1
21,11.099750686378686,1
22,19.730688575818423,1
23,16.68494644759318,1
24,12.641676015621247,1
25,4.585941860275218,0
26,14.023852990921881,1
27,4.650258452380154,1
28,33.97951194309409,1
29,5.6870595338128815,1
30,18.430930392305918,1
31,16.148028782416798,1
32,6.622231941719569,1
33,15.713464116975452,1
34,2.560166442441527,1
35,13.63211861701565,1
36,12.807391425004976,1
37,2.8493429793395078,1
38,12.30010524659749,1
39,22.69100428766377,1
40,10.480440833842076,1
41,8.804976712942912,1
42,9.116036173010318,1
43,12.645054393398139,1
44,8.515247736120196,1
45,6.065414052048837,1
46,11.863533589939031,1
