ID,Time,Event
0,6.692249160846882,1
1,8.70084276363238,0
2,6.595735559389211,1
3,2.1623847181800104,0
4,9.326321983802154,1
5,4.603794802871774,0
6,7.618225436314215,1
7,7.184578112344877,1
8,4.017015387689427,1
9,7.918421360188006,1
10,3.246044376112352,0
11,5.91134706403465,1
12,2.6393773195341663,0
13,5.2646332223350445,1
14,9.042846072604986,1
15,7.514762086508073,1
16,5.898315359846283,1
17,8.42004845248481,1
18,0.7614046392763409,0
19,2.6550851486163976,0
20,2.6593765665777704,0
21,4.847403908586585,1
22,7.176000219983849,1
23,6.209483989933499,1
24,0.6694263008782081,1
25,3.6228782223287075,0
26,3.2956721448259962,0
27,7.316411399101987,1
28,8.47163256010517,1
29,7.7207615039839235,1
30,8.452470503815425,1
31,5.556450077172677,1
32,4.624932470977768,1
33,3.018179365989576,0
34,3.778291404855975,1
35,7.1412489883035475,1
