ID,Time,Event
0,36.435213344362126,1
1,18.769763896374123,1
2,34.02164543185879,1
3,32.08005404695299,1
4,37.330265334547335,0
5,51.727119284911026,1
6,46.08869642078914,1
7,22.030263767033087,1
8,16.193292418311774,1
9,16.476193942300736,1
10,52.61492327303336,1
11,4.623741327019175,1
12,20.57379739679565,0
13,47.86362514691333,1
14,22.121769066353462,1
15,8.411247745554629,1
16,13.686890014947366,1
17,21.366622549006586,0
18,16.87800719073948,0
19,29.71916078030216,1
20,26.53095818362075,1
21,23.446028747744798,1
22,60.07573310931829,1
23,38.65894296786955,1
24,42.239854339201514,1
25,22.50672795716856,1
26,64.07219155834555,1
27,14.95991219271072,0
28,35.59614961585779,1
29,46.53230273629565,1
30,32.236485436244394,1
31,11.51399365632338,1
32,29.451150703681623,1
33,30.81659591168842,1
34,35.21361441854411,0
35,74.74227331174117,1
36,23.296306952490173,0
37,35.757557733227806,1
38,20.93420017068118,1
39,25.037138840166214,1
40,53.56854171372226,1
41,13.739012620369323,1
42,74.69381767347788,1
43,58.15233693542503,1
44,32.91782190810739,1
45,8.832247221328672,0
46,30.009124465435494,1
47,56.686469003386165,1
48,50.14610133391714,1
49,4.558281863985893,1
50,96.08582281247622,1
51,55.1178738977012,1
52,58.20975763771313,1
53,25.548083360027594,1
54,1.0632902440553536,0
55,92.74123019288487,1
56,12.343147666150571,1
57,11.158202635923763,0
58,38.92756040539408,1
59,18.961817850958735,0
60,32.16552301549152,1
