ID,Time,Event
0,1.0210356119997586,1
1,3.616363421383666,1
2,12.988988699857554,1
3,20.419337203622376,1
4,3.187929091867371,1
5,2.392943683551129,1
6,4.0329793337031115,1
7,0.9521570751227846,1
8,9.289816354992583,1
9,0.615397762584671,1
10,4.188098946512452,1
11,31.069071764937473,1
12,2.473648983010315,1
13,11.92916184550933,1
14,4.789089455210751,1
15,18.879706299726685,1
16,8.42398471776634,1
17,13.78037197758716,1
18,2.684847126357008,1
19,1.6494671987159728,1
20,0.01670123450880111,1
21,10.812470815390736,1
22,8.30104097289311,1
23,11.287411095697072,1
24,6.065906937702233,1
25,5.332900194941818,1
26,5.473916432455951,1
27,5.419413527021567,1
28,0.38377022447640874,1
29,20.01770340898759,1
30,13.126604894806752,1
31,0.6086261077000406,1
32,6.488364971487469,0
33,28.412847701012502,1
34,1.9087785208489965,1
35,7.18985855608384,1
36,1.188642362866484,1
37,11.412999358014114,1
38,19.743160868446296,1
39,8.408431133415144,1
40,12.578071678490723,1
41,10.739898913459077,1
42,7.036320489913133,1
43,16.4291480226342,1
44,3.608017915260271,1
45,18.934211670533518,1
46,41.20801766826435,1
47,1.8244527014030887,1
48,22.086007806807142,1
