ID,Time,Event
0,9.449263553044252,1
1,4.92041847397993,0
2,1.495281772924328,0
3,0.05758996165896446,0
4,8.5012331207339,1
5,14.630228837880903,1
6,5.916789360266361,0
7,9.959221353003315,1
8,9.566823773754013,0
9,28.20467085427882,1
10,20.774344557666765,1
11,0.38742187228580255,0
12,17.177373568022105,0
13,2.073448650267222,0
14,7.349818002803367,0
15,10.55849376717899,1
16,20.33828047053346,1
17,6.8182519171141145,1
18,6.350574821072729,1
19,13.998503015741253,1
20,2.2044017900405892,1
21,4.215640775340785,1
22,11.63122952717442,1
23,10.085315338810753,1
24,15.106016942789731,1
25,5.584780786846995,0
26,7.6719611174079985,1
27,14.887222415262496,0
28,5.495543100408419,0
29,6.517410197230559,1
30,1.0496326468768884,0
31,12.674495105536597,1
32,8.40789356817784,1
33,10.594203653713032,1
34,5.866444752885244,0
35,12.720397452466704,1
36,19.60935662403092,1
37,4.492481565231446,1
38,13.165694536259691,0
39,5.350804367366372,0
40,7.263058982872295,0
41,8.869022446125964,1
42,7.845228981751991,1
43,10.358689180870144,1
44,5.893222895640354,1
45,9.8965310065318,1
