ID,Time,Event
0,7.445514138346084,0
1,7.890305768987418,0
2,10.153303227392062,1
3,10.201770616870784,1
4,20.1882139882274,1
5,11.544315308750148,0
6,6.9846911605048065,0
7,5.090291889186202,0
8,3.2117985700641833,0
9,6.202738673330758,1
10,2.978613799662648,1
11,13.064462224634044,1
12,0.09950909624609793,0
13,14.151811841821724,0
14,12.903051543490896,1
15,3.9706007651096296,0
16,2.256078713597726,0
17,1.593814285437629,0
18,12.892275811860653,0
19,1.6651376941803466,0
20,10.055376149050433,0
21,5.914642889127347,0
22,7.359817156331895,1
23,11.356187954358614,0
24,12.533399794123198,1
25,8.551290348950065,0
26,4.711007391423564,0
27,13.1910968851237,1
28,3.574597861950593,0
29,4.301175389909645,0
30,0.7068154136362851,0
31,9.358499289617118,1
32,9.251471488231271,0
33,10.455403761372642,0
34,0.9292556290752905,0
35,11.804377804196813,1
36,7.319307981782069,0
37,6.653014039398411,0
38,9.856417787929454,0
39,5.307948878336183,0
40,4.398378923572025,0
