ID,Time,Event
0,29.365134046385634,1
1,8.647841775325528,0
2,5.707094126364153,1
3,1.6698036118566923,0
4,28.916168142621363,0
5,7.727584454638871,0
6,21.248057475200717,0
7,0.48243622278696296,0
8,21.784183545182394,0
9,34.06114487368847,1
10,31.217026757648455,1
11,0.37408198902407785,1
12,31.914696176424773,1
13,2.3895807878632005,0
14,21.69847275158383,0
15,2.610419190674161,0
16,26.94527377560368,0
17,28.72798147293307,1
18,21.39502434952929,0
19,12.436518534796763,0
20,3.9189548043117646,1
21,8.186710306048678,0
22,29.63062193611374,1
23,27.412036804402216,0
24,12.931756008552382,0
25,21.6066413338744,0
26,9.580689802522533,0
27,0.5294269787532944,0
28,0.8440702268688758,0
29,24.23412632161548,0
30,18.297504628058665,0
31,25.134670260356835,1
32,14.272789530122006,0
33,30.088260002895353,1
34,28.58126302417874,1
35,21.989040606572452,0
36,27.4902934616099,1
37,1.3210583974202827,0
38,27.27857305073308,0
39,1.6097286237762298,0
40,27.67584045741078,0
41,22.87430547072114,1
42,26.839640198487462,0
43,17.222248265127714,0
44,2.8957303193680306,0
45,30.316287926308735,0
46,17.995727447577448,0
47,20.81055249368593,0
48,11.587135671976506,0
