ID,Time,Event
0,33.68474091966192,1
1,55.241793583678636,1
2,33.006213293777044,1
3,81.30147578284924,1
4,40.794158372511234,1
5,24.956648585140226,1
6,47.92230093508832,1
7,12.220101917887773,1
8,7.56413633533883,1
9,33.973961403641255,1
10,22.478116984976964,1
11,27.071639695871838,1
12,13.142261936234535,1
13,37.9920774215314,1
14,55.875815798470896,0
15,41.09853038346034,1
16,18.785108709747167,1
17,24.544212057156027,1
18,41.67190877505507,1
19,80.37346275156996,1
20,45.068090277981746,1
21,5.936002226337712,0
22,34.284379334351364,1
23,32.981496236462334,1
24,4.76775209391417,1
25,37.37992801085929,1
26,23.53193142188725,1
27,17.558872955299822,1
28,56.87298094367293,1
29,44.232200072068636,1
30,53.16287043012117,1
31,20.89989844279816,1
32,25.15481605600238,1
33,29.35045407110094,1
34,20.84089547152894,1
35,38.36121806980272,1
36,44.45550447636599,1
37,77.63277662073745,1
38,54.64564513479336,1
39,13.462497747096497,1
40,62.69597935729838,1
41,32.057756576577724,1
42,70.92671770000379,1
43,24.126441148690535,1
44,37.305458438327314,1
45,67.75875970743859,1
46,52.076936168110336,1
47,46.660092319738254,1
48,37.439225957828825,1
49,19.164869354114344,1
50,69.19426563027282,1
51,54.88132074343386,1
52,55.28287944590511,1
53,60.77211146050638,1
54,32.10917849429665,1
55,36.13472750771313,1
56,5.602999494271349,1
57,27.132653331649937,1
58,41.57859454496826,1
59,14.654906938127462,1
60,39.09820155149394,1
61,14.104420552318745,1
62,14.113053214167186,1
63,35.18801358383889,1
64,22.016804553580254,1
65,17.70338720436744,1
66,30.27245377912014,1
