ID,Time,Event
0,37.37015109056815,1
1,4.237891340359673,1
2,31.874772006305932,1
3,1.3889436597846379,1
4,9.249507394164635,1
5,7.821375313198669,1
6,6.043958172743649,1
7,14.931910106308715,1
8,6.851528789529901,1
9,14.621959068904186,1
10,9.094462873220548,1
11,9.217135593132669,1
12,0.44398224904757294,1
13,14.69526374178081,1
14,45.843763912869186,1
15,8.74831278665363,1
16,11.53731790907742,1
17,2.323033165947037,1
18,3.98469712672279,1
19,26.858112906944918,1
20,37.87806932956126,1
21,6.849899090668374,1
22,1.0342200900950085,1
23,14.942242877813907,1
24,24.543020204989926,1
25,3.9856958375679157,1
26,6.911727924876306,1
27,0.7321078316291915,1
28,1.8248051952716293,0
29,4.327065837560107,1
30,2.530614601944948,1
31,64.1231173221669,1
32,0.7654697324457409,1
33,11.345689932659011,1
34,1.028743804056787,1
35,10.774932879092628,1
36,7.1650761355453785,0
37,18.563953420032387,1
38,21.75854167596854,1
39,5.38708114438599,1
40,0.6394332709145408,1
41,1.3144432322004949,1
42,13.292229766795389,1
43,4.051664752591478,1
44,8.54246850653199,1
45,12.689165371002911,1
46,14.420682313864646,1
47,6.003330584035699,1
48,8.943875316478188,1
49,0.31631460223034513,1
50,34.43619555848664,1
51,2.0430070232888657,1
52,6.447752445729597,1
53,6.6483114341236105,1
54,6.904343515081563,1
55,5.980169402378948,1
56,23.077395257993,1
57,5.426577340385536,1
