ID,Time,Event
0,5.825934456409752,0
1,2.2457639709155663,0
2,39.54351822863441,0
3,3.012756306250338,1
4,0.7635980118362204,0
5,13.600577084517736,0
6,3.4256671507065937,0
7,0.11103523115332788,0
8,0.24430331845209677,1
9,6.282139545294868,1
10,6.580695787833955,0
11,0.40133635041494725,0
12,13.790024994101254,1
13,1.415910773393825,0
14,0.4054448375261221,0
15,1.020208323582387,0
16,1.8632741650421825,0
17,0.6253821832206311,0
18,1.2187390563221638,0
19,21.780224399049377,1
20,6.171259397068556,0
21,7.389784044038257,1
22,11.259734385350267,0
23,16.69763382427044,1
24,1.4428552270929462,0
25,1.5927276506322319,0
26,7.541643879755491,0
27,0.5482884514637486,0
28,57.56840610115125,0
29,1.9399067218399777,1
30,20.37510317347038,1
31,5.867401426513111,0
32,2.630353232043041,1
33,12.245117239821552,0
34,0.3931349911970987,1
35,11.146332944107186,1
36,2.7732407924856948,0
