ID,Time,Event
0,4.129106192468556,1
1,2.745267887606368,0
2,2.1087664635880707,0
3,4.644318790450962,1
4,0.8394570846395355,0
5,9.029750619200332,1
6,0.0705196844015927,0
7,2.6506505606158592,0
8,3.7234317836653634,1
9,2.3488213487130407,0
10,1.8912670466521595,0
11,1.501944285333231,0
12,4.1165164779684575,0
13,0.15437905186346346,0
14,3.9775831541780153,0
15,2.3132897404859523,1
16,5.725844644233406,0
17,1.5672555939180512,0
18,0.6938921721597391,0
19,4.61427138003739,1
20,0.16527853680482574,0
21,1.2028933773622308,1
22,2.3252241371656455,0
23,0.10874109488603612,0
24,6.749947171773966,0
25,3.383771295216932,1
26,1.2199993891494851,0
27,2.494934860497326,0
28,3.5620306812676086,1
29,0.7309004106998122,1
30,2.3293606248841865,0
31,4.943769506585327,1
32,3.9109160465612667,1
33,0.2207772143035355,0
34,0.33602162180746503,0
35,4.6668880299812185,1
36,0.4434627191130561,0
37,0.5634171632020448,0
38,8.607882568241127,1
39,2.3907120758931946,0
40,9.563422482430889,1
41,6.490331656110504,1
42,7.11042136490624,0
43,1.064705745936847,0
44,1.7323290129914295,0
45,2.3987101686493726,1
