ID,Time,Event
0,30.203638816342266,1
1,36.35733777667762,1
2,27.075150925581788,1
3,33.97232252117737,1
4,16.318548822375693,1
5,66.05093538195473,1
6,3.546256385729844,1
7,60.18380135861803,1
8,27.236206459462256,1
9,19.68493032675675,1
10,26.41436885626451,1
11,20.06160541603038,1
12,34.06064429708072,1
13,37.20734467511817,1
14,49.289718172507406,1
15,16.921281396596076,1
16,63.675862306538846,1
17,30.80235065551629,1
18,21.193820313365464,1
19,33.75253133897108,1
20,9.837748190299354,1
21,8.798939870010523,1
22,39.71923190824992,1
23,31.56823554310022,1
24,53.210795840684,1
25,24.751653571965424,1
26,25.926178354137182,1
27,39.01817925994627,1
28,26.055587610212743,1
29,5.346399677431271,1
30,19.44586985551739,1
31,36.16274845159166,1
32,28.60761874490668,1
33,13.70790332385322,0
34,3.2714677688315685,1
35,34.13741228330912,1
36,17.96622478544603,1
37,21.41336504384804,1
38,62.965049564203845,1
39,42.55356250588552,1
40,69.95464515644801,1
41,47.47556105410748,1
42,53.77810689986934,1
43,13.670706489867941,1
44,19.750968332122227,1
45,17.546115837640766,1
46,38.477282995642184,1
47,39.714143020110036,1
48,12.807346094295896,1
49,22.2469471066252,1
