ID,Time,Event
0,9.739063563029,1
1,17.985290672764474,0
2,6.10892204640547,0
3,36.186428942859564,0
4,14.283897750813896,1
5,5.345930458468546,1
6,19.71179171783414,1
7,0.5581984835720101,0
8,0.09078485576471391,0
9,9.394332290788656,0
10,3.552437443425178,0
11,2.9352906677052903,0
12,0.019321900832114085,0
13,8.406577534790353,0
14,23.52989075821881,0
15,14.49784200216275,1
16,0.5688750821270683,0
17,1.5233812725553697,0
18,14.905191662967669,1
19,55.44675529529683,1
20,17.433680746038483,1
21,0.8370041473232372,1
22,10.088889393313929,1
23,7.54869192746378,0
24,0.19510936192218042,1
25,0.2634265762035321,0
26,3.9563458569693988,0
27,2.3089702933802765,0
28,25.729703318990428,0
29,16.792983458867276,1
30,15.268732741025307,0
31,0.34510606442684016,0
32,3.0336301072440923,0
33,0.1458412614331385,0
34,1.651776664043121,0
35,12.63093659120016,1
36,8.73381107202166,0
37,51.729825859011854,1
38,25.630784109747314,1
39,1.5556147943661238,1
40,33.738840958340774,1
41,6.387182592153772,0
42,43.17879340240065,1
43,4.996171143207681,1
44,11.945258159822842,1
45,6.566404789417841,0
46,14.204391311063368,0
47,1.850897925228063,0
48,12.031076826698595,1
49,0.800228789044821,0
50,15.197932949266884,0
51,25.852341617808868,1
52,10.130945406965818,0
53,31.373248759613823,0
54,6.311426181646364,0
55,8.005920840254769,0
56,0.02128928125542079,0
57,3.537464611288854,0
