ID,Time,Event
0,0.35320276744336715,0
1,3.0194045055362606,1
2,12.604730979527808,1
3,2.9444598403728977,0
4,1.8465376196558156,1
5,7.293541697178779,1
6,3.839015469343414,1
7,4.037090611781914,1
8,0.720205871354018,0
9,4.752173475131787,1
10,5.548143235026554,1
11,2.6107075473806765,1
12,7.040784031315494,1
13,2.0531225783728284,0
14,4.820682750957968,1
15,1.950826117722367,1
16,5.222818133399466,1
17,2.1792348430485373,0
18,4.511847338270656,1
19,8.848500327410523,1
20,5.7394401367014725,1
21,4.564076078405147,0
22,9.161854438377008,1
23,7.74757809782234,1
24,5.870104080107577,1
25,3.1164961297107006,1
26,6.511911597727644,1
27,1.4542195194420307,0
28,15.77822999503746,1
29,1.1162938663567132,0
30,8.55831770742757,1
31,7.498262850924769,1
32,3.075002926231569,1
33,1.7916659173570164,0
34,0.9882207749410509,0
35,6.330011543989212,1
36,1.2588409697395297,0
37,1.3230792996101608,1
38,5.249372137735991,0
39,10.53646341562313,1
40,4.8665444695814815,1
41,4.088550415627655,1
42,0.696357522511276,0
43,5.871672814280782,1
44,3.954016098590038,1
45,1.056581670983947,0
46,5.508777225799841,1
47,4.311412377050332,0
48,4.893919089180604,1
49,8.138831812757944,1
50,0.0513807197563327,0
51,3.191657329120558,1
52,1.5872528604955969,0
