ID,Time,Event
0,30.713898051860816,1
1,1.9079999795179856,0
2,68.74420380139222,1
3,17.948286927137815,1
4,10.070723338619986,1
5,39.777819747136945,1
6,20.9373815474424,1
7,22.017651961931808,1
8,5.11099769021394,1
9,25.91760049497446,1
10,30.258693334069783,1
11,14.238384936137155,1
12,38.39931952188892,1
13,13.542648660194732,1
14,20.41996155775163,0
15,5.490709790048739,0
16,28.484421822501275,1
17,12.359019684942774,0
18,24.606899857411012,1
19,30.08856659220466,0
20,30.36060169419925,0
21,28.10974300534969,1
