ID,Time,Event
0,35.3484822667876,1
1,8.624302625862839,0
2,36.0,1
3,15.603861972773233,0
4,26.579918058536425,1
5,36.0,1
6,0.8694939153392355,1
7,36.0,1
8,36.0,1
9,31.933770741251223,0
10,26.715100675713206,1
11,25.57218561304902,1
12,24.51401960559452,1
13,31.934353012781656,1
14,33.80141853452159,1
15,34.77277223550932,1
16,3.481347381542842,0
17,36.0,1
18,35.32295844664433,1
19,36.0,1
20,9.180978830362994,0
21,9.059311483360027,0
22,35.239969687623336,1
23,7.401136726479529,1
24,5.983992147028562,1
25,7.342130780081855,0
26,32.5737346790132,1
27,34.84180983775757,0
28,23.936177048267698,0
29,21.770129369665625,0
30,33.54824284124299,1
31,24.190483108650163,1
32,1.9540378252100394,1
33,19.109215037951888,0
34,35.99633812237854,1
35,22.19852330554335,1
36,18.050251606719154,0
37,0.185114635725425,0
38,36.0,1
39,3.068517631685041,0
40,14.797953113306209,0
41,36.0,1
42,33.976623492599714,1
