ID,Time,Event
0,7.7877099325576,1
1,6.376940044868328,1
2,4.732118170146432,0
3,2.601648915661871,1
4,4.576778304817588,0
5,4.248357686907192,0
6,0.5046346873044104,0
7,3.961852635886494,1
8,3.504608609337697,0
9,6.5033759739429415,1
10,7.453931475750453,1
11,6.168305465903353,1
12,5.904477807063939,1
13,6.5245303322013575,0
14,11.111464539260314,1
15,3.340752247186239,0
16,0.9169061904497073,0
17,7.651753957213139,1
18,3.9855648609551237,1
19,3.3692730979101793,0
20,6.772018819719065,1
21,1.7527227566653028,0
22,6.695021047068189,1
23,3.598461244489289,1
24,6.293075002385472,1
25,6.267074573132584,1
26,0.3997737385598129,0
27,7.984233352443693,1
28,5.4365100377380795,1
29,4.341544811878804,1
30,6.445657415609322,1
31,6.65139003040174,1
32,7.746319187971157,1
33,2.5133572366521846,0
34,2.3526967362336255,0
35,7.658297027995319,1
36,6.255548353890062,1
37,6.714039073971284,1
38,4.113505411777665,0
39,4.287772644391005,1
40,6.74678833759865,1
41,6.927640699813948,1
42,4.084666767082901,1
43,6.068188753460135,1
44,5.550344214798998,1
45,0.5761389964097833,0
46,2.6673758067875766,0
47,4.737828165456876,0
48,7.34967192166186,1
49,0.528521967542056,0
50,6.8490139671789185,1
51,1.3233179388849363,1
52,7.5408430683657395,1
53,6.494278975621921,1
54,7.078180283374818,1
55,2.325182678564843,0
56,5.623028696756776,1
57,5.4185536646484955,1
58,8.235680336820545,1
59,5.898866001760205,1
60,6.304314260301946,1
61,7.946602697831098,1
62,7.460152542574236,1
63,1.8446964929365202,0
64,5.044863501017321,1
65,7.034367878329641,1
