ID,Time,Event
0,1.4026073696047443,0
1,8.705182350765389,1
2,3.807435877296599,0
3,5.1047733534985325,1
4,5.841380279915675,1
5,4.873853794877504,0
6,0.19108578887955185,1
7,3.1248915909740447,0
8,8.21276444828738,1
9,7.170364102534794,1
10,5.871088914548212,1
11,5.619914268563138,1
12,4.047661307025411,0
13,7.018106659693743,1
14,7.428425446079146,1
15,7.64189662162141,1
16,13.030513490333075,1
17,8.197209783527073,1
18,6.801919439916897,0
19,13.030513490333075,1
20,5.012873900934391,1
21,2.9009501645187936,0
22,0.19513895624778527,0
23,0.389534767304717,0
24,0.4894541795363317,0
25,7.504769245935958,1
26,7.158621444135114,1
27,7.83400675130272,0
28,7.776439065601636,1
29,7.499019813522152,1
30,7.372785865143845,1
31,2.91137225413999,0
32,0.4294324005534478,1
33,4.804575080758432,1
34,7.910795631279566,1
35,4.878495712239584,1
36,6.556157049063556,1
37,0.13541714072338706,1
38,8.341148503922335,1
39,4.472224839090261,1
40,5.512106404244361,1
41,7.975439416679865,0
42,7.466929657597296,1
43,8.417928775934955,1
44,1.5006797153037665,0
45,4.439772962956102,0
46,3.3654115966105898,1
47,7.622139833856908,1
48,7.452055597615121,1
49,8.542643332589265,1
50,6.5026906095307035,1
51,7.718234600361976,1
52,2.210829140147327,1
53,6.661566047973565,1
54,6.081903091737882,1
55,4.4358324352839285,1
56,2.6691190840730643,0
57,6.613502936612758,1
58,0.39983765575767216,0
59,3.1658447883469125,0
60,7.730722729685217,1
61,7.793768467889279,1
