ID,Time,Event
0,6.010080178051312,0
1,1.0966318270285247,0
2,8.012544589367774,1
3,7.124100110574677,1
4,9.767585598181642,1
5,18.52236410085535,1
6,14.70444646097529,1
7,3.3596901419196397,1
8,1.5768562424231762,0
9,0.7861509668606091,0
10,19.163627210597397,1
11,0.147994948025539,1
12,29.789876863124547,1
13,8.34681146086671,0
14,3.3876578437651657,1
15,0.4897570326385324,1
16,1.2967892027524635,1
17,3.938576522835578,0
18,31.547446646728122,0
19,6.114105300836116,1
20,4.872655430207114,1
21,0.8022838230271577,0
22,24.983770947436394,1
23,7.939747844615759,0
24,11.229970497594197,0
25,1.903143460173311,0
26,28.418358543435016,1
27,3.8439257756733105,0
28,1.741843301522291,0
29,9.461924952403237,0
30,3.83917127739216,0
31,0.9177233944541656,1
32,6.004327428427405,1
33,3.8932597377503093,0
34,26.160406008076514,1
35,38.67162635929604,1
36,23.768861648844616,1
37,3.5189114005670703,0
38,3.033699613158893,1
39,4.339395421760093,1
40,19.864584191005083,1
41,1.306684910881316,1
