ID,Time,Event
0,4.42986341775152,0
1,8.589820529156539,1
2,10.153281006391985,0
3,20.411215908395377,1
4,4.755911030056467,0
5,2.0735589738558233,0
6,9.071122970460358,1
7,0.23842374663786953,0
8,5.070279716126464,0
9,0.44914962632006566,0
10,6.189116999527546,0
11,19.81549747187189,0
12,3.8716830184410527,0
13,13.252449715788636,0
14,9.88495122570567,1
15,19.626627190745467,1
16,4.841389731016765,0
17,1.4235065625431687,0
18,1.5815625953227044,0
19,0.30098234723350487,0
20,0.46110949531365614,0
21,14.852875141646386,1
22,7.898049858037558,0
23,15.175577517251586,1
24,11.124895179631256,1
25,10.059304299533514,0
26,9.07421847295461,0
27,10.515361355876962,1
28,1.981553245794647,0
29,10.570565004722832,0
30,16.365310996677795,1
31,1.7367425470385385,0
32,3.552890873902654,0
33,16.99749583883091,0
34,6.240592513689034,1
35,8.104329799360098,0
36,4.924630588192032,1
37,14.72920828115154,0
38,13.645558822060437,0
39,2.5348275061321397,0
