ID,Time,Event
0,1.4097094193495618,0
1,3.809243460281231,0
2,1.0354211425258222,1
3,0.2882233535010208,0
4,3.9789142920302023,0
5,7.902364407101632,0
6,5.872919553227706,0
7,6.273744875340133,0
8,0.18158997544466737,0
9,18.107861354395645,1
10,13.337469985812824,1
11,0.18988420092063366,0
12,10.278174372000741,0
13,1.4087382646505915,0
14,0.2158091759204323,0
15,2.810838469496737,0
16,13.057509688731637,1
17,2.1011133340643697,0
18,4.077173209176288,1
19,8.367302658157229,0
20,0.6266113029171326,0
21,2.0514023695724974,0
22,1.1108863583709658,0
23,3.9780286126845215,0
24,9.010741382291018,0
25,4.211113954769938,0
26,4.9255248872816715,1
27,8.647199733583623,0
28,9.663463594113928,1
29,0.06691394209434627,0
30,0.8988789583260993,0
31,8.13723376861195,1
32,2.909170946508365,0
33,0.27553978131563545,0
34,6.0415907736583225,0
35,0.5396761789812815,0
36,12.050824953577669,0
37,2.1184319349137133,0
38,8.226224293258499,0
39,5.710250668490501,0
40,1.1649535427412459,0
41,5.69405789676528,1
42,0.335901948587815,0
43,6.65044837678078,1
44,3.6621930422430515,0
45,5.9220604837674555,0
