ID,Time,Event
0,71.00050480403429,0
1,6.99747908202771,0
2,29.126747621244277,0
3,4.716113645876377,0
4,28.466985950356403,1
5,46.82103567115056,1
6,3.663353171527592,0
7,31.62550517532112,1
8,0.7841049964996208,1
9,12.55814033693575,1
10,101.14925946076626,1
11,4.808473179095296,1
12,0.16360139359897094,0
13,50.65789502154521,0
14,6.752474884861195,0
15,67.90432995930085,0
16,3.557612794534249,0
17,5.275793616463763,0
18,6.450969546789353,0
19,38.657327248036594,0
20,16.538582607557736,0
21,23.363532716020913,1
22,21.48197115680126,0
23,28.187400104983713,0
24,6.09280611367667,0
25,4.737606455715147,1
26,11.496786503852805,0
27,87.75163235279669,1
28,4.742213659022512,0
29,68.33788918925472,1
30,18.89116674526685,0
31,1.4829605180989687,0
32,8.682261248986507,1
33,12.282531963844917,0
34,2.3268364732516513,0
35,6.943738869563939,0
36,13.902084296354275,0
37,2.5888801100748458,0
38,10.399062888045053,0
39,0.7207635852162483,0
40,22.066892161659748,0
41,29.07012832925718,0
42,3.3702436469238672,0
43,23.95987239729199,1
44,17.592363318285084,0
45,49.2481620582949,0
46,17.147712068898276,0
47,19.365819518224196,1
48,144.6747052431834,1
49,57.89485974031311,0
50,44.26979217495981,1
51,5.480200676813048,0
52,7.097998166583597,0
53,5.610698795690103,0
54,0.08408765025970148,0
55,2.1445713747255977,0
56,8.53651702078547,1
57,20.23768011902452,1
58,11.115795271275958,0
59,2.6260395808025763,0
60,4.265091607756782,0
61,0.9341637096806968,0
62,102.93032902862004,1
63,0.7384315185051018,0
64,40.42448891613827,0
65,0.44204887541328935,0
66,4.428822662372837,1
67,63.90921434547504,1
