ID,Time,Event
0,15.287754864154357,0
1,0.8029397803476619,0
2,3.0700520266671685,0
3,8.304287598924207,1
4,4.775752130589612,0
5,6.203477213313286,0
6,4.4979753389626955,0
7,7.415787038427722,1
8,0.18386285491957396,1
9,1.7127094753885468,0
10,11.868639492470116,0
11,1.1275270664763435,1
12,0.07972064313696467,0
13,59.716991884301805,0
14,0.9641930939633362,0
15,11.183402576280624,0
16,3.5311291612042197,1
17,2.1464071811403174,0
18,5.031651513302376,0
19,9.326097860454706,0
20,3.898024058014033,0
21,5.478457407300235,1
22,10.593175313470553,1
23,11.643076883193107,1
24,6.876054778515049,0
25,1.1109097025548826,1
26,8.342231630952387,1
27,15.08124763213036,0
28,1.705407650617018,0
29,16.024383802686224,1
30,5.424299531600361,0
31,0.06918149485341964,0
32,0.4449494965933234,0
33,2.422339359156722,0
34,1.2139807383019967,1
35,3.970182960547548,1
36,1.8038122951508906,0
37,0.4930768445097861,0
38,1.8625407781123495,0
39,0.46470730809739924,1
40,0.2672174984471281,0
41,11.806460994833294,0
42,1.5299833821194153,0
43,0.08438402223976932,0
44,2.4965913974419607,0
45,21.432772896340076,1
46,1.8881344831423132,0
