ID,Time,Event
0,222.52386524815853,1
1,25.23489828213581,1
2,189.8011451320349,1
3,8.27058769546179,1
4,55.07700870683435,1
5,46.57307009627704,1
6,35.98928274969056,1
7,88.91337753334572,1
8,40.79803331301038,1
9,87.06774670584981,1
10,54.153782413143105,1
11,54.88424795847079,1
12,2.6437315150318397,1
13,87.5042458548558,1
14,75.32583007525574,0
15,52.09260115026359,1
16,68.69997848022288,1
17,13.832706159881425,1
18,23.72723097459936,1
19,159.92900544716463,1
20,225.54830926222914,1
21,40.78832912720234,1
22,6.15835487010714,1
23,88.97490493387693,1
24,146.14358148143572,1
25,23.733177886534076,1
26,41.1564943812949,1
27,4.35940074413274,1
28,12.030576593279143,1
29,25.765895701721035,1
30,15.068768154387964,1
31,381.8267655302861,1
32,4.558057129110482,1
33,67.55891276981238,1
34,6.125745841219989,1
35,64.16028948436097,1
36,108.00998345503154,1
37,110.54070023160762,1
38,129.56315815168554,1
39,32.077850468118584,1
40,3.8075618872220427,1
41,7.826968319439299,1
42,79.14975613305636,1
43,24.12599561750052,1
44,50.86688320385012,1
45,61.97841475906125,0
46,85.86922649094734,1
47,35.74736218444866,1
48,53.25709550643579,1
49,1.8835232362893843,1
