ID,Time,Event
0,0.13629361831646755,0
1,11.320437369394645,0
2,9.768605401836096,0
3,0.47059637705361596,0
4,6.813961810574671,0
5,10.871545503955328,0
6,6.2104349301325,0
7,8.441485380915914,1
8,15.524132229840124,1
9,9.615060099555398,0
10,5.6189322027256114,0
11,13.142755473487194,1
12,3.5997312622952693,0
13,12.217346930356591,0
14,23.67510205178131,1
15,9.405325127340115,0
16,17.39015808500874,1
17,12.05562130198298,0
18,0.7938547528898856,0
19,14.058628481565425,1
20,8.496781085673906,0
21,1.8739197243850314,0
22,14.265023838047073,1
23,4.562198884403664,0
24,12.047021130060989,0
25,4.307972861354027,0
26,8.51953758190046,0
27,3.11285802214966,0
28,8.665343746131843,0
29,4.6418914800785585,0
30,3.9115328001861482,0
31,8.467321511004766,0
32,16.505015756734565,1
33,13.971350682589499,1
34,8.501684943654087,0
35,2.3900068831244177,0
36,3.891175040643077,0
37,13.872555603711945,0
38,9.915977670469063,0
39,3.323450714313478,0
40,11.079969186332265,0
41,7.5373681003090685,0
42,5.493001016271232,0
43,6.792245955002336,0
44,9.609151146216423,0
45,7.835316799429782,0
46,5.800096548449521,0
47,17.14289412360143,1
48,5.945878197884214,0
49,10.804378966171752,0
50,4.982191107155784,0
51,2.8195821657312665,1
52,1.0001416960685725,0
53,13.837304430692265,1
54,15.081417931696038,1
