ID,Time,Event
0,2.0896498469121867,1
1,1.5331762271233556,0
2,3.5830867961841015,0
3,9.344883577212746,1
4,3.3580597194027466,0
5,3.1990373708397652,1
6,1.6349054767800906,0
7,2.017935933820956,1
8,3.671050270395433,0
9,0.6305833177586988,0
10,4.232154768903539,1
11,2.365719954808895,0
12,2.9969759812833554,0
13,7.1426281319360605,1
14,4.5256352578511265,1
15,7.566974917054329,0
16,1.9080210245266775,0
17,3.3963777807536357,0
18,2.7790754778523024,0
19,0.23407913300479663,0
20,0.10502368420112698,0
21,4.2069287921891245,0
22,3.1444706129018605,0
23,6.947846995109858,1
24,4.14170297882189,0
25,3.540005336222009,0
26,1.6838601863283884,0
27,2.751595890057874,0
28,0.1337472757539139,0
29,4.961618808499419,0
30,0.698995196223428,0
31,1.6133491460577396,1
32,7.605768953186152,1
33,7.78962052593821,0
34,2.8571355452304408,1
35,5.5451493529162565,1
36,0.5901163493275865,0
37,1.7728333488956272,0
38,8.703138583842716,0
39,5.996675665558029,1
40,0.9197937385879117,0
41,2.5785597635858877,0
42,5.485622032765893,1
43,4.582973315943782,0
44,0.6636920577055675,0
45,8.998636078714748,1
46,4.549663404669789,0
47,0.05475007575873633,0
48,7.230832872246949,0
49,2.565487121087507,0
50,4.530742508974298,1
51,1.6032797452599232,0
52,11.14442110962465,1
53,1.0726563724943432,0
54,2.6611022221438754,0
55,3.81560858402345,0
56,9.995207897002883,1
57,5.041875408385166,0
58,12.9944584716502,1
