ID,Time,Event
0,22.55322300381011,1
1,6.4831541129891965,1
2,112.98242969314079,1
3,7.7016671392475855,1
4,2.4247114758354233,1
5,37.8286365389615,1
6,10.480535471018724,1
7,11.589928114633667,1
8,0.624525400819229,1
9,16.059363181744505,1
10,21.889663085236055,1
11,4.248449870317533,0
12,35.25216497800853,1
13,4.3847613469692615,1
14,16.525737536432842,1
15,2.7063307401785175,1
16,19.39784811695053,1
17,9.718095417620203,1
18,14.476132215990594,1
19,55.677931265662345,1
20,23.42517310635985,1
21,18.890892973995644,1
22,59.69122929843143,1
23,42.68503810307416,1
24,24.50390788038187,1
25,6.9068008171843625,1
26,30.155097727060408,1
27,3.315738109680484,1
28,177.03547993640484,1
29,4.959085413514695,1
30,52.08594609671591,1
31,39.98205101396634,1
32,6.724110081459829,1
33,37.85906774605727,1
34,1.004991620699473,1
35,28.493956175826856,1
36,25.15054526009294,1
37,1.2448456249786635,1
38,23.197634120367123,1
39,78.94660801489948,1
40,16.84166949507461,1
41,11.887279185327055,1
42,12.742015203326543,1
43,24.517006542190114,1
44,11.117844982459717,1
45,5.640881097491427,1
46,10.183875699727922,0
47,30.31289636036724,1
48,17.031673294373505,1
49,47.10509628833329,1
50,3.129986877046258,1
51,7.243963654368843,1
52,2.6291456891894445,1
53,0.5562739415814386,1
