ID,Time,Event
0,4.5366011531340495,1
1,4.845163958110864,1
2,6.88556147985991,1
3,2.8067214107178193,1
4,6.423834403368258,1
5,6.657187342664698,1
6,3.963550809358324,1
7,1.7081232821637686,1
8,4.646542417009487,1
9,6.517028858991746,1
10,6.369392379332978,1
11,3.689284411292222,1
12,5.771717085456902,1
13,6.538256322529376,1
14,5.719908881031346,1
15,5.358543796136217,0
16,7.934258734007553,1
17,6.5638651507186,1
18,5.561590541757561,1
19,3.9587435137747002,1
20,5.26713067874594,1
21,6.219732642532552,1
22,7.20782538703104,1
23,6.771702562837482,1
24,5.01631405039671,1
25,7.425565496211387,1
26,4.693309668271085,0
27,6.584536715483793,1
28,0.33799095366363974,0
29,0.12677295478593573,0
30,4.0683263318945615,1
31,6.649197590224526,0
32,1.9451908173374408,0
33,7.011320783274778,1
34,6.494603018175658,1
35,5.636346683128415,1
36,6.253873678974802,1
37,0.08229724297398945,0
38,0.06927587060835325,0
39,1.7180687683554503,0
40,7.21355832551739,1
41,6.444697723305984,1
42,6.936724003775264,1
43,6.140655666870766,1
44,6.5821017137847795,1
45,5.203606504445458,1
46,6.293060389150419,1
47,4.177335231230822,1
48,2.9531304094609174,1
49,1.185482879745769,1
50,6.600863407216235,1
51,5.9007560720144925,1
52,7.245073435854137,1
53,6.957648434698227,1
54,3.069375680064177,0
55,8.062435597293387,1
56,6.411848608318004,1
57,6.746270624553345,1
58,5.639656554697019,1
59,4.025185711168666,1
60,3.845148562651571,1
61,2.696925432834052,0
62,6.429440062454921,1
63,3.1541866794343525,1
64,0.6056031870511045,1
65,6.949712418159767,1
66,2.9315071507622994,1
