ID,Time,Event
0,12.579082337164438,1
1,7.7298692061749055,1
2,10.180844515600933,1
3,6.493660383695775,1
4,1.5497052609261872,1
5,4.193147304353324,0
6,7.151699242581739,1
7,3.029357127823212,1
8,1.314483089766276,0
9,8.927721347022436,1
10,6.742720083315709,0
11,9.63641677638019,1
12,4.258639566062997,1
13,13.18339261429061,1
14,10.679520220392195,1
15,12.663836322870765,1
16,6.426039196779004,1
17,2.077792783124007,0
18,5.905592656938195,1
19,6.732536579081022,1
20,13.000669316464615,1
21,0.7526702399717682,0
22,3.205594708921439,1
23,8.294020369668898,1
24,5.314678676840473,1
25,7.44496819660846,1
26,9.729331519220688,1
27,1.8240112339562065,1
28,11.88322236980537,1
29,0.32109632689371054,0
30,1.9994426145065738,0
31,8.601504469741242,1
32,4.177857779605379,0
33,7.447114282445988,1
34,9.778548340753925,0
35,6.415681558758803,1
36,5.862944971061379,1
37,9.280535559001553,1
38,5.1957195761667325,0
39,5.391968728757148,1
40,5.472145807797163,1
41,3.52622071191443,0
42,12.984698517648066,1
43,10.324633596295167,1
44,0.9939577913670806,1
45,6.717833670808176,1
46,1.509414279189564,0
47,9.887704936859228,0
48,8.984470289245866,1
49,7.88513079119952,1
50,6.9095484906693585,1
51,10.621120729135567,1
52,5.08325841041178,1
53,5.673398475595765,1
54,14.361768878427782,1
55,10.08483349621149,1
