ID,Time,Event
0,16.121599315164158,0
1,5.640485959378331,1
2,15.469103933991395,1
3,0.13551974840966882,0
4,8.332991059064454,1
5,7.662723891135602,1
6,6.736004039965748,1
7,10.587643198709987,1
8,7.171918692600441,1
9,10.477179772777072,1
10,8.262855179326076,1
11,8.318396207959271,1
12,0.6979421544984222,0
13,9.287356983671216,0
14,13.718423689871905,0
15,2.93217849813187,0
16,9.306664191982787,1
17,4.176084897268122,1
18,5.469394785153466,1
19,14.199706292018313,1
20,2.8790215273414357,0
21,7.1710656886068405,1
22,2.7864297531348474,1
23,10.59130585063368,1
24,3.0046120132052434,0
25,5.005436239392407,0
26,7.203356865842332,1
27,2.3443861133696515,1
28,3.8945650705425354,1
29,5.699521095957585,1
30,4.358676316737605,1
31,21.94062160558682,1
32,2.3972074864790853,1
