ID,Time,Event
0,1.9272705483484396,0
1,3.569526274170146,1
2,6.90340724807072,0
3,11.54293453228159,1
4,19.79307915149801,1
5,1.3995001451379312,0
6,2.483053981473438,0
7,2.8468201457535103,1
8,8.24987280126948,1
9,8.135800279691844,0
10,30.15073248578669,1
11,5.818122405058668,1
12,11.656677543188705,0
13,17.431638763329378,1
14,7.215634590092866,1
15,45.509467784877216,1
16,12.041455018757544,0
17,46.16416960866377,1
18,0.25374472654830543,0
19,2.5077235653381535,1
20,1.4317697574361663,1
21,9.178491252198455,0
22,30.04314290848392,1
23,25.028520484086044,1
24,12.810109223940472,1
25,18.04629977988779,1
26,4.531134875032838,0
27,1.6159849948144582,0
28,9.063086061751513,1
29,0.4346917098568636,0
30,2.3749947719979905,0
31,1.5801446941707624,0
32,22.750674410923384,1
33,7.826975538771151,0
34,31.24120739752828,1
35,5.3699673933011836,0
36,6.083538955463909,1
37,17.289956612523206,1
38,57.445388341318576,1
39,0.9239457010425669,0
40,16.948333003851424,1
41,4.840312158928976,1
42,9.463257584099454,1
43,20.04883658645589,0
44,7.645869654466515,1
45,1.795077269050582,1
46,19.5292764273209,1
47,4.107219562623383,1
48,4.246813075095386,1
49,1.270106805877258,0
50,13.086309873533354,1
51,11.797217813937628,1
52,11.540544371829194,0
53,42.50245022338008,0
54,1.1897759289850218,0
55,28.788111717579362,1
56,5.634781501853709,1
57,25.078101283972295,1
58,1.733722954911913,0
59,7.382112450694589,1
60,5.384495387303055,1
61,1.4160217107228372,0
62,12.762945690153924,1
63,9.781967559985542,1
64,0.6961166218653244,1
65,14.55920180995214,0
66,6.817482585077826,1
67,47.625535816799996,1
68,9.218196490347024,0
69,2.940137663862883,1
70,3.0836216472631017,0
71,19.643727515277114,1
72,84.97912944638959,1
