ID,Time,Event
0,13.193806708680011,0
1,13.36021893089439,1
2,3.137656030393736,0
3,9.218521974502739,1
4,3.000678685743063,0
5,10.743796345176294,1
6,5.4033126403393545,0
7,1.099825394071814,0
8,0.0026941474127155905,0
9,6.905500663437368,0
10,1.9916685419529676,0
11,8.405715787261176,1
12,8.024051473850967,0
13,8.282005887663566,0
14,14.098169279144562,1
15,7.527332511024559,0
16,10.830297621170148,1
17,9.855379469796766,0
18,10.939870816689814,0
19,3.6758172506621496,1
20,4.976612837965127,0
21,1.6863317285088106,0
22,11.249400609440489,0
23,3.8890665848873764,1
24,12.758922462335095,1
25,4.384270419601072,0
26,8.296126228917714,1
27,14.072909296759851,1
28,11.729051354996411,0
29,0.11638227311084154,0
30,0.9453962295682847,0
31,0.010752663497709076,0
32,4.81949559285328,0
33,11.273520425873388,1
34,7.93668214967716,1
35,9.879075621858192,1
36,10.990198022406146,0
37,4.666658649577257,0
38,6.8680012521441105,0
39,11.997190545719949,0
40,4.789425541956667,0
41,1.8601120141119436,0
42,8.421131552549598,1
43,7.084695821430175,0
44,7.364296636392374,0
45,7.612466803449088,0
