ID,Time,Event
0,36.5154648338246,1
1,5.480202476710568,1
2,10.447110028555398,1
3,11.088495366760418,1
4,8.913155900917436,1
5,14.659900809560646,1
6,9.176269691290647,1
7,9.902104092245116,1
8,0.245507202226372,1
9,3.932016647069964,1
10,31.67033982481978,1
11,1.5055570394912103,1
12,0.13884731856418966,1
13,80.20540498623603,1
14,2.489997544224619,1
15,26.250834884712198,1
16,4.715023278880416,1
17,3.417289512670184,1
18,7.492723212678677,1
19,14.731992231686826,1
20,7.510061176069346,1
21,7.315239128484981,1
22,14.144786531467904,1
23,15.54669230035423,1
24,12.267495934656527,1
25,1.4833683134077398,1
26,11.139161028122532,1
27,27.475475664492496,1
28,4.697422704020939,1
29,21.396935430595583,1
30,4.5037569522299075,0
31,0.7156257126099814,1
32,2.718459489166327,1
33,10.3824578413571,1
34,1.6209963385350405,1
35,5.301280192767616,1
36,4.82868099055048,1
37,1.618206223900987,1
38,11.442808297402944,1
39,0.6205113649249406,1
40,9.045478365529469,1
