ID,Time,Event
0,11.14126370282034,1
1,23.705691862181254,1
2,10.98058775383748,1
3,6.575991827455675,0
4,15.52647101169814,1
5,12.156254267142698,1
6,12.682830016264568,1
7,11.96089347830199,1
8,6.687531599147965,1
9,13.182596517780546,1
10,9.56416105787379,1
11,8.762721708169662,0
12,8.616200379801016,1
13,8.764567131155792,1
14,15.054540005524235,1
15,5.622319172778132,0
16,4.350689989737277,0
17,14.017705848206383,1
18,13.702727944853626,0
19,14.211410967526522,1
20,16.031805431062043,1
21,4.958739117001195,0
22,7.55310775401226,0
23,10.33755571968803,1
24,1.1144616359059543,1
25,8.564968959504107,1
26,12.19512432587506,1
27,12.180369677897735,1
28,14.103583126840219,1
29,12.853532173566476,1
30,14.071682114627258,1
31,9.250384149400563,1
32,7.699592622516633,1
33,1.1080052956917477,0
34,4.109416914393622,0
35,3.5026454048579305,0
36,12.279222713664977,0
37,14.512308741924446,1
38,15.497718739401416,1
39,3.5049806684629665,1
40,14.11500108711716,0
41,11.354362216422825,0
42,11.061750247557269,0
43,7.126348709321052,1
44,11.9847973365337,1
45,2.1262718611686853,0
46,14.65176304826706,1
47,10.832960281595629,1
48,12.825193965415181,1
49,10.18270106660135,1
50,3.2892815937542013,0
51,13.586633113461701,1
52,13.936936413332804,1
53,14.444721368520131,1
54,9.572285107692494,1
55,14.151743301153866,1
56,6.073639535116683,1
57,2.8545743232542753,0
58,12.935442030983939,1
59,7.732574651273436,1
60,9.833232860179898,1
61,4.416710551379193,1
62,5.191556937800337,0
63,7.738620630384142,0
