ID,Time,Event
0,32.24921106650477,1
1,8.558429555739087,1
2,28.118172388246446,1
3,25.00038193685362,1
4,34.277082967009804,1
5,64.99995363730172,1
6,51.601854548439725,1
7,11.790055646859441,1
8,6.370107740706634,1
9,6.594627234504994,1
10,67.25031823307275,1
11,0.5193540472390715,1
12,104.54068413840348,1
13,55.65287928615886,1
14,11.88820182913955,1
15,1.7186890529582555,1
16,4.550781833101482,1
17,15.907547522462346,1
18,175.48192380189954,1
19,21.456038706720804,1
20,17.099457462850697,1
21,13.354113013172848,1
22,87.67476680762034,1
23,36.305833470631114,1
24,43.34323122921496,1
25,12.30555438400114,1
26,99.72765775002723,1
27,13.659589086383006,1
28,30.780984625216583,1
29,52.599976582779455,1
30,25.2447942226733,1
31,3.220538035349021,1
32,21.07079864891207,1
33,10.078089610009254,0
34,71.16212145914338,0
35,135.70913014917028,1
36,83.41132356398248,1
37,31.06076572681186,1
38,10.646067269335349,1
39,15.228104776069058,1
40,69.71016466413056,1
41,1.095045091428957,0
42,135.5332259212308,1
