ID,Time,Event
0,12.332033923813817,1
1,20.224103077147337,1
2,2.449101140723921,0
3,0.6537802800413238,0
4,10.668673466077852,0
5,3.5286261615704846,0
6,17.54442589444904,1
7,4.47379755015099,1
8,2.305096819407554,0
9,10.056061127346311,0
10,8.229272175888644,1
11,5.1029109585097805,0
12,3.431547058226179,0
13,8.79377655612122,0
14,10.137426922337012,0
15,10.49689215743112,0
16,6.123580359006463,0
17,2.6473431576907296,0
18,12.496854121899291,0
19,12.77647041731136,0
20,2.749265190173506,0
21,3.6152631588891944,1
22,12.55156244236792,1
23,3.064950897260628,0
24,1.7454811572608653,1
25,13.684847432819788,1
26,8.615075214017304,1
27,0.5917136635465172,0
28,3.849031150439822,0
29,9.881458250449596,0
30,19.463006207920472,1
31,7.2555182227935875,0
32,5.873821393089627,0
33,10.745245039806258,1
34,6.657208660614949,0
35,5.193826354994595,0
36,10.243831225339921,0
37,15.911217530174696,0
38,1.9815158951837915,0
39,2.2998438847930704,0
40,10.169719818911547,0
41,11.73639252760178,1
42,25.966377205254496,1
43,6.064931582755416,0
44,7.6285752955165,0
45,24.550877047164864,0
46,3.5808459122591416,0
47,17.082329436573616,1
48,8.954694267862498,0
49,0.09144631218517495,0
50,25.332123916910717,1
51,20.092133432342457,1
52,18.757034268989873,0
