ID,Time,Event
0,2.0901710157793745,0
1,4.224137177498061,0
2,0.6171885081857582,0
3,4.857471164347715,0
4,0.041306060812435395,0
5,9.294269358785444,0
6,0.06757151900694636,0
7,0.6767468443475532,0
8,0.9065757832023541,0
9,0.8211002597143849,0
10,4.295211729480995,1
11,2.312662660140767,0
12,3.340452080119323,0
13,8.522391003218475,1
14,7.672504800630726,0
15,0.5678670561256974,0
16,16.41805521967046,0
17,2.501145857271696,0
18,1.5853652054971672,0
19,5.366840052671599,0
20,0.07321827252410548,0
21,0.4766118108667854,1
22,7.312868850645906,0
23,6.134860861668607,1
24,17.43024973402058,1
25,3.7714863181339675,1
26,4.137910656399804,1
27,5.89002430828913,0
28,4.179322109597174,1
29,0.09636477220144825,0
30,2.2513960205675616,0
31,7.3194172878488315,0
32,2.973950036479082,0
33,1.9887510297870254,0
34,0.03450684283525649,0
35,0.10238243956503104,0
36,1.4423288592140673,0
37,0.6391391315082385,0
38,19.354829215425326,0
39,8.375365003351389,0
40,12.619767741077867,0
41,11.311975716484213,0
42,17.803898957438175,1
43,1.0908152152423103,0
44,0.3627746366107777,0
45,0.6735973091024281,0
46,7.387207383651628,0
47,0.05028392271246364,0
48,0.3666746402639294,0
