ID,Time,Event
0,11.440665751417026,0
1,13.072570219812658,0
2,24.612637440223573,0
3,10.914767708955527,0
4,24.277705071844306,0
5,33.603098123067426,0
6,0.44811697230839015,0
7,36.0,1
8,31.42113150833188,0
9,6.507146617647174,0
10,3.298262644930281,0
11,11.00118562482536,0
12,24.62742338572226,1
13,0.808368121519211,0
14,11.688632358622938,0
15,1.3294793171145707,0
16,36.0,1
17,27.107190129519143,0
18,0.5064326493694526,0
19,1.0926105978280187,0
20,22.915502507693645,1
21,7.693019884430145,0
22,35.40299255529092,1
23,7.191109778167111,0
24,4.767400154599766,0
25,34.30677927941727,1
26,32.724423334113844,1
27,4.923505855532936,0
28,31.14841480468208,0
29,34.28049672463929,1
30,33.703439647644004,1
31,5.502631823220008,0
32,1.963077357667655,1
33,21.963299793158555,1
34,12.794895972846435,0
35,0.11549500217044593,0
36,29.970359571710997,1
37,0.4493272722646542,0
38,15.080531432874665,0
39,16.66711324987998,0
40,14.873950995955413,0
41,5.438242010765357,0
42,34.13380202154069,1
43,29.178965891420827,0
44,35.64365647873229,1
45,27.047697114777403,0
46,8.425043398533083,0
47,26.66375869555054,0
48,22.407150594726083,0
49,22.624630123186467,0
50,15.430694001324671,0
51,18.47891269400636,0
