ID,Time,Event
0,4.797195565562832,1
1,7.8672324612915645,1
2,4.700563392384774,1
3,10.320682626820618,0
4,5.809679703703743,1
5,3.554188652051127,1
6,6.824830569000578,1
7,1.7403197154174657,1
8,1.077242700834296,1
9,4.838384756434886,1
10,1.9242867002597532,0
11,2.5394453321753088,0
12,1.871648674167754,1
13,5.410622743626536,1
14,8.927344764110474,1
15,1.0778148412426671,0
16,2.675271880996237,1
17,1.8575614817123407,0
18,5.934684089184898,1
19,11.446346582280043,1
20,4.593503491057787,0
21,1.4063474444937605,1
22,4.882592771103169,1
23,4.697043325003919,1
24,0.11546943360429421,0
25,0.8031175903978391,0
26,3.351288268342104,1
27,2.5006381280575063,1
28,8.099537195017428,1
29,1.3618916192525958,0
30,7.571163657996404,1
31,1.4548356883455444,0
32,1.2204711117547062,0
33,1.6877709134635277,0
34,2.9680457266043474,1
35,5.463193724806995,1
36,6.331108481656744,1
37,11.056033134871132,1
38,7.782332277489339,1
39,1.917254897337626,1
40,2.8476996881060153,0
41,4.565489402392438,1
42,10.10099310075976,1
43,0.24002687626235714,0
44,5.312838243834369,1
45,9.649829944419366,1
46,2.0899996306065085,0
47,6.645073759030928,1
