ID,Time,Event
0,8.773415872213759,1
1,2.522007927084222,1
2,43.951227803831735,1
3,2.9960209549901906,1
4,0.9432355696584704,1
5,14.715695409878302,1
6,4.077026872620426,1
7,4.508591045349273,1
8,0.2429462548755196,1
9,6.247243323606556,1
10,8.515284822793506,1
11,1.8854729195042734,1
12,13.713423739733713,1
13,1.7057134047258145,1
14,3.284334682900141,0
15,1.0527881122503413,1
16,7.545945363431855,1
17,3.780430520739011,1
18,5.6313515868920705,1
19,21.65923893962582,1
20,9.112612663208816,1
21,7.34873504466946,1
22,23.220449621339565,1
23,16.60488129507226,1
24,9.532250636314249,1
25,2.6868104796138095,1
26,11.730616638786124,1
27,1.2898533107512091,1
28,68.86846679770063,1
29,1.92913086840153,1
30,20.261922924585875,1
31,15.55339389453704,1
32,2.6157420651241705,1
33,14.727533435658454,1
34,0.39095119287371993,1
35,8.346900799271298,0
36,9.783798658952318,1
37,0.48425665647870336,1
38,9.02409785754584,1
39,30.710973047991626,1
40,6.551567837452929,1
41,4.624263408576489,1
