ID,Time,Event
0,29.644255168878736,1
1,43.61732823579569,0
2,0.7975125192266419,0
3,0.001582222580378097,0
4,23.994321271960306,1
5,43.65953970711345,0
6,21.497153986665108,0
7,32.93027735583401,1
8,109.29178824445168,0
9,264.1111220380565,1
10,2.1071858777488846,0
11,0.054343678923859114,0
12,53.31674763200366,0
13,3.1608163381851058,1
14,46.62463292290749,1
15,37.012511403286446,1
16,137.33242301968616,1
17,11.100750037780564,0
18,13.389695255076798,1
19,63.27831995308448,0
20,0.8272545908364886,0
21,5.90026899188124,1
22,41.65567415964322,0
23,5.023674186286638,0
24,75.76080023960391,1
25,18.03554371935557,1
26,9.379673379390864,0
27,80.74911323853313,1
28,8.64492750929752,0
29,14.10245523985952,1
30,9.188957458535722,1
31,42.76767583434037,0
32,21.851275264058952,0
33,2.4850894594214483,0
34,3.0214960582167585,0
35,44.17893690005982,0
36,5.171793496145237,0
37,6.413934703301474,0
38,28.295191762737105,0
39,49.01547344317945,1
40,62.722592300869415,0
41,6.950089620559114,0
42,0.5796211771750204,0
43,30.76713212137387,0
44,8.405951644742364,0
45,32.5170094912474,1
46,4.6241846173321095,1
47,66.7143537490099,0
48,23.09140437722098,0
49,24.071037906936336,1
50,47.47740589967295,0
51,3.9505835075655287,0
52,12.187746700096946,1
