ID,Time,Event
0,10.00511184636144,1
1,5.154178331223594,1
2,9.342345947747,1
3,8.809184832912463,1
4,8.060043024574608,0
5,14.204270167000312,1
6,12.655958898463435,1
7,6.049511798127466,1
8,4.4466791033931425,1
9,4.524363879443826,1
10,14.448061197256052,1
11,1.2696796554542151,1
12,18.013788921880735,1
13,13.14335443684966,1
14,6.036953974848106,0
15,2.309729153123006,1
16,3.7584208478248287,1
17,7.026903917943509,1
18,23.338803852802535,1
19,8.160883395319312,1
20,7.285402764338092,1
21,6.438280949725537,1
22,16.496800041487766,1
23,10.615748139031911,1
24,11.599066623912629,1
25,6.180348894318892,1
26,17.594227779701928,1
27,6.511502596351198,1
28,9.774704894422735,1
29,12.777773220241839,1
30,8.852140902123578,1
31,2.6164072122039563,0
32,8.087287811640499,1
33,8.46223915052981,1
34,16.88079731852295,1
35,20.524232891612787,1
36,16.090698855681136,1
37,9.819027573473209,1
38,5.748532666522549,1
39,6.875199879885008,1
40,14.709924880272515,1
41,3.7727337185096146,1
42,20.510926970337422,1
43,15.96863533272688,1
44,9.039235939596427,1
45,2.9308468636286356,1
46,8.240507441258679,1
47,15.566107907583842,1
48,13.77012253950339,1
49,1.2517044828413695,1
50,26.385172909581673,1
51,15.135371594179993,1
52,15.98440306114003,1
53,7.015505276759804,1
54,4.926814177502849,1
55,25.466747568600255,1
56,3.389429115421958,1
57,5.82163911277031,1
58,10.689510504052668,1
59,6.663579291311003,1
60,8.832654616979296,1
61,11.294100132146577,1
62,6.5563965603275465,1
63,10.886553745886042,1
64,13.024250238594973,1
65,8.647236058620711,1
66,13.790268834701351,1
67,18.33189971229681,1
68,8.120762659812145,1
69,16.78530980879282,1
70,14.462371539858927,1
71,7.140570406266932,1
72,8.50878766850625,1
