ID,Time,Event
0,169.1952644544095,1
1,25.392646965618205,1
2,48.40692983396993,1
3,51.378803871686046,1
4,41.29931733423185,1
5,67.92699492220135,1
6,42.5184612653413,1
7,45.88163201993734,1
8,1.1375633911601086,1
9,18.219091540192842,1
10,146.7452638603083,1
11,6.976033924452513,1
12,0.6433523136063867,1
13,371.6336289042351,1
14,11.537462138388678,1
15,121.63386035698775,1
16,21.847171170059898,1
17,15.834091266392152,1
18,34.717709091807826,1
19,68.26103222083748,1
20,34.79804495263652,1
21,33.89533241665773,1
22,65.54020080900108,1
23,67.08258777597229,0
24,56.84173071062635,1
25,6.8732219406893575,1
26,51.61356440429687,1
27,127.30826219028025,1
28,21.765618492818877,1
29,99.14320316525355,1
30,65.01743505950839,1
31,3.315868557238333,1
32,12.596045929341132,1
33,48.10736240520098,1
34,7.510924629501407,1
35,24.56360635813091,1
36,22.373806848143513,1
37,7.497996567774269,1
38,53.02052116249673,1
