ID,Time,Event
0,5.964972887095717,1
1,4.934557803542118,1
2,5.131798498528896,1
3,5.156295440162975,1
4,10.20375772421171,1
5,6.09489129907475,1
6,6.162985792501859,1
7,4.820839166000989,1
8,6.172806888878504,1
9,3.1350590342549975,1
10,1.5054850113771732,1
11,6.603189733129362,1
12,0.253268872012712,1
13,8.232307727152719,1
14,6.521607702869276,1
15,6.398945929869218,1
16,1.3967227958174813,1
17,1.9238530932250426,0
18,6.60195856391467,1
19,5.432099068955613,1
20,6.0867864638589815,1
21,3.1239140971270807,1
