ID,Time,Event
0,1.9224500752329816,1
1,3.2388376625970676,1
2,7.601486940882111,1
3,10.473572185356002,1
4,17.959405615956772,1
5,19.833856767372293,1
6,3.665662306992978,1
7,2.583084588402456,1
8,7.485586794454599,1
9,8.51477786240648,1
10,27.357503609511202,1
11,5.279118998916669,1
12,13.724307280697053,1
13,9.364487434097006,0
14,6.547162641452784,1
15,41.29337255002437,1
16,18.7369144974092,0
17,41.88742138501827,1
18,1.101299039440082,1
19,2.2754026464443555,1
20,1.2991275195557455,1
21,9.219438235817826,1
22,27.259881362662178,1
23,22.709824373483823,1
24,11.623353080970439,1
25,16.3744516521891,1
26,14.403963279665136,1
27,17.02679881344462,1
28,8.223462224825226,1
29,7.47970606172331,1
30,3.2226707296144252,1
31,5.624146116870537,1
32,20.643002872618638,1
33,12.613810332364913,1
34,28.346954573865563,1
35,10.668419897592718,1
36,5.51994678773269,1
37,15.688177746871544,1
38,52.12352368680408,1
39,14.105346629443993,1
40,15.378202886004125,1
41,4.391895202595286,1
42,8.586560994389723,1
43,11.933008234034814,0
44,1.3609365721717437,0
45,1.6287774398367645,1
46,17.72004214502696,1
47,3.726717885294933,1
48,3.8533791537439654,1
49,1.198125965600976,1
50,11.873965906769898,1
51,10.704298115448175,1
