ID,Time,Event
0,2.335309504492732,0
1,2.7292503155185623,0
2,2.7246773662317287,0
3,2.2374722565686067,0
4,0.7386939714305103,0
5,6.559470916590137,1
6,3.482658194243364,0
7,6.5779111138655395,1
8,0.08504662251285007,0
9,5.166472935101473,1
10,5.40417870271549,1
11,1.6385926264066513,0
12,0.1514295095570121,1
13,4.725809672566818,0
14,9.662395758918755,1
15,3.413840389080042,0
16,1.879828975600821,0
17,2.4827040786181294,0
18,0.6724072744308194,0
19,1.5247931834644584,0
20,1.3921760854264627,0
21,4.267050203910527,0
22,9.662395758918755,1
23,7.714357054162904,0
24,1.8167983388191207,0
25,1.7359691776177057,0
26,5.894979521889391,1
27,5.667827701164741,1
28,2.6712022260709123,0
29,1.401884692402464,0
30,2.6207796172542617,0
31,2.292289119327011,0
32,4.837939532868743,0
33,2.210847152525237,0
34,3.5805635513269483,1
35,1.397246262257815,0
36,0.10587307011675832,0
37,5.751511049372304,0
38,0.6598427055516604,0
39,0.5428140036899188,0
40,3.2007751972739724,0
41,0.7667914120764714,0
42,6.0517201907473455,1
43,0.8166918891586361,0
44,6.215291344881856,0
45,5.243029683095742,0
46,4.4934504839654865,1
47,2.298380580882557,0
48,1.3513893813415556,0
49,5.065558343549769,0
50,1.8365922600826479,0
51,3.1143394537096336,0
52,2.1318386928488495,0
53,1.5724954880316628,0
54,1.927650708099757,0
55,2.9700015878859563,0
56,5.923312099415372,1
57,0.30185324529087293,0
58,0.18705569337227212,0
59,0.47286056790934744,0
60,3.613532844462329,0
61,5.650719241220175,1
62,1.1368227131591133,0
63,0.6396859825174033,0
64,2.368855348707868,0
65,0.2744868234622822,0
66,5.918283298521194,1
67,0.3965645871225126,1
68,3.3747965472627315,0
69,0.48758084592894546,0
