ID,Time,Event
0,17.96438071256757,1
1,6.049573144143272,1
2,16.59103070143082,1
3,3.46331615166993,1
4,8.937357398698037,1
5,8.218477804332332,1
6,7.224545798445467,1
7,11.355532558004361,1
8,7.692076006783762,1
9,11.237057557845427,1
10,8.862134778242668,1
11,8.921704027707566,1
12,1.9580898981465253,1
13,11.265189868935407,1
14,5.4903733102902095,0
15,8.69184503253559,1
16,9.981648064165057,1
17,4.4789635545799635,1
18,5.866073250650982,1
19,15.22956753328821,1
20,18.0860505675975,1
21,7.691161137020998,1
22,2.988520975675686,1
23,11.359460850863076,1
24,14.558405974701632,1
25,5.866808330852078,1
26,7.725794294519032,1
27,2.514417263527166,1
28,4.1770259563715495,1
29,6.112889918510359,1
30,4.674797770909672,1
31,23.53190774462928,1
32,2.5710696091762677,1
33,9.898406354475755,1
34,2.9805982335796855,1
35,9.646218836180442,1
36,12.515721843821089,1
37,12.661497059898684,1
38,13.70770392912948,1
39,6.820662842292887,1
40,2.349889486972025,1
41,3.369153055698171,1
42,10.713928490210426,1
43,5.915161071800944,1
44,8.588978520377912,1
45,8.586615527341138,0
46,11.15944839493988,1
47,7.200223095806398,1
48,8.788458202398065,1
49,1.6527586696432433,1
