ID,Time,Event
0,13.172285355416225,1
1,19.086519660524328,1
2,10.584841675710775,1
3,16.66453005469884,1
4,3.8450825161998337,1
5,62.99419616574957,1
6,0.18158620638765657,1
7,52.300016364992686,1
8,1.6151120797925005,0
9,5.5951322718802325,1
10,10.074490002999577,1
11,5.811308918627844,1
12,16.751292103163383,1
13,19.989408758192386,1
14,35.079650991598214,1
15,2.796693976903582,0
16,58.54533074935123,1
17,13.699676599933278,1
18,6.485763225030747,1
19,10.494787359832195,0
20,0.8455314230566803,0
21,1.117900868758605,1
22,22.779504705635617,1
23,14.389417405540085,1
24,33.37430043934738,0
25,8.846083406715202,1
26,9.705537739868872,1
27,12.969477802528365,0
28,9.594341532443362,0
29,0.4127294301057823,1
30,5.460059101338953,1
31,18.88275919810597,1
32,11.816966723563247,1
33,26.00051083850744,1
34,0.15453536625381917,1
35,7.4091051303608895,0
36,4.660754763751115,1
37,6.620829977273608,1
38,57.24554483122839,1
39,26.146553015526578,1
40,70.66033790489902,1
41,32.54488982271367,1
42,41.75933885401239,1
43,1.0239404209979113,0
