ID,Time,Event
0,58.59733178572037,1
1,36.008168035933004,1
2,47.425583834279735,1
3,30.24951755685733,1
4,7.2190157366469805,1
5,27.38561080129153,1
6,33.3148700451001,1
7,14.111700675655827,1
8,8.951702791307788,0
9,41.58814099787965,1
10,43.402994040260126,1
11,44.889467763696885,1
12,19.83808587301463,1
13,61.4123995991858,1
14,49.748572502602464,1
15,58.992142574574416,1
16,29.93451674683803,1
17,11.966480816267097,1
18,27.510112664381204,1
19,31.36227819404187,1
20,60.56121686417363,1
21,8.73865976128757,1
22,14.932670897165128,1
23,38.636162035693204,1
