ID,Time,Event
0,16.647482494767022,1
1,6.286297614947129,1
2,10.904813863367556,1
3,4.436390739484253,1
4,0.25266719671716587,1
5,3.6361161569122062,1
6,5.381076075187329,1
7,0.9654984857707869,1
8,0.484532843242044,1
9,8.385556710075287,1
10,9.133395482711805,1
11,9.76971280726198,1
12,1.908061710963755,1
13,18.285423327999407,1
14,11.999250833240138,1
15,16.872569460077106,1
16,4.3444758537037,1
17,0.6501397131239012,0
18,3.6692527037308493,1
19,4.768788819422863,1
20,17.78205997764156,1
21,0.14788293936458163,0
22,1.0811049912464963,1
23,7.237371110292981,1
24,2.9716980002781437,1
25,5.831447109385867,1
26,9.959021065331276,1
27,0.3500303198174376,1
28,14.856588537394867,1
29,0.012250143478116744,1
30,17.99916186546771,1
31,7.783940112607688,1
32,2.5559424519249405,1
33,5.8348095387418395,1
34,10.949501434826946,1
35,4.330482087999145,1
36,3.6164484853841543,1
37,9.061429699325146,1
38,12.353414621979764,1
39,3.0587598213081604,1
40,3.150401959390823,1
41,2.574093191489508,1
42,17.738397723318595,1
43,11.215017192358848,1
44,0.10394091412712204,1
45,4.747982841448119,1
46,0.7831133864817915,1
47,10.459270851801474,1
