ID,Time,Event
0,36.0,1
1,21.25047536242973,0
2,0.18643916935555715,0
3,26.900310749962884,1
4,1.1714779926564707,0
5,28.54885169152923,0
6,0.8209247961215308,0
7,36.0,1
8,12.794895972846435,0
9,36.0,1
10,23.296007157560428,0
11,26.925270108034887,0
12,6.798970551428722,0
13,20.508993881057087,0
14,11.597879152088105,0
15,15.415928870021327,0
16,13.398669812347343,0
17,36.0,1
18,34.817336474305236,0
19,19.71486717169447,0
20,23.14622569208918,0
21,18.23382369934512,0
22,15.080531432874665,0
23,5.386666511531263,0
24,4.737937671732385,0
25,31.42113150833188,0
26,36.0,1
27,23.67938628138652,0
28,33.603098123067426,0
29,36.0,1
30,18.687545513855643,0
31,17.973490184439132,0
32,0.778932753439094,0
33,9.526996295403821,0
34,36.0,1
35,25.707909355400936,1
36,14.19792074648522,0
37,0.37374062308148315,0
38,0.5137628286459819,0
39,19.101692842902782,0
40,3.9725592450102027,0
41,16.83828780530746,0
42,4.4241156793803365,0
43,0.907087348863373,0
44,5.438242010765357,0
45,1.0926105978280187,0
46,13.324373956600008,0
