ID,Time,Event
0,33.5523979621799,1
1,36.0,1
2,19.6623083667445,1
3,36.0,1
4,26.741012290952057,1
5,30.848248744575642,1
6,36.0,1
7,30.45539506030421,1
8,34.24138424076831,1
9,4.536145267852298,1
10,36.0,1
11,34.15988569098883,1
12,27.59661584880793,1
13,36.0,1
14,26.33612374661664,1
15,19.44478192420379,0
16,18.984626866372963,1
17,30.289037871774685,1
18,21.99321756238907,1
19,24.48526325045547,1
20,36.0,1
21,25.291524887010144,1
22,32.69024201547798,1
23,36.0,1
24,36.0,1
25,35.84059411389325,1
26,34.181632419807,1
27,25.133220472097705,1
28,20.29400263424566,1
29,36.0,1
30,33.69422634521302,1
31,17.298763564990583,1
32,34.823148679832556,1
