ID,Time,Event
0,4.955969504712135,1
1,5.965700304833459,1
2,1.334655569034271,0
3,5.574354647894369,1
4,0.6414641343165407,0
5,10.837979605740825,1
6,0.581888116542382,1
7,8.63174651586659,0
8,4.46905783299541,1
9,3.230005331311402,1
10,4.334206462137738,1
11,3.2918121310475574,1
12,5.588846942370563,1
13,4.129846332293118,0
14,8.087712266862054,1
15,2.776531499800882,1
16,10.448265313208125,1
17,3.395241694982817,0
18,3.4775918160084767,1
19,5.538290172251468,1
20,1.6142286802800874,1
21,0.9211239155600836,0
22,6.51733730776067,1
23,3.430192616539766,0
24,8.731103000914155,1
25,0.5345417795975358,0
26,4.254101635837006,1
27,6.402304957939606,1
28,0.6446694130758936,0
29,0.8772649521625082,1
30,3.19077905091358,1
31,1.2757847390415682,0
32,4.694086264383374,1
33,5.88415230758103,0
34,0.5367993769414758,1
35,5.601443431190985,1
36,2.9479912236037262,1
37,3.400575982732864,0
38,4.549156477173861,0
39,0.67522753129799,0
40,11.478520525835773,1
41,3.1354762200812902,0
42,8.824190338042794,1
