ID,Time,Event
0,46.39293522039668,0
1,13.313680794075356,0
2,82.19040113189733,0
3,10.806883384147755,0
4,40.186161984828146,0
5,30.218755973857522,0
6,14.535522834849584,0
7,60.17278547303606,1
8,40.76018777932418,1
9,53.49847762591899,0
10,16.614175768807964,0
11,47.27596700295269,1
12,5.030800390078999,0
13,10.922867399447805,0
14,105.43445714291182,1
15,44.66389959538221,0
16,52.892593505795396,1
17,3.4762942323494403,0
18,25.89824937232845,0
19,80.70123486913914,1
20,60.48794668540225,0
21,40.755339899078194,1
22,15.83612486974408,1
23,49.45526679960879,0
24,58.26645212057409,0
25,25.260332403492434,0
26,20.543095719057206,0
27,13.32385687902146,1
28,6.304040364693723,0
29,20.53383302850961,0
30,15.60097817537769,0
31,1.0242239935317632,0
32,13.624056752860469,1
33,52.45149701701712,1
34,9.397944546616554,0
35,30.539561692661493,0
36,60.16034377966641,0
37,7.579675616116784,0
38,21.20567747525992,0
39,26.72558600121041,0
40,6.230118994234876,0
41,9.116479613850855,0
42,31.256877064073,0
43,16.466183533040308,0
44,14.683232207211427,0
45,41.49578716170872,0
46,16.920117220695683,0
47,38.153867067781036,1
48,41.76881211511161,0
49,2.990018176095585,0
50,8.542414257013512,0
51,22.257550245194672,1
52,14.384128312405249,0
