ID,Time,Event
0,88.50056198787935,1
1,29.80289894818984,1
2,81.73482651743066,1
3,17.061842023313528,1
4,44.02941382320878,1
5,40.487891901527654,1
6,35.59133896679777,1
7,55.942424575314575,1
8,37.89460156439474,1
9,55.35876381553984,1
10,43.65883360165714,1
11,43.952298327170986,1
12,9.646425289101384,1
13,55.49735614339778,1
14,98.0220396976577,1
15,42.81991026569677,1
16,49.174056004381896,1
17,22.06537470151968,1
18,28.898896524804176,1
19,75.0276509440402,1
20,89.0999620295184,1
21,37.89009450737754,1
22,14.722788950627953,1
23,55.961777100247765,1
24,71.72120937669916,1
25,28.90251785814954,1
26,38.060712907812935,1
27,12.387142337642826,1
28,20.577895252366098,1
29,30.114825654955013,1
30,23.03014150750873,1
31,115.92868651406836,1
32,12.666237092318646,1
33,48.76397016807019,1
34,14.683757984896385,1
35,47.521581830138224,1
36,61.658035118753205,1
37,62.37618893397191,1
38,67.53027119063056,1
39,33.6016311572865,1
40,11.576605034925802,1
41,16.59795256086246,1
42,52.78159640750867,1
43,29.140725053604672,1
44,42.313143888310954,1
45,51.57035610555024,1
46,54.97642642008792,1
47,35.471514471477654,1
48,43.295869886296316,1
49,8.142227301575659,1
50,84.95543821143332,1
51,20.692765276439395,1
52,36.76103912379736,1
53,37.32839175712542,1
54,38.04037566265586,1
55,35.403022813457525,1
56,69.54677501058454,1
57,7.873890014549044,0
58,52.633827843357686,1
59,3.7709897441578146,0
60,52.44957047445446,1
61,13.79872722593131,1
62,45.2008258067346,1
63,70.9340062205353,1
64,15.302278595457798,1
65,15.327203027616148,1
