ID,Time,Event
0,20.290750901881573,1
1,2.9917123371699605,0
2,12.507136303945648,0
3,4.373649822712673,0
4,0.12356264883202607,0
5,3.2072412104174317,0
6,6.5587138631935655,1
7,1.1767959075540122,1
8,0.47158544275674674,0
9,6.494110004452876,0
10,2.15993445992415,0
11,8.242840946779786,0
12,0.8756315427025739,0
13,10.686416322269144,0
14,12.396729480966522,0
15,4.563159898065064,0
16,4.225263995757476,0
17,0.6035620207688509,0
18,4.435037457338021,0
19,5.812428760264715,1
20,8.246281801910932,0
21,0.45126546470950024,1
22,0.9393774000042134,0
23,8.821255371771102,1
24,2.3215160809306354,0
25,1.0865107304410635,0
26,6.715643866401062,0
27,0.4266337585730535,1
28,18.107923366718463,1
29,0.010215911127179964,0
30,10.175491341021404,0
31,1.0160051598404634,0
32,1.908180004486202,0
