ID,Time,Event
0,29.25789739669283,1
1,20.779307201294202,1
2,5.503872964432743,0
3,2.265136794125423,1
4,28.81057104271811,0
5,33.133656867281886,1
6,29.039813525065725,1
7,30.057689768793782,1
8,28.63592925524552,1
9,15.612441096949146,0
10,31.10302729973442,1
11,0.3473934677460841,0
12,31.7981489443053,1
13,4.6432256011035085,1
14,30.059286893076962,1
15,16.590670225579682,0
16,31.910522592386545,1
17,28.623071599859514,1
18,16.09751598777022,0
19,25.815446172216287,1
20,3.9046434246038406,1
21,15.135077049031997,1
22,29.52241576822349,1
23,29.3355795606045,1
24,29.10095772398405,1
25,12.39912933547275,0
26,36.0,1
27,36.0,1
28,29.648404579882925,1
29,3.374524372506153,0
30,29.673631192359398,1
31,18.25663996872866,0
32,15.67894267222811,0
33,29.978382615899616,1
34,28.476888942798407,1
35,22.328629217251034,1
36,27.255597173971065,0
37,32.491014607527276,1
38,33.89401975885303,1
39,24.270423161396845,1
40,28.807437925325814,1
41,22.790772261614887,1
42,28.955877568822682,1
43,18.420030075148755,0
44,25.103014741519598,1
45,23.119560820585637,0
46,0.2829048385504591,0
47,25.180866141144733,0
48,4.945756974220087,0
49,16.600776282534895,0
50,30.70860199929346,1
51,19.669932736514443,1
52,32.18862046802745,1
53,8.202950378075363,1
54,23.367981208355502,1
55,12.623106279777375,0
56,26.482563390604966,1
57,30.829027038726252,1
58,19.35981756540711,1
