ID,Time,Event
0,45.43655434382796,1
1,18.886201689476195,0
2,34.5877267374125,0
3,40.0054503669556,1
4,46.84333100741268,1
5,50.57512398415151,0
6,43.9181136245198,0
7,1.1466356169988898,0
8,1.6911863508451013,0
9,9.055819719080693,0
10,55.639003812361786,0
11,1.3734182399183508,0
12,81.80663163550125,1
13,59.68836203938005,1
14,27.586965193947826,1
15,4.035185321389726,0
16,1.987216612969488,0
17,17.821993099037922,0
18,58.775125990415404,0
19,9.25662755141093,0
20,11.705366917652064,0
21,29.238384012610737,1
22,22.665484966854034,0
23,37.23111529981615,0
24,52.67523532850352,1
25,12.58980427955208,0
26,79.9012643662589,1
27,7.676973892105852,0
28,3.4873762192209123,0
29,58.0281356400595,1
30,40.20052822346331,1
31,9.91278475684613,0
32,36.72707489835955,1
33,38.429854152339686,1
34,15.477653128940004,0
35,93.20739612564013,1
36,16.65271288264087,0
37,31.54863252597078,0
38,9.091296285596489,0
39,31.222578794127106,1
40,44.54436425222332,0
41,0.6925432563811882,0
42,1.1151409383956028,0
43,57.759270419361926,0
44,37.70681157683988,0
45,13.309954435055044,1
46,37.422896407863156,1
47,70.40616309002353,0
48,62.53472531792359,1
49,5.684408093620464,1
50,119.82388215015219,1
51,68.73477723320852,1
52,15.898979403037679,0
53,31.859752459722095,1
54,21.19417684722936,0
55,115.65300594636174,1
56,15.392529595101843,1
57,23.046591033605438,0
58,48.54463721991688,1
59,22.062621204323083,0
60,40.112034494706094,1
61,30.274000646644414,0
62,25.966724722471568,0
63,49.439476388446714,1
64,15.347899712328893,0
65,34.76471489469277,0
66,56.140770336485055,0
67,62.933951360414426,0
68,20.275731292288977,0
69,76.22769770260615,1
70,59.36152278978481,0
