ID,Time,Event
0,7.188564455636706,1
1,8.802859238774385,1
2,1.2269167991974532,1
3,0.4152962130459636,1
4,6.467346571268085,1
5,11.130004196775657,1
6,7.154923669173611,1
7,7.5765168599782475,1
8,14.631416946738202,1
9,21.456814411815337,1
10,15.804164423827643,1
11,0.31284217529368413,1
12,13.132147998893378,1
13,2.347315845548579,1
14,9.015288153283416,1
15,8.032415708772552,1
16,15.472426952484042,1
17,5.187011993665134,1
18,4.831224801314531,1
19,10.6494162900834,1
20,1.6770073418814186,1
21,3.207065319453855,1
22,8.848503662220438,1
23,6.830579537227406,0
24,11.49196187106028,1
25,5.60707699155732,1
26,5.836474629375568,1
27,11.86426341721172,1
28,4.484299943790422,0
29,4.958145470661782,1
30,4.0022574357640845,1
31,9.642172058948296,1
32,6.396338139124888,1
33,8.059582145565473,1
34,8.927702179972124,1
35,9.677092450121613,1
36,14.917895266028328,1
37,3.417673040458446,1
38,10.554740206985432,1
39,9.243543740508635,1
