ID,Time,Event
0,224.5657359979551,1
1,16.14793457851914,0
2,191.54275341342438,1
3,1.982328806913642,0
4,17.08368877818926,0
5,18.433044786066496,0
6,3.202269224931262,0
7,89.72924339406359,1
8,41.172394556368076,1
9,61.91506639257144,0
10,4.302110976517365,0
11,21.878788336307238,0
12,1.5161146612454934,0
13,61.82273813208338,0
14,29.606875673280538,0
15,52.570600929976756,1
16,69.33036693951908,1
17,4.683213097744733,0
18,23.94495116765224,1
19,148.10428142069208,0
20,227.61793219833544,1
21,26.542263732720176,0
22,0.44385451635202633,0
23,72.46591189134715,0
24,91.01491667024274,0
25,12.11662393961,0
26,21.877091384352926,0
27,2.735451940515241,0
28,9.56377491766705,0
29,12.983182413324279,0
30,15.207038613134479,1
31,337.7165879111516,0
32,1.7035012489868313,0
33,15.918139029130277,0
34,6.181955458287022,1
35,64.74902192548812,1
