ID,Time,Event
0,16.598271627000717,1
1,13.591438809414052,1
2,17.748468332728102,1
3,5.545003056638722,1
4,14.057898088652186,1
5,11.988422378781905,1
6,14.958008033905168,1
7,1.8691071591820645,0
8,15.52887086826122,1
9,13.86091698879758,1
10,15.886875653434112,1
11,13.14676721244456,1
12,12.584460297824522,1
13,14.874666282312768,1
14,23.682328719690666,1
15,11.917476089062081,1
16,17.395466315448324,1
17,16.308502975160337,1
18,8.494600944572765,1
19,14.062919784685262,1
20,14.43348671256208,1
21,16.592452219571882,1
22,5.162875907203794,0
23,7.669550829771676,1
24,13.412693739657296,1
25,13.357277938234873,1
26,13.443666377148148,1
27,17.017130204501075,1
28,11.587061034726739,1
29,9.253315890348507,1
30,2.3454690181233833,0
31,14.176385532823142,1
32,16.51005380334791,1
33,13.975615344739946,1
34,10.02219287005423,1
35,16.32244849535277,1
36,13.332711625483556,1
37,14.309912057481153,1
38,13.132758137552933,1
39,9.138709022647419,1
40,14.37971193163912,1
