ID,Time,Event
0,28.573593262608828,1
1,23.637667811411518,1
2,24.582496145095792,1
3,24.69984213470528,1
4,36.0,1
5,29.195932363134123,1
6,29.522120661964248,1
7,23.092929359622794,1
8,29.56916597441927,1
9,15.017654462916603,1
10,7.211619766303741,1
11,31.630798872270766,1
12,1.2132161992934871,1
13,36.0,1
14,31.240002167187242,1
15,30.65242403784547,1
16,6.690623716771663,1
17,18.532664083726075,1
18,31.62490128831793,1
19,26.021005006463014,1
20,29.15710833672206,1
21,14.964267648515593,1
22,17.81909520697037,1
23,0.1469963658155043,0
24,30.34502616771703,1
25,28.583565048584184,1
26,13.783315210684759,1
27,31.937398210791862,1
28,16.30436022257113,1
29,26.193466113931326,1
30,28.876088030738458,1
31,22.65817020910402,1
32,25.679841152767118,1
33,32.395627783345105,1
34,26.54888417170082,1
35,28.579967067669,1
36,36.0,1
37,20.98892204246178,1
38,32.5904499361818,1
39,24.417194307375993,1
40,22.376129392408604,1
41,32.26260177351019,1
42,9.197299289316309,1
43,31.946933151607638,1
44,31.252030269130877,1
45,32.588505932665484,1
46,8.365965284438888,1
47,19.629177945527527,1
48,30.52816144226408,1
