ID,Time,Event
0,7.516791249559888,1
1,10.891761004083456,1
2,6.040261286417103,1
3,9.509647742461151,1
4,2.1942041059505533,1
5,35.9477653068808,1
6,0.10362253552716043,1
7,26.38477525223854,0
8,6.112335558019204,1
9,3.192873534591789,1
10,5.749028073339435,1
11,3.3162351747921734,1
12,9.559158680699671,1
13,6.498784320908969,0
14,20.018273708505472,1
15,2.3592852284068226,1
16,19.032922435854978,0
17,7.817748128712998,1
18,3.7011138873166285,1
19,1.235477189599593,0
20,0.44045467927699056,0
21,0.637932389211785,1
22,12.999170380880312,1
23,6.939201120114478,0
24,23.329931411392817,1
25,0.9114353978541574,0
26,3.6676662089860876,0
27,11.339043070345767,0
28,5.593912861312103,1
29,0.03425943860704869,0
30,1.999005113760893,0
31,10.77548468455453,1
32,6.74337593419178,1
33,2.855627843229552,0
34,0.08818591895495231,1
35,9.602297286038931,1
36,2.659669121888828,1
37,3.7781900023544908,1
38,32.667285809043946,1
39,14.920583301245493,1
40,40.32246457795528,1
41,18.571807126595207,1
42,23.830051081923887,1
43,1.53991188653955,1
44,3.214332048512828,1
45,2.5367398859381085,1
46,12.198958339320507,1
47,12.995839647474975,1
48,1.2541112966216745,0
49,4.078071140379484,1
50,11.345227231886001,1
51,0.7298755115267033,1
52,1.0432909993414294,1
53,9.257852658950311,1
54,18.813330107244447,0
55,28.64604276417729,1
