ID,Time,Event
0,0.6184125990368845,0
1,7.260880291198843,0
2,14.1911354017638,1
3,14.960624531352275,1
4,14.636314248356834,1
5,12.849232597889689,0
6,10.403746008451044,0
7,16.29137752143128,1
8,1.4010878226468686,0
9,12.795697537258595,1
10,6.830264201839147,0
11,2.698558916410062,0
12,0.37504236000974617,1
13,11.230747774472015,0
14,23.93065736905603,1
15,15.00359719277872,1
16,6.13549204490156,0
17,8.342142768103898,0
18,5.341753278704459,0
19,13.232579334447685,0
20,1.3354307987692697,0
21,14.991193482049258,1
22,23.93065736905603,1
23,9.736561410441615,0
24,12.571103966209007,0
25,12.129072184648086,0
26,4.833040355122141,0
27,14.037392601956077,1
28,7.938301125238102,0
29,6.1161069030148845,1
30,12.046721391801839,1
31,4.856947589302202,0
32,1.6724278529131529,0
33,12.726358058828087,0
34,5.371466693382007,0
35,4.272660639106122,1
36,4.900531707638571,0
37,0.9477461439036865,0
38,7.726155207982555,1
39,5.342282460143511,0
40,10.963792116594067,0
41,8.886647985137044,0
