ID,Time,Event
0,36.0,1
1,36.0,1
2,36.0,1
3,29.008185308829646,1
4,10.222540148309847,1
5,33.807809555936096,1
6,34.57421254556239,1
7,8.543232189291324,1
8,9.217058775514335,1
9,36.0,1
10,36.0,1
11,26.450504959975415,1
12,35.41851016172223,1
13,36.0,1
14,36.0,1
15,36.0,1
16,34.08000558154846,1
17,36.0,1
18,36.0,1
19,11.566798697613569,1
20,36.0,1
21,28.2745688342387,1
22,36.0,1
23,12.23783644328468,1
24,36.0,1
25,36.0,1
26,26.105656379570373,1
27,36.0,1
28,36.0,1
29,3.44641765375439,1
30,36.0,1
31,0.22134371474097472,1
32,36.0,1
33,35.474707388138704,1
34,24.97458347139584,1
35,31.08676825975263,1
36,36.0,1
37,30.625824032307577,1
38,22.54691321761716,1
39,36.0,1
40,35.867625623855254,1
41,36.0,1
42,9.748476919575111,0
43,30.806059636649834,1
44,36.0,1
45,36.0,1
46,36.0,1
47,26.531719116203526,1
48,2.700032112650269,1
49,36.0,1
50,16.54616960742291,1
