ID,Time,Event
0,9.863305562597093,1
1,6.061019388843536,1
2,7.98283830657385,1
3,5.091703422187851,1
4,1.21512969792078,1
5,4.609640731411626,1
6,5.607674155448671,1
7,2.3753302672702943,1
8,1.6827120872607266,1
9,7.000259737806349,1
10,7.3057420791127115,1
11,7.555950477656229,1
12,3.339215230108255,1
13,10.337147513714871,1
14,8.373851793978085,1
15,9.929761480148382,1
16,5.038681396320743,1
17,2.014239440652505,1
18,4.630597315633867,1
19,5.27900714145474,1
20,10.193873491687166,1
21,1.470921436292348,1
22,2.51351881452617,1
23,6.50337242858763,1
24,4.167259451178163,1
25,5.837627440438523,1
26,7.6288052754341535,1
27,1.4302140385047595,1
28,9.317679156562415,1
29,0.26755852424996446,1
30,10.255913410605737,1
31,6.744471862820076,1
32,3.8647707701351774,1
33,5.839310194379689,1
34,7.999178288986553,1
35,5.030559933565214,1
36,4.597157105444774,1
37,7.276902682522249,1
38,8.496532309614986,1
39,4.227862870296493,1
40,4.290730018192627,1
41,3.8784691126146575,1
42,10.181350728532895,1
43,8.09558386316044,1
44,0.779366026058431,1
