ID,Time,Event
0,22.41190775970428,1
1,5.947765152319433,1
2,19.541001627521158,1
3,17.37426235856341,1
4,23.821197366476067,1
5,45.17235979199874,1
6,35.861218495682444,1
7,8.193615623473079,1
8,4.4269692926651985,1
9,4.583001332484327,1
10,46.73627289493067,1
11,0.36093022484635634,1
12,72.65158100192288,1
13,10.607830613461525,0
14,8.261823282249374,1
15,1.1944199330358594,1
16,3.1626107834910955,1
17,11.05510727134754,1
18,121.95289620056683,1
19,6.736272581189111,0
20,11.883436857047187,1
21,9.28057273856077,1
22,60.93044516635785,1
23,25.23109756716158,1
24,30.121806648648107,1
25,8.55186656248794,1
26,69.306720774525,1
27,9.492866352859245,1
28,21.391549292495547,1
29,36.55487326200895,1
30,17.54411909068107,1
31,2.2381447172773994,1
32,14.64335963967818,1
33,16.03265768283881,1
34,63.800023909854275,1
35,94.31240041130565,1
36,57.967523173689635,1
37,21.585985932478174,1
38,7.398589601212542,1
39,10.582921823810112,1
40,48.4457674683705,1
41,3.1867444462114225,1
42,94.19015403067354,1
43,57.09137950007675,1
44,18.293566153916554,1
45,1.9231855396588307,1
46,15.203474228421292,1
47,54.249408087897955,1
48,42.453210643507184,1
49,0.3507830062455939,1
50,65.20593858044435,0
51,51.28863092855014,1
52,57.204181350170295,1
53,11.019270437144565,1
