ID,Time,Event
0,10.151433190577356,1
1,21.599591715473725,1
2,10.005032279070413,1
3,13.564257621486416,1
4,3.9866878771329946,0
5,11.076248290338125,1
6,11.556041128886207,1
7,10.89824406668144,1
8,6.093386894831338,1
9,12.011406551189582,1
10,8.714446098098346,1
11,8.966887416258341,1
12,7.85070570495837,1
13,7.985891012860179,1
14,13.717039750371102,1
15,11.399098185193196,1
16,8.947119701212474,1
17,12.772321722105033,1
18,12.8121925232366,1
19,12.948817371961471,1
20,14.607481350303509,1
21,7.3529983333037086,1
22,10.885232312467569,1
23,9.419129556705379,1
24,1.0154487984605312,1
25,7.804025870940007,1
26,11.111664991249308,1
27,11.098221200025304,1
28,12.850569350012744,1
29,11.71157748378813,1
30,12.821502540104127,1
31,8.42854627487582,1
32,7.015532724744117,1
33,10.192817293853059,1
34,5.7312678964981,1
35,10.832518374565081,1
36,11.798886445341793,1
37,13.22298229036482,1
38,14.12084486875278,1
39,3.193585399218221,1
40,15.450605320734129,1
41,13.227743532869859,1
42,21.599591715473725,1
43,5.787829896001616,0
44,10.920024218943237,1
45,12.285760146322744,1
46,13.35004696738319,1
47,9.870520570028145,1
48,11.68575694543073,1
49,9.2780327559303,1
50,11.677700856701737,1
51,12.37954706172855,1
52,12.69872813848379,1
53,13.161399625781913,1
54,8.721848377693489,1
55,7.751013411157193,0
56,5.534035241332496,1
57,12.832898009869638,1
58,11.786210170654035,1
59,7.045584509743122,1
60,8.959612579876104,1
61,4.024313873218352,1
62,10.894161613740517,1
63,11.202658355977736,1
64,12.12553046696184,1
