ID,Time,Event
0,0.2641678005370003,0
1,30.13270271955092,1
2,36.0,1
3,21.408812163413625,0
4,24.216309092905945,0
5,36.0,1
6,7.904760892191484,0
7,9.628860917897253,0
8,5.152191559381201,1
9,36.0,1
10,26.03550706373177,0
11,7.676697301236932,0
12,0.863228443422412,0
13,36.0,1
14,36.0,1
15,36.0,1
16,31.708145861986953,1
17,36.0,1
18,30.801427724215216,1
19,36.0,1
20,29.755498700806097,1
21,6.459642924843372,0
22,2.6857696645745857,0
23,36.0,1
24,36.0,1
25,36.0,1
26,27.592821269285686,0
27,36.0,1
28,36.0,1
29,2.97982072703616,0
30,34.648860380132355,1
31,36.0,1
32,36.0,1
33,36.0,1
34,25.50593696898599,1
35,12.289055015153147,1
