ID,Time,Event
0,6.500920098195582,1
1,5.323256523636081,1
2,6.951408983374325,1
3,2.1717696050243727,1
4,5.505951118081453,1
5,1.8547383325389835,0
6,5.858490404410641,1
7,3.307222232180019,1
8,6.082075953350639,1
9,5.4288010135533185,1
10,6.222292992538905,1
11,5.149095346689608,1
12,4.928860830424597,1
13,5.825848567951927,1
14,9.27547941169169,1
15,4.667628146361917,1
16,6.8131513406264705,1
17,6.387428591675601,1
18,3.327016405545047,1
19,5.507917927963955,1
20,5.6530550870186485,1
21,6.498640854695784,1
22,5.588779918570254,1
23,3.003875237966856,1
24,5.253248787737554,1
25,5.2315444979584536,1
26,5.265379607505009,1
27,6.6649712841241335,1
28,4.538216969358354,1
29,3.6241765768348904,1
30,5.380619489182306,1
31,5.552358203379525,1
32,6.4663684872994995,1
33,5.473724055188735,1
34,3.9253168354554235,1
35,6.392890528589039,1
36,5.2219227951756295,1
37,5.604655532119429,1
38,5.1436085177855695,1
39,3.579289367710221,1
40,5.631993523385152,1
41,5.782963033871974,1
42,3.4097433662170364,1
43,5.065521259605751,1
44,4.633241937664261,1
45,3.283567457478639,1
46,3.6081396409671713,1
47,6.716277765244596,1
48,6.135260599643802,1
49,4.719516309773567,1
50,5.717328064045273,1
51,1.1046616090867363,1
52,6.2948438867159995,1
53,5.421207143246061,1
54,5.908628449356119,1
55,3.98267757811228,1
56,4.693916515130332,1
57,4.523227588947464,1
58,2.113045995771734,0
59,4.924176282823038,1
60,5.262630944791524,1
