ID,Time,Event
0,17.23331205331245,0
1,8.34641202148098,0
2,14.496098013451206,1
3,7.621269800387778,0
4,12.112101330903513,0
5,17.171907813755126,1
6,0.7426543614920653,0
7,14.11291663317172,1
8,2.222210273219225,1
9,0.1304331204555478,0
10,8.632540633355866,0
11,2.075850743866161,0
12,1.3217835840439234,0
13,24.770360427349626,0
14,7.077053713022088,1
15,22.978654357410598,1
16,1.2253312812460027,0
17,5.021871698885906,0
18,7.397115200855178,0
19,13.462143757841766,0
20,6.637803505715646,0
21,6.750966217165492,0
22,9.596222775266149,0
23,11.80841868312555,0
24,5.072322195739623,0
25,3.936169548201714,0
26,14.968534184310368,1
27,23.508539147813856,1
28,5.558991907039626,0
29,20.74573473386842,1
30,16.80011535184709,1
31,2.3642238229079373,0
32,4.381492269757691,0
