ID,Time,Event
0,7.6611834284940254,1
1,0.08023000103837019,0
2,11.627989264371822,1
3,4.7398496879841,1
4,0.13919488272691483,0
5,0.4723100827400856,0
6,6.693444883880191,1
7,2.674498812901359,0
8,7.846846694996596,1
9,11.005629944574853,1
10,10.756308897115884,1
11,6.230277611084967,1
12,9.746984977621565,1
13,11.04147781534725,1
14,9.659493892598388,1
15,0.5360139975254083,0
16,13.398976343417276,1
17,11.084724713966692,1
18,9.392133858879513,1
19,6.685326565337754,1
20,0.9817048207234811,0
21,10.503571074947825,1
22,12.172212311953505,1
23,11.435710062644798,1
24,8.471298396702025,1
25,12.539920836433014,1
26,6.960684473188333,0
27,11.119633810903883,1
28,4.057491521267658,0
29,1.5091500934257283,0
30,6.870384506710355,1
31,11.891495005309771,0
32,11.074337999820507,1
33,11.84036523897901,1
34,10.967758314640719,1
35,9.518378263471458,1
36,8.739066002103971,0
37,3.212895315079285,0
38,6.622970567162862,0
39,9.797021660606967,1
40,12.181893809587006,1
41,10.883480767388075,1
42,11.714389956685153,1
43,10.3700298631318,1
44,3.5391042910908905,0
45,3.9181210049819515,0
46,10.627403278457608,1
47,7.054473242960927,1
48,4.9870978275253375,1
49,2.0019837509403593,1
50,11.147205505201125,1
51,9.964899515857251,1
52,12.235114939880166,1
53,11.749726081247683,1
54,9.337845424013512,1
55,0.7822772503737703,0
56,10.828006837260284,1
57,11.392761886783601,1
58,9.523967807792388,1
59,6.79753080028041,1
60,6.49349313592025,1
61,6.6099454253588945,1
