ID,Time,Event
0,17.8477250250245,1
1,28.71268737702868,1
2,36.0,1
3,36.0,1
4,18.82203403657041,1
5,36.0,1
6,36.0,1
7,24.877427805084626,1
8,36.0,1
9,20.9956947464791,1
10,36.0,1
11,36.0,1
12,36.0,1
13,36.0,1
14,36.0,1
15,36.0,1
16,31.2683169403843,1
17,36.0,1
18,36.0,1
19,31.745644082163015,1
20,0.2972320279442062,1
21,36.0,1
22,6.30565210553935,0
23,32.96262275260856,1
24,36.0,1
25,36.0,1
26,36.0,1
27,36.0,1
28,1.1073959399161155,0
29,36.0,1
30,26.886973883394166,0
31,18.462272230849912,1
32,36.0,1
33,36.0,1
34,27.194798727794407,1
35,36.0,1
36,32.053581443582566,1
37,36.0,1
38,36.0,1
39,27.778527894834312,1
40,36.0,1
41,36.0,1
42,36.0,1
43,36.0,1
44,36.0,1
45,36.0,1
46,36.0,1
47,19.727323438042525,1
48,36.0,1
49,36.0,1
50,36.0,1
51,24.246497611709355,1
52,36.0,1
53,31.703836570915996,1
54,36.0,1
55,30.77973343083203,1
