ID,Time,Event
0,13.20343215487329,1
1,4.894017598569922,0
2,24.394878099853727,0
3,3.249763318725587,0
4,4.329248997553148,1
5,3.619611135112476,0
6,3.8813245500895217,0
7,9.465049776427408,1
8,1.391140575483439,0
9,7.357400741645205,0
10,13.007746651268905,1
11,2.3285246808924422,0
12,15.171650049074858,0
13,1.8439787412937847,0
14,11.302199178046845,1
15,1.715830724003862,0
16,3.0067911049408913,0
17,1.4257986413471022,0
18,8.746263842277262,0
19,13.564782638412101,0
20,0.843947828685952,0
21,12.083945972451147,1
22,16.507878764738482,0
23,18.164371175775983,1
24,0.08016152077605856,0
25,6.073871926828038,0
26,0.37390709022160146,0
27,5.0625886548474615,1
28,36.99241524356874,1
29,6.19132105670103,1
30,2.1253274551272625,0
31,4.6146166180003725,0
32,4.855250835869147,0
33,17.106749222989084,1
34,2.0215188678206033,0
35,14.840854494165756,1
36,5.524999748602359,0
37,1.828629022924501,0
38,13.390733851143732,1
39,24.70297555505218,1
40,10.103540962262018,0
41,9.585698444422041,1
42,9.924338997338882,1
43,2.4582685160428617,0
