ID,Time,Event
0,26.18396225137848,1
1,42.94077966469338,1
2,25.656526348425864,1
3,63.19759970713922,1
4,31.710284055624268,1
5,19.399405387523714,1
6,37.251161339677196,1
7,9.49898020854906,1
8,5.8797857683145915,1
9,26.408780315228277,1
10,17.472782944076556,1
11,21.043439032831422,1
12,10.215797451338899,1
13,29.532158891451292,1
14,48.727064618030596,1
15,31.94687976713872,1
16,14.6021184641784,1
17,19.078808518288948,1
18,32.3925806320223,1
19,62.47623277610782,1
20,35.032514496544195,1
21,7.676099065731305,1
22,26.650075666118752,1
23,25.63731318311647,1
24,3.706088793994866,1
25,29.05632037752387,1
26,18.291938344494387,1
27,13.648935811465803,1
28,44.2087409757476,1
29,34.38275686147358,1
30,41.32478251316143,1
31,16.2459955737538,1
32,19.55344574629866,1
33,22.8148164562531,1
34,16.20013113988099,1
35,29.81910082824214,1
36,34.556336765401994,1
37,60.34583128767876,1
38,42.477379084618896,1
39,10.464724477470629,1
40,48.735098207226514,1
41,24.919268046827426,1
42,55.133049807340385,1
43,18.75406510633652,1
44,28.998433381132713,1
