ID,Time,Event
0,17.44769295955798,0
1,6.122117471319858,0
2,13.873912115422451,0
3,4.773106566608638,0
4,36.0,1
5,13.809061165607131,0
6,2.1065027479862333,0
7,28.43787129821457,1
8,15.900079978499347,1
9,31.342556793855394,1
10,22.73947023544786,1
11,9.44771389730061,0
12,10.01301369969509,0
13,4.505196389531313,0
14,35.79323500435504,1
15,29.74479972395638,1
16,5.992952040805466,0
17,24.648625842690564,0
18,32.34119333890612,0
19,12.580251272084068,0
20,36.0,1
21,3.5332037034315453,0
22,28.403918434851068,1
23,24.578270814626823,1
24,2.6497114639625092,1
25,1.3210665995029978,0
26,4.374275772944731,0
27,25.813667593172152,0
28,9.449514505287773,0
29,30.56018301161521,1
30,23.94419057341055,0
31,21.993443414316097,1
32,11.00415878435847,0
33,26.597131115368125,1
34,5.094990868634109,0
35,28.26636671803129,1
36,9.819330116598785,0
