ID,Time,Event
0,3.3987708846762743,0
1,4.908438748039702,1
2,5.104635430398643,1
3,5.129002707531128,1
4,4.035227991933911,0
5,6.0626304946704614,1
6,6.053970351319926,0
7,4.795322033411193,1
8,6.140133670293328,1
9,0.6192757342705707,0
10,1.4975163446524689,1
11,4.143786478253535,0
12,0.2519282972361057,1
13,8.18873338655341,1
14,6.487088250400008,1
15,6.365075737127887,1
16,1.3893298172208457,1
17,3.4990533574251703,0
18,6.56701380715617,1
19,5.403346483065379,1
20,6.054568559071897,1
21,2.699895197877997,0
22,2.839692586599401,0
23,5.745033512321023,1
24,6.301243567692165,1
25,5.9354704263104665,1
26,1.506405991425482,0
27,6.631904811427484,1
28,3.3856535304988893,1
29,5.439158594022392,1
30,5.996213776786227,1
31,2.510995117901429,0
32,2.3978084112732296,0
33,6.72705767538017,1
34,5.512962311902995,1
35,4.9111047284264435,0
36,7.4843101489958155,1
37,4.358418057769127,1
38,6.767513130274855,1
39,5.070309965134497,1
40,1.4572488987360461,0
41,6.699434390952102,1
42,1.9098491682501733,1
43,6.633884772958961,1
44,5.070958060090117,0
45,6.767109451609857,1
46,1.7372199531068162,1
47,0.8593507904106098,0
48,6.339272204226504,1
49,5.425067015633743,1
50,0.15019720636878023,1
