ID,Time,Event
0,16.310919267102456,1
1,26.240337359053623,1
2,25.4932117447407,0
3,36.0,1
4,17.201333905733073,1
5,12.899786620069134,0
6,36.0,1
7,22.73531869932808,1
8,4.563179269858995,0
9,16.475473900187723,0
10,33.632708239333624,1
11,34.74833115014552,0
12,34.85154298369354,1
13,36.0,1
14,6.966992932758519,0
15,36.0,1
16,28.575910516196465,1
17,10.68327966202018,0
18,36.0,1
19,29.01213667177837,1
20,0.2716384079538134,1
21,36.0,1
22,29.305922149947406,1
23,30.124325525853106,1
24,36.0,1
25,36.0,1
26,7.6992116649173,0
27,36.0,1
28,5.613487809664548,1
29,36.0,1
30,7.079767217071988,0
31,16.872549942495944,1
32,36.0,1
33,36.0,1
34,24.85314884178334,1
35,36.0,1
36,14.437241864870956,0
37,36.0,1
38,24.47583002006657,0
39,25.386615112923845,1
40,1.8677709981585058,0
41,36.0,1
42,36.0,1
43,36.0,1
44,34.78591116039226,1
45,36.0,1
46,30.580574802823328,0
47,18.02867197375415,1
48,3.0562117979568493,0
49,33.71365371534964,1
50,25.41452554752793,0
51,22.15871571867412,1
52,36.0,1
53,28.97392906045802,1
54,19.619376532488147,0
55,10.35954603678027,0
56,36.0,1
57,33.88666051813595,1
