ID,Time,Event
0,2.594880921737534,1
1,2.7869882719516412,0
2,4.298160150564716,0
3,2.958697825100767,0
4,7.931144773117083,1
5,8.334767395678307,1
6,0.045975852994167614,0
7,0.6816619724200002,0
8,3.1760350449930947,0
9,4.09795715454955,0
10,7.679925048322192,0
11,4.148496488892237,0
12,0.13804564442434464,0
13,7.443004909742943,1
14,4.7886871236560165,1
15,6.0919127356803395,0
16,5.317681692914216,0
17,3.587099698023922,0
18,1.2123253925544708,0
19,1.5670673288864714,0
20,2.1331224632646415,1
21,1.6855895317961624,0
22,4.924871396950114,0
23,8.91860204247475,1
24,6.38051322418729,1
25,0.8358240221887843,0
26,0.7060994258286403,0
27,7.722473027653003,1
28,5.366822708967144,1
29,5.1183757306823,1
30,0.14114615160587587,0
31,4.438315749826606,1
32,7.9703050099355535,0
33,4.579830161309283,0
34,0.0977026087298046,0
35,5.667582930954898,0
36,4.3970088875035565,1
37,7.412695295573074,1
38,6.088118035656135,0
