ID,Time,Event
0,35.95041162078245,0
1,9.105756945699868,1
2,17.358636858634668,1
3,18.424345474885648,1
4,14.809859963714468,1
5,13.155280217937978,0
6,4.923358455864285,0
7,0.8993889666890159,0
8,0.4079281598430978,1
9,4.707941555503131,0
10,52.622584303787676,1
11,2.501593057511123,1
12,0.23070496770523716,1
13,84.74232753148446,0
14,4.137312905764815,1
15,39.456020550739254,0
16,7.834355783980539,1
17,5.678076284170706,1
18,12.449707237278568,1
19,3.0799204394342166,0
20,0.183016439419838,0
21,12.154804459641054,1
22,14.235985612356494,0
23,25.831965515548195,1
24,20.383341087863084,1
25,2.4647248674197106,1
26,18.50853017423155,1
27,36.10798404207019,0
28,7.805111142481236,1
29,35.55257205218905,1
30,23.315133774211283,1
31,0.4485386486725859,0
32,2.7216471476059994,0
33,17.251212524381064,1
34,2.6934038899652606,1
35,8.8084644940655,1
36,4.9479515577651725,0
37,1.5376819075190553,0
38,19.01306230475833,1
39,1.0310249840335224,1
40,15.029723409697283,1
41,35.811212536477456,1
