ID,Time,Event
0,14.799409873737625,1
1,22.192568583100577,1
2,0.09943266298018304,0
3,0.022244154891345225,0
4,11.978772720816295,1
5,35.4773123918458,1
6,14.661218487168677,1
7,16.439902742318818,1
8,61.31021354874555,1
9,131.85316092398818,1
10,71.53245571401659,1
11,0.02802919661342657,1
12,49.38915468266154,1
13,1.5779858950046002,1
14,23.27658593234166,1
15,18.47789136860079,1
16,68.56096756836581,1
17,7.705388853288194,1
18,6.684586508766602,1
19,32.479674196035425,1
20,0.8054340466772634,1
21,2.9456128574897154,1
22,22.4233102498969,1
23,16.858830241450995,1
24,37.822341250298535,1
25,9.00395042067617,1
26,9.755763419674881,1
27,40.31267498373466,1
28,37.551030017747934,1
29,7.040420281492741,1
30,4.587436822631839,1
31,26.626238011500064,1
32,11.717174150304231,1
33,18.60309089934317,1
34,18.177300906919893,0
35,26.819448075588458,1
36,63.73458517605078,1
37,3.3451922435982695,1
38,31.904735765665883,1
39,24.470173985091623,1
40,41.31299904874398,1
41,13.037669926537653,1
42,10.20139871113088,1
43,17.785172333867052,1
44,5.756443000430909,1
45,16.23358551556379,1
46,2.3085485904053145,1
47,35.84748616315208,1
48,49.609938355555066,1
49,12.017072246936154,1
50,68.84005797683417,1
