ID,Time,Event
0,21.82313974730506,1
1,21.85223948924372,1
2,19.880618170104764,1
3,15.077997670971108,1
4,5.31351530289308,1
5,17.572766731805107,1
6,17.97113093037816,1
7,4.440637484947766,1
8,4.790881927664299,1
9,34.50368262270736,1
10,20.714887813011323,1
11,13.748555724412178,1
12,18.409983528516715,1
13,25.699197330235705,1
14,23.05924573850838,1
15,22.25368947641358,1
16,17.714249937201675,1
17,19.449435280055123,1
18,20.85391394481815,1
19,6.012239716702413,1
20,20.244118524258084,1
21,14.696675386329561,1
22,22.74820293477645,1
23,6.3610345640410015,1
24,20.868747040283182,1
25,22.601640843427912,1
26,13.569308865747006,1
27,23.017930009520708,1
28,22.632984427105146,1
29,1.7913935947135942,1
30,21.045857546159965,1
31,0.03738496821849827,0
32,19.646951304191663,1
33,18.43919396136529,1
