ID,Time,Event
0,5.462732584648282,1
1,3.6505071483897082,1
2,4.944841194591001,1
3,5.212966431864557,1
4,5.099961883476835,1
5,5.660748012518265,1
6,5.4288174288491575,1
7,5.676661690832345,1
8,0.6241760751580699,1
9,4.458606764325484,1
10,4.663744109805883,1
11,1.5605496981266977,1
12,0.1306819263568104,1
13,5.339266390026146,1
14,8.338536489296231,1
15,5.2279400742438895,1
16,1.2404001271302065,0
17,5.082760367179282,1
18,3.731521633965542,1
19,5.142077387290582,1
20,3.6048097551075626,1
21,5.223618053627187,1
22,8.338536489296231,1
23,8.338536489296231,1
24,5.5101083367089245,1
25,5.646887590557884,1
26,5.087299575941748,1
27,4.891270165329559,1
28,5.705897576996114,1
29,2.1311316190240497,1
30,4.197629189736193,1
31,4.94811044480019,1
32,4.631525174215346,1
33,5.24602816521001,1
34,3.0899851931054507,1
35,1.4887905541464668,1
36,2.6088990194937347,1
37,0.08860409415995912,0
38,1.9399694863093828,0
39,3.2719974843136512,1
40,4.223235362514919,1
41,4.969132689067664,1
42,5.222564971733714,1
43,1.8973434711810335,1
44,5.756877441492761,1
45,5.183242028964858,1
46,3.8777961240934378,1
47,3.0569848576422003,1
48,4.936517274424128,1
49,4.935070710381324,1
50,3.526500233334598,1
51,2.9444219868367165,1
52,5.190476294563023,1
53,5.034068282268662,1
54,5.262860562095449,1
55,3.2331230040974512,1
56,5.111750264718199,1
57,1.7958959749054215,1
58,0.17059371661798467,1
59,3.0007686208932105,1
60,5.222451335516117,1
61,4.876505761026232,1
