ID,Time,Event
0,4.3503466251740095,0
1,2.868060597837342,1
2,5.19858114760604,1
3,4.901901776523247,1
4,5.739753093072774,1
5,7.904015920484989,1
6,6.954692396016319,0
7,3.3662720436455222,1
8,2.4743701727217746,1
9,2.517598138640814,1
10,8.039674293759914,1
11,0.37705553960456695,0
12,10.02383598402577,1
13,7.313665643926248,1
14,3.380254251675575,1
15,1.2852568828707318,1
16,2.091386454061204,1
17,3.555223090899541,0
18,12.98695920654855,1
19,2.6893682600799576,0
20,4.053987903599156,1
21,0.711446113335547,0
22,7.97592903009456,0
23,5.907170260229343,1
24,6.454341277678788,1
25,3.439076804406099,1
26,5.608120964177087,0
27,3.623348442597816,1
28,5.439168798904621,1
29,7.110236694580325,1
30,4.925804831797071,1
31,0.7911136806315116,0
32,1.4113729893368676,0
33,4.708842635514587,1
34,9.393378835194524,1
35,2.407827854653298,0
36,8.953725776246035,1
37,5.46383230901353,1
38,1.683586680903483,0
39,3.825729070781507,1
40,6.28183125202568,0
41,2.0993509011204567,1
42,11.413377203574303,1
43,8.885803101064713,1
44,3.173284878057885,0
45,1.630880009903132,1
46,4.5854592487196095,1
47,3.4436715538929845,0
48,7.662432951474119,1
