ID,Time,Event
0,12.273627493721376,1
1,17.784372729865044,1
2,9.862707973774116,1
3,15.527619447235615,1
4,3.582757981101026,1
5,58.69651902787758,1
6,0.16919778117953485,1
7,48.731932345779995,1
8,9.980392865126829,1
9,5.21341342297295,1
10,9.38717421842017,1
11,5.414841767670251,1
12,15.608462295284617,1
13,18.625663679302555,1
14,32.68639854538174,1
15,3.852307066076917,1
16,54.551170258302015,1
17,12.765038323656887,1
18,6.043282519974609,1
19,15.327350901860612,1
20,1.3021043984115268,1
21,0.6645588604033196,0
22,21.225409843819026,1
23,13.407722678483461,1
24,38.09376608859137,1
25,8.24257367517236,1
26,9.043393126647075,1
27,20.48275645444205,1
28,9.133897751397816,1
29,0.38457163234255004,1
30,3.4414780914214402,0
31,17.59451349540479,1
32,11.010773283246529,1
33,24.226668043377035,1
34,0.1439924408580537,1
35,15.678900219520404,1
36,4.3427823089443685,1
37,6.16913456152137,1
38,53.34006013198937,1
39,24.362746729097882,1
40,65.83965064715281,1
41,30.324567357170622,1
42,38.91037550803486,1
43,2.514411301450841,1
44,5.248451486116061,1
45,4.142060006028845,1
46,19.918801187542936,1
47,21.21997132893405,1
48,2.2068493804577964,1
49,6.658788891183313,1
50,18.524805100041256,1
51,1.1917611980767202,1
52,0.25686962133973723,0
53,15.116481375529355,1
54,32.508590195071946,1
