ID,Time,Event
0,4.908941916349333,1
1,17.386776499610438,1
2,62.448547661169776,1
3,98.17222741781993,1
4,15.32694703445946,1
5,11.504810815208165,1
6,16.648882713144136,0
7,4.577787221215868,1
8,44.66364185955685,1
9,2.85325822914993,0
10,15.90543896701108,0
11,149.3740932211512,1
12,2.3015899105160478,0
13,57.35310494767519,1
14,23.02501665126662,1
15,90.76997955201075,1
16,40.50089066211646,1
17,66.25336553264056,1
18,0.6982544604669153,0
19,2.9285584114413186,0
20,0.08029630815174067,1
21,51.98427026557815,1
22,39.90980089456259,1
23,52.66998339982604,0
24,29.16370837334492,1
25,7.608736709209933,0
26,26.317532421075608,1
27,26.055492983953865,1
28,1.845093079064397,1
29,96.24124974541176,1
30,7.999529552121549,0
31,2.9261567141832256,1
32,65.03200010347908,1
33,136.6034812137219,1
34,9.177038273592688,1
35,34.56745056076575,1
36,4.497705264114515,0
37,54.87149545165596,1
38,94.92130226341884,1
39,40.4261120341492,1
40,60.4729380285358,1
41,51.635358584972046,1
42,21.099069202484888,0
43,78.98816890456888,1
44,17.34665291886476,1
45,7.728143518105613,0
46,198.12018586228763,1
47,5.32335156259984,0
48,22.709521500601866,0
49,31.853198580970243,1
50,23.077014167240307,1
51,9.119329805365659,1
52,139.62265207747902,1
53,5.596227639283905,1
