ID,Time,Event
0,27.233297318014444,0
1,48.33878973816756,1
2,26.807319787704056,1
3,42.20482459489589,1
4,3.7748012670758815,0
5,159.5399924837527,1
6,0.45988779547267644,1
7,132.45576141358467,1
8,8.76306932521431,0
9,14.170311154580837,1
10,25.514795920677006,1
11,14.717803188712525,1
12,15.326468525814937,0
13,50.62545944146228,1
14,88.84322042631548,1
15,10.470757900909241,1
16,129.19587073999602,0
17,34.69599478708089,1
18,16.42593570763588,1
19,6.257393552690552,0
20,3.5391830618945646,1
21,2.831211556856069,1
22,57.691695913673406,1
23,21.79952751405138,0
24,103.54070830955472,1
25,22.40371599479715,1
26,24.580382198945284,1
27,55.67312789428262,1
28,24.826378169262032,1
29,0.5656491914997487,0
30,7.021587682131293,0
31,2.8335760706243334,0
32,29.927817116635847,1
33,65.84926161824053,1
