ID,Time,Event
0,3.7474479026284286,1
1,7.05263150667002,1
2,13.366042217650454,1
3,16.75853225528668,1
4,6.621699765730878,1
5,5.736954400995978,1
6,7.44780259904089,1
7,0.7116060716906683,0
8,11.303650563302392,1
9,2.909330872556573,1
10,7.589682805357076,1
11,20.67184777240908,1
12,5.8328954907248765,1
13,12.809144485058512,1
14,1.4632123181040295,0
15,16.11434940058169,1
16,10.764006323107969,1
17,13.76720024915062,1
18,6.076799959831535,1
19,4.763070402782184,1
20,0.47928015401555896,1
21,12.194882865486031,1
22,10.685170040884742,1
23,12.45983612425848,1
24,9.134042554899926,1
25,8.56439890012075,1
26,8.676892972051256,1
27,8.633587692636034,1
28,1.4081442440961462,0
29,16.59289955458775,1
30,13.436661168863381,1
31,2.8932798873147814,1
32,13.639712391820451,1
33,19.768446457707533,1
34,5.123808958864717,1
35,9.94432552566337,1
36,4.043344645805357,1
37,12.528960945198294,1
38,16.478721013458614,1
39,10.754064695980006,1
40,13.152920396590872,1
41,12.153888726670012,1
42,9.837572936766144,1
43,15.03220467252816,1
44,7.044489103871481,1
45,16.1375935540234,1
46,23.80707392980046,1
47,5.009351001835611,1
48,17.429052164293136,1
49,9.545928602275836,1
50,8.125151463865656,1
51,5.107673389227687,1
52,19.98571079981798,1
53,4.001191552895182,1
54,13.679900902760997,1
