ID,Time,Event
0,15.73364454315245,1
1,29.610444255130233,1
2,56.1172730523568,1
3,70.36062846522768,1
4,27.80117912043876,1
5,24.086579360378817,1
6,31.269568454490457,1
7,15.193687468983669,1
8,47.458330208743924,1
9,12.214813653611813,1
10,31.8652519147788,1
11,86.79066750284085,1
12,24.489387629392624,1
13,53.779140221919434,1
14,3.4865473216853586,0
15,67.65602941006466,1
16,45.192636094884875,1
17,57.80153339092679,1
18,25.513419535671797,1
19,19.997731415778254,1
20,2.0122557473258254,1
21,51.200165348892945,1
22,44.86164228954501,1
23,52.31257051165764,1
24,38.349239945410645,1
25,35.957593413307684,1
26,36.42989930973522,1
27,36.248082272950505,1
28,9.645939362432447,1
29,69.66522025536531,1
30,56.413766427385475,1
31,12.14742365836075,1
32,57.2662761484194,1
33,82.9977408138904,1
34,21.51229075372975,1
35,41.7512096518927,1
36,16.975965797400416,1
37,52.60279078690504,1
38,69.18584212196377,1
39,45.150896214444586,1
40,55.22248196677856,1
41,51.02805162636954,1
42,41.303009348269484,1
43,63.11264923832199,1
44,29.576258410606677,1
45,67.75361989229707,1
