ID,Time,Event
0,9.718469470805038,1
1,0.35947090847257723,0
2,48.68556008711784,1
3,3.3187459262223964,1
4,0.11465504436106164,0
5,12.896146843333002,0
6,2.059064326618393,0
7,3.444183219482329,0
8,0.2691159059872993,1
9,6.920183016679602,1
10,2.952834289161525,0
11,2.0885720309082227,1
12,15.190604423176262,1
13,1.1943871955650318,0
14,1.8358545863877258,0
15,0.6962024328319493,0
16,8.358778463373012,1
17,1.5397972549395438,0
18,4.148137641031911,0
19,4.876237351351255,0
20,8.475947529029826,0
21,5.681080530143352,0
22,25.721706804993087,1
23,13.362409498899874,0
24,10.559044293167283,1
25,2.3055770576491903,0
26,3.1603936893785254,0
27,0.3670105807497489,0
28,76.28683078780391,1
29,2.136932720712033,1
30,17.0413972579292,0
31,17.228772228863164,1
32,2.897504207445646,1
33,9.408251401241387,0
34,0.03169595765708128,0
35,5.505592224270284,0
36,3.955835033439556,0
37,0.2916349434057862,0
38,2.8369734785510934,0
39,34.0190933990586,1
40,2.730471431110491,0
41,1.0055070765135135,0
42,4.448969943392761,0
43,10.564688672459338,1
44,2.3971177111355058,0
45,2.3619131731982805,0
46,3.914212765460973,0
47,6.380226872264323,0
48,2.3054801024941765,0
49,1.5646612253952046,0
50,0.46099597311717744,0
51,2.864590785703977,0
52,1.128560410592693,0
53,0.23970548767022315,1
54,4.2666639198926655,0
55,4.639321616959485,0
56,19.00786302949554,1
57,6.363964046425047,1
58,1.9561819174441395,1
59,0.055894118597905246,0
