ID,Time,Event
0,0.8132082625147586,0
1,1.161106126226671,1
2,3.814739842825189,1
3,2.7411469065114966,0
4,2.213135434495228,0
5,6.806242620370092,0
6,6.770931330054764,0
7,0.1355505368761179,0
8,0.133896530272883,0
9,0.747034367042218,0
10,5.357865895373869,0
11,0.048849498570397186,0
12,14.182839036354645,1
13,1.5080147636870311,0
14,1.6128501010301315,1
15,0.06132011991900187,0
16,0.3035564542179454,0
17,2.130100518568788,0
18,2.6857282725015055,0
19,2.539010430704511,0
20,2.319851403340054,1
21,0.835032632013883,0
22,1.4865131815296104,0
23,4.894987947919268,0
24,5.880295091866841,1
25,0.3086360455723706,0
26,7.1818363999419175,0
27,1.8531708962075615,1
28,4.175998597273203,1
29,6.828967895337563,0
30,2.507823928330853,0
31,0.09097556326240032,0
32,0.815605489159832,0
33,3.1298507218261244,1
34,12.45486274558969,1
35,18.41140379492048,1
36,3.401378282174438,0
37,4.213955975896117,1
38,1.046166775237641,0
39,2.0659684853582325,1
40,9.457447622211822,1
41,0.24867663868884118,0
42,17.603055812214016,0
43,9.09902601794024,0
44,3.5712189684493834,1
45,0.02224977210601057,0
46,2.8307325818310436,0
47,10.590418159073627,1
