ID,Time,Event
0,2.8078819192794504,1
1,5.28438473474967,1
2,10.014887264728376,1
3,12.556806908583377,1
4,4.961496872058385,1
5,4.298576245179759,1
6,5.5804779144605385,1
7,2.711519267791598,1
8,3.38492100192639,0
9,2.179898898267111,1
10,5.686785694146931,1
11,15.488969855333542,1
12,4.370462835244639,1
13,9.597615800290974,1
14,6.081138154581826,1
15,12.074134583994878,1
16,8.06523786827447,1
17,10.315466328851723,1
18,4.553215195419063,1
19,3.568865962044909,1
20,0.35911428622819597,1
21,9.137362812091956,1
22,8.006167541697668,1
23,9.335886576555637,1
24,6.843941158419779,1
25,6.417119449286786,1
26,6.501408832036642,1
27,6.468961119823201,1
28,1.721448495671508,1
29,12.432701896954596,1
30,10.067800522343026,1
31,2.1678722410811804,1
32,2.0096417091565617,0
33,14.812070727363125,1
34,3.8391595846729043,1
35,7.451068718888577,1
36,3.0295909694726304,1
37,9.387680314569767,1
38,12.347150377750998,1
39,8.057788821406803,1
40,9.855199679068445,1
41,9.106646787701811,1
42,7.371081305590436,1
43,11.263306870068853,1
44,5.278283807881154,1
45,12.091550927029868,1
46,10.93315749106937,0
47,3.7533987051596025,1
48,13.059213020138813,1
49,7.152558493545136,1
50,6.088000815379837,1
51,3.827069550223242,1
52,14.974862214734618,1
53,2.9980065657665316,1
