ID,Time,Event
0,13.369286788417613,1
1,20.04801654190326,1
2,0.1724310480783053,0
3,0.0018076306919696315,0
4,10.821218497506276,1
5,26.356263066854325,0
6,13.244449359459864,1
7,14.851252611483018,1
8,6.365609999745432,0
9,119.11169008707115,1
10,64.62000331631769,1
11,0.013646158232323036,0
12,44.61649341584599,1
13,1.425499135329128,1
14,21.027281184836227,1
15,16.692302670151054,1
16,61.935661336027934,1
17,6.455601274303871,0
18,6.038629571053147,1
19,29.34104013780511,1
20,0.727601901092869,1
21,2.6609671193250497,1
22,18.88023047403461,0
23,15.229697558088054,1
24,34.16742501888244,1
25,0.11961909268866579,0
26,2.3454132787587674,0
27,33.632297904426075,0
28,33.284423532401235,0
29,6.3600777772429335,1
30,0.9629848446125704,0
31,17.535178260356453,0
32,10.584899188665307,1
33,8.066390828587659,0
34,18.351089111787648,0
35,24.227783127075636,1
36,57.57567057261699,1
37,2.423229891619209,0
38,28.82166018773472,1
39,21.396519782510534,0
40,37.32076732008175,1
41,11.273820913621403,0
42,9.215598876961037,1
43,16.06652370205952,1
44,5.057841100931799,0
45,14.664872600562871,1
46,2.0854647876801584,1
47,32.383407666104134,1
48,44.81594192536742,1
49,10.855816995211615,1
50,57.89790205223648,0
51,2.1177229062211724,1
52,5.496561813070831,1
53,5.84470719456274,1
54,15.013579462143188,1
55,18.399264213803157,1
56,9.101103714575544,0
57,2.4490667268989483,1
58,39.285874498370426,1
59,9.781476224060198,1
60,2.233089447295972,1
61,15.16457886626593,1
62,0.867291074440673,0
