ID,Time,Event
0,2.9315902721569347,0
1,8.520169382827866,1
2,12.55507397525048,0
3,6.220601197194975,0
4,5.726683743732157,0
5,1.1118153068302632,0
6,4.139806203029056,0
7,7.608918852346101,1
8,12.952886603083753,1
9,7.231710748295996,0
10,24.762350749269128,1
11,2.7730214178733767,0
12,17.53875877380525,1
13,18.828340597560725,1
14,3.662040865893143,0
15,2.6198518473350734,0
16,14.170689662441246,0
17,24.652866180620148,0
18,1.0386677115613216,0
19,6.191392289938404,0
20,5.39609428741348,1
21,5.543551336863489,0
22,24.718130400698207,1
23,20.38008368947978,0
24,0.9593136793666622,0
25,19.15742001313628,1
26,0.1219198306153746,0
27,15.506252151135575,0
28,8.326712156812935,0
29,4.739399649571088,0
30,5.275713360754273,0
31,6.321326374605083,0
32,20.961088124846828,0
33,16.81422236333525,1
34,15.492415903124234,0
35,15.463353660055386,1
36,0.7121401257734092,0
37,8.26019417920254,0
38,33.075800041966446,0
39,2.6308633850639693,0
40,12.414572031104786,0
41,2.0824001259466036,0
42,13.872772615958386,1
43,25.62876815066393,1
44,12.46971082429072,1
45,2.3539552503150882,0
46,19.463411369593814,0
47,7.2425144765781235,0
48,1.7174447927815504,0
49,0.22794814087081533,0
50,8.920099565121191,0
51,12.763690786525709,0
52,13.251824680381045,0
53,27.061362511046845,0
