ID,Time,Event
0,5.94293018698782,1
1,8.611250879743968,1
2,0.6946520307798785,0
3,7.5185236306252285,1
4,1.7347830190747502,1
5,28.42104463251176,1
6,0.0819261136821694,1
7,22.29714775190828,0
8,4.832538551988953,1
9,2.5243516657551246,1
10,4.545300161806382,1
11,2.6218839226880437,1
12,7.557667999502177,1
13,7.97296141363978,0
14,15.82686004758046,1
15,1.8652995590950197,1
16,26.413853331414682,1
17,6.180872902532221,1
18,2.926176970486133,1
19,6.886501174053843,0
20,0.3591983327872074,0
21,0.5043625035251519,1
22,10.277412195909362,1
23,1.2494850861890918,0
24,18.445124926575506,1
25,3.9910808713814605,1
26,0.5763246309630159,0
27,9.917817019303667,1
28,4.422662876106553,1
29,0.123311556074544,0
30,0.44477497534331656,0
31,8.519320423460409,1
32,5.331452087865546,1
33,10.603514421113513,0
34,0.06972160625790065,1
35,7.591774270567008,1
36,2.1027892603506806,1
37,2.9871149366403853,1
38,25.82742988544388,1
39,11.79652087765907,1
40,31.879772099312753,1
41,14.683253736229602,1
42,18.840529852484487,1
43,1.2174860963916068,1
44,2.5413172094180148,1
45,2.0055988711353816,1
46,9.64474805240859,1
47,10.274778849386598,1
48,0.5901959900051913,0
49,3.2242071490629853,1
50,8.969770631658726,1
51,0.5770546322473955,1
52,0.8248473807439972,1
53,7.319449244620521,1
54,15.74076466843561,1
55,22.648152200706782,1
56,5.93087965513877,1
57,9.270821768981415,0
