ID,Time,Event
0,13.410053106629439,1
1,21.992016724409083,1
2,13.139928081202267,1
3,5.504208455490876,0
4,16.240345488194368,1
5,9.935358674374445,1
6,11.722888877157727,0
7,4.864879800564131,1
8,3.011318098144279,1
9,13.18013813100993,0
10,8.948643637321931,1
11,10.777346540114715,1
12,5.231996022367168,1
13,2.785184584259812,0
14,24.955448605703438,1
15,16.361517411135196,1
16,7.47843974849978,1
17,6.436006521005591,0
18,16.58978203397488,1
19,9.80570992425407,0
20,4.604718206246285,0
21,1.87830717995255,0
22,8.204445169335475,0
23,4.082703611258858,0
24,1.89806443609347,1
25,14.881124392291731,1
26,2.0253713123125463,0
27,6.990269552160572,1
28,16.745016763456885,0
29,17.034439874001112,0
30,21.164387681327014,1
31,8.32034744484234,1
32,3.411697980634122,0
33,11.684553214640017,1
34,6.489086261396036,0
35,15.27178056016381,1
36,17.697944518317346,1
37,30.905971929014267,1
38,21.754687235129264,1
39,5.359483398343891,1
40,24.95956298903167,1
41,1.9253818725475462,0
42,15.005381413582993,0
43,9.60484920604095,1
44,14.85147770672382,1
45,26.975079555553673,1
46,20.732072166162297,1
47,18.575601262905675,1
48,14.904731182674123,1
49,7.629624239451263,1
50,12.379562587246568,0
51,21.84851079860401,1
