ID,Time,Event
0,0.34653932570742035,0
1,3.2796617209466468,1
2,1.0702130072529326,0
3,18.51819377384341,1
4,2.144505192947718,0
5,0.6470581958967117,0
6,3.657488587541975,1
7,0.8635064421744186,1
8,8.424887530367744,1
9,0.5581011225727234,1
10,3.798165780904419,1
11,28.176384256708083,1
12,1.41350640293779,0
13,2.2414969525385833,0
14,2.868684578251939,0
15,17.121910283629035,1
16,7.6396691918001585,1
17,11.640829565787923,0
18,2.4348742979867968,1
19,1.4958934712142553,1
20,0.015146265219691557,1
21,9.805775169720597,1
