ID,Time,Event
0,0.16201416096502239,0
1,4.750703281954228,1
2,11.149805183142167,1
3,3.2116922101211887,0
4,14.831564422079646,0
5,1.425905143473103,0
6,1.7119248219327403,0
7,1.1238725183729508,0
8,10.979803700088318,1
9,7.660103021101924,0
10,0.2722857417889147,0
11,0.8546174291147248,0
12,20.130713062251772,1
13,10.595847188649165,0
14,2.7411035176681877,0
15,60.5688153999846,1
16,35.88427633950686,1
17,61.44016186561253,1
18,0.7202480988299067,0
19,3.014896594665905,0
20,0.28195076991379386,0
21,13.523004252566917,1
22,39.98459365556451,1
23,1.9798112366859997,0
24,14.10752435871443,0
25,9.357270455389754,0
26,3.9044422752113834,0
27,24.974783373163724,1
28,9.463510718439885,0
29,10.971177884534345,1
30,4.72698974346271,1
31,8.249456193547715,1
32,20.24729076303724,0
33,3.8832878199073044,0
34,41.5791046530831,1
35,15.648359905794,1
36,0.5183797042938839,0
37,20.931841568815152,0
38,76.4544014988889,1
39,9.113870563255917,0
40,21.696549547208278,0
41,3.372263031471864,0
42,3.8074215878963535,0
43,15.73418823389874,0
44,0.1305683403649362,0
45,2.3890787792065264,1
46,25.991627597427897,1
47,5.466322407277353,1
48,4.355855021770773,0
49,1.7255641061128228,0
50,0.17077629259101673,0
