ID,Time,Event
0,25.718444888783964,1
1,27.467718238291997,1
2,27.57179931175073,0
3,15.911583911194956,1
4,36.0,1
5,7.062116830857789,0
6,22.46976527437414,1
7,4.880635042459594,0
8,0.5244832293132298,0
9,36.0,1
10,14.65899690526585,0
11,2.355707343239878,0
12,32.7204404278363,1
13,16.221043279863437,0
14,32.4267345442179,1
15,6.523424144315525,0
16,36.0,1
17,6.183972542946043,0
18,31.52921207176432,1
19,13.55091270916461,0
20,29.85988970834881,1
21,29.448798119057276,0
22,36.0,1
23,29.987890710783137,0
24,28.437985199742418,1
25,22.329806701808245,0
26,20.078518309035818,0
27,17.585948631022898,0
28,17.361115002556666,1
29,6.587757041426099,0
30,23.063748172822287,1
31,36.0,1
32,3.5788002455750685,0
33,36.0,1
34,35.05243570938803,0
