ID,Time,Event
0,32.280928117116076,1
1,39.53007141629615,1
2,2.4811834018121277,0
3,1.8649268965148154,1
4,29.042231041258823,1
5,49.98033580092486,1
6,32.12986098593568,1
7,26.77949692134099,0
8,40.94573902052578,0
9,96.35385311277174,1
10,10.665347903818606,0
11,0.4721931639880389,0
12,14.11589175363012,0
13,10.540843661616695,1
14,40.48400353467425,1
15,36.07032192614798,1
16,15.782999464667874,0
17,23.29276760937,1
18,21.695071594798602,1
19,41.91541328323735,0
20,7.530759971512991,1
21,14.401629933638286,1
22,3.3383532070562434,0
23,34.45383205400297,1
24,3.0224468319800994,0
25,25.179109184959742,1
26,26.209240959161267,1
27,53.27759622899832,1
28,42.81482513182005,0
29,22.265020856443215,1
30,17.97251528972352,1
31,43.29908496316129,1
32,28.723360965338966,1
