ID,Time,Event
0,3.0395946998988164,1
1,4.889975178836454,1
2,7.7165862656780675,1
3,7.212027614894084,1
4,3.2055264645022183,1
5,6.509633883707588,1
6,6.796426254329389,1
7,4.23680315544008,1
8,7.52010465923473,1
9,3.5757163662377573,1
10,6.267568371435038,1
11,7.05135420439129,1
12,6.494702328040481,1
13,7.219603449847564,1
14,7.52849673458433,1
15,8.744366897667826,1
16,5.325217097052291,1
17,7.329494676019656,1
18,6.471217321703408,0
19,5.406509309266124,1
20,0.05062073152251212,1
21,9.083460763672655,1
22,5.46125722185931,1
23,5.6137694452996865,1
24,8.128778501736392,1
25,7.2169212597760914,1
26,6.746350844331851,1
27,7.627100560730161,1
28,1.0460923455501887,1
29,7.452912789953147,1
30,1.8027218242684246,0
31,3.1442564664290296,1
32,7.352986723518037,1
33,8.439348675077477,1
34,4.631467930053763,1
35,7.2947445410397975,1
36,5.458953235332853,1
37,7.538722214896627,1
38,7.489074983667868,1
39,4.730881165064,1
40,7.822133161002519,1
41,7.347315362767291,1
42,7.399111642294141,1
43,7.784064101344763,1
44,4.527528957603625,0
45,7.584810529421539,1
46,8.050515420188255,1
47,3.359703697888042,1
48,7.906513884938287,1
