ID,Time,Event
0,73.01780409661914,1
1,10.958435081554668,1
2,20.890464818464302,1
3,22.173004947382953,1
4,17.823107946662496,1
5,29.314532082768814,1
6,1.4431475022650746,0
7,19.80064884952897,1
8,0.49092615630265535,1
9,7.862619921366848,1
10,63.3292956703637,1
11,3.010572902909445,1
12,0.27764472812816693,1
13,160.3819799481267,1
14,4.979100052886083,1
15,52.49223384414053,1
16,9.4283517313842,1
17,6.833350672464868,1
18,14.98275314810663,1
19,29.458689013587346,1
20,15.017422842715625,1
21,14.627848776797116,1
22,28.284488685640635,1
23,28.950120254932155,0
24,24.5305822886057,1
25,2.9662034265330792,1
26,22.27431805821422,1
27,54.94107520364851,1
28,9.393156908233909,1
29,42.78617968165674,1
30,28.05888422083503,1
31,1.4309941918487175,1
32,5.435941821577845,1
33,20.76118368345078,1
34,3.241410006065406,1
35,10.600654827710978,1
36,9.655626300188466,1
