ID,Time,Event
0,9.622191931762869,1
1,12.117094109886724,0
2,32.50541554646311,0
3,23.52670591757866,0
4,17.0023086953877,1
5,2.9188599558605133,0
6,7.275964960825364,0
7,7.192959905518956,0
8,17.115455981534517,0
9,3.6991428698156397,0
10,7.658115724374808,0
11,35.537746036282435,0
12,8.430840607796046,0
13,15.81218527127671,0
14,20.839152132853304,1
15,41.376255739040545,1
16,27.638365492154946,1
17,7.254878781155038,0
18,1.4556543466053509,0
19,0.23971254224626892,0
20,0.45321905005261776,0
21,16.525105152461826,0
22,27.435940306148638,1
23,26.015294469489618,0
24,21.329587491019247,0
25,5.580206108686227,0
26,15.147382059710164,0
27,11.887565189661549,0
28,4.388435568749051,0
29,14.827385127276484,0
30,34.50084859036616,1
31,2.5460339537494927,0
32,35.02221616905931,1
33,50.75875394436409,1
34,5.179143162793388,0
35,6.683019282784528,0
36,3.621761630573453,0
37,27.09100208984088,0
38,31.48027743287692,0
39,22.64636708539084,0
40,16.235930654010556,0
41,23.132511222016095,0
42,23.27488417753949,0
43,38.597670274523985,1
44,7.030712827487751,0
45,41.435938945190145,1
46,29.46172514643042,0
47,6.72764233817694,0
48,44.75197240124624,1
49,3.073880181396615,0
50,11.573303683036784,0
