ID,Time,Event
0,5.072747856431994,1
1,13.643079025606394,1
2,4.870440665916294,1
3,29.551104056369763,1
4,7.439997821967109,1
5,2.7845138393774413,1
6,10.26720367270893,1
7,0.667615650854323,1
8,0.25579706027384425,1
9,5.160232044517517,1
10,2.2588984502704674,1
11,1.0449758661382171,0
12,0.46416536342859005,0
13,6.45301888976517,1
14,17.56762462226118,1
15,7.551434125406564,1
16,1.5776268120481445,1
17,2.693239914677741,1
18,3.7947153040787223,0
19,28.880334053682652,1
20,9.08061294208057,1
21,0.11191046118540209,0
22,1.480866839205275,0
23,4.86314883361917,1
24,0.10162584842528026,1
25,5.56813244000951,0
26,2.4756657099383217,1
27,0.08942018904595676,0
28,14.460684044123548,1
29,8.746895457942014,1
30,12.635536798094938,1
31,1.9528334468634911,1
32,0.1976202942039877,0
33,1.4339207763612771,0
34,1.94182283532465,1
35,4.708497169303725,0
36,8.83543505813235,1
37,26.94431159029097,1
38,13.3502060346913,1
39,0.8102669792105098,1
40,17.573417818077495,1
41,4.594551320948719,1
42,9.081153974173784,0
43,2.602336076056133,1
44,6.221879786758682,1
45,20.526161844014446,1
46,12.12460794337264,1
47,9.733477755373189,1
48,6.2665798193253055,1
