ID,Time,Event
0,32.820670890002525,1
1,27.151086974446255,1
2,28.23635124283564,1
3,28.371139124424005,1
4,36.0,1
5,33.53551226863479,1
6,33.91018404007359,1
7,26.525380529933965,1
8,33.96422200102631,1
9,17.249825394279508,1
10,8.28352936777549,1
11,36.0,1
12,1.3935443550789783,1
13,36.0,1
14,35.88340536343887,1
15,35.20849170354137,1
16,7.685094312039604,1
17,21.28729358665928,1
18,36.0,1
19,29.888674962760224,1
20,33.490917576543254,1
21,13.74684372260076,0
22,20.46766236120908,1
23,22.01056556100585,0
24,34.855403303526394,1
25,32.83212484690164,1
26,15.83201833054116,1
27,36.0,1
28,18.72778253749798,1
29,30.086770077978017,1
30,33.16812740831596,1
31,26.02600032022593,1
32,29.496801723059196,1
33,36.0,1
34,30.495016216124085,1
35,32.82799207485577,1
36,36.0,1
37,24.10864102251389,1
38,36.0,1
39,28.046479525846735,1
40,25.70203795619168,1
41,36.0,1
42,10.56435325712144,1
43,36.0,1
44,35.897221279823455,1
45,36.0,1
46,9.60945271230776,1
47,22.54678938243675,1
48,35.06575915618439,1
