ID,Time,Event
0,2.1103522281671525,1
1,7.47456848173187,1
2,26.84660644763959,1
3,42.204202536053266,1
4,6.5890485926192985,1
5,4.945913712617727,1
6,8.335661188509507,1
7,1.9679889530150514,1
8,19.200882333207872,1
9,1.2719497970654015,1
10,8.656273923929646,1
11,64.21586480985196,1
12,5.112721418966984,1
13,24.6560775990281,1
14,9.898445738735127,1
15,39.02197904609331,1
16,17.411317206033395,1
17,28.48229617663926,1
18,5.549241425868138,1
19,2.381103940816307,0
20,0.03451935176850511,1
21,22.348017649023532,1
22,17.157207943943824,1
23,23.329659490905776,1
24,12.537466931993283,1
25,11.02243416069132,1
26,11.31389699269073,1
27,11.201246340183358,1
28,0.7932047999205232,1
29,41.37407598272503,1
30,27.131041819168036,1
31,0.18408210437283126,0
32,27.957231651786604,1
33,58.72578365505616,1
34,3.945205198731338,1
35,14.860533605013755,1
36,2.4567743078580753,1
37,23.589234638038327,1
38,40.80663107154976,1
39,17.379169902838708,1
40,25.99729263190022,1
41,22.19802065269561,1
42,14.543189727636925,1
43,33.956983212905065,1
44,7.4573193699127485,1
45,39.13463479421554,1
46,85.17179115256326,1
47,3.770914332802428,1
48,45.649001110867815,1
