ID,Time,Event
0,1.8635526804630513,0
1,4.88093779386909,0
2,4.827253240648569,1
3,5.286567170381708,0
4,2.9094488855116984,1
5,11.776281238349512,1
6,0.086471160075543,0
7,8.509321953742951,0
8,0.8711899249280408,0
9,1.559960326217588,0
10,4.709441805571379,1
11,2.247883854010734,0
12,3.1648872174556852,0
13,6.315574133588875,0
14,8.6156194667745,0
15,0.01562417529575922,0
16,11.352827303352393,1
17,5.49177906450542,1
18,3.7786654660067613,1
19,6.017769457092675,1
20,0.9042169959412054,0
21,1.5687709781757202,1
22,4.841564161730382,0
23,2.3577277243479524,0
24,8.85535080315986,0
25,3.2031697097051186,0
26,4.6224018777081755,1
27,6.956586605721208,1
28,4.6454743714674045,1
29,0.4890024293834485,0
30,1.2589690507749165,0
31,2.291526508221636,0
32,2.1841280826879195,0
33,6.878573557742805,0
34,0.5832729587427108,1
35,6.0863902301006,1
36,1.8908286507660967,0
37,3.619755906659974,0
38,5.87955665407059,0
39,4.349825617411116,0
40,8.203774155201858,0
41,8.464460884445645,1
42,1.448407404718406,0
43,2.4373626720144466,1
44,2.694755968298194,0
45,0.6210362727936749,0
46,1.5532989913507904,0
47,1.9225763971096956,0
48,1.8615833847516785,0
49,3.9664283981340795,1
50,0.09441456530872179,0
51,0.5706403398846099,0
52,0.6905565917649298,0
53,4.843895305820931,0
54,8.76397365847792,1
55,10.512464397298391,1
56,4.823004097472825,0
57,3.797952917317939,0
58,5.594147762711073,1
