ID,Time,Event
0,39.181662922094716,1
1,20.184609739051584,1
2,0.19438808599259763,0
3,34.498216116107606,1
4,40.39477975798289,1
5,55.626257285686584,1
6,49.56281580158613,1
7,23.690882796444313,1
8,17.41392644353437,1
9,2.6694900661336103,0
10,56.58098304163947,1
11,4.972274277687393,1
12,70.544959049466,1
13,12.968509779614944,0
14,23.789285672795554,1
15,0.8304391475370867,0
16,14.718593958787212,1
17,27.518511029832915,1
18,63.304458846309416,0
19,31.959361099816903,1
20,28.53083501188478,1
21,25.2133667113007,1
22,64.6041811870237,1
23,34.97789654542836,0
24,45.42385189170486,1
25,24.203262375943215,1
26,68.90188863701104,1
27,25.50011471779407,1
28,38.27935141729602,1
29,40.02036308779144,0
30,34.66643914550834,1
31,3.395992633428049,0
32,14.307843857695426,0
33,33.13951978285902,1
34,66.10797765655207,1
35,80.37627037484796,1
36,63.01382217666191,1
37,38.452926315510815,1
38,21.918438438382793,0
