ID,Time,Event
0,19.638296583906936,1
1,5.776712113777422,0
2,39.0504062525036,1
3,45.837792531585954,1
4,60.02363037147904,1
5,60.855518757893364,0
6,27.117678426244215,1
7,12.636133995456182,0
8,26.700877324266177,0
9,41.32976545101407,1
10,74.08230935225836,1
11,32.542956473456826,1
12,52.47126035374592,1
13,56.329343157347374,1
14,36.24122293786133,1
15,26.954308415521382,0
16,68.78660982893388,0
17,91.66807097548522,1
18,14.863767713302911,1
19,21.365123564586195,1
20,16.1436662593885,1
21,35.58599897632997,0
22,73.95001393428022,1
23,20.021327296449446,0
24,48.28830872525268,1
25,57.313860472079625,1
26,53.75480394436995,1
27,58.44438348127448,1
28,40.616606021894405,1
29,38.736336525109095,1
30,8.095576042052869,0
31,33.58958027629151,1
32,64.35209883970091,1
33,50.30364181700431,1
34,75.41009420652897,1
35,46.26220511400402,1
36,33.27696615729467,1
37,56.099957220048516,1
38,80.22727003349952,0
39,53.1946751425178,1
40,55.54296666521852,1
41,29.682622155753005,1
42,41.503613405496296,1
43,76.67439774516686,1
44,1.5672930207578857,0
45,18.076200593832574,1
46,6.580368627023107,0
47,0.26810356963763915,0
48,27.803351564301636,1
49,15.503420249810356,1
50,21.76117357191718,0
51,46.33993041621047,1
52,47.697246741396036,0
53,89.00329560220564,1
54,0.43924588386258745,0
55,72.38893179778124,1
56,32.02610465133927,1
57,3.8818798097533564,0
58,28.606473647766542,1
