ID,Time,Event
0,38.118123649174805,1
1,55.23280864494171,1
2,30.630546857670378,1
3,48.2240249160111,1
4,11.126947742103036,1
5,182.29339054206517,1
6,0.5254764288281358,1
7,151.34643965444695,1
8,30.996040045606644,1
9,16.191263552100587,1
10,29.153684821959192,1
11,16.816838228662025,1
12,48.47509801397336,1
13,57.845600376807084,1
14,101.51393156069277,1
15,11.964084550751418,1
16,169.41920831285313,1
17,39.64429501029911,1
18,18.768582512474794,1
19,28.084815380367864,0
20,4.043937009508828,1
21,3.234995476721811,1
22,65.91961482821523,1
23,41.640275556164745,1
24,118.30755713993085,1
25,25.59890649267131,1
26,28.086006161256908,1
27,63.61316111359568,1
28,28.367085775155548,1
29,1.1943615724933205,1
30,15.80038712652562,1
31,54.643164077449676,1
32,34.19608568848338,1
33,75.24060254862428,1
34,0.44719637026474524,1
35,48.69385660893515,1
36,13.487350265312541,1
37,19.159440364697748,1
38,165.65787161177033,1
39,75.66322122195277,1
40,204.47776712063992,1
41,94.17880807606987,1
42,120.84369560749893,1
43,7.6430329627274425,0
44,16.300081032833152,1
45,12.86396833803839,1
46,61.86168897487706,1
47,65.90272446854289,1
48,6.853797510347085,1
49,20.680156574551418,1
50,57.53236455493379,1
51,3.701244862760895,1
52,5.290594616059907,1
