ID,Time,Event
0,3.4850552863128748,1
1,2.1382193601467745,0
2,3.2809597034917632,0
3,2.0210496740806865,0
4,3.871705017585586,0
5,0.10182570977915062,0
6,2.5194988006397288,0
7,0.9041377704359025,0
8,1.79908629395468,0
9,1.485040901802192,0
10,2.954433058749627,0
11,2.126728565306474,0
12,4.433881767604346,1
13,0.04924975493115997,0
14,0.4949180314163027,0
15,2.7614922831500963,0
16,6.095164509849974,1
17,3.112543266120857,0
18,3.9612843714070527,0
19,0.03902115398227571,0
20,0.73320645978781,0
21,1.415019831925988,0
22,1.254853959063929,0
23,5.202079049345486,1
24,0.38308817710318643,0
25,5.704382072150241,1
26,2.0706453176097894,0
27,5.058296666076774,1
28,0.09883568069247647,0
29,1.1323946509050609,0
30,1.583136833530257,0
31,4.589166294866509,0
32,5.037691702452377,1
33,5.196357401125167,0
