ID,Time,Event
0,5.809271646672449,1
1,5.817017933766203,1
2,5.292176689111511,1
3,4.013729709510861,1
4,1.4144460490415356,1
5,4.677831728648063,1
6,4.783875399293833,1
7,0.8426989533803084,0
8,1.275322197777365,1
9,8.803846054924575,0
10,0.005071953936037718,0
11,3.4439084894441025,0
12,4.90069699256387,1
13,5.533356811331218,0
14,6.138320333989138,1
15,5.923883034527466,1
16,4.715494245733494,1
17,5.177396755211075,1
18,5.551265876705005,1
19,0.24465205374736643,0
20,5.388939681301901,1
21,3.9122225587496584,1
22,2.429631113620302,0
23,0.8119134286292315,0
24,5.555214413987687,1
25,6.016506920651226,1
26,3.612120078572086,1
27,6.127322178098241,1
28,3.3332487863244356,0
29,0.4768650220958898,1
30,5.6023608398471865,1
31,0.021844460588989912,0
32,5.186444522238606,0
33,4.160541168759661,0
34,3.4556187019147493,1
35,1.3647178698406843,0
36,2.4423033504628857,0
37,4.237554968986927,1
38,3.119713090489917,1
39,5.586925049020717,1
40,4.962839041581163,1
41,5.7936465915659365,1
42,2.6533931425599517,0
43,4.262493343868309,1
44,5.796037879734372,1
45,2.1105720804763624,0
46,5.2455422425724505,1
47,3.6710724275706106,1
48,0.23589889311461867,0
49,6.356093727451141,1
50,1.4023090948408845,0
51,5.926167318368047,1
52,4.614540525415955,1
53,6.514273427267451,1
54,4.745145855085666,1
