ID,Time,Event
0,36.0,1
1,24.510898386359518,0
2,6.588061049254743,0
3,2.81567266756469,1
4,33.37756391044323,0
5,26.441408584394257,0
6,4.1375747981125865,0
7,15.853577569768223,0
8,7.101915981793074,0
9,36.0,1
10,33.91607197823392,0
11,0.3510584850066016,0
12,3.797830064528263,0
13,5.509657733740441,0
14,24.19181560642894,0
15,11.503317247691626,0
16,36.0,1
17,35.579838080635156,1
18,27.243600873825216,1
19,15.962207878060095,0
20,4.853657313658234,1
21,18.813619945147288,1
22,15.308230494566718,0
23,36.0,1
24,28.28828522569707,0
25,11.312986063043999,0
26,35.82347418847167,0
27,36.0,1
28,10.753060781481214,0
29,22.647893455429532,0
30,17.996249292755294,0
31,19.30693031102915,0
32,19.863197388682153,1
33,36.0,1
34,25.173125264330693,0
35,11.508999959627992,0
36,34.04695143913157,1
37,16.561625015127458,0
38,36.0,1
