ID,Time,Event
0,4.609650738186901,1
1,1.2233282556269705,1
2,4.0191666654620795,1
3,3.5735146764525805,1
4,4.899511509783278,1
5,9.290989588812176,1
6,7.37588669752251,1
7,1.6852517292200728,1
8,0.9105330294351586,1
9,0.9426254873929877,1
10,9.612653111020313,1
11,0.046833962554386085,0
12,14.942878472759615,1
13,7.954933705343292,1
14,1.6992805878071786,1
15,0.24566666903400405,1
16,0.6504814890827457,1
17,2.2737994436032327,1
18,25.08310599982547,1
19,3.0668919143181315,1
20,2.444169147383988,1
21,1.9088155918623304,1
22,12.532091178964587,1
23,5.189497867506249,1
24,6.195412266648378,1
25,1.7589362956207597,1
26,14.254912165666441,1
27,1.9524798540195585,1
28,4.39978479495646,1
29,7.518556667429884,1
30,3.60845057833952,1
31,0.4603385646052208,1
32,3.0118263155599148,1
33,3.297575249514188,1
34,13.12230223618778,1
35,19.39804637951491,1
36,11.92268140907209,1
37,4.439776258897695,1
38,1.52173185711975,1
39,2.176680982286188,1
40,8.657604124219493,0
41,0.6554452680419796,1
42,19.372902910035947,1
43,11.742477368651716,1
44,3.762595832073201,1
45,0.3955581888703828,1
46,3.127029923175646,1
47,11.15794454982537,1
48,8.73171868630915,1
49,0.07214857213497465,1
50,32.0585602647235,1
51,10.548975926336146,1
52,11.765678299921275,1
53,2.2664285722339046,1
54,1.117780400536967,1
55,29.865589561424557,1
56,0.5290262680426353,1
57,1.5606829462114287,1
58,5.261865733983268,1
59,2.0447455185583814,1
60,3.592581444561363,1
61,5.873911420057671,1
62,1.9794956553241643,1
63,5.457641033068849,1
64,7.811412799941193,1
65,1.8376425473283855,0
66,8.757287153848045,1
