ID,Time,Event
0,5.101554985669596,0
1,20.125693467367974,1
2,27.261515751599383,1
3,28.73972305729202,1
4,28.11671512748346,1
5,31.208397810208293,1
6,29.929736067362178,1
7,31.296131869797453,1
8,3.441159227379522,1
9,24.58084572438939,1
10,25.711793060205242,1
11,8.60350181178133,1
12,0.720465481828321,1
13,29.436030211223443,1
14,36.0,1
15,28.822274583522937,1
16,21.17793514827641,1
17,28.021881059200318,1
18,20.572336258859277,1
19,28.348903063440012,1
20,19.87375813562649,1
21,28.798446753976087,1
22,36.0,1
23,36.0,1
24,30.377902808794634,1
25,31.131983604629745,1
26,28.046906273622398,1
27,26.966172099383062,1
28,8.413835853132047,0
29,11.749189895988362,1
30,23.14204435939052,1
31,27.279539528818198,1
32,25.5341661181991,1
33,28.921996446649434,1
34,17.035467206954575,1
35,8.207884853226977,1
36,14.383180149861886,1
37,33.30613686782153,1
38,14.842131791339225,1
39,18.038923283397384,1
40,23.283214329279346,1
41,27.395437738827162,1
42,28.792640984387763,1
43,10.460287174111006,1
44,31.738371137773814,1
45,28.575848779844364,1
46,21.378765456432046,1
47,16.853532311649232,1
