ID,Time,Event
0,15.451874318166096,1
1,12.652715234788577,1
2,16.522630077407744,1
3,5.162024833094669,1
4,13.08695744501998,1
5,11.160414772866387,1
6,13.92489925360898,1
7,7.8608537717721925,1
8,14.456334150422736,1
9,12.90358129198389,1
10,5.653947979908619,0
11,12.23875589109079,1
12,11.715285979994112,1
13,13.8473136892803,1
14,22.046654926581635,1
15,11.094368549697727,1
16,16.194008945783818,1
17,15.182119196054561,1
18,7.907902047162208,1
19,13.09163230621703,1
20,13.436605188014372,1
21,15.44645684132168,1
22,13.283831148395086,1
23,7.139835891445332,1
24,12.486315599034917,1
25,12.434727215734403,1
26,12.515149041008009,1
27,15.841803477181243,1
28,10.786774361148934,1
29,8.614214622886658,1
30,12.789059832283872,1
31,13.197261284886782,1
32,15.369749458762788,1
33,13.010357745602029,1
34,9.329987368599387,1
35,15.19510153723787,1
36,12.411857631140029,1
37,13.321565497007324,1
38,12.225714384757863,1
39,8.507523338666731,1
40,13.386544484407327,1
41,13.745380136389102,1
42,8.104533690024924,1
43,12.040110734656139,1
44,9.73762734490214,0
45,7.8046293296641105,1
