ID,Time,Event
0,1.3915865637879226,0
1,3.0078910735488766,0
2,5.370386827801431,1
3,2.577191655344787,0
4,1.333635318317844,0
5,5.644156418646617,1
6,0.10277581753172035,0
7,5.47877132941446,1
8,5.057484784902507,0
9,0.646966160889536,0
10,0.5851174980199915,0
11,3.2360662846403976,0
12,3.554223795479637,1
13,3.3607398628588125,0
14,1.7796051348658946,0
15,3.998118855907111,0
16,6.473094241817287,0
17,5.2303107451933375,0
18,4.875759490948879,0
19,8.596663526982688,1
20,3.307159787793181,1
21,2.9830701365388466,1
22,5.10935133572087,1
23,0.6334244413037106,0
24,0.867603421353158,1
25,4.951146100483407,1
26,0.02445864841487347,0
27,1.9880988686525272,0
28,5.130375724230352,1
29,0.6079906115679287,0
30,3.0568843337015954,0
31,1.501903328680329,0
32,0.12592549945868203,0
33,0.09620248512291947,0
34,2.7091829033894923,0
35,0.0459319099602579,0
36,4.325315055517008,1
37,0.08933919568470261,1
38,0.9872594104072911,0
39,2.017194064261684,0
40,3.636520089355585,1
41,3.251066921980582,0
42,4.926182064400843,1
43,5.553587840916951,1
44,4.676894666794436,0
45,2.2215057168105927,0
46,2.2202740626706734,1
47,5.02857938452621,1
48,3.2337945624812066,0
49,5.635866185609146,1
50,1.5247398408386397,0
51,5.091976300922551,1
52,1.3828935373425935,0
53,4.394856881095692,1
54,1.3811225601007604,0
55,1.5012877089971048,0
56,1.0850932169004535,0
57,3.536448556367688,0
58,6.931293183924122,1
59,1.1507604217174907,0
