ID,Time,Event
0,16.38404188141729,1
1,1.2218482890711777,0
2,20.110342391419152,0
3,38.24202926055473,1
4,27.797652590108864,0
5,52.62560487408644,1
6,7.2033290012092746,0
7,18.99165570437449,1
8,18.572533302845425,0
9,34.48102564320539,1
10,12.972279746652589,0
11,26.658403236732976,0
12,43.77626763774502,1
13,20.701522632584528,0
14,1.4819543185816233,0
15,0.5152445432737561,0
16,58.44686857892553,1
17,34.09914282245883,0
18,12.400698384908711,1
19,17.824717015970215,1
20,1.486486515957386,0
21,18.17478752733276,0
22,61.6957850826794,1
23,2.365764869587055,0
24,5.960902336522441,0
25,47.81640232125692,1
26,13.557434046976566,0
27,48.759586790002196,1
28,33.88604359346899,1
29,31.178547787979127,0
30,19.667964558580916,0
31,10.257682207445106,0
32,20.916722866339043,0
33,9.511007352537193,0
34,0.8072543406232723,0
35,31.93700729932021,0
36,8.23513376498854,0
37,36.72050253426919,0
38,58.782320299651445,0
39,44.37980563536279,1
40,46.3389626576289,1
41,0.2428189387825568,0
42,10.25450923669641,0
43,33.48639191640083,0
