ID,Time,Event
0,2.8833005103822247,1
1,5.426321206081806,1
2,0.2015684141103576,0
3,12.894077745826406,1
4,1.9803193752321948,0
5,2.367003490769062,0
6,2.2518649940050017,0
7,1.3386194216435974,0
8,2.7646765223154666,0
9,2.2384501152983405,1
10,2.276569425284177,0
11,15.904997422626105,1
12,0.46852711758189886,0
13,9.855403941819883,1
14,2.375855201831124,0
15,10.08196267192216,0
16,8.281866948278696,1
17,10.592535649946875,1
18,2.467501538308506,0
19,3.6647242817427492,1
20,0.12833574127662162,0
21,0.8753401476627503,0
22,8.221210016233973,1
23,9.586644775276406,1
24,1.442326075120881,0
25,6.589480724339127,1
26,3.7580868931075337,0
27,6.642714841518482,1
28,1.607630053086967,0
29,7.435501777713033,0
30,10.338217638420948,1
31,1.2723312231765265,0
32,4.131293917310858,0
33,15.209917053414841,1
34,3.9422778835253878,1
35,7.050027142720154,0
36,2.1983706195001944,0
37,9.130274668801617,0
38,12.678789923997668,1
39,2.835713046531147,0
40,1.709840894373447,0
41,2.3729276805968773,0
42,7.569065616524098,1
43,1.0193299129308624,0
44,2.3979286285596233,0
45,3.2497656824853896,0
46,11.332087986264643,0
47,2.1072812412932302,0
48,13.409978285632109,1
49,3.5398611573805367,0
50,5.12711733960537,0
51,3.3093981988063974,0
52,15.377081055362813,1
53,2.290447209955469,0
54,10.52536720450306,1
55,5.059422581442905,0
56,13.791395756274724,1
57,3.262335873892285,0
58,17.929764069714075,1
59,3.942561088889331,1
60,3.7557414978547903,1
61,9.03250440140297,0
62,4.268380928787652,0
