ID,Time,Event
0,9.533146064544903,0
1,11.370968350869118,1
2,14.581508834033794,0
3,23.00771374963391,1
4,3.3184735468644173,0
5,6.679102599909002,0
6,11.742065283503978,0
7,6.634438490734217,0
8,0.5094072049874626,1
9,3.077589408237995,0
10,65.71334423129838,1
11,3.1239067387084276,1
12,0.288096739437284,1
13,166.41960320680633,1
14,5.166539628680827,1
15,32.273907585265626,0
16,7.075354867404017,0
17,7.09059401718559,1
18,8.39634273889483,0
19,19.437465262832067,0
20,1.1625471727057994,0
21,0.11137988188598663,0
22,1.6043453605906828,0
23,25.814527464276534,0
24,25.45404273112264,1
25,3.077866961325477,1
26,23.112840820079356,1
27,41.081125343298616,0
28,9.746764854961608,1
29,0.6511478340312817,0
30,22.76930420977735,0
