ID,Time,Event
0,5.109850033799165,1
1,2.6323622088830336,1
2,4.771359629949503,1
3,4.499061490509068,1
4,5.268057844355617,1
5,7.254460670455654,1
6,6.463701055835052,1
7,3.0896304350032713,1
8,2.271025423372029,1
9,2.3107008974320844,1
10,7.378970583320372,1
11,0.6484557824005014,1
12,9.200073057134121,1
13,6.712625620251805,1
14,3.102463579478254,1
15,1.179633948364573,1
16,1.9195154628154865,1
17,3.5888079787598994,1
18,11.919685605458334,1
19,4.1679584330252935,1
20,3.7208295252723227,1
21,3.2881841436413137,1
22,8.425310535656862,1
23,5.4217166004758734,1
24,5.923920880683933,1
25,3.156452070849259,1
26,8.985793142080212,1
27,3.3255801907050984,1
28,4.992175690000627,1
29,6.52591454488095,1
30,4.521000182957581,1
31,1.6147779983572215,1
32,4.1303714073604665,1
33,4.321868028399576,1
34,8.621427133768718,1
35,10.482216865276692,1
36,8.217904942407593,1
37,5.014812342795918,1
38,2.9359131903166427,1
39,3.5113290963741304,1
40,7.512710632413284,1
41,1.9268253883690938,1
42,10.475421212881926,1
43,8.155564180358013,1
44,3.8841866870600805,0
45,1.4968536259411584,1
46,4.208624338622587,1
47,7.949983792196709,1
48,7.0327310883075285,1
49,0.6392754316164472,1
50,3.395229136184667,0
51,7.729996449785777,1
