ID,Time,Event
0,36.0,1
1,22.79375805731608,0
2,17.968598758555704,0
3,31.878729601558085,0
4,35.34823460653337,1
5,14.265221839811513,0
6,24.2445559375058,0
7,21.22207423502573,0
8,36.0,1
9,3.9596295813781444,0
10,29.9258940479206,0
11,27.666611960265158,0
12,36.0,1
13,0.20968542388731404,0
14,11.02661313529204,0
15,32.20977103906225,0
16,25.095274520221082,1
17,36.0,1
18,26.719974794846884,0
19,12.142165176636972,0
20,2.257845212547657,0
21,7.076751412760621,0
22,9.449809659003654,0
23,15.16279731224239,0
24,36.0,1
25,8.839881620754394,0
26,15.217808650035742,0
27,3.5190146018439257,0
28,4.790387704853577,0
29,36.0,1
30,36.0,1
31,22.866776554496255,1
32,36.0,1
33,36.0,1
34,36.0,1
35,29.71756128216801,0
36,8.667965551019341,1
37,13.695273715915164,0
38,5.922261593067647,0
39,10.01865541971968,0
40,36.0,1
41,29.765711864041958,0
42,0.8816643897610752,0
43,32.23770969084709,1
