ID,Time,Event
0,1.456541408384387,1
1,2.4539004842743783,1
2,5.759255149107659,1
3,7.935286215339141,1
4,13.60691665631004,1
5,15.02709175224829,1
6,2.777283534211965,1
7,0.07555099048091604,0
8,5.671443577465661,1
9,6.451208642329357,1
10,20.727371467604588,1
11,3.99971657041809,1
12,10.3982007716398,1
13,11.98352484825863,1
14,0.499534974096763,0
15,14.279825240672967,0
16,13.010952368330763,0
17,26.50532559240649,0
18,0.7490671827795292,0
19,1.7239553931677385,1
20,0.9842820114719084,1
21,6.985093514526543,1
22,20.65340811909064,1
23,5.833292390101502,0
24,8.806415981779894,1
25,12.406078669226913,1
26,10.913141117143388,1
27,12.90032851490653,1
28,3.2574797456860507,0
29,5.666988049155661,1
30,2.4416516318130523,1
31,4.261125847459747,1
32,15.640140082037258,1
33,9.556834428779514,1
34,4.643835715651423,0
35,8.08291229148957,1
