ID,Time,Event
0,41.84099978651105,1
1,11.103938278554601,1
2,36.334337587844445,0
3,29.07714724141422,0
4,34.867547801223516,0
5,48.61169105994131,0
6,13.516896282924746,0
7,15.29673748563626,1
8,3.642642384958763,0
9,7.5744504042480365,0
10,15.145033359864048,0
11,0.5493246801372076,0
12,16.950581661655157,0
13,69.50322766280831,0
14,5.3713628962635624,0
15,0.26328208216560567,0
16,5.904307591109526,1
17,6.2035212428982875,0
18,126.25450363193389,0
19,24.27733557089599,0
20,4.101407446209533,0
21,6.129796120685835,0
22,67.14169775711996,0
23,37.51714865367667,0
24,56.234681985503684,1
25,0.6663552151863817,0
26,112.79154662177226,0
27,4.6009339398556035,0
28,39.93608304018188,1
29,47.11445017048734,0
30,9.344931032410079,0
31,0.9151678911983001,0
32,27.337824790586392,1
33,29.931518274895605,1
34,119.10886013867992,1
35,70.3820110597694,0
36,104.66783333291623,0
37,7.490313041818449,0
38,1.558202915782325,0
39,1.5521744153257007,0
40,90.44385547338162,1
41,5.949362951302667,1
42,96.67740882211825,0
43,73.89456853556403,0
44,32.57313050039329,0
45,2.8969843755339335,0
46,28.383507944349805,1
47,59.47547104365593,0
48,79.25629520327503,1
49,0.6548800685242183,1
50,290.9899880440272,1
51,67.74432998499952,0
52,47.904194972635864,0
53,20.571978831585053,1
54,7.830816832941744,0
55,124.94408145988704,0
56,4.54860473217735,0
57,14.166048260074529,1
