ID,Time,Event
0,36.0,1
1,36.0,1
2,36.0,1
3,6.334901173748965,0
4,36.0,1
5,31.891686671706513,1
6,36.0,1
7,22.46295416107313,1
8,36.0,1
9,36.0,1
10,36.0,1
11,34.97312385549657,1
12,33.47727099281003,1
13,36.0,1
14,36.0,1
15,31.702954846052013,1
16,36.0,1
17,36.0,1
18,22.597397986658404,1
19,36.0,1
20,36.0,1
21,36.0,1
22,36.0,1
23,20.402593789880903,1
24,35.680543498849616,1
25,35.53312598887321,1
26,35.762937129891746,1
27,36.0,1
28,30.823982363139855,1
29,24.6157368939233,1
30,36.0,1
31,36.0,1
32,36.0,1
33,36.0,1
34,26.66110891628897,1
35,36.0,1
36,35.467774508570784,1
37,36.0,1
38,34.935856814605934,1
39,24.310858887487882,1
40,36.0,1
41,36.0,1
42,23.159287026765295,1
43,33.45725456531135,0
44,31.46940058948202,1
45,22.30228878012673,1
46,24.506812567104422,1
47,36.0,1
48,36.0,1
49,32.05538397067418,1
50,36.0,1
51,2.6113588346735366,0
52,36.0,1
53,36.0,1
