ID,Time,Event
0,3.2876882046363023,1
1,1.2658066612084344,0
2,3.31158543473394,0
3,4.736823221475999,0
4,10.048681194349362,1
5,5.158577673330238,0
6,3.406670812782902,0
7,3.6766518338823295,0
8,6.080994639748667,0
9,2.049092134271795,0
10,12.402273974680066,1
11,0.22888376596754806,0
12,8.78432317234569,1
13,9.430212864036415,1
14,6.067218746051602,1
15,3.4531315259916466,0
16,10.873985694667525,0
17,15.068318589433199,0
18,0.2746358874051451,0
19,3.576779912339673,1
20,0.026500376110791358,0
21,4.960799159810018,0
22,6.872166895066324,0
23,5.038231407707922,0
24,0.10372715691065035,0
25,7.992633328468739,0
26,5.169741138315243,0
27,9.784296177504833,1
28,3.427152697664629,0
29,5.087848900748198,0
30,3.522262414692439,0
31,5.623301715666313,1
32,10.773319131571212,1
33,0.4838552046054097,0
34,7.830666984922122,0
35,0.7699244233809405,0
36,5.570966333764051,1
37,4.231804745914225,0
