ID,Time,Event
0,37.10437244355986,1
1,60.84986933601862,1
2,36.356961566803456,1
3,89.55509691621452,1
4,21.96369554605543,0
5,27.490215413993987,1
6,52.78731121871192,1
7,13.460670929337782,1
8,8.33203771611769,1
9,37.422954218657075,1
10,1.7296737832639055,0
11,21.341607259776694,0
12,14.476447445324762,1
13,41.84898420074328,1
14,69.04941033413046,1
15,45.270800267332994,1
16,20.692148757254408,1
17,27.03590886076407,1
18,45.902387294929866,1
19,88.53287319695876,1
20,15.832931017746292,0
21,10.877530142847716,1
22,37.764885377982225,1
23,36.329735265657156,1
24,3.156902606956469,0
25,11.603176848283354,0
26,25.920862798869255,1
27,19.341427127982023,1
28,62.64665273639582,1
29,43.42963732597353,0
30,23.645296410124196,0
31,12.234210407612544,0
32,27.70850059132708,1
33,4.877453853138309,0
34,22.956636343951757,1
35,42.25559953230195,1
36,48.96857004753181,1
37,85.51395613917755,1
38,60.19320066423499,1
39,14.829193183352748,1
40,14.930741066450329,0
41,35.312218744957434,1
42,78.12710675188957,1
43,17.504722825551447,0
44,41.09266054249148,1
45,74.63754174315056,1
46,57.36371967086076,1
47,51.39696481001853,1
48,41.24000796832661,1
49,21.110462213237714,1
50,76.21877837883706,1
