ID,Time,Event
0,0.22960702422987797,0
1,1.1819905611979413,0
2,4.713936206013931,1
3,1.3316186676340052,0
4,7.472014249651988,0
5,12.299637721900897,1
6,0.5860733552230961,0
7,1.6018571181093042,1
8,4.642062650119409,1
9,4.351129486304962,0
10,16.965302680118313,1
11,3.273758197361513,1
12,8.510901813827344,1
13,9.258335235761042,0
14,0.9933479915351333,0
15,25.60740095271322,1
16,13.153040835387928,0
17,7.514222752449968,0
18,0.2772820228870058,0
19,1.4110532586259046,1
20,0.0025673656960821093,0
21,5.532602160921353,0
22,1.7831225533636197,0
23,8.522529988035961,0
24,6.9758219632190865,0
25,10.154344945558975,1
26,8.93237922292994,1
27,8.3811739206599,0
28,5.099643875188064,1
29,3.795556533612727,0
30,1.3935908499026353,0
31,0.18391500641894046,0
32,12.801416275378655,1
33,4.375585703153993,0
34,17.578894305180576,1
35,6.615843874670373,1
36,1.8717084590884396,0
37,8.587508108118385,0
38,32.32353977625034,1
39,8.523984656517998,0
40,9.536537776298603,1
41,1.0503144044145907,0
42,4.219654386343862,0
43,6.544153548714143,0
44,0.3739304796116843,0
45,0.25749319271857724,0
46,10.732053916791024,0
47,0.10165829953047104,0
48,2.389609250085102,1
49,0.461219024910603,0
50,6.6774650340887405,0
51,6.638093157142529,1
52,4.488812582381564,0
53,2.1087625548505127,0
54,3.6226022098435475,1
55,13.03313492875339,0
56,3.170595399642264,1
57,14.111019661821418,1
58,1.6209568233538763,0
59,1.93398039382102,0
60,1.4238855517966833,0
61,0.9902883956118613,1
62,3.207279176537675,0
63,5.504146227309246,1
64,0.39169294464650073,1
65,1.571124534514073,0
66,3.836081117657894,1
67,19.124153220749676,0
68,11.774957227002163,1
69,1.6543652931869492,1
70,5.739602914208973,1
71,6.793599669616241,0
