ID,Time,Event
0,36.0,1
1,35.16725572868401,1
2,36.0,1
3,36.0,1
4,36.0,1
5,13.574029354423873,0
6,36.0,1
7,36.0,1
8,6.0130164830639625,1
9,36.0,1
10,36.0,1
11,15.033596177328592,1
12,1.2589277425012695,1
13,36.0,1
14,28.1554607040949,0
15,36.0,1
16,36.0,1
17,36.0,1
18,35.947710886326945,1
19,36.0,1
20,34.72702869984602,1
21,36.0,1
22,36.0,1
23,36.0,1
24,36.0,1
25,36.0,1
26,36.0,1
27,36.0,1
28,36.0,1
29,20.53031197891584,1
30,36.0,1
31,36.0,1
32,36.0,1
33,36.0,1
34,18.557674325468966,0
35,14.342302594096621,1
36,25.13289667966283,1
