ID,Time,Event
0,36.0,1
1,33.5676777849026,1
2,34.909421535605816,1
3,35.07606371029025,1
4,7.5898312262598395,0
5,21.319976462792653,0
6,9.873740459461425,0
7,27.591662319179356,0
8,36.0,1
9,1.9579636377572527,0
10,8.896341524674922,0
11,22.725480726680253,0
12,1.0869343922167285,0
13,15.060341912145049,0
14,5.423908658706885,0
15,36.0,1
16,9.501305412042143,1
17,14.283725625610357,0
18,35.55138207370857,0
19,23.544002853209452,0
20,16.263457440336218,0
21,18.463959052472504,0
22,11.37851840956114,0
23,36.0,1
24,36.0,1
25,27.6279988580471,0
26,19.57358431006669,1
27,19.212539942293667,0
28,21.05205010587301,0
29,36.0,1
30,9.070379097406517,0
31,31.328038063676992,0
