ID,Time,Event
0,7.36558175219044,1
1,11.045114608251469,1
2,0.20538099159772,0
3,0.0174821772323924,0
4,5.961766754136008,1
5,17.656855712459873,1
6,6.000701200529573,0
7,8.182045681530115,1
8,23.977262961751222,0
9,65.62256497765911,1
10,14.762285041431069,0
11,0.013949971037073053,1
12,24.580700148880293,1
13,0.7853545656631256,1
14,10.309568664203246,0
15,9.196340978773822,1
16,34.122401902673914,1
17,3.834928015070754,1
18,3.3268805195591935,1
19,16.164948306482085,1
20,0.19240792264450274,0
21,1.4660146922915362,1
22,11.15995341769893,1
23,8.390543504715241,1
24,18.823963179280593,1
25,4.481214689096974,1
26,3.539651050026001,0
27,19.419878754464776,0
28,18.688933128711806,1
29,3.4080689499263324,0
30,2.2831411007856657,1
31,13.251726555327464,1
32,5.408338152981886,0
33,9.25865207001911,1
34,11.36062174754678,1
35,1.9856850911338615,0
36,31.720338956838976,1
37,0.8812428543368392,0
38,15.878804734036152,1
39,0.1791031734136046,0
40,20.56124362510405,1
41,6.366752712285506,0
42,5.077177862805424,1
43,4.402976122526148,0
44,2.104257825780819,0
45,6.977661597307506,0
46,1.148951445807886,1
47,17.841089083812836,1
48,24.690582921647596,1
49,0.6873923353184344,0
50,34.261303604658245,1
51,1.0874559481384911,0
52,3.0282374842325575,1
53,3.220042276036989,1
54,8.271476906099918,1
55,10.136762483420359,1
56,5.805773437430276,1
57,1.3492717658784499,1
58,21.64388608782997,1
