ID,Time,Event
0,0.9473100588121652,0
1,8.517403296318797,1
2,30.592183991752957,1
3,48.09243699855652,1
4,7.50833768391361,1
5,5.635956358165283,1
6,9.49863370140093,1
7,2.2425583010573416,1
8,10.495362319273363,0
9,1.449409343262407,1
10,9.863977597330633,1
11,73.17511638888156,1
12,5.826036696767165,1
13,28.096037534409653,1
14,11.279454401894885,1
15,44.46623691633746,1
16,19.840504629313376,1
17,32.45608143594475,1
18,1.8463148022256461,0
19,3.8848909024021063,1
20,0.039335413309602815,1
21,25.46596230340242,1
22,19.55094262023732,1
23,26.584560585067376,1
24,14.286665836969473,1
25,1.8380001165888051,0
26,12.89238619932042,1
27,12.764018783683815,1
28,0.9038709316813388,1
29,47.1464930743072,1
30,30.916303140164946,1
31,1.4334604717262,1
32,22.2502996442305,0
33,66.91907158319121,1
34,4.495631265731945,1
35,16.933841494897,1
36,2.7995378782339104,1
37,22.84207123675427,0
38,46.4998795381899,1
39,19.803872207406027,1
40,29.624375841828627,1
41,25.29503806689515,1
