ID,Time,Event
0,5.661341535025604,0
1,36.0,1
2,15.752560185391326,0
3,24.91652180591389,1
4,8.41643588534429,0
5,29.039149296742128,1
6,29.69744958680986,1
7,2.3282456849018116,0
8,1.4858176034568578,0
9,14.47504296975957,0
10,34.23153161070318,1
11,14.345980473254441,0
12,0.027982428915500786,0
13,26.05234516742867,0
14,36.0,1
15,36.0,1
16,11.858433225879212,0
17,32.14036033452926,1
18,14.480094169778198,0
19,9.93527822941685,1
20,33.453581281704416,1
21,22.432763699312794,0
22,5.032414747537786,0
23,8.712047456809659,0
24,34.48578531699875,1
25,36.0,1
26,22.236764173859108,0
27,36.0,1
28,36.0,1
29,2.3944150203649475,0
30,34.39106556585506,0
31,0.049078567113889617,0
32,26.728323446504287,0
33,2.238799979409285,0
34,18.406537639323176,0
35,14.772836314438713,0
36,36.0,1
37,8.611260686419037,0
38,7.770388712870133,0
39,24.724915845829965,0
40,30.808424121281305,1
41,5.497932716700246,0
42,21.280905991278935,0
43,26.460802305245544,1
44,35.98077465856662,1
45,17.175938430485452,0
46,27.601527868427503,0
