ID,Time,Event
0,9.527841447576993,1
1,11.66745427824809,1
2,0.6743032601138458,0
3,0.5353742173205942,0
4,8.5719274130255,1
5,13.681256190027776,0
6,9.483253396434066,1
7,5.315373852834475,0
8,19.39272043566384,1
9,24.561245679370522,0
10,20.947099211664458,1
11,0.4146461595647337,1
12,17.405564737123772,1
13,0.4628302794134534,0
14,11.949011052039815,1
15,10.646295764128762,1
16,20.507408916239264,1
17,6.874950926199119,1
18,6.403384735381,1
19,13.662192350137712,0
20,2.222733086484299,1
21,4.250697070931771,1
22,11.727952147084622,1
23,10.169182493174036,1
24,15.23163509276269,1
25,7.291958930695999,0
26,5.639485526542482,0
27,15.72508967946216,1
28,15.176906178572809,1
29,5.404317993162208,0
30,5.304657767997819,1
31,12.779893281179369,1
32,6.226813396551152,0
33,10.682302605836306,1
34,11.83292316385411,1
35,11.41447126011626,0
36,15.855122404686588,0
37,4.529840004927978,1
38,13.39082106921036,0
39,12.25154475790374,1
40,11.320680896583848,0
41,8.94277518955068,1
42,1.8381785669601711,0
43,1.2004517757301674,0
44,0.0873882403322363,0
45,4.789717065255333,0
46,3.763065973270759,1
47,14.82865206765272,1
48,16.25924556605531,0
49,8.585619915862276,1
50,16.14719379234245,0
51,3.79205797774347,1
52,6.109222742721849,1
53,6.29972774757685,1
54,10.096771436518821,1
55,11.177395793370737,1
56,8.459039177803646,1
57,4.077938864773801,1
58,16.33272366060749,1
