ID,Time,Event
0,6.024689968761703,1
1,1.7318586147914923,1
2,24.297548654883727,0
3,0.5051900426865348,0
4,0.6477182841290214,1
5,10.105243363651914,1
6,2.799687517337571,1
7,2.845536886430782,0
8,0.10666015656574827,0
9,3.2969160343297688,0
10,5.847431809942006,1
11,1.2947510923864336,1
12,9.41698508830693,1
13,1.1713105349970132,1
14,0.6645001546704186,0
15,0.7229478314363513,1
16,3.0546747280968005,0
17,2.5960152998138857,1
18,3.867039692438319,1
19,14.873363063051805,1
20,2.645200011213726,0
21,1.086069218083605,0
22,15.945443820449105,1
23,7.679156092038106,0
24,6.54578052890522,1
25,1.8450282512834644,1
26,3.8844111531739567,0
27,0.8857401057515433,1
28,45.57378865596806,0
29,1.3247309326913985,1
30,13.913828498451592,1
31,9.55600337924727,0
32,1.4851648982713235,0
33,10.11337251610592,1
34,0.2377316665105267,0
35,7.611650534996192,1
36,6.718518134271578,1
37,0.33253823403417065,1
38,6.196832867762157,1
39,0.5164881516371145,0
40,4.498950648740292,1
41,3.1754739290083194,1
42,3.4038013619748138,1
43,6.549279602026033,1
44,2.9699333496040423,1
45,0.9950634058089859,0
46,5.764747060991437,1
