ID,Time,Event
0,64.00495468410558,0
1,25.464718574704982,1
2,29.404252172517445,0
3,40.75242609669388,0
4,41.4165366323418,1
5,68.1197912002381,1
6,42.63914084330874,1
7,46.0118572403203,1
8,0.14353740191046704,0
9,16.52754452334037,0
10,106.04526105236994,0
11,6.995833907914654,1
12,0.6451783318436384,1
13,372.6884316454441,1
14,11.570208762331323,1
15,121.97909211038605,1
16,21.909179702780115,1
17,15.879032955123577,1
18,34.81624789957534,1
19,68.45477659245581,1
20,34.89681177659963,1
21,33.99153708374531,1
22,65.72622268133959,1
23,72.2404228454134,1
24,57.003063832027166,1
25,3.941889647087438,0
26,51.76005849143786,1
27,127.6695995222456,1
28,21.827395555669803,1
29,79.03916390646874,0
30,3.5641941886964053,0
31,0.04877029592580958,0
32,12.631797117450342,1
33,48.243904886264815,1
34,7.532242786072898,1
35,24.633324912388044,1
36,22.437310123840838,1
37,7.519278030801669,1
38,53.171008596121695,1
39,2.883314502953209,1
40,42.03139608995792,1
41,100.14790143185125,1
42,12.136844357125938,1
43,34.85914998444909,1
44,45.41913451945772,1
45,132.98139248881256,1
46,35.3897198239688,1
47,28.17527555922409,1
48,210.4868158479047,1
49,90.40506836418629,1
50,38.80871655469739,0
