ID,Time,Event
0,0.13343531653705712,0
1,17.66341966103806,1
2,27.060104775168224,1
3,3.5056550536194306,0
4,41.59356797303636,1
5,12.476344704007294,0
6,11.525213694356884,0
7,0.9375421349511486,0
8,0.18221026160291523,0
9,10.483210014664937,0
10,10.732200860587493,0
11,12.696593075525339,0
12,36.36012884671241,1
13,30.624390623222208,0
14,0.3222333100328422,0
15,2.6496685472242447,0
16,14.39983873685608,0
17,63.521685001040275,1
18,10.299895705949346,1
19,14.805031180822917,1
20,6.209758594622684,0
21,27.630602941615347,0
22,7.582195087621337,0
23,46.77212317892689,1
24,27.68831742047857,0
25,39.7158241943876,1
26,14.512254675868755,0
27,40.499223754477704,1
28,25.601992153012567,0
29,8.114568782935754,0
30,7.76137258125311,0
31,23.27600782826935,1
32,13.2062152043238,0
33,1.7085121937760055,0
34,52.25566763990202,1
35,32.057544021965526,1
36,7.341945431028559,0
37,20.35013033732767,0
38,70.85933637800991,1
39,36.86142145436149,1
40,38.48867762772964,1
41,19.784384422071007,0
42,28.76006257242977,1
43,53.131770848712144,1
44,11.526330696523075,0
45,2.629030523306268,0
46,2.3737870295506878,0
47,18.603872242768038,0
48,19.266422007648234,1
