ID,Time,Event
0,11.699853125638139,0
1,4.345043959596554,0
2,20.644571648720866,0
3,2.809075103598314,0
4,3.9060565774739193,0
5,58.775763533680966,1
6,6.072857349218541,0
7,7.912605101803865,0
8,6.550019654575887,0
9,24.247419643816045,0
10,44.71028868718885,1
11,13.990376142324884,0
12,41.15237269667324,0
13,8.629121974151833,0
14,38.847972796371195,1
15,1.1506163671858451,0
16,42.08862255587698,1
17,0.17351788922534694,0
18,23.77403888183373,0
19,27.126745725120667,0
20,5.9513772861659815,0
21,15.272400376176995,0
22,53.636822241214205,0
23,62.43466304065604,1
24,47.30484360759276,1
25,9.951818122836245,0
26,36.27923564501473,0
27,10.99988041135889,0
28,106.76632198060877,0
29,2.3352456293873205,0
30,68.9680924169463,1
31,48.96125735031582,0
32,24.780230560342748,1
33,20.097324633366696,0
34,6.685876548078433,0
35,51.011055687649545,1
36,36.57289419513195,0
37,4.490787580959542,0
38,20.984902919292747,0
39,30.99246930998288,0
40,39.21755422073002,1
41,8.463271443939112,0
42,12.8342422024253,0
43,21.216985827508058,0
44,13.412175984323026,0
45,13.311990381994343,0
46,44.22174925793802,0
47,52.614040261008206,1
48,21.441313952198534,0
49,65.58762175200809,1
