ID,Time,Event
0,17.272684973141356,1
1,2.537908560698051,0
2,38.65992437644805,1
3,10.093642473402047,1
4,5.663508792857591,1
5,18.496078583894896,0
6,8.476666863728827,0
7,8.176616653498261,0
8,2.87429009670005,1
9,2.193955687450918,0
10,4.796627567756956,0
11,8.00729158874441,1
12,21.594763001578706,1
13,3.672542994853102,0
14,0.3621068745730189,0
15,3.8253572637766853,0
16,14.18504858581532,0
17,4.79287102919366,0
18,13.838270501680814,1
19,5.840849539685958,0
20,0.12484040834116987,0
21,15.233879691394838,0
22,28.10029030456537,1
23,23.762568502962004,1
24,16.547432161402128,0
25,5.63481081664076,0
26,12.89676409015525,0
27,3.1253925866294185,0
28,48.39335162274153,1
29,8.09946511828006,1
30,26.249185000151485,1
31,20.57658111298065,0
32,7.880529227888312,0
33,18.016314919127307,0
34,2.4555484003591133,0
