ID,Time,Event
0,7.197887763919783,1
1,8.664387701850368,1
2,6.4523317451432645,1
3,4.842904243297579,0
4,3.8889050292162834,1
5,15.740726555238407,1
6,0.8451152393186526,1
7,14.342518463404026,1
8,6.490713201883588,1
9,4.6911539365883215,1
10,2.2741064896423038,0
11,4.780920107894445,1
12,8.117058222949293,1
13,8.866954494902544,1
14,11.746328363885215,1
15,4.032543398330583,1
16,15.174718282794707,1
17,7.340567943864621,1
18,5.050740436670408,1
19,7.008732618929741,0
20,2.3444528572883754,1
21,2.0968924311049135,1
22,9.465567214702471,1
23,7.5230874573057855,1
24,12.680767990208535,1
25,5.898614583022844,1
26,6.178517862538966,1
27,9.298497997984184,1
28,6.209357633419164,1
29,1.274110879593268,1
30,4.634182971889868,1
31,8.618014742269493,1
32,6.81753712428292,1
33,10.112660923240512,1
34,0.7796298309126178,1
35,8.135352950683727,1
36,4.281565884605395,1
37,5.103060567326936,1
38,15.005323119132406,1
39,10.141022038264536,1
40,16.671027205122883,1
41,11.313993061382078,1
42,12.815964989354121,1
