ID,Time,Event
0,6.504119333179955,1
1,5.380569772604448,1
2,5.595638146230867,1
3,5.62234925367457,1
4,11.126028423147254,1
5,6.64578047248151,1
6,2.954513194372741,0
7,5.256572630794428,1
8,6.730738493849056,1
9,3.418422591571322,1
10,1.6415588727140837,1
11,7.200021662598531,1
12,0.27616067970974617,1
13,8.97638813425197,1
14,7.111065808096224,1
15,6.977317201973011,1
16,1.5229661410569737,1
17,4.218533442905428,1
18,7.198679213664855,1
19,5.9230815031156565,1
20,6.636943078512267,1
21,3.4062703148698508,1
22,4.05610594965292,1
23,6.297634593349932,1
24,6.907345168294731,1
25,6.506389180215033,1
26,3.137453736154394,1
27,7.269811928977972,1
