ID,Time,Event
0,7.231187473335492,1
1,5.135675469132419,1
2,0.6188956780939474,0
3,0.43991124612373594,0
4,7.67785803755025,1
5,8.189094425888854,1
6,5.438437628128311,0
7,7.428858840624498,1
8,7.077465961079595,1
9,8.3875838519592,1
10,7.6872175174855295,1
11,0.048759169911333354,0
12,7.859019163397155,1
13,0.5736748273624374,0
14,7.429253575247881,1
15,4.321057087036269,1
16,7.886792687424551,1
17,7.074288148426035,1
18,5.416806067114917,1
19,6.380374107135877,1
20,0.8947465319795036,0
21,3.740685056107237,1
22,7.296564076060739,1
23,7.250386880694244,1
24,5.282699132622889,0
25,6.160728953586947,1
26,5.142346243698925,0
27,11.914666982637936,1
28,6.994955274466858,0
29,3.338383052203754,0
30,7.333937475316364,1
31,6.189432421660659,1
32,1.9645067847450852,0
33,0.7816417242625314,0
34,7.038158614432978,1
35,5.518595601842171,1
36,6.769506497191611,1
37,7.6202675058417135,0
38,8.335943987843908,0
39,5.998516487964805,1
40,7.119854904134444,1
41,3.543650339233673,0
42,7.156542259895089,1
43,5.793656222292738,1
44,6.204294289525787,1
45,8.035061838155238,1
46,2.948794430680852,0
47,7.20616793309014,1
48,2.9478914291801805,1
49,7.751451499121563,1
50,3.147127590511054,0
51,4.8614898492915195,1
