ID,Time,Event
0,13.061206032324712,1
1,3.4662370967811946,1
2,4.02901884497275,0
3,4.6668236835877,0
4,13.882511478992457,1
5,6.83443530005293,0
6,20.899191999374104,1
7,2.7524837521825933,0
8,0.10767939867042517,0
9,1.5764825861468266,0
10,7.771052377789063,0
11,0.21034282670426926,1
12,33.72251663108176,0
13,15.626818835889901,0
14,4.814823318438472,1
15,0.31223676651068416,0
16,1.408365513397104,0
17,4.558227881640778,0
18,71.07167852877734,1
19,8.364656400960131,0
20,3.8677227153726226,0
21,4.409220980241445,0
22,7.777288116060078,0
23,14.70417276742944,1
24,16.62847416919545,0
25,1.735604374957172,0
26,35.20933143682821,0
27,3.0415719061991346,0
28,2.1639121494463165,0
29,21.303439951642762,1
30,8.670064973537576,0
31,1.006721077446287,0
32,7.5548022037144,0
33,9.343508258489035,1
34,30.00039938104716,0
35,54.96335726447872,1
36,33.646229057235374,0
37,12.579875515188201,1
38,0.8705267161266576,0
39,2.71829660004238,0
40,28.23321232100369,1
41,1.8571701360992534,1
42,43.03725382138317,0
43,33.271699951436034,1
44,10.661119935174087,1
45,1.1207935906748092,1
46,4.913362753674415,0
47,31.615456558395508,1
48,24.740871544433134,1
49,0.2044292331708402,1
50,53.343183765551736,0
51,29.88997558155638,1
52,33.33743858558963,1
53,5.804159960672387,0
54,0.26524303167484203,0
55,10.575542634534573,0
56,0.2771150555714795,0
57,3.856545525493743,0
58,14.419834766988513,0
59,3.9998171825985307,0
60,1.20188500232024,0
61,14.919863345779731,0
62,0.44063756384956027,0
