ID,Time,Event
0,11.86266529589045,1
1,19.084168969527386,1
2,30.1156203817737,1
3,28.14647285148102,1
4,12.510249325929772,1
5,25.405231810603293,1
6,26.52450008088112,1
7,16.53502612017032,1
8,29.348809091402064,1
9,13.95499421259294,1
10,24.460519625171756,1
11,27.519410667563108,1
12,25.346958236421926,1
13,28.17603915990794,1
14,29.381560951712096,1
15,34.12675306183105,1
16,20.78279319686522,1
17,28.604913060457218,1
18,28.991123870828268,1
19,21.100053358125308,1
20,0.1975581794193423,1
21,35.45013905024546,1
22,21.313718740145895,1
23,21.908930154439208,1
24,31.72428831835331,1
25,28.16557134224827,1
26,26.329070134784995,1
27,29.766383371129105,1
28,4.082598039886028,1
29,29.086578519701444,1
30,24.095961979318897,1
31,12.27113011709371,1
32,28.696595776115903,1
33,32.936354524862566,1
34,12.34178786685893,0
35,28.469293262111474,1
36,21.304726942321498,1
37,29.421468065130387,1
38,29.22770917781753,1
39,18.46327071752516,1
40,30.527539606496664,1
