ID,Time,Event
0,2.1909204741260697,0
1,7.299279229209742,1
2,7.477561356605697,0
3,3.7465918521047596,0
4,10.669669146949781,0
5,0.9524987134903719,0
6,7.765360354503352,1
7,6.5186055394169395,1
8,11.096814146765013,1
9,9.120843330322696,0
10,21.214051548650783,1
11,5.246774401354164,0
12,15.025557811300992,1
13,16.130350145532798,1
14,2.169613201016289,0
15,16.01909104067433,0
16,20.061025073890796,1
17,26.249872608487205,1
18,4.25635670964092,1
19,2.3593736373086567,0
20,4.6228657179467625,1
21,3.1394710059242144,0
22,1.3557878604072395,0
23,15.927067229824356,0
24,0.09382764413476716,0
25,14.228998189442136,0
26,15.393110606759416,1
27,16.344996717506238,0
28,7.13354328569231,0
29,4.060271558774606,0
30,3.32539699664108,0
31,1.4232017257124177,0
32,5.570764598335564,0
33,3.0233824945517234,0
34,21.594273177678005,1
35,11.966878303820979,0
36,9.529120806518655,1
37,16.064663679479818,1
38,12.898898898773702,0
39,1.3117775254452235,0
40,15.298700447854856,0
41,8.499852151167753,1
42,5.307831351035615,0
43,21.95631643302893,1
44,10.682874614845675,1
45,5.1762621137785345,1
46,17.073311437971782,1
47,0.46536094191524835,0
48,7.961708246779632,1
49,4.038339617908375,0
50,0.6850117540832544,0
51,2.4522952704396186,0
52,14.731415637805828,1
53,25.48679323598105,1
54,9.80286761158727,1
55,20.72913957646601,1
56,7.378790727202317,0
57,10.127978241989618,0
58,6.502197162022385,0
