ID,Time,Event
0,89.35482822920602,1
1,34.61608191220954,1
2,47.7944746096363,1
3,49.239758838584976,1
4,44.14640660516226,1
5,56.61677447558444,1
6,44.7932621695223,1
7,46.53110340907879,1
8,7.3267559575063235,1
9,29.321574113703768,1
10,83.21583383823612,1
11,18.143798515780944,1
12,5.509958858052815,1
13,132.4284895415575,1
14,23.333455919255194,1
15,75.76195409480398,1
16,32.10861170512002,1
17,27.335089137917816,1
18,40.47617383245904,1
19,56.75581287187231,1
20,37.736514054186614,0
21,39.9939105784349,1
22,55.613189899753436,1
23,58.3040346558657,1
24,51.79139023310349,1
25,18.009601630478002,1
26,49.35212402341991,1
27,77.5090149340354,1
28,32.04862701718329,1
29,52.17486911471167,0
30,55.3909531984222,1
31,12.508999518155257,1
32,24.38041199328009,1
33,47.64635647828595,1
34,18.826544903961977,1
35,34.046305126551026,1
36,32.49330332945499,1
37,18.810335477693194,1
