ID,Time,Event
0,30.652019961022983,1
1,11.874599893177834,1
2,16.395277331889464,1
3,16.8910634232851,1
4,15.143854711441088,1
5,19.42165337616442,1
6,15.365750159774365,1
7,15.961894155791397,1
8,2.513349018846001,1
9,10.058387362308165,1
10,28.546117209691722,1
11,6.223995785072962,1
12,1.890120234669618,1
13,45.427883252414745,1
14,8.004240741888507,1
15,25.98916001766762,1
16,6.6366988093499755,0
17,9.376949343381268,1
18,13.884828753471323,1
19,1.0642705446882987,0
20,13.900884034259915,1
21,13.719394571773861,1
22,19.077386646984007,1
23,20.000446192963953,1
24,17.76636762327001,1
25,6.177961276490375,1
26,16.929608848940774,1
27,26.588466678297955,1
28,10.993867645676877,1
29,23.46369858288553,1
30,19.00115121639481,1
31,4.291050752617275,1
32,8.363385503456481,1
33,16.34446731961912,1
34,6.4582031170501395,1
35,11.679145324539048,1
36,11.146408112376482,1
37,6.452642682685328,1
38,17.15880323435617,1
39,3.995724651894831,1
40,15.255851497700409,1
41,23.548891647576276,1
42,8.197896597297817,1
43,12.567782408262769,0
44,15.858750697547054,1
45,27.135947038572372,1
46,13.998712911454316,1
47,12.49060949783434,1
48,34.13988029427548,1
49,22.374118520154973,1
50,18.88510624647697,1
51,11.509474793538308,1
52,7.747453870045175,1
53,7.143395423741545,1
54,2.231921924935385,1
55,10.91380277152446,1
56,8.292892700342795,1
57,1.6065883820256557,0
58,11.701149034214806,1
59,24.578178843880217,1
60,9.617699952839043,1
