ID,Time,Event
0,5.840188267568197,1
1,12.42639140235512,1
2,5.755962831642779,1
3,7.8036092768465535,1
4,8.138889470527726,1
5,6.372240657993826,1
6,6.648268727523227,1
7,6.26983362254761,1
8,3.5055667495284797,1
9,6.910243539046481,1
10,5.013479860923446,1
11,5.158711060980588,1
12,4.516564162859936,1
13,4.594337186070941,1
14,7.891505870347721,1
15,6.557978389082709,1
16,5.1473385606330835,1
17,7.34800319035561,1
18,7.3709411322812155,1
19,7.449542333077365,1
20,8.40378295351928,1
21,4.230229741103825,1
22,6.262347872223126,1
23,5.418889027298711,1
24,0.5841945711261809,1
25,4.48970893819874,1
26,1.5458623457677159,0
27,6.384881821753689,1
28,7.393019580641845,1
29,6.737749845905769,1
30,7.376297248039438,1
31,4.848999756298037,1
32,4.0360834909322865,1
33,5.863996822466527,1
34,3.297237237249136,1
35,6.232021186729971,1
36,6.787979282808587,1
37,5.356969793747868,0
38,8.123817689820232,1
39,1.8372913094974108,1
40,8.888837883968401,1
41,7.610010442542642,1
42,12.42639140235512,1
43,3.7355922301920685,1
44,6.282363891655154,1
45,7.068081020452466,1
46,7.680372436747661,1
47,5.678577334417778,1
48,6.722895115312936,1
49,5.337715082200703,1
50,6.718260392905343,1
