ID,Time,Event
0,24.565618590909512,0
1,2.8624325464461013,0
2,2.9936550646439697,0
3,0.21670450450014184,0
4,6.83672496237743,0
5,4.977750511699574,0
6,1.5290820588035978,0
7,5.890444659684195,0
8,4.2977398529000475,0
9,5.970062337535179,0
10,3.2500036132001253,0
11,9.818223080364259,1
12,0.47293616556088447,1
13,15.653602595267325,1
14,3.0950439614136362,0
15,6.5664911232618675,0
16,6.136359508567254,0
17,2.474527754950926,1
18,0.39679194631127934,0
19,28.609641398187485,1
20,26.01716079559362,0
21,5.108263658444519,0
22,0.07867901664546167,0
23,7.757105561813774,0
24,26.143571937686907,1
25,4.245619527706324,1
26,5.799620276143061,0
27,0.05607488731169513,0
28,1.0352002435494332,0
29,1.0377343017011915,0
30,1.676093824656761,0
31,35.97790362432608,0
32,0.815389175788905,1
33,1.3577185747918452,0
34,1.0244700712627057,0
35,6.5222778242736155,0
36,9.667303906707602,0
37,10.003828227177618,0
38,15.473050061586846,0
