ID,Time,Event
0,37.50065823239788,1
1,12.150446996868311,0
2,24.5645368845774,1
3,4.914588716484996,0
4,0.1863164854919231,0
5,1.5985190533786,0
6,5.41984390449879,0
7,0.002000461440544369,0
8,1.0914743753299379,1
9,18.679166119342327,0
10,20.57418246910104,1
11,10.574660471443314,0
12,1.4497591892844057,0
13,41.19033680158964,1
14,23.363985939467128,0
15,31.500705475474728,0
16,6.527532101491149,0
17,1.563925664638889,1
18,7.671300577590141,0
19,8.843643321438732,0
20,11.163583556620292,0
21,0.8340130952268464,1
22,2.43533211720261,1
23,1.7324047319394618,0
24,6.183223292172617,0
25,13.136106622615458,1
26,3.1360349961495992,0
27,0.3585734033254036,0
28,2.45888963030044,0
29,0.027595069946167436,1
30,6.3761637409617755,0
31,5.9910541771302395,0
32,5.757598746924266,1
33,3.3929294728115313,0
34,4.629040227772741,0
35,4.098893498463306,0
36,7.24819729082697,0
37,20.412070014676882,1
38,27.827701869492376,1
39,0.018915189854096678,0
40,6.635136046900201,0
41,2.3489587419447036,0
42,34.31420500019483,0
43,25.263310950068156,1
44,0.12952802461201918,0
45,6.753499566648669,0
46,1.764066577207737,1
47,23.56089226685067,1
48,1.095384585167375,0
49,7.767068338741461,0
