ID,Time,Event
0,18.02031653369268,1
1,12.042195605063803,1
2,16.311910230749483,1
3,17.19639461131742,1
4,16.823618221454133,1
5,18.673524545155576,1
6,17.908438122417845,1
7,18.726020162686076,1
8,0.4521117863316342,0
9,14.707933062328657,1
10,15.384634665630049,1
11,5.147899717044681,1
12,0.3449795348361755,0
13,17.613029544292182,1
14,27.506941743248312,1
15,17.245789263381514,1
16,9.164356542952026,0
17,16.7668743183364,1
18,12.309444029047349,1
19,16.962547722018094,1
20,11.89145026306718,1
21,17.231531897059575,1
22,27.506941743248312,1
23,27.506941743248312,1
24,18.176598400858154,1
25,18.627802154914743,1
26,16.78184813912016,1
27,16.135191548410933,1
28,18.822462724105737,1
29,7.0301201376210045,1
30,13.847027200762083,1
31,16.32269474613341,1
32,15.2783517003332,1
33,17.30545777536684,1
34,10.193160730705772,1
35,4.911182567033603,1
36,8.606166494006498,1
37,19.928705346806954,1
38,8.88077991037878,1
39,10.793578021827043,1
40,13.931496160488543,1
41,16.392042364761696,1
42,17.22805801859999,1
43,6.258906031736278,1
44,18.99063374123662,1
45,17.098340543920294,1
46,12.791970415258673,1
47,10.084300104352394,1
48,16.28445150494076,1
49,16.279679618062964,1
50,11.633124901522544,1
