ID,Time,Event
0,13.517072230927184,1
1,25.438893874123547,1
2,41.39634071178558,0
3,60.44814947798192,1
4,23.884519905431944,1
5,1.0736174345084533,0
6,26.86427891961142,1
7,13.053184874560282,1
8,34.634498022307916,0
9,3.114169469184602,0
10,27.376041870490496,1
11,36.74839936898722,0
12,21.039297066218673,1
13,46.20267865484615,1
14,29.274444597308236,1
15,21.46461039593439,0
16,8.303567746982127,0
17,35.056791502406746,0
18,21.919062285649275,1
19,17.180430081560488,1
20,1.7287670513402669,1
21,43.98703246143974,1
22,38.54148716545857,1
23,44.94272082047864,1
24,32.94655888033755,1
25,30.891850015101873,1
26,3.967128803307997,0
27,31.14141450013281,1
28,8.287009328292521,1
29,59.85071110463438,1
30,26.413204736874473,0
31,10.436081898214587,1
32,49.19854322190704,1
33,71.30493221123353,1
34,18.481616714636267,1
35,35.869255533603265,1
36,10.327848158119325,0
37,45.19205455956492,1
38,12.701326485528805,0
39,38.78999069464555,1
40,27.976962534598695,0
41,43.83916630030321,1
42,35.48419815790228,1
43,54.22127315128984,1
44,25.409524167160054,1
45,58.20841900165779,1
46,7.290108605014884,0
47,18.06876601923857,1
48,42.74208739409987,0
49,34.432234891840274,1
50,10.793412986177781,0
51,18.423415595918136,1
52,72.08860629605587,1
53,14.4323274493891,1
54,47.62789997053975,0
55,6.170438553770622,0
56,64.6548259300781,1
