ID,Time,Event
0,1.5274944720703851,0
1,2.5953992670023003,0
2,2.54232650678226,0
3,0.7979598929193642,0
4,5.999380814573358,0
5,6.0293886506454175,1
6,0.849880681820874,0
7,3.538286364278368,0
8,1.8858145942247226,0
9,6.263245213678654,0
10,7.6955580117333025,0
11,5.4324087148604265,0
12,0.05198655483182536,0
13,5.766063042292705,0
14,11.910655088035462,1
15,5.993707329073097,1
16,1.2814265229378787,0
17,8.202105301318195,1
18,4.272226061839243,1
19,4.208463570320073,0
20,3.706775768478301,0
21,2.8490075120926948,0
22,5.3686035787564315,0
23,1.2444249636485556,0
24,6.745703550752725,1
25,5.303362035289457,0
26,6.133251409260116,0
27,8.558498231024053,1
28,2.061732794381686,0
29,2.93725143149702,0
30,3.629654860682274,0
31,7.129790337555865,1
32,4.166677351672467,0
33,7.028816126340281,1
34,5.0405044163470825,1
35,6.070222296902331,0
36,0.41739842383437703,0
37,7.196945404911353,1
38,5.923985857301591,0
39,1.908872370626398,0
40,7.232050154791486,1
41,1.7233652303387728,0
42,4.114978717382765,0
43,5.285279720309157,0
44,3.7469737723309797,0
45,2.672859112248513,0
46,4.633216771400296,1
47,8.624380949672142,1
48,5.950376370708475,0
49,2.204619844531565,0
50,3.5596249776827995,0
51,1.4184973984462457,1
52,7.838560259249557,0
53,2.032310736741959,0
54,4.1772473862720885,0
55,5.114161420050654,1
56,4.182416021607721,0
57,5.808282386863028,1
58,0.7494508559699529,0
