ID,Time,Event
0,32.752784623115794,1
1,28.52244035146551,0
2,4.827852190592628,0
3,1.8921868899741667,1
4,29.46674689209952,1
5,25.224756516812025,0
6,23.76553509972952,0
7,15.201989679646891,0
8,62.1349808683968,0
9,97.76227582925789,1
10,7.596448973317,0
11,1.4253822792653146,1
12,59.53975288190328,0
13,8.40391614239168,0
14,41.075765964411296,1
15,33.93160247633948,0
16,70.49600385432122,1
17,22.42661594364272,0
18,11.003802935577266,0
19,48.5212367870615,1
20,7.640838531670514,1
21,10.73237774478714,0
22,30.548487567398922,0
23,34.957450312818864,1
24,27.71482278790321,0
25,25.066743779455805,0
26,25.739428582089584,0
27,54.05636505229461,1
28,52.171936534317915,1
29,22.590472928614634,1
30,16.911782141288796,0
31,20.21070120938619,0
32,18.334234641512253,0
33,36.72134538058263,1
34,16.866833138420958,0
35,18.748798443785255,0
36,0.9995791293042073,0
37,15.571719457643812,1
38,5.52709543471226,0
39,26.120755883622557,0
40,52.23799468495941,0
