ID,Time,Event
0,36.0,1
1,25.86766936945297,1
2,4.756837993910655,0
3,2.691768938946008,0
4,36.0,1
5,36.0,1
6,36.0,1
7,7.182555982855678,0
8,35.6481928336668,1
9,15.308230494566718,0
10,36.0,1
11,0.4639852356070314,1
12,20.891965895526624,0
13,0.6097882480140455,0
14,36.0,1
15,20.179103527583084,0
16,36.0,1
17,35.632186641777444,1
18,27.283684341963756,1
19,32.13703997629956,1
20,4.860798492211995,1
21,18.84130039528802,1
22,36.0,1
23,36.0,1
24,36.0,1
25,31.030718471999702,1
26,36.0,1
27,22.3276842725536,0
28,36.0,1
29,36.0,1
30,10.753060781481214,0
31,31.175293772045457,1
32,19.89242208050414,1
33,22.647893455429532,0
34,35.45020730032138,1
35,27.796383799984582,1
36,34.09704466651166,1
37,15.853577569768223,0
38,13.143966056813827,0
39,30.21367727585376,1
40,35.861699931312245,1
41,28.371694774368372,1
42,36.0,1
43,29.181825156070474,1
44,31.250150893851206,1
45,17.996249292755294,0
46,22.56140245771402,0
47,36.0,1
48,14.848111272879754,1
