ID,Time,Event
0,8.603663411523332,1
1,5.749454929272745,1
2,7.787997783610179,1
3,0.6457300797899242,0
4,8.032308881518933,1
5,8.302477891210504,0
6,8.550247912865196,1
7,8.940596255116704,1
8,0.612861673660398,0
9,7.022191053686264,1
10,7.345277100147086,1
11,2.4578256635458047,1
12,0.1226594256790739,0
13,8.409207328460484,1
14,2.48649374647769,0
15,8.233871242537624,1
16,6.050056552212819,1
17,6.106313230003191,0
18,5.877050661729245,1
19,8.098639717525531,1
20,5.677482709419171,1
21,8.227064171155755,1
22,10.27125334598133,0
23,13.132980644197012,1
24,5.160879030101257,0
25,3.353427306833749,0
26,8.012366072612043,1
27,7.703624789466261,1
28,2.884389628656417,0
29,3.3564775232207764,1
