ID,Time,Event
0,13.572560309898677,1
1,3.6887021858809965,0
2,12.534958393584724,1
3,2.6166260943190593,1
4,6.752407680832933,1
5,6.209275312052852,1
6,5.4583336397690685,1
7,0.9220420130328802,0
8,5.811564961844743,1
9,8.489891405104908,1
10,6.69557502018436,1
11,6.740581148918435,1
12,1.4793882216159424,1
13,3.361992165132709,0
14,15.032786409626965,1
15,5.931210152378917,0
16,7.541396639867835,1
17,3.383974318015114,1
18,4.431972036811974,1
19,11.506337298597906,1
20,13.664485073224089,1
21,5.65072414222683,0
22,2.257905898831185,1
23,8.58237030004672,1
24,10.99925715610075,1
25,4.432527409163608,1
26,5.837040011675619,1
27,1.8997081223956775,1
28,3.1558525515551814,1
29,4.618448496179487,1
30,3.5319321994697885,1
31,16.996323448102732,0
32,1.9425104538716371,1
33,7.4785053471962915,1
34,2.251920059595296,1
35,7.28797106960373,1
36,9.455955775215765,1
37,9.566092770392977,1
38,10.356529471577527,1
39,5.1531894843300705,1
40,1.7754030764451663,1
41,2.545483408161813,1
42,3.4763290251892327,0
43,1.3736007302002713,0
44,6.489198310448857,1
45,7.90889631346514,1
46,4.21303724142758,0
