ID,Time,Event
0,6.186633457232873,1
1,13.45252230543798,0
2,2.5868281933661907,0
3,31.445544254331974,0
4,4.671817272830914,0
5,3.395943770195034,1
6,3.6891212810050105,0
7,0.01788419957545317,0
8,0.3119655650429023,1
9,4.1115231823734355,0
10,0.5092742899128148,0
11,2.8934060552059475,0
12,0.5260145499186867,0
13,7.293669218207039,0
14,20.31640749198006,0
15,6.84176751051372,0
16,1.0771400719623154,0
17,3.2846277079144817,1
18,6.752943114162282,0
19,0.6947256084717487,0
20,11.07455474421541,1
21,0.5316977169478603,1
22,6.342794056043669,0
23,4.936930292281235,0
24,0.009792291871840792,0
25,4.859179874317108,0
26,0.039351559214975705,0
27,0.6492308118747413,0
28,11.15015314664577,0
29,0.9819254304645091,0
30,15.410076928241908,1
31,1.6615340977304935,0
32,1.6099095206521714,0
33,2.9563305022287016,0
34,1.6261172466562672,0
35,8.023664123925501,1
36,10.775540138574335,1
37,14.559484551624223,0
38,6.947709183120981,0
39,0.25083660741970903,0
40,13.078211125337328,0
41,1.0524292871154863,0
42,27.428855575017515,1
43,3.1737629960612685,1
44,5.148907477269035,0
45,23.400306055369008,0
46,14.786957144576192,1
47,9.723776269638845,0
48,0.7569761375509266,0
49,0.33369190211757566,0
50,9.654320444282371,0
51,16.422416854090915,1
52,11.903651950088532,0
