ID,Time,Event
0,0.397125970643395,0
1,5.107824181107678,1
2,18.345907985066997,1
3,28.840681142313993,1
4,4.502694946755814,1
5,3.379841621723617,1
6,5.6962608461277275,1
7,1.3448457375072393,1
8,1.9200738627042802,0
9,0.8692001346277478,1
10,5.915354896406684,1
11,17.537945974422172,0
12,3.493831404300127,1
13,16.84898729329761,1
14,6.764205936872868,1
15,26.666075593989387,1
16,7.292522696455548,0
17,19.46367358865916,1
18,3.792131895122627,1
19,2.3297405326375653,1
20,0.02358915837218728,1
21,2.753306341998164,0
22,11.72455665240806,1
23,11.134707870886682,0
24,8.567608541093358,1
25,2.199269105974337,0
26,6.735185580369628,0
27,7.654488289827785,1
28,0.5420447571665,1
29,28.27340552060652,1
30,3.645746536268409,0
31,0.8596357135407218,1
32,19.104865279759593,1
33,40.130875587120514,1
34,2.0135333901528285,0
35,10.155100334871133,1
36,1.6788622979201049,1
37,16.119949050232975,1
38,15.666421392816074,0
39,11.87623666760897,1
