ID,Time,Event
0,5.337365956269741,1
1,6.535947685914919,1
2,0.2069317746109025,0
3,0.30834916803746515,1
4,1.149422392861716,0
5,2.7924329732535442,0
6,4.729483088984358,0
7,4.479652815382693,0
8,9.04545943593229,0
9,15.93125741285123,1
10,11.734277362830682,1
11,0.20358895537874871,0
12,0.8191797091343965,0
13,0.10207443682389337,0
14,2.154488106452112,0
15,3.5443511249103508,0
16,5.173484636950224,0
17,0.5787642645310499,0
18,1.2056815439402142,0
19,4.927527992926673,0
20,0.9800511723415003,0
21,0.9325161676495555,0
22,6.569837761367118,1
23,5.696636404037174,1
