ID,Time,Event
0,10.214922570836732,1
1,7.254759672540349,1
2,1.8411807422066526,0
3,0.7908359459542013,1
4,9.366952758520307,0
5,7.174679713343103,0
6,10.138782107548657,1
7,10.494157166644719,1
8,9.997772434575415,1
9,5.923001364715043,0
10,4.99568532296864,0
11,0.13012774084359682,1
12,11.04737272270585,0
13,1.621107263830943,1
14,10.494714776806088,1
15,6.104013169483062,1
16,11.141043837039708,1
17,9.993283391756316,1
18,0.1125310349005039,0
19,4.48329378346435,0
20,1.3632432197114575,1
21,0.6073233232526991,0
22,10.307274890181967,1
23,7.522613092116552,0
24,10.160129617560674,1
25,8.702771083291337,1
26,12.148457708328667,0
27,16.83090102887513,1
28,10.351261849957085,1
29,10.250880682538108,1
30,4.405398027935041,0
31,4.627944636517043,0
32,5.578961886269249,1
33,4.339982325270159,0
34,9.266766762617229,0
35,7.795680443972154,1
36,7.5142664176954135,0
37,11.343713253343076,1
38,11.833549853456985,1
39,8.473626453524133,1
40,10.057651918098909,1
41,6.029271326454573,0
42,10.109477223390142,1
43,8.184236673574762,1
44,8.764312363340943,1
45,11.350491856461488,1
46,6.716279699639379,1
47,10.179579459168473,1
48,3.035802235698639,0
49,10.949858120411847,1
50,10.377536110823058,0
51,6.867439486604171,1
52,10.66435923398235,0
53,2.863927705684251,1
