ID,Time,Event
0,9.642606517154391,1
1,10.805371523508224,1
2,10.10413177192178,1
3,6.336337414345703,1
4,7.250656171382067,1
5,10.619216459439034,1
6,0.23718663877554197,1
7,10.308052145155017,1
8,10.19415418575381,1
9,8.900267101228831,1
10,7.287532232299102,1
11,6.97575985835041,1
12,6.6871059251291,1
13,8.711276432127889,1
14,9.220587639098694,1
15,9.485560303466995,1
16,16.174220565609996,1
17,10.174846843887046,1
18,9.635643950767562,1
19,16.174220565609996,1
20,6.222266543943401,1
21,5.612507015032414,1
22,9.303736567443002,0
23,2.0189339020124173,1
24,1.632355280208247,1
25,9.315349941337738,1
26,8.885691440252467,1
27,1.0636785891916218,0
28,9.652562100133473,1
29,9.308213416130426,1
30,9.151524600647194,1
31,6.59884937395875,1
32,0.5330361209267513,1
33,5.9637141036591625,1
34,2.1111962765508383,0
35,6.055468630356235,1
36,8.137878085387884,1
37,0.16808752042267555,1
38,10.353511837659685,1
39,5.551181925417477,1
40,6.841942555026727,1
41,10.668727339555042,1
42,9.268381274419474,1
43,10.448815914167563,1
44,9.678353382692157,1
45,9.977614543013148,1
46,4.177341859783455,1
47,9.461037045561,1
48,9.249918738231909,1
49,10.603618773515013,1
50,8.071512474661663,1
51,9.580315380202748,1
52,2.7442079064765035,1
53,8.268717779405733,1
54,7.549206877949321,1
55,5.50600958692805,1
56,10.283801924257725,1
57,8.209059089454957,1
58,13.040904114697453,1
59,9.562179302784799,1
60,9.5958163624377,1
61,9.674072347989666,1
62,9.774982186142468,1
63,5.512232244416685,1
