ID,Time,Event
0,21.64587597527853,0
1,1.8338082600274126,0
2,33.50801020833238,1
3,19.634349965068758,0
4,6.375081927273301,0
5,152.60426251910036,0
6,0.3393229836126671,0
7,165.56407133377803,1
8,0.4839051904857501,0
9,0.44629419684332783,0
10,7.2211906156243035,0
11,2.779036589160614,0
12,46.28410861671083,0
13,26.50808576066699,0
14,100.9645891886628,0
15,4.651656325757106,0
16,63.7941509131451,0
17,41.943786260485396,0
18,16.738614769730596,0
19,26.714064072283644,0
20,4.423828383675837,1
21,3.5388940968502123,1
22,14.315790282667132,0
23,12.368490438480885,0
24,129.4214840756249,1
25,28.003692655711674,1
26,28.6787814726089,0
27,47.5769414687324,0
28,31.03191739120145,1
29,0.5594958989355652,0
30,12.546082840956652,0
31,7.346046970940358,0
32,12.721436035984876,0
33,0.4262661161791553,0
34,0.4892064320493146,1
35,50.5048667157156,0
36,11.085322147390809,0
37,20.95929681926204,1
38,113.88983216247172,0
39,54.44357770378179,0
40,223.68660735613517,1
41,77.57630310513234,0
42,132.19586985645645,1
43,8.542574694596826,1
44,2.438684455411955,0
45,4.8699226194979905,0
46,67.67303617877738,1
47,72.09369047539109,1
48,4.298647999568337,0
49,17.94047159061325,0
50,51.01213588461536,0
51,1.4702804710635342,0
52,1.0383300054066291,0
