ID,Time,Event
0,14.547310380799326,1
1,18.882076824113906,1
2,20.30534165017653,0
3,33.954910105294196,1
4,44.46324442985694,1
5,46.726016304251345,1
6,20.08775471883615,1
7,16.862597897174965,1
8,28.70569691095594,1
9,30.615533450810393,1
10,2.1184936717486305,0
11,24.10659633871545,1
12,38.868733200780206,1
13,41.7266556167604,1
14,26.846132830525093,1
15,67.42102442423972,1
16,51.89468777956196,1
17,67.90425405746815,1
18,11.010519238756903,1
19,15.826478762565463,1
20,11.958619870921643,1
21,31.857185141075114,1
22,54.77938479898391,1
23,49.9990851171066,1
24,35.770160196366646,1
25,42.45594895905658,1
26,39.81953394463874,1
27,43.293397820118685,1
28,30.087251808761096,1
29,28.694418990883182,1
30,18.8348921246128,1
31,24.88189582799221,1
32,47.66961082786352,1
33,37.26304303786686,1
34,55.860957266867416,1
35,34.26929895972323,1
36,24.650323064079796,1
37,41.5567351548395,1
38,75.74815403081926,1
39,39.40461162696453,1
40,41.144137532348886,1
41,21.987768418243583,1
42,30.744313467046247,1
43,56.797505704942246,1
44,27.634901042377436,1
45,13.390168511843353,1
46,44.1659468134511,1
