ID,Time,Event
0,4.769526000064328,1
1,8.97616463629616,1
2,17.011493563480315,1
3,21.329250570353253,1
4,8.427700669333305,1
5,7.30165005297123,1
6,9.479114603449732,1
7,4.605842417592173,1
8,14.386605673556765,1
9,3.7028211198655523,1
10,9.65969118530025,1
11,26.30988288075288,1
12,7.423758093917051,1
13,16.302707668655426,1
14,10.329546388369558,1
15,20.509373428857536,1
16,13.699778984762242,1
17,17.52206334619368,1
18,7.734185013026497,1
19,4.233964674964853,0
20,0.6099989153388111,1
21,15.520912473227177,1
22,13.599440912671003,1
23,15.85812902415791,1
24,11.625259265307742,1
25,10.9002511283473,1
26,11.043426808134424,1
27,10.98831045655924,1
28,2.924087833431341,1
29,21.118443244148573,1
30,17.101373111551172,1
31,3.6823923925218907,1
32,17.359804479351997,1
33,25.160088094829593,1
34,6.521275460968276,1
35,12.656538631127601,1
36,5.146125554370835,1
37,15.946106933201287,1
38,20.97312367341275,1
39,13.687125880489196,1
40,16.740244944917325,1
41,15.468737602217999,1
42,12.520670365163882,1
43,19.132084791258666,1
44,8.965801476391151,1
45,20.538957187476825,1
46,30.300209914591473,1
47,6.375600266502818,1
48,22.182647928412308,1
49,12.149483020531996,1
50,10.34120344519983,1
