ID,Time,Event
0,24.216309092905945,0
1,27.415756844415355,1
2,36.0,1
3,36.0,1
4,9.628860917897253,0
5,36.0,1
6,11.554708238075037,0
7,6.098141270028213,0
8,4.687638952353137,1
9,33.48468416765959,1
10,35.02529081621258,1
11,11.71991981616577,1
12,0.9814373103031748,1
13,27.592821269285686,0
14,36.0,1
15,36.0,1
16,28.849148549010238,1
17,36.0,1
18,28.02418557695522,1
19,36.0,1
20,27.072563810757124,1
21,36.0,1
22,36.0,1
23,21.454303960333192,0
24,36.0,1
25,36.0,1
26,36.0,1
27,36.0,1
28,36.0,1
29,16.00506009045384,1
30,31.524710543188966,1
31,6.815952699416314,0
32,34.78332265452149,1
33,36.0,1
34,23.206168146908457,1
35,11.180999835254836,1
36,19.593151921815732,1
37,21.408812163413625,0
