ID,Time,Event
0,18.938212827696105,1
1,10.153782550583088,1
2,42.38772818946717,1
3,11.066927328623406,1
4,6.209615646753656,1
5,24.527033817753136,1
6,12.910005337994479,1
7,13.576100894687402,1
8,3.1514450512174745,1
9,15.980812117310878,1
10,18.657533253545612,1
11,8.779398947926468,1
12,23.677049533612667,1
13,8.350407432635949,1
14,16.21119803882669,1
15,6.560321466379039,1
16,17.563516094165,1
17,12.43154954616709,1
18,15.172633110345993,1
19,29.756115173886805,1
20,19.30083465242937,1
21,17.332488851407835,1
22,30.80987577411479,1
23,26.053886835866834,1
24,19.740236947191345,1
25,10.480286415018142,1
26,21.89853470467789,1
27,7.261474159140787,1
28,53.05970634572005,1
29,8.880460359174368,1
30,28.780276654118122,1
31,25.21547886538748,1
32,10.340751296526498,1
