ID,Time,Event
0,5.906701613275852,1
1,0.4607755376461865,0
2,0.17206435701204173,1
3,0.003933264485759293,0
4,4.780936318323687,1
5,14.159611776917673,1
6,5.851547029886949,1
7,2.39565241278585,0
8,23.05348092895247,0
9,52.624887410361964,1
10,8.52772856818236,0
11,0.011186939362301761,1
12,19.712069746787222,1
13,0.6298015874464222,1
14,9.290089865143631,1
15,4.279862840005361,0
16,11.070105316699216,0
17,3.0753545687927235,1
18,2.6679346171417273,1
19,12.96320229044004,1
20,0.32146272206017246,1
21,1.175645270038492,1
22,8.949532715023116,1
23,1.551911175469983,0
24,15.095553538080818,1
25,0.3261331443268075,0
26,3.893694682514932,1
27,16.089488999452524,1
28,14.987268511266992,1
29,0.5578125350399658,0
30,1.8309257404327313,1
31,10.626994208538298,1
32,4.676527783682297,1
33,5.91256181847184,0
34,6.122179251123754,0
35,10.704107702048418,1
36,25.437580301691465,1
37,1.3351243455351083,1
38,12.733734373599354,1
39,9.766471595017599,1
40,16.488735713949865,1
41,5.2035605909595,1
42,4.071555470035038,1
