ID,Time,Event
0,4.0467751763608,1
1,6.51028578494184,1
2,10.273504473222102,1
3,9.601758525290725,1
4,4.267689019245558,1
5,8.666624141916662,1
6,9.048446180967002,1
7,5.640682896681181,1
8,6.806944525036472,0
9,3.18540998831678,0
10,1.7830808136028742,0
11,9.387845410773984,1
12,8.64674496236022,1
13,1.2183491723994142,0
14,10.02309080939093,1
15,9.889285472478631,0
16,7.089746655302662,1
17,9.758148713436153,1
18,9.889898896153792,1
19,7.197975330141891,1
20,0.06739409031781304,1
21,12.093297680477418,1
22,7.27086415760532,1
23,7.473911846802387,1
24,10.44600283584035,0
25,9.60827369674799,1
26,8.98177810639414,1
27,7.168567465574447,0
28,1.3927187517120188,1
29,9.922461856828575,1
30,8.219985842660654,1
31,4.186116990163355,1
32,5.772826691060858,0
33,11.235756768523716,1
34,4.366506513723019,0
35,9.711883998072503,1
36,7.267796736977746,1
37,2.9784700409318736,0
38,9.970606521593371,1
39,6.298475405859589,1
40,10.414024706381861,1
41,9.781874347896048,1
42,9.850833508215704,1
43,10.363341328885664,1
44,8.630461561715192,1
45,2.000928564894437,0
46,7.176112767390265,0
47,4.47295342533447,1
48,10.526365282248106,1
49,0.43396788117732626,0
50,4.9342393173180055,0
51,5.4976264208004935,1
52,9.896499718257298,1
53,7.188495937196143,1
54,10.665063616658216,1
55,3.4395621725892447,0
56,9.558769752115014,1
57,3.0962763073347697,0
58,9.670847809942698,1
59,3.3542812435975504,0
60,5.86447834034099,1
61,5.259133279818332,0
