ID,Time,Event
0,25.24691376355221,1
1,8.501993690750341,1
2,13.250040779281662,0
3,4.867300777919836,1
4,9.894211235251502,0
5,11.55014490694294,1
6,2.4114542017740415,0
7,15.958922036793657,1
8,10.810346469115904,1
9,15.792418767907971,1
10,7.897377933668588,0
11,4.6434380130985815,0
12,1.7744502211545325,0
13,15.831955562603115,1
14,2.201262925980071,0
15,1.0770249729384092,0
16,14.028082121294844,1
17,6.294678810356363,1
18,4.342380101071964,0
19,21.403441862047195,1
20,1.8153017297501053,0
21,10.809060722706109,1
22,4.200029634234304,1
23,15.964442809963009,1
24,1.2967597076645938,0
25,8.245138330468066,1
26,10.857733724837527,1
27,3.5337302651043743,1
28,5.870339523302119,1
29,8.590978285755824,1
30,3.280408218816418,0
31,33.07144593661913,1
32,3.6133487561612463,1
33,13.911095273839189,1
34,2.604563099232372,0
35,13.55667412075197,1
36,8.898376673647935,0
37,17.794308053441593,1
38,19.264633973879665,1
39,9.585673413677144,1
40,3.302505005917415,1
41,4.73496515211978,1
42,15.057219783366934,1
43,5.857802991102001,0
44,12.070841933854267,1
45,14.711684356657761,1
46,15.683347830563216,1
47,3.3947818356025223,0
48,7.622100480862289,0
49,1.6261391371530327,0
50,24.23558194537337,1
