ID,Time,Event
0,6.936023396355241,1
1,9.00280005001412,1
2,13.79216014216325,1
3,16.18938791752919,1
4,21.199664788234493,1
5,22.27853354476623,1
6,9.577656148313874,1
7,8.039931126547513,1
8,13.686611488393408,1
9,14.59720393310598,1
10,26.165030593558,1
11,11.493802760440907,1
12,18.532253441373808,1
13,19.894884486104257,1
14,12.79998848859037,1
15,32.14572251307598,1
16,24.742908425235274,1
17,32.376121944596214,1
18,5.249714005334995,1
19,7.54591908095672,1
20,5.70175964089615,1
21,15.18921200527629,1
22,26.11830535390158,1
23,19.910018074689592,0
24,17.054882415985244,1
25,20.242604824267172,1
26,18.985586465283102,1
27,20.64189271608561,1
28,5.524314520918536,0
29,13.68123428013709,1
30,8.980302820552266,1
31,11.863458405095571,1
32,22.7284307093366,1
33,17.766675183556192,1
34,26.633989129508315,1
35,16.33928562320757,1
36,11.753046647429692,1
37,19.813867977309723,1
38,36.116021095001514,1
39,18.78775533171103,1
40,19.617145236956794,1
41,10.483565153313142,1
42,14.658605056902298,1
43,27.080526785491845,1
44,13.176065895925413,1
45,6.3843088274151185,1
46,21.05791602718563,1
47,9.65708987194036,1
48,9.81982811610643,1
49,5.47563201914019,1
50,17.237763307088873,1
