ID,Time,Event
0,17.03532319337767,1
1,6.432751113812315,1
2,11.158866127925698,1
3,4.539746480164698,1
4,0.2585536496461048,1
5,3.566498922975205,0
6,5.5064403940826185,1
7,0.623853791892775,0
8,0.49582113001344447,1
9,7.92599228431231,0
10,9.346178555817051,1
11,9.99732032939543,1
12,1.9525143173686594,1
13,18.71142355717232,1
14,12.27880047850519,1
15,17.265654067843478,1
16,1.4105189945723973,0
17,0.7104403070057234,1
18,1.2291122044601193,0
19,4.825531570756841,0
20,12.9719887675649,0
21,0.37886488649482364,1
22,1.1062917734045976,1
23,7.405982013977843,1
24,3.040930415981241,1
25,5.967303838565562,1
26,9.528224928374845,0
27,0.1981659023319874,0
28,15.202706317012623,1
29,0.010139292493583951,0
30,7.389973625776974,0
31,7.965284575481651,1
32,2.615488903256233,1
33,5.060948694035801,0
34,5.37246596873789,0
35,4.431370447476828,1
36,0.6945289928257072,0
37,9.27253616699089,1
38,12.641215312487876,1
39,3.1300205387380333,1
40,3.223797687376636,1
41,0.002422782009703292,0
42,7.627044187257675,0
43,11.47629634397725,1
44,0.04276669637509551,0
45,4.858597823791393,1
46,0.8013577812724106,1
47,10.702943185765234,1
48,8.690352873889008,1
49,1.0232420684071966,0
50,5.139865988146599,1
51,12.144877779474033,1
52,2.7818700156122174,1
53,3.46528559331758,1
54,22.205897179813565,1
55,10.949389932897356,1
