ID,Time,Event
0,16.263457440336218,0
1,32.07637409429414,1
2,33.35850849638241,1
3,33.5177472965555,1
4,36.0,1
5,36.0,1
6,36.0,1
7,31.337162658439784,1
8,16.18772792231605,0
9,20.37899451056689,1
10,9.786185984815713,1
11,36.0,1
12,1.6463374041921515,1
13,36.0,1
14,36.0,1
15,36.0,1
16,9.079193047958698,1
17,16.44736383701091,0
18,36.0,1
19,34.870542102383745,0
20,36.0,1
21,20.306548470454473,1
22,21.00526895907836,0
23,36.0,1
24,36.0,1
25,19.538421457870463,0
26,7.824681410292838,0
27,36.0,1
28,22.12505743120901,1
29,35.54459875652624,1
30,7.5898312262598395,0
31,19.409576422238757,0
32,34.84760840494356,1
33,36.0,1
34,36.0,1
35,36.0,1
36,36.0,1
37,25.896718719457997,0
38,36.0,1
39,19.62278403719958,0
40,30.364463317600407,1
41,36.0,1
42,12.480758043264792,1
43,36.0,1
44,36.0,1
45,27.6279988580471,0
46,11.352635728047115,1
