ID,Time,Event
0,1.7152438036442383,1
1,6.075150442701187,1
2,8.589875793067671,0
3,34.30256614109541,1
4,1.0611751496622301,0
5,0.2085636285567265,0
6,2.495119006279607,0
7,0.7689713381709262,0
8,1.3248693259230278,0
9,0.6917509412387017,0
10,4.966854165221077,0
11,52.19311863708017,1
12,3.216790748267027,0
13,14.191129151531907,0
14,8.04521988910818,1
15,11.71233286760596,0
16,9.474901622130954,0
17,23.149728930781567,1
18,4.510290672620521,1
19,1.3721393875564905,0
20,0.028056503287210714,1
21,17.53239991751148,0
22,13.944968153133539,1
23,16.281387232459654,0
24,10.190153179866572,1
25,2.658584826715244,0
26,1.9649960431043447,0
27,9.10410505016911,1
28,0.6446978849905913,1
29,33.627859138239565,1
30,11.53401210058009,0
31,0.19786929959565125,0
32,11.19894664673974,0
33,5.98590850498605,0
34,3.206568401667296,1
35,6.4769196818488926,0
36,1.3575977242375392,0
37,10.448825192551432,0
38,0.6500802903565124,0
39,1.7904614344434675,0
40,12.460353791429034,0
41,10.00858392227482,0
42,2.52798411288873,0
43,23.44461770213839,0
44,6.061130777276988,1
