ID,Time,Event
0,36.0,1
1,36.0,1
2,36.0,1
3,28.659955162861667,1
4,10.099823176871931,1
5,33.401962091464135,1
6,34.15916475979813,1
7,8.440674550451032,1
8,9.106412153237835,1
9,36.0,1
10,36.0,1
11,26.132978609909827,1
12,34.99332696490121,1
13,36.0,1
14,36.0,1
15,36.0,1
16,33.670890526886986,1
17,36.0,1
18,36.0,1
19,11.427944510218877,1
20,36.0,1
21,27.9351454222774,1
22,36.0,1
23,12.090926751223382,1
24,36.0,1
25,36.0,1
26,25.79226978075819,1
27,36.0,1
28,36.0,1
29,3.405044968429321,1
30,36.0,1
31,0.21868658354601225,1
32,36.0,1
33,35.04884956902919,1
34,24.674774891329772,1
35,30.713585665477375,1
36,33.71191422631211,0
37,30.25817486502534,1
38,22.276247721057874,1
39,36.0,1
40,35.43705099901934,1
41,36.0,1
42,26.180905505695222,1
43,30.436246822447234,1
44,36.0,1
45,36.0,1
46,36.0,1
47,26.213217826920715,1
48,2.6676194482006856,1
49,36.0,1
50,16.34754032412714,1
51,36.0,1
52,32.95003254510292,1
53,36.0,1
