ID,Time,Event
0,67.28458537431077,1
1,0.6727571102108342,0
2,57.39020998730396,1
3,0.5630294431581122,0
4,5.58700681444937,0
5,1.1085614418272893,0
6,10.882086579932816,1
7,15.277556379923928,0
8,12.336109443775438,1
9,13.318494248736217,0
10,15.025926503403461,0
11,16.595360966556502,1
12,0.5154558596318637,0
13,26.45867621555907,1
14,82.54124098667907,1
15,15.75125016616093,1
16,20.77282615107784,1
17,2.2030808974538925,0
18,7.174407546921006,1
19,5.197085905561242,0
20,68.19908711212489,1
21,10.809211807293204,0
22,1.1578147924496007,0
23,26.9033596936595,1
24,10.495210537592905,0
25,4.550335354808778,0
26,9.802872797221413,0
27,1.3181528696812919,1
28,0.25979719773093707,0
29,1.8189760208087082,0
30,4.5563464226136645,1
31,45.27940038084137,0
32,1.3782206403012227,1
33,20.42780188536956,1
34,0.11739445797307362,0
35,7.184575196722465,0
36,16.30691854186807,0
37,20.626575398262393,0
38,27.42664739395034,0
39,6.834651647722435,0
