ID,Time,Event
0,25.78842267820756,1
1,15.8470331136281,1
2,19.849548671689796,0
3,13.312676888100174,1
4,3.1770564198735656,1
5,11.247479836587724,0
6,14.661724757951541,1
7,6.210496120590311,1
8,1.7573069829189345,0
9,18.30275416594258,1
10,19.101462843103608,1
11,18.50002466815638,0
12,8.730652540471988,1
13,27.027321386205642,1
14,21.89412343937487,1
15,25.96217713409502,1
16,13.174046445634618,1
17,5.266394490265174,1
18,12.10707709198216,1
19,13.802397849394517,1
20,9.805022211883536,0
21,3.8458449335067755,1
22,6.57180142977954,1
23,17.003601475980137,1
24,10.895642181487961,1
25,15.26295651255199,1
26,19.946138109994195,1
27,3.1595295032024397,0
28,24.361837615632595,1
29,0.6995537419707317,1
30,26.814928150127912,1
31,1.5134499190456192,0
32,10.104760675019046,1
33,15.267356210971833,1
34,20.91450878060493,1
35,13.152812214070392,1
36,12.01964491528121,1
37,19.026059871519763,1
38,22.214881725889093,1
39,11.054094799431244,1
