ID,Time,Event
0,11.090024524109571,1
1,23.59666830666832,1
2,6.971427758402395,0
3,8.29579420324434,0
4,11.022729514806723,0
5,2.45249057870238,0
6,12.624501103935067,1
7,11.905884784959598,1
8,6.169300389781427,0
9,13.12196915657057,1
10,7.697064926832307,0
11,6.726327437126342,0
12,3.724007595667627,0
13,4.873018735944238,0
14,9.144217392757975,0
15,7.838103834789527,0
16,6.385733583479322,0
17,2.2003139984172706,0
18,12.462891414752526,0
19,10.105229878685522,0
20,11.13303129425881,0
21,8.03284918604061,1
22,11.891669976998545,1
23,10.290012830561412,1
24,1.1093361761330183,1
25,8.525578277542499,1
26,12.139038394206882,1
27,12.12435160352696,1
28,14.038720106309128,1
29,3.769469100926163,0
30,14.006965808302871,1
31,9.207841211793369,1
32,0.70547115717934,0
33,11.135234960076568,1
34,2.4180971296434177,0
35,2.2226613034925724,0
36,6.636637503949062,0
37,9.133041844089,0
38,12.636349664245985,0
39,0.8855953912659321,0
40,16.879152795718106,1
41,2.671374932239764,0
42,23.59666830666832,1
43,7.093574307349066,1
44,11.929678708259647,1
45,6.262942031160611,0
46,6.4618331106670155,0
47,10.671986515806752,0
48,12.766210314805798,1
49,8.437025689003063,0
50,12.097210946181985,0
51,13.524147569564015,1
52,0.1808107323162606,0
53,1.424123737601886,0
54,4.208931140460927,0
