ID,Time,Event
0,5.67368806241031,0
1,4.017299372285786,0
2,4.502836065851554,0
3,10.678401850884981,1
4,6.915617608080475,1
5,1.3124075736356358,0
6,7.425471378646665,0
7,3.3173721478460707,0
8,8.855323695454457,1
9,1.1731136333153902,1
10,9.361443764035826,1
11,0.5540656178308011,0
12,4.712883199970928,0
13,6.56056965669516,0
14,6.810907497780593,1
15,8.203390612557932,1
16,3.5609775950629436,0
17,2.481069925843921,0
18,5.687768322976509,1
19,1.3403769344654166,0
20,5.9109613469351014,0
21,5.3993167841128935,0
22,8.454175587479332,1
23,14.674608691913823,1
24,6.916413867488411,0
25,1.6551653818765752,0
26,8.83987099902476,1
27,2.802895851724871,0
28,5.248326444369774,1
29,11.127561201832968,1
30,2.1396984160470254,0
31,0.4738612912252434,0
32,9.005776503851282,1
33,8.191254495581305,0
34,8.982713091320555,1
35,4.072836710910432,0
36,1.6958226021218297,1
37,8.817056926109217,1
38,2.1651809728627707,0
39,2.483796572017401,0
40,7.479897221287949,0
41,9.793296859454927,1
42,7.431829963247066,0
43,6.307066682787103,1
44,9.723624593976671,1
45,8.657190442276319,1
46,8.669128876552465,1
47,9.359800566577224,1
48,1.948514406756011,0
49,0.05605369657180746,0
