ID,Time,Event
0,0.40973578518677767,0
1,13.090691310953579,1
2,8.887656213977023,0
3,8.678968833578683,0
4,72.58808854846403,1
5,44.842036187608656,0
6,10.573151370120337,0
7,10.440277191831846,1
8,30.25514589359845,1
9,2.203388592060226,0
10,67.96137727910472,0
11,8.662957006802863,0
12,48.96360052417803,0
13,63.927867332437074,1
14,10.204899606457397,0
15,150.76453499124585,0
16,98.88009345096488,1
17,0.5395203511358979,0
18,3.5273709702650944,0
19,1.7712367425579365,0
20,5.116805781361662,0
21,9.499411916361897,0
22,9.48812242415634,0
23,50.18863008103781,0
24,28.81359147752956,0
25,54.53605320123432,0
26,12.17098618190558,0
27,68.8186906847895,1
28,30.14107799183669,0
29,26.209786705284035,0
30,13.025348014633211,1
31,0.9999106002761557,0
32,51.79237899657021,0
33,23.284656918445513,0
34,69.334505774898,0
35,12.307705159235555,0
36,14.918790437858604,0
37,63.40826972815645,1
38,94.0869233064567,0
39,3.38842945293707,0
40,34.99494097650324,0
41,17.336376016707597,0
42,34.70504888167167,1
43,118.44632460218955,1
44,25.50616126319074,0
45,3.6121292399313796,0
46,71.62063243133711,1
47,11.608146121319681,0
48,10.449024076455236,0
49,4.8425697121059414,1
50,46.44179899794987,0
51,41.61481397912366,0
52,5.62423783101717,0
53,159.60004818624876,1
54,4.363321129823276,0
55,83.80151684567855,0
56,16.626508024029402,0
57,91.9700983710035,1
58,16.487298184125734,1
