ID,Time,Event
0,4.245812788150644,0
1,1.754236787149661,0
2,1.4416270985092847,0
3,7.192345907397472,1
4,4.65795487893924,1
5,4.66044687901539,0
6,6.50780986874688,1
7,2.3787220613585123,0
8,0.7674620157429844,0
9,0.2074077345977925,0
10,4.1929385296214,0
11,2.0337576376073008,0
12,4.80699047727001,1
13,6.391694865735841,1
14,2.999563432426867,0
15,5.525323332360271,1
16,0.649131833527625,0
17,5.275977221735357,1
18,2.2469209368245853,0
19,0.3121579413993624,0
20,4.568004838627582,0
21,4.405472031555162,1
22,0.6031406674683455,0
23,4.2622265228368015,0
24,1.3138473571075207,0
25,6.242989921266977,1
26,3.7698464964972835,0
27,2.380128344072991,0
28,3.534965227003561,1
29,5.18148350969299,0
30,5.846471285468073,0
31,2.2994829205444267,0
32,6.0657634620711525,1
33,1.6399223249785857,0
34,6.050229298528484,1
35,6.922855638718119,1
36,0.006652891891307317,0
37,5.938653010378755,1
38,4.665026742899936,0
39,0.8298892183274595,0
40,3.8517321741586716,0
41,6.596191037818234,1
42,4.202470124455244,0
43,1.68332416339192,0
44,6.549263881445101,1
45,4.724690553697419,0
46,5.839017342356896,1
47,2.301083656418372,0
48,1.3124051533774368,0
49,1.664991138856505,0
50,2.3189693702624643,0
51,6.388146556818073,1
52,3.747519612887438,1
53,2.708338483008635,0
54,3.745475068301882,1
