ID,Time,Event
0,39.688467894636055,1
1,14.986861896108453,1
2,25.997645893262874,1
3,10.576587270022872,1
4,0.6023717957408352,1
5,7.347793718354185,0
6,12.8287664585801,1
7,2.3017988255508826,1
8,0.36650400775818875,0
9,8.400163345318063,0
10,21.77449193886024,1
11,23.291505680376343,1
12,4.548918791797722,1
13,43.59340440341397,1
14,28.606840800369373,1
15,40.22508697797304,1
16,7.495445965111161,0
17,1.6551659745799883,1
18,1.3372158525454356,0
19,10.897487913265586,0
20,20.32709681921248,0
21,0.8826698920452575,1
22,2.5774107736292797,1
23,17.254270790957175,1
24,7.084683267495087,1
25,13.902474530481145,1
26,23.742826456651944,1
27,0.7802162138378145,0
28,0.03257790303853998,0
29,0.02920498197182371,1
30,17.2169748504022,0
31,7.461611170712804,0
32,6.093500322084587,1
33,4.5535965462364665,0
34,26.104183398000465,1
35,8.35058073912957,0
36,8.621802104305676,1
37,19.954112984616344,0
38,29.451185773445857,1
39,7.292243196744722,1
40,7.510722841113343,1
41,6.136772633360402,1
42,23.39653853245166,0
43,19.06068014231294,0
44,0.2478005689190628,1
45,11.319439117976602,1
46,1.86698322145779,1
47,24.93544807952267,1
48,20.246565745373204,1
49,15.594958276451646,1
50,7.561277274229342,0
51,28.294831061515268,1
52,6.481130856654152,1
53,8.073335296015628,1
54,51.734741236680755,1
55,25.509613518021247,1
