ID,Time,Event
0,62.477340753616815,1
1,38.39244067496447,1
2,50.565858057987164,1
3,22.32588677625351,0
4,7.697021218193524,1
5,29.19894277840088,1
6,35.52080657156141,1
7,15.046103719365025,1
8,10.658838033436755,1
9,44.34189027472363,1
10,4.955771338542058,0
11,47.86181363985649,1
12,21.15166020733191,1
13,65.47880764070258,1
14,53.042662891495944,1
15,13.956411796026966,0
16,31.916623950150683,1
17,4.981802267305959,0
18,18.636967693933027,0
19,33.43892429614645,1
20,64.57126403490464,1
21,9.317288125547904,1
22,15.921434296964946,1
23,41.194446698410914,1
24,26.396757870637582,1
25,36.97740442839001,1
26,48.32329929468281,1
27,9.059434412446622,1
28,59.02116810666256,1
29,1.3523395493759833,0
30,64.9642447785309,1
31,16.2545347961477,0
32,9.217289263431146,0
33,36.9880635315395,1
34,50.66936074708338,1
35,31.86518000037393,1
36,29.11986748782797,1
37,21.379629242751115,0
38,10.442404673491302,0
39,26.7806393638206,1
40,17.420022400041027,0
41,19.617696143647247,0
42,64.4919408368347,1
43,51.28002457271307,1
44,4.9367543642259,1
