ID,Time,Event
0,6.559340726353522,0
1,7.704675688593834,1
2,9.358249312985734,0
3,6.85612420153106,0
4,10.763861222326916,1
5,11.947443414963372,1
6,11.457936106307644,1
7,11.981030455185081,1
8,0.8622424820054914,0
9,4.802178780520781,0
10,9.843190110309601,1
11,3.293659985107266,1
12,0.2758142416962717,1
13,6.271643845878881,0
14,11.751970764657077,0
15,11.033969022419322,1
16,8.107503094793051,1
17,10.727556101137614,1
18,7.875662982158073,1
19,10.8527492275154,1
20,7.608227830600085,1
21,11.024847065984913,1
22,17.599121644200306,1
23,10.064777563741032,0
24,11.62950681033082,1
25,11.91818992996228,1
26,10.737136449833287,1
27,8.074511478101783,0
28,4.899774688206687,0
29,1.5384049524788344,0
30,8.859418774774493,1
31,10.443367099101865,1
32,6.774799812231443,0
33,6.706616470140898,0
34,6.521651054959925,1
35,3.1422068007729536,1
36,5.506281739060938,1
37,12.750516319974688,1
38,4.516981146250752,0
39,6.905801973748203,1
40,8.913462568928743,1
41,10.487736160096235,1
42,11.022624455774078,1
43,4.004489108251477,1
44,12.150331957369024,1
45,8.652492289224982,0
46,3.967573071998748,0
47,6.452001312602537,1
48,10.41889882269003,1
49,10.41584573818436,1
50,5.57055824413636,0
51,6.214428729155905,1
52,10.954898838256739,1
53,10.624787716475419,1
54,0.4381538335786887,0
