ID,Time,Event
0,4.4035930399642265,1
1,8.287485196104114,1
2,15.706318542875703,1
3,19.692803720536126,1
4,7.781101101006148,1
5,6.741444611704574,1
6,8.751847267886054,1
7,3.704491161304387,0
8,13.282820265982398,1
9,0.34980409419955855,0
10,8.918569449295015,1
11,24.291306334087437,1
12,6.854184141633844,1
13,7.220160645792311,0
14,2.7846091893855993,0
15,18.935830118994254,1
16,12.648689070052981,1
17,16.17771581412285,1
18,7.140794136083913,1
19,5.597042098928128,1
20,0.5631978896719478,1
21,10.00851901537659,0
22,1.8373840646921276,0
23,5.767664878485973,0
24,10.733332995311978,1
25,10.063949751401918,1
26,10.196140544993193,1
27,10.145252892387584,1
28,2.699742664442684,1
29,17.128756150993844,0
30,15.78930225075666,1
31,2.8890999440927123,0
32,16.027905955305247,1
33,23.2297274022165,1
34,6.020942800442242,1
35,11.685489380982546,1
36,4.751298697963658,1
