ID,Time,Event
0,23.810333973200827,1
1,0.5042268773373606,0
2,12.735768453496355,1
3,13.120892580076234,1
4,11.763669695490082,1
5,15.086642047938458,1
6,8.601148000854426,0
7,12.399118595693082,1
8,1.9523567975629974,1
9,2.947333150396337,0
10,13.675112490150841,0
11,4.834768425664159,1
12,1.4682358322295161,1
13,22.43913912615579,0
14,6.217653698144909,1
15,20.188247968339496,1
16,8.555964834420076,1
17,7.283966792387631,1
18,10.78566470337834,1
19,15.123691536100646,1
20,10.798136364237756,1
21,10.657156268312441,1
22,14.819217395074777,1
23,15.53624537870787,1
24,13.800824452634316,1
25,4.799009052381832,1
26,13.150834471643831,1
27,12.237910277978155,0
28,1.074522364742385,0
29,18.22648230737933,1
30,14.759998098427191,1
31,1.800195455023628,0
32,6.496635531268236,1
33,12.696299493118616,1
34,1.6199213367150271,0
35,9.072300978938188,1
36,0.12698970243639315,0
37,5.012380178527739,1
38,13.328871510261921,1
39,3.10385868688415,1
40,11.850668232230909,1
41,18.29265984886164,1
42,6.368084586517841,1
43,10.792307938505411,1
44,12.318997279346831,1
45,21.079066322190094,1
46,10.874129340921964,1
