ID,Time,Event
0,7.158248105280043,1
1,5.861507347985128,1
2,7.654287305896509,1
3,2.3913639031781857,1
4,6.062674754256816,1
5,5.170182998970434,1
6,6.4508603711055965,1
7,3.641625634471907,1
8,1.590582432592227,0
9,5.977723765593847,1
10,6.851448156808107,1
11,5.669736199277045,1
12,5.427233094338275,1
13,6.414918018261066,1
14,10.213351636599139,1
15,5.139586370877094,1
16,7.502050008053853,1
17,7.033281123800371,1
18,3.663421257529191,1
19,6.06484043433013,1
20,4.903330224219207,0
21,7.155738400466347,1
22,6.153878629278468,1
23,3.3076062935525368,1
24,5.7844209147909,1
25,5.7605220375795305,1
26,5.797778319020491,1
27,7.338887010712513,1
28,4.997090032113456,1
29,3.9906282068486623,1
30,5.924670459242021,1
31,6.113774202548558,1
32,7.120202874836447,1
33,6.027189114008051,1
34,4.322217682358798,1
35,7.039295333938507,1
36,5.749927454862872,1
37,6.171359474896011,1
38,5.663694580242652,1
39,3.941202314080474,1
40,6.201461694462491,1
41,6.36769619605209,1
42,3.7545129953972216,1
43,5.577711679442602,1
44,5.101723266956452,1
45,3.615579052814338,1
46,3.9729697271172375,1
47,7.395381247793058,1
48,6.7556156512352,1
49,5.196721105932675,1
50,6.295424672743797,1
51,1.2163573387735604,1
52,6.93133489482904,1
53,5.969362055725462,1
54,6.506068027839146,1
55,4.385378345963149,1
56,5.168532837390294,1
57,4.980585029390017,1
58,7.570010141270981,1
59,5.4220748777340955,1
60,5.794751730573985,1
61,7.304297951231122,1
62,4.263635651943412,0
63,5.255745908297539,1
64,4.637099341178702,1
65,6.465796873916056,1
66,2.8894839052005232,1
67,5.242545052524735,1
68,6.718670880381402,1
