ID,Time,Event
0,12.155950839848057,1
1,7.469854123706985,1
2,9.838384241602714,1
3,6.275228532502675,1
4,1.4975767280269754,1
5,5.345934081830218,0
6,6.911132472466124,1
7,2.8060343838910384,0
8,1.3095005145908907,0
9,8.627413264132459,1
10,3.6125975133394586,0
11,2.9545768513751685,0
12,4.115388692285411,1
13,12.73993350439087,1
14,10.320285638699033,1
15,12.237853895739773,1
16,6.209881967319308,1
17,2.320978312086386,0
18,5.706942056163594,1
19,6.506069480203123,1
20,1.9204977973674324,0
21,1.8128251786757381,1
22,3.097765850454713,1
23,8.015028535151528,1
24,5.135905067922839,1
25,7.19453653108095,1
26,9.402059107508077,1
27,0.9751893233655451,0
28,5.506196641636054,0
29,0.1385559891211241,0
30,12.639817193723335,1
31,6.723246900289268,0
32,3.446946239839613,0
33,7.196610427509946,1
34,9.85852232022881,1
35,6.199872736501372,1
36,4.802409982039947,0
37,8.968359614705808,1
38,10.47148224389644,1
39,0.004792648780954395,0
40,5.288075365524447,1
41,4.779987760452067,1
42,12.54792302173278,1
43,7.112746099364925,0
44,0.9525286220063747,0
45,2.6102769170566567,0
46,2.6364951426110506,1
47,9.63530255644725,1
48,8.682253302013704,1
49,7.619893064886343,1
50,6.677127116814506,1
51,10.263850572470844,1
52,4.912269248818577,1
53,5.482558354869403,1
