ID,Time,Event
0,2.2710183129788253,1
1,3.0018127501377685,0
2,8.817064389941335,0
3,12.372583580547104,1
4,11.106015434982304,0
5,11.868513746342732,0
6,1.6870645948912368,0
7,1.3605431778929569,0
8,8.842832858241398,1
9,9.326030336039489,0
10,32.31781802554992,1
11,0.26199813150561363,0
12,0.1589714213546989,0
13,5.542326150547232,0
14,2.831040770234133,0
15,27.077873151209207,0
16,1.4164973637567257,0
17,49.48222181390532,1
18,0.14358609843125608,0
19,2.687966333195606,1
20,1.5346782867421422,1
21,6.256547289335114,0
22,24.164642909313997,0
23,25.882096060996933,0
24,13.730836522193528,1
25,1.1113772732491765,0
26,17.015611905359748,1
27,12.415815322871243,0
28,2.2015579556567695,0
29,8.835885862894914,1
30,1.127439476373926,0
31,0.08524832057377356,0
32,16.802533340576456,0
33,14.90087811917332,1
34,33.48667088097244,1
35,12.60276002488363,1
36,6.520793649265692,1
37,0.12575283271488577,0
38,19.604819278774148,0
39,15.618809797001457,0
40,18.166495361699695,1
41,4.293072151563502,0
42,10.143429738431829,1
43,34.61893903317065,1
