ID,Time,Event
0,28.413665448374307,1
1,33.286855292958506,0
2,25.802499014413197,0
3,65.06455040898217,0
4,13.289538982786363,0
5,21.051367600007517,1
6,14.94945124003203,0
7,0.20331473971881464,0
8,3.5719896645410962,0
9,17.48723876055807,0
10,12.865786507829789,0
11,16.96431690477422,0
12,7.07069756321872,0
13,25.9099937979782,0
14,23.027689501719454,0
15,12.63955743962161,0
16,10.296625711865524,0
17,20.703470207749657,1
18,32.85792422934712,0
19,6.7150188233360115,0
20,3.4992636776726296,0
21,7.267863502020073,0
22,23.65323226630473,0
23,27.533693226643564,0
24,1.1848608849562507,0
25,8.003577963608977,0
26,0.5302462956735118,0
27,8.272947042886555,0
28,18.27220224265165,0
29,7.00763222240951,0
30,0.9849957611973853,0
31,14.440892472470098,0
32,21.218525311959553,1
33,10.56456036641878,0
34,17.579658189590308,1
35,0.42174046607851184,0
36,26.744712578819126,0
37,4.295052071130182,0
38,33.376585794881535,0
39,11.355851244271108,1
40,52.885150183139274,1
41,18.567708963284943,0
42,49.800331967330514,0
43,15.440390745494284,0
44,6.1026920081186455,0
45,44.38348526619061,0
46,30.645902838623403,0
47,20.264765134545723,0
48,2.495111558129515,0
49,2.693679323096147,0
50,58.36656779559548,1
51,8.557808029985384,0
52,21.759851164704934,0
