ID,Time,Event
0,16.967186414346926,1
1,24.82457498319824,0
2,36.0,1
3,7.133389690087187,0
4,17.893426739144562,1
5,24.103198121099943,0
6,0.7056150678579436,0
7,19.916088272697536,0
8,29.525005498570444,0
9,11.235838472897056,0
10,28.449277224504897,0
11,34.09706387396438,0
12,13.258146065006919,0
13,19.682906686045726,0
14,36.0,1
15,36.0,1
16,29.72565756400397,1
17,7.388369728203164,0
18,17.30756053089295,0
19,22.453691240670278,0
20,0.0263613398173652,0
21,19.97054756874321,0
22,30.485041095469054,1
23,11.922648910238038,0
24,26.780767464619696,0
25,12.337803023706542,0
26,17.826746095274476,0
27,14.146935982387523,0
28,3.9700785973361628,0
29,19.304817320513216,0
30,34.46448740973525,1
31,6.108238527608204,0
32,36.0,1
33,36.0,1
34,17.299027556446156,0
35,9.135187011433196,0
36,11.995824476946654,0
37,21.229210324051497,0
38,12.55865677745604,0
39,13.936842077790356,0
40,36.0,1
41,13.993100295002524,0
42,17.30689206933832,0
43,36.0,1
44,33.17138863321614,0
45,36.0,1
46,27.867773387171464,0
47,13.901582593412337,0
48,36.0,1
49,16.90250046113995,0
50,18.82979191893083,0
51,2.890721953198294,0
