ID,Time,Event
0,35.90960273222384,1
1,53.84852019275197,1
2,0.12022639953072572,0
3,0.11985114850010953,1
4,12.799803672696793,0
5,43.032483832179636,0
6,35.57429221409891,1
7,39.890129503114544,1
8,148.76440552336933,1
9,242.42118413365958,0
10,86.33659835411002,0
11,0.06801063852401729,1
12,119.8388948658002,1
13,3.828858521394342,1
14,56.478802933630924,1
15,44.83514843068978,1
16,166.35778921738287,1
17,18.69651931932096,1
18,16.14008997422259,0
19,74.7856550295502,0
20,1.9543222932498887,1
21,3.2880795462931287,0
22,54.40839667830907,1
23,40.90662409281681,1
24,91.77293285937016,1
25,21.847376712019102,1
26,18.60079831442908,0
27,97.81553157116338,1
28,91.11461751701512,1
29,17.083025440422233,1
30,4.733242882863938,0
31,64.60646994738109,1
32,28.4308004488995,1
33,23.89258731750464,0
34,22.96642740209411,0
35,65.07527895425872,1
36,109.97607878685086,0
37,8.116845573937246,1
38,77.41432911150865,1
39,59.37495035882249,1
40,100.24273914798117,1
41,30.198355213243566,0
42,24.752890700040677,1
43,43.15432023858188,1
44,13.967555670107206,1
45,39.38951699810281,1
46,5.601511376247452,1
47,86.98110249328336,1
48,88.41317281745415,0
49,29.158479565977878,1
50,155.686571221844,0
51,5.688155954976988,1
52,9.156608773524312,0
