ID,Time,Event
0,4.368649652585837,1
1,4.665789018657643,1
2,6.630648089058401,1
3,2.702812546650015,1
4,6.186014813128639,1
5,6.410728690936259,1
6,3.8168144568643583,1
7,1.6448861011383764,1
8,4.474520732723105,1
9,6.275759075945574,1
10,6.133588311137498,1
11,3.552701795384364,1
12,5.558039816391147,1
13,6.29620066824753,1
14,5.508149626219051,1
15,6.236095399793889,1
16,4.523662265841478,0
17,6.320861420779124,1
18,5.355692459604664,1
19,3.812185134278491,1
20,5.072133924299547,1
21,5.989469193077582,1
22,6.940981322812378,1
23,6.521004392929152,1
24,4.830602888329228,1
25,7.150660379933718,1
26,5.760590154233335,1
27,6.340767694480853,1
28,2.9490363570737683,1
29,2.905842391963733,1
30,3.9177110388376755,1
31,6.90602143599007,1
32,6.314938587111224,1
33,6.7517516021572455,1
34,6.254163472015865,1
35,5.427681021085944,1
36,6.022346279239173,1
37,6.176440103688065,1
38,6.803549563501271,1
39,5.586572319206275,1
40,6.946502019669184,1
41,6.206105742950576,1
42,6.6799165027415865,1
43,5.913319760806301,1
44,6.171587752768901,0
45,5.010961506310611,1
46,6.060082241034365,1
47,4.022684271912205,1
48,2.84380127365164,1
49,1.141594598231321,1
50,6.356489948599564,1
51,5.682301594044976,1
52,6.976850395287068,1
