ID,Time,Event
0,24.022948766743625,1
1,8.089818849182628,1
2,22.186430298101712,1
3,4.631335073877486,1
4,11.9515213095433,1
5,10.990196344256676,1
6,4.443274495514438,0
7,15.185236898769709,1
8,10.28626317697614,1
9,15.02680567286238,1
10,11.850929522594846,1
11,11.93058876890371,1
12,2.618464507988549,1
13,15.064425732179643,1
14,26.607497000878265,1
15,11.623208795558536,1
16,13.348003690734012,1
17,5.989514123607542,1
18,7.844432792707867,1
19,20.365807563624834,1
20,24.185652326671875,1
21,10.285039763278181,1
22,3.9964130929807378,1
23,15.190490026032796,1
24,19.46829375593462,1
25,7.845415782007244,1
26,10.331353108642977,1
27,3.36241577521631,1
28,5.585746714723806,1
29,8.174489489993078,1
30,2.2618486062643943,0
31,31.46814928819052,1
32,3.4381743788007975,1
33,13.236688340702308,1
34,3.985818370540281,1
35,12.899449449556885,1
36,16.736705230400084,1
37,16.931643792620775,1
38,18.330688625898222,1
