ID,Time,Event
0,2.082645396155087,1
1,3.9195022638853763,1
2,7.42818232906715,1
3,9.313559775790159,1
4,3.680011808075566,1
5,3.188314282583003,1
6,4.139118727570575,1
7,2.0111718661948337,1
8,6.282007493391909,1
9,1.6168615828847157,1
10,4.217968698582229,1
11,11.488386152888252,1
12,3.241633574543232,1
13,7.118686232243942,1
14,4.51046544872973,1
15,5.889640508411263,0
16,5.982100030605237,1
17,7.651126036129352,1
18,3.377183562931423,1
19,2.6470779324134743,1
20,0.2663601021721733,1
21,6.777310136490853,1
22,5.938286741004326,1
23,6.924557996612323,1
24,5.076247133923977,1
25,4.759667486681195,1
26,4.822186103907731,1
27,4.798119180725139,1
28,1.2768224901524279,1
29,9.221509348265492,1
30,7.467428834274533,1
31,1.607941242592827,1
32,7.5802746177685725,1
33,10.986320577106936,1
34,2.8475585028075208,1
35,5.5265621596404735,1
36,2.2470901078434022,1
37,6.9629741384323,1
38,9.158054586731513,1
39,5.9765749680810005,1
