ID,Time,Event
0,12.879578347365568,1
1,5.284569235976289,0
2,4.807344983545013,0
3,2.9440204594197135,0
4,2.4680211526212714,0
5,6.367720432017094,0
6,9.567410591723117,0
7,7.496083262234972,0
8,5.72420906204793,1
9,2.684403447816318,0
10,17.73891966111456,0
11,1.634458349851007,1
12,23.18914663973936,1
13,11.680771671935545,0
14,3.4465690426944606,0
15,2.9733138465274287,1
16,0.20193275199763544,0
17,1.0680331852466027,0
18,6.580330010071462,0
19,1.1851374389494385,0
20,0.7367921144343015,0
21,6.756662933197793,0
22,18.799977236618215,0
23,11.912647131055383,0
24,12.047709340389012,0
25,3.568742677304617,0
26,22.649045670836415,1
27,4.648281794471122,0
28,11.919287127445676,0
29,16.448824743006185,1
30,1.4241125854662113,0
31,4.070111569982995,1
32,6.144935617387483,0
33,10.893438654864148,1
34,21.73064679021886,1
35,26.420840626907935,1
36,6.225965215160517,0
37,7.286062637837387,0
38,1.36805742211977,0
39,6.1359778011062,0
40,18.93608316315144,1
41,4.856639311729792,1
42,20.70139328651879,0
43,14.543740568265475,0
44,10.431184166213797,0
45,0.6548860754385429,0
46,10.565276134483383,0
47,11.016813608816618,0
48,6.27141479695524,0
49,0.4597299649732889,0
50,26.21538167828067,0
51,19.483760627286273,1
52,4.154366733045753,0
53,1.803760084011237,0
54,6.134104109910785,0
55,28.59049664188155,0
