ID,Time,Event
0,13.016494763223804,0
1,31.179115612688907,1
2,22.34714704438647,0
3,14.532040151609014,0
4,7.526149889579248,0
5,34.62731849513075,0
6,25.505846652490558,1
7,2.031340849726102,0
8,29.90096609149399,1
9,36.0,1
10,5.326663690447868,0
11,23.740914896225917,1
12,14.025430234757595,0
13,28.575194955057277,0
14,36.0,1
15,7.555914926942625,0
16,36.0,1
17,2.1396551556924894,0
18,29.491568060442734,0
19,1.2486117478905596,0
20,10.24642560484858,0
21,31.21102668749581,0
22,27.743768261423263,0
23,13.883044207811023,0
24,2.0667331497683343,0
25,20.26883459721268,0
26,3.1001693472522023,0
27,18.845308369996708,0
28,19.706923128230024,1
29,12.984824140169342,0
30,8.335556619369004,0
31,10.275573799414634,0
32,9.177435914031552,0
33,36.0,1
34,22.07979635365436,0
35,0.24427679333338537,0
36,36.0,1
37,36.0,1
38,36.0,1
39,36.0,1
40,32.519805371597215,0
41,13.177406061436978,0
42,16.441924380864812,0
43,36.0,1
44,19.684331286491076,0
45,33.48572931849844,1
46,16.07772511765952,0
47,26.253523070520757,0
48,1.002105312258968,0
49,6.939318372325796,0
50,15.858162674953112,0
51,36.0,1
52,36.0,1
53,22.126606169441644,0
