ID,Time,Event
0,4.262977934424374,0
1,2.8379564911964623,0
2,5.8225491558221645,0
3,7.09647478619241,1
4,6.36241664792717,1
5,5.837842627073492,0
6,1.2629787601506712,0
7,6.706101124473513,1
8,1.0559381309618703,1
9,1.3164945806491548,0
10,4.879594068596923,0
11,2.6148992547887726,1
12,0.5808520152300974,0
13,10.7840668094349,0
14,1.3195492926578998,0
15,9.157532977166392,0
16,4.627519686519544,1
17,2.202339945105168,0
18,4.042941688523295,0
19,6.121963528186935,0
20,3.0196974159740297,0
21,5.763955484662022,1
22,8.015018944285961,1
23,8.402825717018267,1
24,6.693070793318851,0
25,2.5955586886405966,1
26,7.112668949604967,1
27,2.4413894100411233,0
28,4.6188746436610675,1
29,9.857848568298238,1
30,3.8699413915354954,0
31,1.1799686297134864,0
32,1.8136906991250799,0
33,0.8864019152795584,0
34,2.713297229177184,1
35,4.906781665718774,1
36,3.432281509667303,0
37,1.5767465100584046,0
38,3.5958844834801833,0
39,1.6787314412454153,1
40,1.393046230771413,0
41,4.950791033748873,0
42,0.1358600281294804,0
43,4.475042324699775,0
44,5.211324163130767,0
45,11.40067733646749,1
46,2.005833627772063,0
47,0.07881797016661625,0
