ID,Time,Event
0,113.64170322910763,1
1,27.266054195387657,0
2,16.51742464897686,0
3,30.28439885630205,1
4,0.673462426950469,0
5,15.909055159975848,0
6,25.133020045384736,0
7,6.590839931659714,1
8,3.307595463384729,1
9,45.709733097826714,0
10,38.18916366772758,0
11,66.69157356528072,1
12,9.657102905091666,0
13,86.40517548934685,0
14,81.9112020445937,1
15,12.334378382475787,0
16,29.65695478627559,1
17,2.6358125726417634,0
18,9.530009618956367,0
19,30.6328448588486,0
20,81.86196709731558,0
21,2.0166875720387387,0
22,7.380011519060662,1
23,49.40489831620889,1
24,7.637887687377985,0
25,9.559200386642315,0
26,67.98385982472523,1
27,2.3894328609978555,1
28,101.41641693236798,1
29,0.08362388547888447,1
30,23.839668244872236,0
31,37.89965197562638,0
32,17.44778249105447,1
33,18.474360144352854,0
