ID,Time,Event
0,2.0356621647082123,1
1,3.4295711354594243,1
2,6.722502005789084,0
3,11.09035542807824,1
4,19.0170257132013,1
5,21.001862322322545,1
6,3.7793645839041865,0
7,2.7352011022780465,1
8,7.92640912470195,1
9,9.01620872172471,1
10,28.968572831209233,1
11,5.590003583205971,1
12,14.532524629935384,1
13,6.819761740522182,0
14,5.309655840919378,0
15,16.83833014924834,0
16,15.337454860611775,0
17,44.354149940844444,1
18,1.1661539696139986,1
19,2.409399930077438,1
20,1.3756324664869966,1
21,6.852687828093068,0
22,28.865201660792607,1
23,24.047194171566115,1
24,12.30784632527253,1
25,0.6693467643682491,0
26,15.252205218753078,1
27,18.029498178998146,1
28,8.70773765709114,1
29,1.5537014211444355,0
30,1.5575476490639966,0
31,5.9553491694792,1
32,21.858658622726537,1
33,13.356631091337402,1
34,30.016292050511264,1
35,11.296677621195357,1
36,5.247268295176591,0
37,16.612046410959945,1
