ID,Time,Event
0,2.1784285628435334,1
1,2.8275505507703005,1
2,4.3317667603008365,1
3,5.0846750420467135,1
4,6.658275593716442,1
5,6.997120834063128,1
6,3.0080982324172547,1
7,0.254290482935598,0
8,4.298616612297772,1
9,4.584610542438457,1
10,8.217770721856768,1
11,3.6099111548832976,1
12,5.820509523044347,1
13,6.248477281921569,1
14,1.834919960028,0
15,10.096153962301392,1
16,6.976398271527917,0
17,2.198671133228409,0
18,1.6488016666712753,1
19,2.3699812874766475,1
20,1.7907777050930387,1
21,4.770545222896344,1
22,6.8510875983787045,0
23,7.487255876447813,1
24,5.356504854127706,1
25,6.357687397466126,1
26,5.96288989740744,1
27,3.389546112120918,0
28,4.5055014983511725,1
29,4.296927767929098,1
30,2.8204847431102076,1
31,3.7260105923729716,1
32,0.27557257388507506,0
33,2.1488542877689913,0
34,5.871848554880934,0
35,5.131754099439468,1
36,3.691333067106909,1
