ID,Time,Event
0,1.0397755417781631,1
1,3.682737596557819,1
2,1.6766371189995823,0
3,20.79411056198545,1
4,2.7577221295350136,0
5,1.7203257551574787,0
6,2.9083505823662392,0
7,0.9696328188834402,1
8,6.431921926451001,0
9,0.13402887712911205,0
10,2.0503699385368237,0
11,31.63930870507201,1
12,1.686587781086429,0
13,12.148107837865297,1
14,4.876987662715357,1
15,7.099980321763678,0
16,4.227935728703589,0
17,14.033294794524457,1
18,2.734124395457484,1
19,0.6186181955175061,0
20,0.017007766385093468,1
21,5.452469363875892,0
22,8.45339699563261,1
23,0.5963677874208608,0
24,6.1772396558943425,1
25,4.663094934951954,0
26,2.9156802206172867,0
27,5.518880605096944,1
28,0.3908138838485288,1
29,20.385105242773427,1
30,2.8564700111608037,0
31,0.61979673719186,1
32,9.216959767196553,0
33,8.586488006433097,0
34,1.9438119467382058,1
35,7.321820108525465,1
36,0.2398520092850542,0
37,11.622471783869337,1
38,19.406483295355777,0
39,1.6571298809706105,0
40,7.105591643629688,0
41,1.3716055791550674,0
42,7.165464028424062,1
43,16.730686065621924,1
44,3.674238918305186,1
45,10.508207427722546,0
46,3.562553359630793,0
47,1.8579384242383097,1
48,13.263167916825948,0
