ID,Time,Event
0,8.146197948692633,1
1,10.053354343787348,1
2,4.773818439572704,1
3,10.025003368238224,1
4,6.492459338258433,1
5,7.489656653663972,1
6,9.070867376795647,1
7,7.394275575967063,1
8,8.313477158233505,1
9,1.1013322301911976,1
10,8.788628352495847,1
11,8.293690098012553,1
12,6.700191612886198,1
13,8.909021254365495,1
14,6.394156312852257,1
15,7.701435071489792,1
16,4.6092839209247,1
17,7.353885658397623,1
18,5.339740664552028,1
19,5.9447852725427195,1
20,8.778624417360763,1
21,6.140537805557338,1
22,7.936874817380439,1
23,13.77668715022374,1
24,10.255239479634094,1
25,8.701749859417603,1
26,8.298969993592268,1
27,6.1021030235938465,1
28,4.213863830584532,0
29,10.446679202226068,1
30,8.180632509353039,1
31,4.199972604845964,1
32,8.454723941413338,1
33,8.866435762550912,1
34,8.433071751176236,1
35,9.649376154808563,1
36,1.592057269955327,1
37,8.277551886181131,1
38,7.7437604318599185,1
39,2.5370960065137984,1
40,8.492980456682783,1
41,9.19405687978074,1
42,0.6844903066665697,0
43,5.921144907409875,1
44,9.12864777588619,1
45,8.12746743896955,1
46,8.138675374904265,1
47,8.787085700300585,1
48,4.808544863613811,1
49,9.034763405543872,1
50,8.59103992906731,1
51,8.904075467648594,1
52,5.223455215508338,1
