ID,Time,Event
0,34.37353211898933,1
1,0.27839290259051475,0
2,29.31881374225296,1
3,0.13730223626643956,0
4,2.854222213262095,0
5,7.194198784247337,1
6,3.917354707152284,0
7,13.73455757224932,1
8,5.7830942930011,0
9,13.449460733499112,1
10,0.7375544951928303,0
11,4.233156265952392,0
12,0.25392198915818626,0
13,10.647623810283648,0
14,42.16766711740943,1
15,8.046807459520812,1
16,10.61216923510796,1
17,2.136754945133511,1
18,1.1265203261315786,0
19,13.01245109839932,0
20,13.664144781987472,0
21,3.8882073154209724,0
22,0.22210330507779172,0
23,1.0819346123149696,0
24,5.361665744131078,0
25,3.66609285461896,1
26,5.571922511011707,0
27,0.6734019352525731,1
28,0.6882239834329114,0
29,3.980089247910304,1
30,1.6295869165767518,0
31,38.031992794529955,0
32,0.7040886286643541,1
33,5.279454542710704,0
34,0.9462514107919177,1
35,5.631987504148106,0
36,13.46513763469468,0
37,10.827253435271661,0
