ID,Time,Event
0,33.41505308501682,1
1,23.731768684088806,1
2,6.4941931779507165,1
3,2.5869824203116325,1
4,35.47910144080726,1
5,36.0,1
6,33.16598241364898,1
7,34.32848525030174,1
8,32.70471159390201,1
9,36.0,1
10,35.52235125559063,1
11,0.42567384509953515,1
12,36.0,1
13,5.302965822968561,1
14,34.3303093045727,1
15,19.967446906767005,1
16,36.0,1
17,32.690027037747925,1
18,25.03086290478871,1
19,29.483475608726025,1
20,4.459441002959679,1
21,17.28556895877249,1
22,33.717155977333974,1
23,33.503772844870824,1
24,33.23581438499657,1
25,28.468503380061243,1
26,36.0,1
27,36.0,1
28,33.861046113136894,1
29,33.53267925428108,1
30,33.88985708966154,1
31,28.60114105719849,1
32,18.249899232834057,1
33,34.237909612276574,1
34,32.523073781347556,1
35,25.50122862535016,1
36,31.281642164185836,1
37,36.0,1
38,36.0,1
39,27.718925503702422,1
40,32.90058935085666,1
41,1.5244694870894102,0
42,33.07012028126213,1
43,26.772273701673395,1
44,28.66981720554715,1
45,36.0,1
46,21.970293082592352,1
47,33.29943870376285,1
48,13.622098577605463,1
49,35.819174137606154,1
50,35.07188339819093,1
51,22.464766953610113,1
