ID,Time,Event
0,33.58542279339586,1
1,12.682275729647495,1
2,21.999890025390254,1
3,8.950185633720945,1
4,0.5097428172959851,1
5,7.335673636790523,1
6,10.856038750928441,1
7,1.947842555845209,1
8,0.9775195980945218,1
9,16.917420850534285,1
10,18.426146351112934,1
11,19.709883179338938,1
12,3.8494144264006223,1
13,31.16925044138521,0
14,24.20785921024736,1
15,34.03952394037697,1
16,8.76475217248037,1
17,1.4006448723868474,1
18,7.402524882026378,1
19,9.62078132613032,1
20,35.87437335791432,1
21,0.7469384202494647,1
22,2.181072617224713,1
23,14.601016623883245,1
24,5.995244853689045,1
25,11.764638691022176,1
26,20.091802661010547,1
27,0.7061678115758087,1
28,29.972388164563025,1
29,0.02471402196227806,1
30,36.31236502987899,1
31,15.70369091918731,1
32,5.1564798407489985,1
33,11.771422215892605,1
34,22.09004485700191,1
35,8.736520484127073,1
36,7.295995141027642,1
37,18.280959157646375,1
38,24.92236607857837,1
39,6.170887511332639,1
40,6.355770718398,1
41,1.9104407316271474,0
42,35.786287049848795,1
43,22.625708971850557,1
44,0.20969534267951792,1
