ID,Time,Event
0,5.214063665792317,1
1,8.784366363272392,1
2,20.61673141740489,1
3,9.630487998005927,0
4,48.70944920119097,1
5,53.793330321335944,1
6,9.941998958615464,1
7,7.005834727034519,1
8,20.302387367521323,1
9,23.093756475983373,1
10,74.19894404271982,1
11,14.318011642673985,1
12,37.22302745457729,1
13,42.89810172216898,1
14,17.75719602949622,1
15,111.99576843368219,1
16,66.35241380881774,1
17,113.60694600658876,1
18,2.9869401451273623,1
19,6.171340632830419,1
20,3.5234899903060426,1
21,25.0049343510616,1
22,73.93417326046333,1
23,61.59352154201279,1
24,31.524825406359874,1
25,44.41074153595654,1
26,39.06638853589317,1
27,46.18003566473799,1
28,22.303651026298052,1
29,20.286437660812435,1
30,8.740518453286029,1
31,15.253793217765491,1
32,55.98789410326981,1
33,34.211140766924224,1
34,53.24254615289732,0
35,28.934858322764345,1
36,14.97118409149638,1
37,42.549431387726024,1
38,141.3692737667031,1
39,38.25648130034117,1
40,41.70871844533038,1
41,11.91168576746757,1
