ID,Time,Event
0,1.056260598634315,0
1,0.5978622844158791,0
2,6.193363463872278,0
3,12.611020175847903,0
4,2.3107577174272413,0
5,26.337896420963716,0
6,1.7497912138553553,0
7,2.6391637714222536,0
8,27.498442252182564,0
9,20.622073553539703,0
10,15.61383336006095,0
11,23.11610123875308,1
12,13.948773460377184,0
13,1.0802497890891407,0
14,26.564440068234784,0
15,17.017723810760685,0
16,70.96051885494879,0
17,4.854055327666338,0
18,24.420702423357625,1
19,36.30212703101025,0
20,7.749974244621312,0
21,10.138629516974651,1
22,34.46130712380042,0
23,36.37468256453734,1
24,13.882578062807772,0
25,9.816969607294984,0
26,11.118510025675219,0
27,44.958923437105646,1
28,23.808712965466327,0
29,0.03190398879693165,0
30,22.40661636663286,1
31,17.45518594131284,0
32,26.873532932263053,0
33,8.772140462167938,0
34,0.5694394868165822,0
35,39.3350313698958,1
36,16.779272543447558,0
37,17.909372057687484,0
38,54.51000814253124,0
39,26.85197180634401,0
40,61.683259495928056,0
41,35.98213684533584,0
42,38.943358342399044,0
43,8.176917676122336,0
44,11.91936528900434,0
45,11.934275096035869,0
46,16.099477583943244,0
