ID,Time,Event
0,6.233412296873911,1
1,10.501708613246672,1
2,24.647299184650414,1
3,16.913903078356423,0
4,58.23213890092011,1
5,64.3099179848357,1
6,11.885658199903098,1
7,8.375474320321176,1
8,24.271500922184124,1
9,27.608582254726173,1
10,88.7048259969159,1
11,17.117180679201702,1
12,44.50012349954286,1
13,51.284673898756914,1
14,21.228725075692463,1
15,133.89092364415413,1
16,79.32430032963566,1
17,135.8170861805445,1
18,3.5708864762843224,1
19,7.377836761231255,1
20,4.212331732268621,1
21,29.893395105436866,1
22,88.38829256814356,1
23,73.6350453690535,1
24,37.687923842208384,1
25,53.093034559533706,1
26,46.70386138391853,1
27,55.20822541373997,1
28,26.66401131321521,1
29,24.252433050308493,1
30,10.449288443716638,1
31,18.235907405849186,1
32,66.93351864286524,1
33,40.899413435571184,1
34,91.91305277368292,1
35,34.591618598891074,1
36,17.89804823960002,1
37,50.86783856846917,1
38,169.006944675194,1
39,45.735617410501334,1
40,49.862766377339014,1
41,14.240418471788525,1
