ID,Time,Event
0,15.746588247907697,1
1,22.81666074416551,1
2,8.756609044501701,0
3,19.92133377283137,1
4,4.596539592647965,1
5,75.30535835394072,1
6,0.21707419375866252,1
7,62.52117994997316,1
8,12.804457124016704,1
9,6.688607306981195,1
10,12.043380598315618,1
11,6.947032064211979,1
12,20.025052012745938,1
13,23.896004416951783,1
14,41.93538214064521,1
15,4.942360618737189,1
16,69.98703659031632,1
17,16.37704929159796,1
18,7.753297185897016,1
19,19.664396993167756,1
20,1.670549462908551,1
21,1.3363758988930452,1
22,27.231377958527794,1
23,17.201588403120063,1
24,48.87282506463649,1
25,10.574902475439984,1
26,11.602322785347418,1
27,26.278582451297797,1
28,11.718436710200553,1
29,0.49339049514266997,1
