ID,Time,Event
0,36.0,1
1,36.0,1
2,21.95126176623199,1
3,36.0,1
4,29.854020684851324,1
5,34.43939392016232,1
6,36.0,1
7,34.00080685813372,1
8,36.0,1
9,5.064212722484469,1
10,36.0,1
11,36.0,1
12,30.80922784142199,1
13,36.0,1
14,29.401997745475214,1
15,35.41320629802668,1
16,21.19468915373301,1
17,33.81508348710357,1
18,15.854720728997753,0
19,27.33567254671429,1
20,36.0,1
21,28.235793728112107,1
22,36.0,1
23,36.0,1
24,36.0,1
25,36.0,1
26,36.0,1
27,28.059060580321052,1
28,22.656493622202625,1
29,36.0,1
30,36.0,1
31,19.31256901094654,1
32,36.0,1
33,36.0,1
34,36.0,1
35,36.0,1
36,7.320694392129029,1
37,36.0,1
38,35.60782933964322,1
39,11.66622888365045,1
40,36.0,1
41,36.0,1
42,36.0,1
43,27.226967984559465,1
44,36.0,1
45,36.0,1
46,36.0,1
47,0.2553058297139854,0
48,22.1109429174908,1
49,25.91673780631295,0
50,36.0,1
51,36.0,1
52,24.018808886681576,1
53,36.0,1
54,24.005704879035584,1
55,15.416019510832761,1
56,36.0,1
57,36.0,1
