ID,Time,Event
0,8.585894826222974,1
1,4.423062305253168,1
2,7.717096622636619,0
3,4.3575668886754935,0
4,3.901348482791693,0
5,1.0208331724025468,0
6,1.2823297158801552,0
7,5.191393444302839,1
8,0.7054512892020205,0
9,3.8669480874459214,0
10,7.318261591920344,0
11,1.0895766236425835,1
12,5.469110647410588,0
13,8.843097767562215,0
14,3.6881851943521315,0
15,1.9170345282481647,0
16,3.225291891548736,1
17,3.3439453004974524,0
18,5.714306317384952,0
19,6.27802415398724,0
20,0.7813281860029869,0
21,1.6606787413068427,0
22,2.631286747502865,0
23,4.198796114447862,0
24,9.953748408268352,1
25,1.3768987733579685,0
26,6.772614731276703,0
27,4.946781752347098,0
28,8.38817091399147,1
29,9.562849280722501,0
30,1.5337008095230222,0
31,0.47095906976829793,0
32,6.940112579090487,1
33,7.26187737393642,1
34,14.486269877366137,1
35,3.8576243409341906,0
36,5.5196071637946575,0
37,0.6619783735272449,0
38,3.4201044810887944,0
39,0.6655808116519943,0
40,6.9401736787730535,0
41,3.2375744931076174,1
42,16.787529992141785,0
43,11.056894366847114,0
44,5.355264877034265,0
45,1.4769860817985672,0
46,7.07159812821935,1
47,4.651885531714615,0
48,10.301000193206587,0
49,1.074151214720921,1
50,22.642457480948778,1
51,10.344920519724639,0
52,10.587089430872147,0
53,6.020361529589238,1
54,4.004946589076026,0
55,17.816390878218375,0
56,0.12139808339655458,0
