ID,Time,Event
0,39.307136594169855,1
1,3.7984940321046583,0
2,31.81311921589178,1
3,10.695728541182207,0
4,2.3268364925718084,0
5,3.447642970070866,0
6,9.052999354804262,0
7,1.0058914528340313,0
8,3.297811285619934,0
9,27.897357935666527,1
10,29.11476279457818,1
11,20.08442153156203,0
12,5.950050554268025,0
13,35.37682583144413,0
14,33.371381855330284,1
15,11.028564043705094,0
16,1.4753512686893653,0
17,5.919739516874589,0
18,18.453805374178273,1
19,1.2045972572488042,0
20,40.17199685965676,0
21,1.513199612985622,0
22,10.016847470411467,1
23,23.05923762436313,0
24,13.764111816825205,0
25,23.264048521150375,1
26,28.081828606367033,0
27,5.699673219451928,1
28,34.46336860334608,0
29,0.9216588391522952,0
30,40.87175306191268,1
31,9.183543861689543,0
32,15.401841867591743,1
33,9.284734460568538,0
34,31.878237133669572,1
35,17.201734529590244,0
36,6.179472384304649,0
37,0.07961052560288437,0
38,6.608157391331954,0
39,16.848832502397432,1
40,17.099369967140493,1
41,8.550591207137684,0
42,40.57460668330113,1
43,32.26243156508437,1
44,0.43417450327656276,0
45,17.281621890899096,0
46,8.525295640449732,1
47,31.15644005986784,1
48,28.07468712103649,1
49,24.639469300305173,1
50,17.13576964537841,0
51,19.7159919457413,0
52,7.223484089382157,0
53,5.803337568613118,0
