ID,Time,Event
0,5.29620679101821,1
1,2.728364729862827,1
2,4.9453716072642555,1
3,4.663142726622563,1
4,5.460184456726379,1
5,7.519031598560575,1
6,6.699432899319928,1
7,3.202309575303674,1
8,2.353849954554396,1
9,2.3949723972413297,1
10,7.648082400776177,1
11,0.424275276163098,0
12,9.535600669444708,1
13,6.95743576824856,1
14,3.215610745879905,1
15,1.2226553200033947,1
16,1.98952038951901,1
17,3.7196921755131798,1
18,12.354397767617854,1
19,4.319964306517606,1
20,3.8565285614295703,1
21,3.4081045581534553,1
22,8.732582478982582,1
23,5.619447163514361,1
24,5.3336926061350045,0
25,3.2715682030938407,1
26,9.313505943810746,1
27,3.446864442906706,1
28,5.174240851776925,1
29,6.763915320721412,1
30,4.6858815254450965,1
31,1.6736691183337453,1
32,4.281006478154055,1
33,4.4794870006930525,1
34,8.93585146963418,1
35,10.864504394374169,1
36,8.51761278237776,1
37,5.197703065631996,1
38,3.042986246865279,1
39,3.6393876303038715,1
40,7.78669996323923,1
41,1.9970969088107253,1
42,10.857460903836385,1
43,8.452998446313037,1
44,4.784920299148547,1
45,1.5514440319054925,1
46,4.362113301881989,1
47,8.239920520213797,1
48,7.289215515705905,1
49,0.6625898724743662,1
50,13.966993482110434,1
51,8.011910216759045,1
52,8.461345094664702,1
53,3.7136583038511177,1
54,2.608009496112208,1
55,13.480824951199114,1
56,1.7941945851710694,1
57,3.0816851502888727,1
58,5.658493277595191,1
