ID,Time,Event
0,0.9619248834796874,0
1,4.003992356515299,1
2,14.381245857528999,1
3,16.00976162076506,0
4,0.5964635665648738,0
5,2.55500533749104,0
6,4.310013389970451,0
7,1.0542164065841895,1
8,10.285568496484052,1
9,0.03685736110788681,0
10,3.649479178227879,0
11,12.703185898337,0
12,2.6581597603834397,0
13,1.1212747693422254,0
14,3.307080767859826,0
15,4.4705418464682625,0
16,5.288163250026196,0
17,15.25745552616097,1
18,0.8821507968199791,0
19,1.8262694553675445,1
20,0.010077491662957624,0
21,11.971432473815032,1
22,1.9639583678870671,0
23,7.584396876809305,0
24,6.7160963055532825,1
25,5.904520406424226,1
26,5.148283788072565,0
27,4.739747271011132,0
28,0.20941343802823867,0
29,4.2892196944150065,0
30,14.533612787647565,1
31,0.6738632154049988,1
32,3.081725781607312,0
33,27.011458138176504,0
34,0.2678808950645638,0
35,7.332274557731532,0
36,1.3160499598590434,1
37,12.636330166429476,1
