ID,Time,Event
0,2.00598853500696,0
1,14.043903489322636,0
2,3.1639392631963523,0
3,7.860174234204273,0
4,0.9986630665946181,0
5,24.561709720015212,0
6,0.03700429929168225,0
7,32.00045044340293,0
8,7.644485053886363,0
9,4.199237836383239,1
10,4.496453172260053,0
11,0.5964939392381843,0
12,10.133618762055855,0
13,15.002376620512674,1
14,11.232763723750015,0
15,0.5566807895166984,0
16,43.939223610817486,1
17,9.218077489734144,0
18,3.860178153897206,0
19,12.34569112723708,1
20,0.38084880357083717,0
21,0.18996993527822992,0
22,15.77585670516386,0
23,6.799599704520455,0
24,28.089478536116275,0
25,6.320713539835297,0
26,5.410439718619491,0
27,15.6423455843271,0
28,7.357062622793746,1
29,0.06595047544992176,0
30,1.7620683265802222,0
31,11.906719661694378,0
32,4.249910265375727,0
33,10.010652684113468,0
34,0.11598130759012552,1
35,1.419555570308733,0
36,1.1895486828806099,0
37,0.0709141217884279,0
38,42.96371312395899,1
39,11.394391304991863,0
40,46.571824668361984,0
41,24.42546951236552,1
42,1.5891190152183856,0
43,0.621070694673558,0
44,2.179351398845092,0
45,2.421649179504235,0
46,9.687005046361213,0
47,7.597025333257481,0
48,0.44616286296234015,0
49,3.8460483458033154,0
50,14.921138259424405,1
51,0.39514965428641124,0
52,0.9282041978957445,0
53,5.100504861698652,0
54,17.262872171573235,0
55,2.5888516707472116,0
56,1.9586034110529142,0
57,9.510867392606766,0
58,6.116724339159656,0
59,4.355842254389116,0
60,2.0238927163263067,1
61,33.87012213986915,0
