ID,Time,Event
0,5.537692815171481,1
1,8.908812880582712,1
2,14.058480995021759,1
3,13.13924962007164,1
4,5.839995994172147,1
5,11.859591934544543,1
6,12.382085295350578,1
7,4.376405758720744,0
8,13.700520514188296,1
9,6.514427344890772,1
10,11.418584306732479,1
11,12.846526385964133,1
12,11.832388844428673,1
13,13.153051672954614,1
14,13.715809636573397,1
15,15.930945577727984,1
16,9.701759401855936,1
17,13.353257264063137,1
18,13.533547003037247,1
19,9.849861811536057,1
20,0.09222349981735112,1
21,16.54872454197811,1
22,9.949604425978375,1
23,10.227459182074545,1
24,14.80943439817305,1
25,13.14816511860965,1
26,12.290855290847228,1
27,13.895451251165754,1
28,1.905825821499163,1
29,13.578106847731071,1
30,11.248402631215207,1
31,5.728371102825033,1
32,13.3960563065308,1
33,15.37524740527388,1
34,6.34714899962356,0
35,13.28994764820856,1
36,9.945406902659153,1
37,13.734438952139374,1
38,13.643989026141737,1
39,8.618967074155348,1
40,14.250771856668981,1
41,13.385723924492268,1
42,13.480089099230202,1
43,14.18141565001613,1
44,11.810106294292142,1
45,13.818405057296902,1
46,14.666850617382565,1
47,6.120884152587516,1
48,14.40450107875692,1
49,11.446065969391347,1
50,12.389600186573851,1
51,7.5230683702922585,1
52,13.542579707732664,1
53,9.836890009565318,1
54,10.899903641699332,0
55,9.550164429014004,1
56,13.08042287285356,1
57,11.504803218535717,1
