ID,Time,Event
0,8.227965491592965,1
1,6.806631327973009,1
2,7.078701237192529,1
3,7.1124918334332605,1
4,14.074861366262887,1
5,8.407172376639931,1
6,8.501100572574876,1
7,6.649770091023625,1
8,8.514647598455154,1
9,4.324438356419131,1
10,2.0766362154837825,1
11,9.10830917206104,1
12,0.3493540672286094,1
13,11.355482275824091,1
14,8.99577653487735,1
15,8.826579313953607,1
16,1.9266117688764393,1
17,5.336609895253341,1
18,9.10661092162394,1
19,7.492929897966835,1
20,8.395992727422303,1
21,4.309065250819129,1
22,5.131132759778619,1
23,7.9667542150416555,1
24,8.738061953033663,1
25,8.230836936921548,1
26,1.0885803680305297,0
27,9.196596590234588,1
28,4.694954255171193,1
29,7.542591276843817,1
30,8.315070970091359,1
31,6.524578161022164,1
32,7.394689386548132,1
33,9.328546991975948,1
34,7.64493638575398,1
35,8.229800873219743,1
36,10.378644319187337,1
37,6.043906507799954,1
38,9.384647389843508,1
39,7.031101419978247,1
40,6.443362540513303,1
41,9.290241224537231,1
42,2.648426485001271,1
43,9.19934224295231,1
44,8.999240110732583,1
45,9.384087600470824,1
46,2.409038059427571,1
47,5.652358710358158,1
48,8.790797032777322,1
49,7.523050199966963,1
50,0.20828150512259336,1
51,8.546309993310745,1
52,8.881461894858221,1
53,10.466486359368993,1
54,4.795622449256894,1
55,5.788616001622851,1
56,9.063523809343895,1
