ID,Time,Event
0,24.84088701658409,0
1,7.5640901962405405,0
2,7.211287928654018,0
3,4.541791742311714,0
4,3.0434068979869453,0
5,2.200121122725079,0
6,13.071110941713611,1
7,13.49918921101973,0
8,2.138018874378571,1
9,7.265092778750057,0
10,13.813599308027126,0
11,5.294537433025737,1
12,1.0432342404674446,0
13,8.39894311401974,0
14,3.8370415229314627,0
15,22.108077402051777,1
16,7.588670578053339,0
17,7.976645714508023,1
18,11.811342443822724,1
19,16.561899953340504,1
20,11.825000114564856,1
21,11.402372642986215,0
22,3.1749305015357927,0
23,8.224215051050482,0
24,11.586730671641655,0
25,2.6297978620912574,0
26,14.401431310762039,1
27,13.154992856086764,0
28,1.849450691357373,0
29,5.380597706685621,0
30,16.16362058391168,1
31,1.7906340820475861,0
32,3.938687067114324,0
33,13.90367169819265,1
34,4.513680263951747,0
35,9.935044020245048,1
36,1.4745011810848225,0
37,2.153853470371461,0
38,0.8885955480274742,0
39,1.616300226300833,0
40,1.6235456006394537,0
41,20.03222570191669,1
42,2.572768365381615,0
43,11.81861742660576,1
44,7.622581957871159,0
45,11.56303403119591,0
46,0.4170422832850058,0
47,5.484509625057298,0
48,0.43619097043927674,0
49,10.640003779512886,0
50,12.270939504945279,0
51,9.790711181874684,1
52,6.590490408745263,1
53,2.072452350227425,0
54,1.3583705108048645,0
55,5.652095006865781,0
