ID,Time,Event
0,9.69640557560911,1
1,11.873871887901705,1
2,1.4505336939834201,0
3,0.1340896575377337,0
4,8.72357975504665,1
5,15.012877107270713,1
6,9.651028684097362,1
7,10.219701134791112,1
8,19.73581147348118,1
9,28.942353675968864,1
10,21.31768992025716,1
11,0.421981973107965,1
12,17.71349952581255,1
13,3.166213030843153,1
14,12.160409891946564,1
15,10.834647299167033,1
16,20.870220736858197,1
17,0.40977598753682654,0
18,6.516671776345368,1
19,14.364628727948315,1
20,2.2620571103603098,1
21,4.325899313667716,1
22,11.935440069522548,1
23,10.349093062550406,1
24,15.501109275560712,1
25,7.563191919518014,1
26,7.872618446622222,1
27,16.00329393429046,1
28,15.445412111453017,1
29,6.687870670577126,1
30,5.3985064131595975,1
31,13.005991876452839,1
32,8.627798940727226,1
33,10.871291164686214,1
34,12.042268206607035,1
35,13.053094782431499,1
36,20.12223215449459,1
37,4.609980772882284,1
38,14.236923439125574,1
39,12.468295946567535,1
40,16.20063117702333,1
41,9.100988475351864,1
42,8.050418068409435,1
43,10.629616897184732,1
44,6.047357979044272,1
45,10.1553711453003,1
