ID,Time,Event
0,6.623574484616503,0
1,6.195615850737245,0
2,9.820262958265673,0
3,8.205573135948974,0
4,8.473722004293924,0
5,11.592155721108606,0
6,0.009638971802153111,0
7,13.802386612924721,1
8,4.956638681480238,0
9,1.6298685492010458,0
10,0.3713606572398581,0
11,0.13329973355871894,0
12,8.953973068868624,1
13,3.7578155128158817,0
14,4.3880386053601335,0
15,11.12892310597375,0
16,21.657131945553417,1
17,3.0847994027928602,0
18,11.730266286378974,0
19,10.129695020465187,0
20,8.331557430909974,1
21,5.959648170431411,0
22,1.5818334471388773,0
23,0.5366689387307892,0
24,2.0401828333937595,0
25,12.473167531021986,1
26,11.89785876657263,1
27,11.089836406597602,0
28,0.32566178180298205,0
29,12.463611789685299,1
30,4.21789105076288,0
31,3.2885540217016715,0
32,0.7137304425785941,1
33,7.985358101466775,1
34,0.06809170922451781,0
35,3.39656152157018,0
36,10.896543591522745,1
37,0.12325496040031624,0
38,2.487151817512682,0
39,1.1228430918749288,0
40,6.263436204280507,0
41,11.578641110722186,0
42,12.410276919840486,1
43,10.511687778410234,0
44,12.959225786145458,1
45,10.223654316725623,0
46,3.6791334477104574,0
47,7.96150755187321,0
48,6.4293232465274714,0
49,7.43613935527461,0
50,6.3796764281895015,0
