ID,Time,Event
0,5.017826257066235,1
1,0.9283334434199335,0
2,3.954264279495022,0
3,0.9774744734889009,0
4,1.3839269290641658,0
5,1.437135339517467,0
6,8.029006977333689,1
7,0.3703745120717633,0
8,0.991158940779724,1
9,1.026093122855724,1
10,10.4638346634303,1
11,0.08080905823015773,1
12,11.85899702690934,0
13,2.1627998905940085,0
14,1.5079791161885785,0
15,0.2674199700538885,1
16,0.7080803473060444,1
17,2.32385759136342,0
18,27.304165769445046,1
19,3.3384591695340906,1
20,1.4301925527489145,0
21,1.5662641480231911,0
22,11.884064075783805,0
23,3.7816967432810906,0
24,2.0403265172031713,0
25,1.91468664980553,1
26,13.917006930753859,0
27,1.3189427294401792,0
28,4.7893770967682725,1
29,3.6071888173345594,0
30,0.241178670120929,0
31,0.5011006403328516,1
32,2.9390008756413257,0
33,1.5471749686235496,0
34,9.861506209477243,0
35,3.681965275185905,0
36,4.992758103440366,0
37,4.832909726292777,1
38,0.5860487649622769,0
39,2.1875116120188034,0
40,5.667322100022605,0
41,0.6050208793879076,0
42,21.088335411677736,1
43,0.15302710427368385,0
44,3.8385333394977392,0
45,0.10584503086026814,0
46,0.8914340996731355,0
47,8.098986328719942,0
48,1.1066331944215042,0
49,0.027350212538864396,0
50,34.897282808749644,1
51,2.6168844440054784,0
52,7.559608569493711,0
53,1.8650209772924409,0
54,0.2795538565379243,0
55,26.300411846714674,0
56,0.3479736842489469,0
57,1.3531088588413884,0
58,1.9748920783323793,0
59,0.5301662434627156,0
60,0.32751142513491954,0
61,4.885850479177392,0
62,2.1547761076017977,1
63,5.326578283685779,0
64,6.566730391813331,0
65,3.74823104569869,1
66,9.532727730806638,1
67,15.957086492447417,0
68,1.846180561223334,0
69,14.12311341887751,1
70,9.6306455571662,0
71,0.10331059071946533,0
72,3.6291681962082354,1
73,1.1202859627509612,1
74,6.1335507306622015,0
