ID,Time,Event
0,12.861699174400757,1
1,3.4132911383232383,1
2,8.655315142187874,0
3,6.91265130094188,0
4,1.6140766058252334,0
5,15.2234105259909,0
6,10.924123861551584,0
7,1.3415795035769187,0
8,1.1709452650728902,0
9,2.1472161752895946,0
10,26.82091542372249,1
11,0.20712988937376894,1
12,41.52520544589268,0
13,2.7738514548705733,0
14,4.563833573470515,0
15,0.6854512356255487,1
16,1.8149525216283984,1
17,6.3442820481552165,1
18,67.000199242876,0
19,8.557143142232249,1
20,6.504283778088286,0
21,5.151095041190136,0
22,10.510078456118585,0
23,14.479569978074412,1
24,15.068794547190965,0
25,0.9121899618411063,0
26,18.92871672368539,0
27,5.447746467741017,1
28,12.276137972025696,1
29,3.250195710288521,0
30,10.068182701961048,1
31,1.284421851590557,1
32,1.5535594446727157,0
33,9.200788361871194,1
34,36.61342548997482,1
35,54.12380487692356,1
36,33.2662820558984,1
37,12.387720867991122,1
38,4.245887266087025,1
39,5.811882067896459,0
40,20.357419785013274,0
41,0.31743856741213,0
42,54.05365037737326,1
43,32.763482540373715,1
44,10.498273829312723,1
45,0.22980485012228608,0
46,3.487642890131817,0
47,17.945652289775758,0
48,24.04634613986603,0
49,0.11067622422359129,0
50,10.090813713506975,0
51,5.8786925370232295,0
52,32.8282170323132,1
53,1.6630304893535355,0
54,0.26429829874070615,0
