ID,Time,Event
0,41.31287504625561,1
1,50.59027098186488,1
2,7.051124147276883,1
3,1.051056350045944,0
4,37.168016288721304,1
5,63.96443622135774,1
6,39.25232249805538,0
7,43.5424480442259,1
8,84.08715033448544,1
9,123.312894828528,1
10,90.82696191728586,1
11,1.797912472910007,1
12,75.47081099645857,1
13,13.490087877727053,1
14,51.81110571952128,1
15,46.162511102741334,1
16,88.92045766510063,1
17,29.809898719025504,1
18,27.76518006742976,1
19,61.202484476965935,1
20,9.637806712920941,1
21,18.431091440501213,1
22,50.85259072233915,1
23,22.042276146661763,0
24,66.04461680011411,1
25,32.22402366376573,1
26,33.54237811486344,1
27,68.18424389125354,1
28,65.80731134055289,1
29,28.49459659918508,1
30,23.00108211689174,1
31,55.41382454093136,1
32,36.75992890180748,1
33,46.31863735237077,1
34,51.30774675354905,1
35,55.614512976851046,1
36,85.733549011347,1
37,19.64145972965481,1
38,60.65837845760232,1
39,53.12289677486209,1
40,69.02502646655165,1
41,16.488672922850355,0
42,34.29991795794135,1
43,45.288950760021635,1
44,25.765603820933286,1
45,43.268361239910895,1
46,16.316715092282173,1
47,64.2972758673613,1
48,75.63931097054248,1
49,37.227387203096676,1
50,89.10125764199738,1
51,16.442424893889566,1
52,26.489688896323468,1
53,27.315721687125464,1
54,43.779764705633674,1
55,48.46536944330663,1
56,36.67853106989466,1
57,17.682009056680215,1
58,70.81895468855588,1
59,35.337311226616784,1
60,16.884350510375157,1
61,43.99937188206379,1
62,27.281283373963365,1
63,32.31161915262318,1
64,25.144423682382726,1
65,35.96056265801149,1
