ID,Time,Event
0,7.019721811142976,1
1,5.807104859907562,1
2,6.039222395871389,1
3,6.068050978792034,1
4,12.008024513778178,1
5,7.172612885000365,1
6,0.03853500115574473,0
7,5.075966082882149,0
8,1.0944703094492663,0
9,3.689411955180862,1
10,1.7716905291515357,1
11,6.21484263143206,0
12,0.2980528258221209,1
13,9.687975318940863,1
14,7.674782887041626,1
15,6.233447429883297,0
16,1.1384564953147234,0
17,4.55295016946147,1
18,0.4642746290825154,0
19,6.392623241780258,1
20,7.163074922361352,1
21,0.8779201304578957,0
22,4.377646525923238,1
23,6.796868361259496,1
24,7.454912656294283,1
25,5.443261699465174,0
26,3.296859363386168,0
27,7.846113323969991,1
28,4.005519082574944,1
29,2.8111268407645658,0
30,7.094036200029267,1
31,5.566470067507202,1
32,6.308808954828236,1
