ID,Time,Event
0,33.41208315652465,0
1,26.54881138044817,0
2,34.26989179911029,1
3,5.072432373808898,0
4,3.1295235337381113,0
5,30.291654382032352,1
6,14.885127813470675,0
7,1.0700451310497476,0
8,4.061302906357228,0
9,16.09643957667744,0
10,35.70799247329769,1
11,7.9937959248842825,0
12,12.661794768670307,0
13,21.385939765957467,0
14,33.252357051278445,0
15,29.637072649297135,0
16,19.281243025475476,0
17,15.246562187336874,0
18,2.641192419384427,0
19,7.159063812896935,0
20,5.4878037880074855,0
21,17.665665914201703,0
22,9.29309388898703,0
23,7.313611873337489,0
24,6.751270515317097,0
25,15.126643248952696,0
26,20.81124087858186,0
27,11.784593279667522,0
28,36.0,1
29,0.00847713052135199,0
30,33.65859939071941,0
31,0.08034039321624521,0
32,29.083538664572025,0
33,31.785187790036733,1
34,12.37915782587533,0
35,23.899484232841324,0
36,36.0,1
37,13.757546920547542,0
38,1.1567346716363711,0
39,18.97583315605497,0
40,8.95653073369349,0
41,29.836730555154805,0
42,2.522980374872983,0
43,0.025388110234619763,0
44,35.59899692228469,0
45,26.97694235491755,0
46,29.361028655120926,0
