ID,Time,Event
0,4.2142487091903,1
1,11.334158487720172,1
2,4.046179481107203,1
3,24.549949189136097,1
4,6.18087121713495,1
5,2.3132696884273423,1
6,8.529607827805817,1
7,0.5546300495264503,1
8,0.21250660619902093,1
9,4.286927292307043,1
10,1.8766081318577568,1
11,2.7219670405323813,1
12,0.6414960362429677,1
13,5.36092612844773,1
14,14.594523812972888,1
15,6.2734483195689315,1
16,1.3106332000767424,1
17,2.2374427342331322,1
18,6.44971503875875,1
19,23.992698622383898,1
20,7.5438327417156925,1
21,0.36218509352728995,1
22,4.365623946057649,1
23,4.0401217002524294,1
24,0.08442694426524132,1
25,5.189561475345919,1
26,2.056690243191496,1
27,1.145109487201343,1
28,12.013394079835122,1
29,7.266592769107564,1
30,10.49713018433996,1
31,1.6223408033721258,1
32,2.3501524306000023,1
33,3.1995093863050816,1
34,1.6131936001642784,1
35,5.465608462337057,1
36,7.340148149026801,1
37,22.38432375372829,1
38,11.090850588559428,1
39,0.6731394242092648,1
40,14.59933658283292,1
41,3.816980958173572,1
42,18.684155122596536,1
43,2.161923233675695,1
44,2.321691798640929,0
45,17.052365602222537,1
46,10.072669649844562,1
47,8.086208348499623,1
48,5.206039539525789,1
