ID,Time,Event
0,40.68079278439599,1
1,10.796037726283721,1
2,35.46969077920309,1
3,6.29878922351982,0
4,17.283982395120848,0
5,81.99424288121061,1
6,65.093200197878,1
7,14.872575012681382,1
8,1.6731526875120306,0
9,8.318797736291666,1
10,84.8329670788697,1
11,0.1722906391429821,0
12,126.24672054634429,0
13,70.20336855454768,1
14,14.996381591877471,1
15,2.06778566819372,0
16,5.740587339566808,1
17,20.0665883929594,1
18,221.3618114523988,1
19,22.096634015872965,0
20,21.57012412915487,1
21,2.105240273180952,0
22,110.5974038734091,1
23,45.79802232177853,1
24,54.67535328556357,1
25,15.522851302015491,1
26,92.11562497997873,0
27,17.230899447344832,1
28,38.82869737978461,1
29,12.332772372505776,0
30,24.578687696928807,0
31,4.062550249682707,1
32,26.579775606616888,1
33,13.413022882293705,0
34,80.28791439403311,0
35,171.19038946918872,1
36,105.21928002458706,1
37,39.18162747148564,1
38,13.429489969830474,1
39,5.480718245100758,0
40,87.93594230319182,1
41,5.784393361917986,1
42,170.96849494184826,1
43,103.62895493411492,1
44,33.20541838625427,1
45,3.4908546502888154,1
46,27.59646306421672,1
47,98.47037355150314,1
48,6.530232936188851,0
49,0.6367209316746171,1
50,279.24437508569935,0
51,93.09614287950478,1
52,103.83370629836972,1
53,20.001539453712862,1
54,9.864563593941378,1
55,154.7790362969282,0
56,4.668728545844157,1
57,13.773238612420341,1
58,46.436678555755684,1
59,18.04515644714842,1
60,31.705018364309122,1
61,51.8380647222854,1
62,17.469317556914966,1
63,48.16442211524632,1
64,68.93677710445701,1
65,3.428088218436413,0
66,77.28424652824548,1
67,136.57161885035282,1
68,8.055476467644086,0
69,114.49966998255405,1
