ID,Time,Event
0,7.134219188952332,1
1,5.901823467996551,1
2,6.13772702994922,1
3,2.4651617125323626,0
4,1.0342026912591595,0
5,5.053854010943901,0
6,0.30764566443142255,0
7,5.742590075260748,0
8,2.1064054596767656,0
9,3.7495892678852125,1
10,1.4117214089008419,0
11,6.095485377793958,0
12,0.30291431006942116,1
13,9.845994083806964,1
14,7.79996484431342,1
15,4.494341553034759,0
16,0.3336478377494366,0
17,2.1327011737576647,0
18,7.896065977641119,1
19,6.496892131374304,1
20,6.348842583552816,0
21,0.6944514819445917,0
22,3.8783340412436758,0
23,6.9077308178662875,1
24,6.707289040342083,0
25,3.201256910917696,0
26,1.9083885897029618,0
27,7.974089820155862,1
28,4.070852359884048,1
29,0.817317636160833,0
30,0.5664109656512772,0
31,5.65726372622059,1
32,6.20124922516827,0
33,8.088500009291321,1
34,5.411705169113323,0
35,1.5629054190312608,0
36,3.183776988340081,0
37,5.240487922346937,1
38,8.137142961839377,1
39,6.096454672923935,1
40,0.6596409205084582,0
41,7.630410580535063,0
42,1.3554286136701055,0
43,0.8998344392756091,0
44,7.510938441864663,0
45,8.136657585461894,1
46,0.3625689257263258,0
47,3.588649743472631,0
48,7.6222333384243734,1
49,1.9606498125544447,0
50,0.18059457250613703,1
51,5.242775324039724,0
52,6.21355553865245,0
53,5.231179495650916,0
54,3.965855336057737,0
55,1.303029150600045,0
56,1.4528430236856358,0
57,1.7361065875117827,0
