ID,Time,Event
0,12.922831493818226,1
1,15.94827488242655,1
2,7.573011565055453,1
3,6.722593755882402,0
4,10.299400841621509,1
5,11.881318314562591,1
6,14.38969337001143,1
7,2.482946688688664,0
8,13.188197134443584,1
9,0.8424796797411613,0
10,13.941959669581117,1
11,13.156807663354874,1
12,10.628939750171234,1
13,11.685478214228253,0
14,9.322735437771438,0
15,8.06774386081147,0
16,7.312000002017521,1
17,11.665936156576041,1
18,8.4707699546841,1
19,2.315702919649642,0
20,11.495817411132444,0
21,9.741125349817096,1
22,12.590768908211649,1
23,1.3706898072853528,0
24,16.26853810314448,1
25,13.804138794915632,1
26,13.165183497248348,1
27,9.680153812672511,1
28,7.816310973453328,1
29,16.572231101014292,1
30,8.739796878750106,0
31,5.120385489391516,0
32,13.412265882781549,1
33,14.065390508783027,1
34,13.377917637419909,1
35,15.30741860858796,1
36,2.525581621969157,1
37,7.740873363841626,0
38,12.284419286114085,1
39,3.3456788993641564,0
40,13.472954624140586,1
41,14.585116707243134,1
42,0.3260865756287529,0
43,9.393088453149847,1
44,12.956697209517852,0
45,12.89311809592767,1
46,11.43286180231302,0
47,13.939512462368807,1
48,1.1482185038468256,0
49,14.332419346020984,1
50,13.628512596826646,1
51,14.125100764968543,1
52,8.286298956969667,1
