ID,Time,Event
0,12.087430529026314,1
1,5.285220771848013,0
2,11.011504017652406,1
3,8.351421998623751,1
4,2.9430571325819277,1
5,9.733228102510296,1
6,9.953874610357436,1
7,2.459586371412239,1
8,2.653580242987773,1
9,19.11094698227603,1
10,11.473590429959504,1
11,7.615068872653919,1
12,10.196946888402927,1
13,14.23430661114303,1
14,12.772086608224472,1
15,12.32590400260305,1
16,9.811593014070107,1
17,10.77267984802652,1
18,11.550594414234581,1
19,3.3300675677736797,1
20,11.21284009160791,1
21,8.14021468940311,1
22,12.599805794134577,1
23,3.523258535476123,1
24,11.558810189463998,1
25,12.518627782268386,1
26,7.515787377106101,1
27,12.749202595672784,1
28,12.535988409319133,1
29,0.9922195374713331,1
30,11.656908399003745,1
31,0.06372459183036905,1
