ID,Time,Event
0,9.101249385798381,1
1,1.253426821953787,0
2,20.370522216626092,1
3,1.5689914643007044,0
4,2.9841918614627794,1
5,1.5641048304421408,0
6,6.2042379194959105,1
7,0.8395087403121846,0
8,1.5145086602271358,1
9,5.296355295092414,0
10,8.966361536290878,1
11,4.219167880806588,1
12,9.554452258414507,0
13,3.108730954686141,0
14,7.790711696837357,1
15,2.49423382065629,0
16,8.440603214190693,1
17,3.248045382921042,0
18,3.269527597562111,0
19,7.1551334597833325,0
20,0.6788757394104954,0
21,4.068575486868561,0
22,14.387312987381302,0
23,2.457807994636928,0
24,1.0410179582638548,0
25,1.8383858997538949,0
26,8.090483925719006,0
27,2.5351675131921376,0
28,25.499218124922432,1
29,2.159751267202291,0
30,1.066154514101995,0
31,3.7934990512610303,0
32,3.468193440022557,0
33,11.791842381018427,1
34,1.2775834725616835,0
35,10.229939932693618,1
36,1.9533627240800988,0
37,2.1382301860183395,1
38,9.194740001002467,0
39,6.4065863061660915,0
40,1.9128480078043726,0
41,3.9446033977459543,0
42,5.220516332249662,0
43,3.99421492167403,0
44,3.747905239224143,0
45,2.075235376290748,0
46,1.8947794575719,0
47,2.9945581158440095,0
48,7.909069038795035,1
49,13.153176734072568,1
50,1.955319375355617,0
51,4.049502585153687,0
52,0.8011100889604805,0
53,1.085266627778638,0
54,6.903152207226532,1
55,2.8064278322229947,0
56,11.680617210082717,0
57,2.708064834621454,0
58,1.2826893754597262,0
59,0.7411315921093543,1
