ID,Time,Event
0,7.364469511921401,1
1,7.3742895545364195,1
2,6.653102829829674,0
3,5.088243737356864,1
4,1.7931068536605146,1
5,5.930132251133421,1
6,6.0645648318254155,1
7,1.498544194376597,1
8,1.6167382099936365,1
9,11.643664553599333,1
10,6.99047714986259,1
11,4.639608261587997,1
12,3.8053652830287295,0
13,8.160821288731794,0
14,7.781607696029139,1
15,7.50976347008236,1
16,5.977877386098275,1
17,6.563435637703897,1
18,7.037393117083951,1
19,2.028899443650662,1
20,6.831610638704392,1
21,4.959562146532809,1
22,7.676642724374718,1
23,2.1466042766345375,1
24,7.042398715755112,1
25,7.62718366092932,1
26,3.2660928853543503,0
27,7.76766522807926,1
28,7.637760913747116,1
29,0.6045263726888204,1
30,7.102166693043146,1
31,0.03882527494718036,1
32,6.630089691827759,1
33,6.2225180851737525,1
34,4.380721047819076,1
35,5.452842093648782,1
36,7.368504026180165,1
37,5.371989170461815,1
38,3.9548902751027635,1
39,7.082598592625766,1
40,6.29143876155848,1
41,7.344661479356782,1
42,4.64811712791194,1
43,5.403603788035431,1
44,7.347692938355735,1
45,6.654303601423399,1
46,6.649824327125116,1
47,4.653853807023292,1
48,0.4736049960241184,1
49,8.05768112041053,1
50,2.9023168111308117,1
51,7.512659278666241,1
52,5.849897384367866,1
53,8.258207046473801,1
54,6.015467016319572,1
55,8.089632194261267,1
56,6.832431615810891,1
57,4.687318399194492,1
58,7.18191360536085,1
59,7.032808358347308,1
60,7.052608167644613,1
61,6.382324279779428,1
62,4.533819968089866,1
63,6.969552281466836,1
64,3.2872154873132646,1
65,7.069242271139318,1
66,6.9596241462320885,1
67,5.894367789285329,1
68,7.34332400275342,1
