ID,Time,Event
0,21.477589810268793,0
1,31.060180333279153,0
2,2.85435920066672,0
3,2.2453363993048936,1
4,12.764310555787382,0
5,33.83250949442496,0
6,38.68373956702945,1
7,33.16828060533712,0
8,79.10607419933721,1
9,14.449367306368567,0
10,85.44663911368781,1
11,1.6914094117850476,1
12,58.91620039657918,0
13,11.271087086560778,0
14,12.617569663053354,0
15,17.653922510800953,0
16,70.37877377251571,0
17,16.656038675572436,0
18,2.0538521306599207,0
19,57.57702882021776,1
20,4.649127613905799,0
21,17.339287647010497,1
22,29.391758922086204,0
23,29.834499407271625,0
24,17.01488186000772,0
25,1.3055799201413856,0
26,19.769678328651523,0
27,54.41381709046211,0
28,1.7560736367008083,0
29,11.068371988735223,0
30,5.229515764541678,0
31,50.362045217266605,0
32,32.130633867284836,0
33,25.540228816189103,0
34,3.219021775492514,0
35,52.32007236071718,1
36,80.65494504792022,1
37,14.005386233580758,0
38,3.771007855265889,0
39,27.691255856777982,0
40,23.987713683810984,0
41,30.011535863456572,0
42,9.303883228964192,0
43,40.86262140693799,0
44,8.345841486672601,0
45,0.40520308975258634,0
46,15.35016075161441,1
47,55.04204705309354,0
48,1.137950044931091,0
49,28.65235207735774,0
50,83.82316049770363,1
51,15.468423873315896,1
52,10.351585142467112,0
53,25.697618458881205,1
54,41.18637986252522,1
55,45.59442311970181,1
56,9.952205455484638,0
57,16.634578706343042,1
58,46.81338443226589,0
59,18.632480799594067,0
60,3.5877486500791345,0
61,6.021582988138983,0
