ID,Time,Event
0,56.44810112715895,1
1,16.22658273414605,1
2,282.7819161737153,1
3,19.27637949797772,1
4,6.06877157065392,1
5,94.68068934063638,1
6,26.231564598766937,1
7,29.008245702213795,1
8,1.563114636695947,1
9,18.968280566251607,0
10,54.787287620314736,1
11,12.131120601472352,1
12,88.23207988027887,1
13,10.974549042962256,1
14,41.36200415789149,1
15,6.773631922999547,1
16,48.550563791698885,1
17,24.323265584015683,1
18,36.23207978390993,1
19,139.35540362032307,1
20,58.63049109236477,1
21,47.28171387292602,1
22,149.40022307556924,1
23,106.83569913940494,1
24,61.33043910436691,1
25,17.286921294029767,1
26,75.47471178327373,1
27,7.147712394133382,0
28,443.0992711266608,1
29,12.412015563053018,1
30,130.365081393221,1
31,100.07043598718998,1
32,16.829667573644375,1
33,94.75685512214234,1
34,2.515377453041073,1
35,71.31706716393413,1
36,62.94889745935968,1
37,3.1157042039900817,1
38,58.06098740371155,1
39,197.59420248353717,1
40,36.050164738694065,0
41,26.079153255257715,0
42,31.891786049366974,1
43,61.36322353549932,1
44,27.826676381461763,1
45,14.118471075450392,1
46,54.01257604268399,1
47,75.86966345865629,1
48,42.628302674216876,1
49,117.89859207436521,1
