ID,Time,Event
0,14.972360975519669,1
1,9.200543326318115,1
2,12.117837775245672,1
3,7.729135139681512,1
4,1.8445500196542244,1
5,6.9973706644429,1
6,8.512371552885611,1
7,3.6057183843632306,1
8,2.5543335982489737,1
9,10.626297142642294,1
10,11.090015097709017,1
11,11.46982797467253,1
12,5.068882382568041,1
13,15.691646482032139,1
14,12.711390823213044,1
15,15.073240136184674,1
16,7.6486484401772294,1
17,3.0575875202468423,1
18,7.029182468487493,1
19,8.013459586402075,1
20,15.47415850474103,1
21,2.2328383289993097,1
22,3.8154866815194675,1
23,9.872029102322307,1
24,6.325842019767725,1
25,8.285099252958611,0
26,11.580420546727284,1
27,2.171045064035372,1
28,14.14410766256283,1
29,0.4061501270262777,1
30,15.568334240760331,1
31,10.238014697862475,1
32,5.8666683994391775,1
33,8.863991845677344,1
34,5.102150228207608,0
35,7.636320172412097,1
36,6.978420693454688,1
37,11.046237293875585,1
38,12.897618143569417,1
39,6.417837169023897,1
40,6.513268627152065,1
41,5.887462293237502,1
42,15.455149124045406,1
43,12.28898396562648,1
44,1.1830668126569286,1
45,7.995959323334345,1
46,3.2473442436091875,1
47,11.86770412978068,1
48,10.693843059361338,1
49,9.385344763681463,1
50,8.22414953708609,1
51,12.641880326306792,1
52,6.050392056634533,1
53,6.7528113464698745,1
54,17.094218968541764,1
55,12.003559833389827,1
56,12.223416400144133,1
57,3.7765736805376404,1
58,6.10579478452898,0
59,6.626533314789276,1
60,3.6806531069312682,1
61,12.98481849153371,1
62,15.580890264081727,1
63,10.16208144739105,1
64,16.65452931919522,1
65,3.6811188039523337,1
66,10.006280263217286,1
67,15.685555923858852,1
68,4.789952313221901,1
69,18.129937385095058,1
70,8.371571007657517,1
71,9.814079827641743,1
72,16.005796611192473,1
73,19.296097556746947,1
74,13.484925979417705,1
75,3.6870521427712264,1
76,13.671891294624109,1
77,20.36084637046908,1
78,9.463068184046914,1
79,10.058851087208328,1
80,8.90486666064932,1
81,13.693766317767007,1
