ID,Time,Event
0,59.6980072652873,1
1,6.769939661553655,1
2,50.91925815874185,1
3,1.9446378606129777,0
4,14.775887800906776,1
5,12.49447772208015,1
6,9.655092323097627,1
7,23.853403103741165,1
8,10.945168898685946,1
9,23.358263032243595,1
10,14.528207535570651,1
11,9.15516876602898,0
12,0.5724003871602811,0
13,2.522934870247562,0
14,17.393527633944746,0
15,13.975240266782505,1
16,18.430615565048328,1
17,1.1406037606662964,0
18,5.841222864711973,0
19,42.90525386330002,1
20,60.509395655130746,1
21,10.942565490039298,1
22,1.3014394193389942,0
23,23.869909482505665,1
24,39.20694339604572,1
25,6.3670628061337435,1
26,11.041335714029133,1
27,1.1695264101461984,1
28,3.2275254974123144,1
29,6.912393990112511,1
30,4.042602036219245,1
31,102.43529159125463,1
32,1.2228213243814483,1
33,18.124494021661107,1
34,1.6433959536278577,1
35,17.21272198606129,1
36,14.659055053987467,0
37,29.655513659971657,1
38,34.75879923273487,1
39,2.009237346606656,0
40,1.021480805903328,1
41,2.0997946044033475,1
42,21.234049262120745,1
43,0.5095119799382855,0
44,5.351970119995205,0
45,20.27066694680166,1
46,23.036727773915015,1
47,9.59019062976542,1
48,14.287647174048958,1
49,0.5053057285291409,1
