ID,Time,Event
0,10.275595044191181,1
1,25.612272650241948,0
2,6.694441082357046,0
3,36.527370954817016,0
4,15.070807166428164,1
5,5.640441318625626,1
6,2.0599486073863904,0
7,1.33841340592248,0
8,0.010220196343974962,0
9,4.0369263162340365,0
10,2.5616347525779397,0
11,0.0865024710935185,0
12,0.9976515619260693,0
13,9.322770253843824,0
14,0.9506108470040793,0
15,8.544028715564076,0
16,2.313983636940388,0
17,5.455552592662455,1
18,14.920359870769493,0
19,41.79043222730103,0
20,8.583216809483263,0
21,0.8831152618052291,1
22,9.950291868779233,0
23,3.7520802276012875,0
24,0.0189487842480116,0
25,11.040577073846412,0
26,4.101624130920394,0
27,1.0325887014018515,0
28,8.630027659088976,0
29,4.497480700922215,0
30,11.146682225499518,0
31,3.1982258234617005,0
32,5.730372442495719,1
33,1.4652405027085171,0
34,3.9334470523819425,1
35,2.463594749239662,0
36,17.897470023372318,1
37,23.29020708409796,0
38,0.5939960559789715,0
39,1.64131464675311,1
40,35.597536118806886,1
41,0.6104302882122711,0
42,45.557541813791104,1
43,3.9161097205787225,0
44,8.792619185697168,0
45,28.549768799578487,0
46,20.443711007103495,0
47,14.959005304521366,0
48,10.398006571780009,0
49,2.582939224651377,0
50,43.3591506872436,1
51,14.044025073960988,0
52,2.1867086567793623,0
53,5.573078848539735,0
54,1.8107311236412704,0
