ID,Time,Event
0,14.070379359033753,1
1,5.4508683423217255,1
2,1.4249169137808513,0
3,7.753605486533451,1
4,6.951573861005517,1
5,8.915237270815478,1
6,7.053431850790928,1
7,7.327083381333975,1
8,1.1537175756047067,1
9,4.617161482595599,1
10,13.103694271325267,1
11,2.857037870142408,1
12,0.8676331533714638,1
13,20.853031925862,1
14,3.6742343200420646,1
15,11.92995897615263,1
16,5.05602614135275,1
17,4.304356928502196,1
18,6.373635673765923,1
19,8.937131140682517,1
20,6.381005624969745,1
21,6.297695435621928,1
22,2.810749046077745,0
23,9.180923986177426,1
24,8.155401588845928,1
25,2.835906375376734,1
26,7.771299222940397,1
27,12.205062283477474,1
28,5.0465805710156,1
29,10.770681366090429,1
30,8.722211658905561,1
31,1.9697465946768666,1
32,3.8390946798649037,1
33,7.5026982202413866,1
34,2.964547457235737,1
35,5.361147667087237,1
36,5.1166021303385,1
37,2.9619950179180865,1
38,4.694027501925847,0
