ID,Time,Event
0,1.2857999747965045,0
1,2.8418283531803397,0
2,102.70321624493818,1
3,5.849790468183647,0
4,1.4091564839724173,0
5,0.8421600228043212,0
6,6.291212099456709,0
7,7.095215810597884,0
8,0.12016895409137501,0
9,14.598272086113909,1
10,19.89812758919916,1
11,1.2419217895058796,0
12,32.04490054490702,1
13,3.663333718409518,0
14,14.476471431237115,0
15,0.3703071957526667,0
16,14.195547599240989,0
17,7.822630163289488,0
18,2.1647650175164435,0
19,10.892690229740808,0
20,21.293935930142645,1
21,14.198399583570236,0
22,54.260483220384984,1
23,32.2547322239933,0
24,13.130879437531739,0
25,1.5416792043498868,0
26,17.70022205753384,0
27,2.6967363672556925,0
28,132.84466347305343,0
29,3.464401362582756,0
30,34.08564571092084,0
31,36.344458535333025,1
32,6.112346261507806,1
33,14.547644103358014,0
