ID,Time,Event
0,6.583074422981082,1
1,8.133933803645252,0
2,83.74583441115351,1
3,121.30834226583185,0
4,11.237850773402236,0
5,15.428380923919525,1
6,17.398938305152328,0
7,4.7522167802124,0
8,7.5114770638622135,0
9,1.3808536761554486,0
10,18.079107140626917,0
11,200.31623704185935,1
12,8.341976601118503,0
13,3.990422979159792,0
14,6.118349383047121,0
15,46.31345057185451,0
16,11.606038137439967,0
17,42.71352368866881,0
18,17.31041330920714,1
19,7.507771811932796,0
20,0.10768034771261593,1
21,37.99229464942203,0
22,51.659700439184796,0
23,1.4264204720427696,0
24,27.695274288929394,0
25,7.0566316871821275,0
26,35.292793744441056,1
27,23.75609721222883,0
28,1.8341221909731902,0
29,129.0631098169361,1
30,45.384074553860344,0
31,1.8865651669386716,0
32,34.331640682946286,0
33,101.62255520143138,0
34,12.306751020296108,1
35,24.46450364275141,0
36,2.822405293513936,0
37,73.58472445059046,1
38,49.47844080890751,0
39,54.21292585806121,1
40,31.868515079997135,0
41,6.460006852316184,0
42,45.36631328492371,1
43,96.33496233151558,0
44,19.76058074508907,0
45,122.0773527413739,1
46,131.56463836813785,0
47,6.936682597876963,0
