ID,Time,Event
0,13.417244045710746,1
1,15.03517814167402,1
2,9.510508394646452,0
3,8.816722459119182,1
4,9.764373665678928,0
5,14.776151920857293,1
6,0.33003431293932284,1
7,14.34318107053404,1
8,14.184697291809298,1
9,12.384312847024551,1
10,10.140266356175603,1
11,2.3253154780559067,0
12,9.304800729694536,1
13,12.12134101205665,1
14,8.61876326741612,0
15,3.965160974364691,0
16,22.505684971368655,1
17,3.0439910428860797,0
18,13.407555954401579,1
19,22.505684971368655,1
20,8.6579980826789,1
21,7.809545706856902,1
22,2.0169489678223202,0
23,2.809253787061479,1
24,2.2713473919002105,1
25,5.217135265165331,0
26,1.1956524620321765,0
27,15.305038677641093,1
28,5.913892792278442,0
29,11.3210031674647,0
30,12.73392611621829,1
31,9.181995792712124,1
32,0.7416952778203567,1
33,1.0921788690495964,0
34,13.663151070948816,1
35,8.42590644760772,1
36,11.323483551013213,1
37,0.23388606374606846,1
38,14.406436144511495,1
39,7.724214661560705,1
40,6.304449060023074,0
41,14.845044036308922,1
42,12.89652681008497,1
43,14.539047389280471,1
44,13.466984167112168,1
45,13.883392325454633,1
46,5.812579316118164,1
47,13.164598466189762,1
48,12.870837039037005,1
