ID,Time,Event
0,17.47033247184795,0
1,4.5846665371421365,1
2,7.906022186273663,0
3,5.780645756686458,0
4,7.456630986341807,1
5,12.264283475846705,1
6,7.6767485815056915,1
7,8.283972256854268,1
8,0.011227317505429988,0
9,1.8307335262093094,0
10,26.49499682389923,1
11,1.2595295535243198,1
12,0.1161578715199676,1
13,40.643067463029716,0
14,2.0830997517129917,1
15,21.9611090611059,1
16,3.944527513425834,1
17,2.858860223330612,1
18,6.268315364481797,1
19,12.324594227509895,1
20,6.282820080487675,1
21,6.119834474380347,1
22,11.833345530832405,1
23,6.637234252175475,0
24,10.262828489487827,1
25,1.2409667521663375,1
26,9.318878095198588,1
27,2.8921108570669554,0
28,2.367883307695621,0
29,10.183845800361517,0
30,11.7389596780417,1
31,0.5986832186701986,1
32,2.2742280610110384,1
33,8.685829992750618,1
34,1.356104578561546,1
35,4.434982467725294,1
36,4.039612085500746,1
37,1.3537704047327692,1
38,7.5715072668024,0
39,0.5191117851534841,1
40,7.567330249406828,1
41,18.030622687332677,1
42,2.185116793157503,1
43,6.276039453492139,1
44,8.177258490661625,1
45,15.987459512433183,0
46,5.065175314902325,0
47,5.072675068141016,1
48,37.89603479404122,1
49,16.276523555577285,1
50,3.9661385785316017,0
