ID,Time,Event
0,21.36046590958884,1
1,8.065979101874225,1
2,2.2003778578863105,0
3,5.692354575663736,1
4,0.31075172959628294,0
5,4.66551835915388,1
6,6.904484933206812,1
7,0.39305515082984505,0
8,0.5334483397782384,0
9,10.759548676191226,1
10,0.010779104477755298,0
11,12.53556610926555,1
12,2.448243279020996,1
13,23.462115774136336,1
14,6.237019260678344,0
15,21.649276091591446,1
16,1.0461785908598356,0
17,0.8908158528212048,1
18,1.541174713529129,0
19,6.118856171756319,1
20,22.816247806482064,1
21,0.1996111349170825,0
22,1.3871710823222767,1
23,9.28630613818344,1
24,3.8130001847719592,1
25,7.482358201773884,1
26,11.80317210340907,0
27,0.21535022851774682,0
28,19.062561146141185,1
29,0.012940055338623404,0
30,23.09481229665501,1
31,5.264534700870444,0
32,3.2795422147688322,1
33,7.48667255126512,1
34,14.049358646217833,1
35,5.55646266886706,1
36,0.6486618600354133,0
37,11.626764602120064,1
38,8.769415065609541,0
39,3.9247096315740797,1
40,3.350247214558959,0
41,3.302831517149817,1
42,22.760224555201,1
43,14.390043208523373,1
44,0.009798922038514951,0
45,3.8468097378406383,0
46,1.004816602182652,1
47,13.420341396321634,1
48,10.896769271578336,1
49,8.29976631117234,0
50,6.444839993545906,1
51,15.228372531577525,1
52,3.488166262468793,1
53,4.062495716916283,0
54,27.84381043534492,1
55,5.520362879794656,0
56,14.23689742542289,1
57,1.35902068556744,1
