ID,Time,Event
0,6.293762837667,0
1,3.614706695732147,0
2,2.122945878128314,0
3,0.9242634295867314,0
4,7.0236633047411345,0
5,0.563110261593147,0
6,10.018836912788435,0
7,0.35768290119624746,0
8,8.640265803646926,0
9,10.421718229211152,0
10,6.263068709265952,0
11,0.1534219404953702,0
12,1.5332020812408336,0
13,0.12872426836680242,0
14,3.356040208571215,0
15,6.802303361026473,0
16,10.734895359544725,0
17,0.1765932130011906,0
18,0.6131853311212896,0
19,10.482770555546148,0
20,1.525082515408153,0
21,5.899337908934677,0
22,12.38528760051769,1
23,11.78029550926278,0
24,7.500561591762762,0
25,4.630001610282144,0
26,19.13243482968605,0
27,17.466359612558545,0
28,9.427502661307056,0
29,11.375604869992888,0
30,12.448725719276704,1
31,10.506027196792868,1
32,0.9972717449700359,0
33,9.882493182394017,0
34,8.7093005776043,0
35,9.36733960906538,1
36,0.18375541261384182,0
37,13.630678583558941,1
38,14.219269383193998,1
39,8.56626215370955,0
40,8.594402783988244,0
41,3.2920229541234423,0
42,12.147612655779229,1
43,7.2230813060939285,0
44,2.4471782242124935,0
