ID,Time,Event
0,7.434712047183512,1
1,1.9730547575817365,1
2,6.482345089576665,1
3,5.763571716120735,1
4,7.902216310085895,1
5,14.985046839658798,1
6,11.89625783021911,1
7,2.718071725038642,1
8,1.4685604762244349,1
9,1.520321053620511,1
10,15.503844423147944,1
11,0.11973154269724992,1
12,24.100741012912856,1
13,12.830178426256287,1
14,2.7406982817714014,1
15,0.3962254512533743,1
16,1.0491342702583024,1
17,3.6673156116129806,1
18,40.45548805093057,1
19,4.946461143769677,1
20,3.9420977504593773,1
21,2.5484055271260218,0
22,20.212483451901925,1
23,8.369923125576614,1
24,9.992320206505768,1
25,2.8369144670651574,1
26,22.991149054235795,1
27,3.149072742606937,1
28,7.09622808276876,1
29,12.126364231828804,1
30,5.819918364791175,1
31,0.7424607343244741,1
32,4.857648152563729,1
33,5.3185206052509555,1
34,21.164410074274215,1
35,31.28629419033364,1
36,19.229592032307487,1
37,7.160728635117624,1
38,2.454337391982348,1
39,3.510677324816927,1
40,16.070935812065727,1
41,1.057140140838052,1
