ID,Time,Event
0,6.78435714551454,1
1,11.42991005201478,1
2,26.825769318175453,1
3,36.96140420508501,1
4,63.37903043076119,1
5,69.99399860437302,1
6,12.936181067004942,1
7,6.39879378927835,0
8,26.416755842761074,1
9,30.048787626532043,1
10,96.54506896577479,1
11,18.630095607544657,1
12,48.43330048805049,1
13,55.81750849288519,1
14,4.995850521679269,0
15,145.7249739440961,1
16,72.10590817176907,0
17,77.28523189938008,0
18,3.8865019715365743,1
19,8.02993242956212,1
20,4.584641850407722,1
21,32.53554538482381,1
22,43.908880641241836,0
23,80.14333440776261,1
24,41.01899942455648,1
25,57.785702474977654,1
26,50.831817407940925,1
27,23.13953716246286,0
28,29.020730069726582,1
29,26.39600264264401,1
30,11.073509106304225,0
31,19.8477018399473,1
32,7.336205865525733,0
33,1.7184373241150372,0
34,89.8065027541076,0
35,37.64902490630927,1
