ID,Time,Event
0,14.779161360513465,0
1,6.010564828260211,0
2,13.050818947239293,1
3,13.445470064410618,1
4,12.054672940353214,1
5,15.459847170462579,1
6,3.949558978131958,0
7,7.655841422589791,0
8,2.0006531351794163,1
9,0.11742877553733767,0
10,22.723019550619828,1
11,4.954368290030419,1
12,1.1960708720078357,0
13,36.16108879905502,1
14,6.371462624137544,1
15,20.687653835637914,1
16,8.767617625955495,1
17,7.464153590124117,1
18,0.6041713739983035,0
19,9.657462034456701,0
20,11.065254772167252,1
21,10.920787187521382,1
22,15.185807112393364,1
23,15.920572543208852,1
24,14.14222172078804,1
25,4.917724320875478,1
26,12.190362862831005,0
27,16.739823062016217,0
28,8.751238132127751,1
29,10.681411747497197,0
30,1.903081902420329,0
31,3.415723036102438,1
32,2.5112826595670716,0
33,13.010373625246629,1
34,3.04605879638428,0
35,6.6992521727819545,0
36,8.872662001497241,1
37,5.136373705564495,1
38,13.65859386393673,1
39,3.1806402501939552,1
40,12.143823599445764,1
41,18.74517369113971,1
42,6.525614789780013,1
43,11.059282166018045,1
