ID,Time,Event
0,1.4764950169052604,0
1,3.7398295675451267,1
2,15.612199531979547,1
3,4.076158007055436,1
4,2.28711852781273,1
5,9.033769023401522,1
6,4.754998389976806,1
7,5.000333943039991,1
8,1.160736634286113,1
9,5.886034428250641,1
10,6.871921293514344,1
11,2.4850905331693642,0
12,8.720703784714226,1
13,3.075612508151178,1
14,1.0662330250967718,0
15,2.416290093897709,1
16,6.468974145525796,1
17,4.578774100346285,1
18,5.588366861404533,1
19,2.691188583920278,0
20,7.108861328462252,1
21,6.383882455895111,1
22,11.347858181758086,1
23,9.596137779477475,1
24,1.9085206961568022,0
25,3.8600870971946892,1
26,8.06564323851553,1
27,2.67453785119321,1
28,19.542890311905527,1
29,1.2270461754360553,0
30,10.600318556853352,1
31,9.2873363153882,1
32,3.8086936820564072,1
33,0.052639206872032177,0
34,1.4724476339933055,1
35,0.4917299702813365,0
36,2.918827098725684,0
37,1.3527796234813216,0
38,2.9795955305165895,0
39,13.050446651601076,1
40,4.167168208856686,0
41,5.0640719733732915,1
42,5.2429739222523235,1
43,7.272644510377765,1
44,4.897437984524086,1
45,3.0890903879617837,0
46,6.823162617758124,1
47,0.8565552835092666,0
48,6.061600317987383,1
49,6.656873541334088,0
50,2.598542932285778,1
51,0.6503271051395445,0
52,0.7543386545205889,0
53,1.0954763249468833,1
54,5.29065423619247,1
55,6.292894555295099,1
56,8.109149142556477,0
57,3.573890976502338,0
