ID,Time,Event
0,20.898902472778936,1
1,12.842413964483354,1
2,16.914467281405223,1
3,10.788575145044955,1
4,2.574682178044277,1
5,9.767154780811103,1
6,11.881841693950982,1
7,5.032977563279577,1
8,3.565420900553392,1
9,14.832526947083092,1
10,15.479799366821128,1
11,16.009954382890033,1
12,4.77151553807652,0
13,21.902904291547923,1
14,17.742967695078974,1
15,21.0397128462211,1
16,10.67622922404785,1
17,4.267878893122056,1
18,9.811558718927351,1
19,11.185444342384997,1
20,21.59932758552003,1
21,3.116667474925052,1
22,5.325778891761902,1
23,13.779695383727443,1
24,8.829813524098796,1
25,12.369079085695402,1
26,16.16432304801673,1
27,3.030414450430957,1
28,19.742799888921734,1
29,0.5669173958540861,1
30,21.730781103478055,1
31,14.29054983615093,1
32,8.188884232786004,1
33,12.372644595278262,1
34,16.949089315233817,1
35,7.292957748892402,0
36,9.740703802492309,1
37,15.41869290176306,1
38,18.002909771833487,1
39,8.958223308996248,1
40,9.091429604216927,1
41,8.217909017803613,1
42,21.572793681222947,1
43,17.153358632422226,1
44,1.6513626659766276,1
45,11.16101691295697,1
46,4.532747423982875,1
47,16.565322702919524,1
48,14.926809707714755,1
49,13.100365747946277,1
50,11.479532144471737,1
51,17.64594271030514,1
52,8.445331616064161,1
