ID,Time,Event
0,69.18911177778027,1
1,7.846260426927661,1
2,31.700960931648467,0
3,2.5715651482643627,1
4,17.125036487898566,1
5,14.480915784615485,1
6,11.190109897621804,1
7,27.64574311988562,1
8,10.405334687398918,0
9,27.071883064553024,1
10,16.837978705762914,1
11,17.065101590803273,1
12,0.8220126641247619,1
13,27.207603286641568,1
14,84.8776152388163,1
15,16.197097779878415,1
16,21.360812175801335,1
17,4.300988802337666,1
18,7.377483014003824,1
19,49.726557742707875,1
20,70.12949897949369,1
21,12.682272348917177,1
22,1.914810813662183,1
23,27.66487376993074,1
24,45.44027034335308,1
25,7.379332081087593,1
26,12.796745584808967,1
27,1.3554638961244392,1
28,3.7406545483796187,1
29,8.011362897066869,1
30,4.685316260459089,1
31,118.72099529891607,1
32,1.417231917321925,1
33,21.00602181255045,1
34,1.9046717225488685,1
35,19.949291442864364,1
36,33.58343074821372,1
37,34.37030385837275,1
38,40.28493672641424,1
39,9.973932365207036,1
40,1.1838812197605486,1
41,2.433631041465617,1
42,24.609950569422818,1
43,7.50147048572937,1
44,15.81598658576961,1
45,23.49340464514861,1
46,26.699228432546075,1
47,11.114889790280962,1
48,16.559172787356562,1
