ID,Time,Event
0,5.649357330541108,1
1,7.332736865430585,1
2,11.233647372653152,1
3,13.186177739384156,1
4,16.658565200614113,0
5,18.145757244845512,1
6,7.800954362309634,1
7,6.548484809130613,1
8,11.147678507378458,1
9,6.599739601798761,0
10,19.75912361801664,0
11,9.361646460796457,1
12,15.094430316582606,1
13,16.2042866768446,1
14,10.425528385163515,1
15,1.0999751243107405,0
16,20.15297860218623,1
17,18.16977920751661,0
18,3.208595682876549,0
19,1.3928697114464093,0
20,4.644055503216233,1
21,12.37153932211963,1
22,21.27323271284102,1
23,19.41683312122709,1
24,13.89111879998742,1
25,16.48750320151941,1
26,7.833144020332485,0
27,16.812721247904047,1
28,11.684196742375496,1
29,8.742640632281924,0
30,7.31441298142466,1
31,9.66272918595034,1
32,18.51219629780356,1
33,14.470870548145614,1
34,13.455727301607011,0
35,3.9412437701969822,0
36,9.572799346198726,1
37,9.27091217976281,0
38,29.41632357097289,1
39,15.3025353639073,1
40,15.978069408896122,1
41,8.00379767301523,0
42,11.9393625426976,1
43,22.05695739015608,1
44,10.731841604795322,1
45,5.199988496801873,1
46,17.15157021191906,1
47,7.865652743964067,1
48,7.998202252537249,1
49,4.459875654821236,1
50,14.040074396549434,1
51,6.718829553025652,0
52,14.798939886426894,1
53,15.804399253087935,0
