ID,Time,Event
0,13.407265555746134,1
1,5.062751170487369,1
2,8.782333025315301,1
3,3.5729047182969125,1
4,0.10726026336512756,0
5,2.9283932223737286,1
6,1.2077916121467451,0
7,0.7775767054549397,1
8,0.07615608496444551,0
9,3.7360306575722593,0
10,7.355698298578271,1
11,7.868164694061661,1
12,1.5366822018694908,1
13,9.298782196107153,0
14,4.752398408669923,0
15,13.588542257373419,1
16,3.0021751483753145,0
17,0.5591359641027723,1
18,0.002718050561512978,0
19,3.8406058154062173,1
20,14.321012220519656,1
21,0.041681958424005204,0
22,0.7216194802755292,0
23,5.76378466595725,0
24,2.393295457960859,1
25,0.012892673649409622,0
26,0.8522882291658991,0
27,0.11845062950243104,0
28,11.96494592115771,1
29,0.008122049348796902,0
30,6.4814361944021,0
31,5.79043332070922,0
32,2.058461344466616,1
33,4.699139403072083,1
34,2.276375032276736,0
35,1.10654130972466,0
36,2.9125536084787944,1
37,2.9343082243235905,0
38,9.948982400743342,1
39,2.1293129813820073,0
40,2.537217005044031,1
41,1.987094167954112,0
42,2.246585169727138,0
43,3.6589155617795495,0
44,0.07826574360671557,0
45,0.71764071730932,0
46,0.04633892008899412,0
47,4.038969484733016,0
48,0.3916227797388917,0
49,1.7245357117911322,0
