ID,Time,Event
0,7.331285936923564,1
1,7.341061731392798,1
2,6.678713425085173,1
3,5.065316611731246,1
4,1.7850272906096718,1
5,5.903411658701879,1
6,6.037238499412694,1
7,1.4917919016851582,1
8,1.6094533466974619,1
9,11.591199346792711,1
10,6.95897874764942,1
11,4.618702643272956,1
12,5.771679106805212,0
13,8.633412339333399,1
14,7.746544537417793,1
15,7.475925214805169,1
16,5.950941658786436,1
17,6.533861442526002,1
18,7.005683316138752,1
19,2.019757422390004,1
20,6.800828073358919,1
21,4.1715851492810305,0
22,2.811363930653257,0
23,2.136931888977956,1
24,7.010666360074823,1
25,7.592816321825666,1
26,4.558486286259892,1
27,7.732664892856635,1
28,7.6033459145830085,1
29,0.6018024363355207,1
30,7.070165028738035,1
31,0.03865033207845969,1
32,6.600215160040371,1
33,6.194480030943166,1
34,4.360981949816214,1
35,5.428272123704165,1
36,7.335302272058053,1
37,5.3477835158336005,1
38,3.937069928662379,1
39,7.050685100255743,1
40,6.263090157541515,1
41,7.311567157404681,1
42,0.3971307977665872,0
43,5.3792556810511325,1
44,7.314584956947663,1
