ID,Time,Event
0,6.245378696965131,1
1,13.288530538542796,1
2,6.1553097267245125,1
3,3.987111330477454,0
4,8.703563068070924,1
5,6.814344715284471,1
6,1.3091944345570576,0
7,6.70483271185355,1
8,1.1656559467509648,0
9,7.38967406740332,1
10,5.361313520482217,1
11,5.5166208156268715,1
12,4.829921967215453,1
13,1.0621958236287021,0
14,8.439016071337536,1
15,7.012968871873204,1
16,5.364029416333558,0
17,7.857805345954605,1
18,4.84344723286591,0
19,7.96638924253618,1
20,7.028726475475951,0
21,1.5411610713021382,0
22,6.696827602520525,1
23,0.8742359324497441,0
24,0.6247258071550733,1
25,4.80120353549423,1
26,6.8361338267562175,1
27,4.497331367167888,0
28,7.9059449592730955,1
29,7.205212815959724,1
30,7.888062436482076,1
31,0.8818267119284239,0
32,4.316105697040667,1
33,6.270839081931363,1
34,3.525998522121351,1
35,6.664396861104139,1
36,7.258927155433241,1
37,8.135061360916549,1
38,8.687445611947355,1
39,1.9647620040222116,1
40,9.505542667107969,1
41,8.137990579082476,1
42,13.288530538542796,1
43,3.99476644692218,1
44,6.718232327099871,1
45,7.558462263741043,1
46,8.21323426636638,1
47,3.227092135959269,0
48,7.189327468819662,1
49,1.7492681711215938,0
50,7.18437119082577,1
51,7.616161978897832,1
52,5.777952281055209,0
53,7.832953038322989,0
54,5.36586756112107,1
55,7.932941764547926,1
