ID,Time,Event
0,2.8476066899065886,1
1,4.5811127494055,1
2,7.229188376370587,1
3,6.756498846588691,1
4,3.003057810731474,1
5,5.312615944072506,0
6,4.446983803129983,0
7,3.96919662007903,1
8,3.958015208156392,0
9,0.34275799076756414,0
10,5.871693888839679,1
11,3.168779502835303,0
12,6.084481526071755,1
13,6.7635961738395505,1
14,5.351133704540921,0
15,1.1987803969758688,0
16,4.988863755840817,1
17,5.834973726574938,0
18,6.959255464375327,1
19,5.065021359137441,1
20,0.04742340606669347,1
21,7.475627283791575,0
22,1.408901026522161,0
23,1.535571149811345,0
24,7.615345573238416,1
25,6.7610833972541124,1
26,6.320235325260913,1
27,7.145354800772779,1
28,0.9800186720775484,1
29,6.98216914270427,1
30,2.278547634298112,0
31,2.945657771045399,1
32,6.888554643611301,1
