ID,Time,Event
0,30.729294707741218,1
1,30.77027022988453,1
2,11.181518105395272,0
3,21.231419465712964,1
4,7.481992947273218,1
5,11.477017846026074,0
6,25.305257858653924,1
7,3.477605023959962,0
8,6.746069739271493,1
9,36.0,1
10,29.168758474473407,1
11,14.353496652305472,0
12,25.9232088490985,1
13,36.0,1
14,32.46986300971446,1
15,31.335554378224597,1
16,24.943542182745635,1
17,27.38686713004985,1
18,29.3645220092277,1
19,2.0329547140719177,0
20,3.0526787625859035,0
21,20.694477256706293,1
22,32.03188176167791,1
23,8.957011137166125,1
24,27.946198871807717,0
25,20.398244829080195,0
26,19.107025659192686,1
27,32.41168608252486,1
28,31.86964188606813,1
29,0.5597077055211662,0
30,29.634798952013906,1
31,0.16200397245581272,1
32,27.66499063498422,1
33,25.964340235779712,1
34,18.27918058360129,1
35,15.344225896936162,0
36,30.746129291340143,1
37,22.41538757390367,1
38,15.453486438599349,0
39,20.220418091841918,0
40,26.251921543931616,1
