ID,Time,Event
0,7.9309732074946755,0
1,1.0753464757943811,0
2,11.856769540062777,0
3,2.916500250878047,0
4,4.118261495949028,0
5,2.911813180686154,0
6,3.641402126317809,0
7,11.32262233258003,0
8,5.139549971288276,0
9,0.11201472023390283,0
10,1.9679822678916614,0
11,3.4931130949211098,0
12,2.376347345717304,1
13,3.9118648314543223,0
14,21.904283344092114,0
15,10.54846505873065,1
16,6.0608821779758815,0
17,3.3544456094858175,0
18,6.396184534285152,0
19,13.666991060674805,0
20,2.0518785323899227,0
21,2.1014785157434064,0
22,0.22987049869457812,0
23,7.833986426662688,0
24,5.032112270266514,0
25,6.656321924295753,0
26,4.569486784490653,0
27,1.9349206911878467,0
28,3.384181876462659,0
29,3.5684253371152135,0
30,0.6373559613867471,0
31,28.55843675080833,1
32,1.9693532368743996,0
33,10.1933601431434,0
34,2.7320766091383177,0
35,5.874413918587758,0
36,5.185671142217896,0
37,15.366053907728283,1
38,9.939283767444243,0
39,3.1727821905067626,0
40,2.3172307567807264,0
41,0.2940048349589046,0
42,13.002475296980139,1
43,3.6657064548935407,0
