ID,Time,Event
0,11.761615267173656,1
1,14.157930495334499,1
2,10.543349111798129,1
3,13.22918041948748,1
4,6.354614890425847,1
5,25.720930339663617,1
6,1.3809496101226173,1
7,23.4362065180394,1
8,10.606065834033808,1
9,7.665519326074047,1
10,10.286033610112563,1
11,7.812200575565337,1
12,13.263573849835572,1
13,14.48893213969571,1
14,3.6941319497311484,0
15,0.9584829544639039,0
16,15.908445270448361,0
17,6.833644427228013,0
18,8.253096988848247,1
19,13.143591416786625,1
20,0.5042100327805382,0
21,3.2377703344497974,0
22,15.46708750071915,1
23,12.2930036138747,1
24,11.444671364590834,0
25,9.638554755273596,1
26,10.095927083610096,1
27,13.432440202228003,0
28,10.146320411752676,1
29,1.8819044766111503,0
30,7.572426659147265,1
31,11.900467878481065,0
32,3.3467122224774157,0
33,16.52446259342112,1
34,1.2739440267421283,1
35,8.803130507875718,0
36,6.996237275080955,1
37,8.33859002065057,1
38,24.519253880495544,1
39,16.57080570606768,1
40,27.24107606652393,1
41,18.48748381302647,1
42,20.941761587049715,1
43,0.9611743275459138,0
44,7.691235221329027,1
45,6.832642423333849,1
46,14.983459505417034,1
47,15.465105834046375,1
48,4.987315544017943,1
49,8.663195660905318,1
50,12.630106985184609,0
51,3.6650096349314096,1
52,4.065905589782187,0
