ID,Time,Event
0,2.347385993979797,1
1,3.046853439841165,1
2,4.164740952675943,0
3,5.479038964701814,1
4,7.174686900150645,1
5,5.221457037107887,0
6,3.241404276335143,1
7,2.7209858791619967,1
8,4.6320143801389495,1
9,4.9401898041240155,1
10,5.255022704982065,0
11,1.7044974748101158,0
12,6.271944265358808,1
13,6.733104911247508,1
14,2.6585917239082346,0
15,10.87920476640948,1
16,8.373840941517388,1
17,10.957179762695638,1
18,1.7766815975561046,1
19,2.1180058732086082,0
20,1.929669200526642,1
21,5.140545451376563,1
22,7.620538467397568,0
23,4.018297487951585,0
24,5.771951711306721,1
25,6.850785288746589,1
26,6.425367564290061,1
27,6.985917878598124,1
28,4.854945116620825,1
