ID,Time,Event
0,15.279080142181053,0
1,89.51958756124179,1
2,31.957583682980065,1
3,193.9007054155783,1
4,19.7116485738686,0
5,18.270694613128885,1
6,48.21459668205853,0
7,4.3805857608636565,1
8,1.6784222456026459,1
9,33.859060955265534,1
10,14.821849029196882,1
11,21.498672979361697,1
12,3.095949057468192,0
13,42.34173154406431,1
14,7.477977916149935,0
15,49.549025343436796,1
16,10.351658982187082,1
17,17.671797247008126,1
18,16.2468661772034,0
19,189.4994222538886,1
20,15.294590097676025,0
21,2.8606146833503905,1
22,34.48062381710806,1
23,31.9097380450138,1
24,0.6668219116460044,1
25,40.98825716968798,1
26,16.24417573754668,1
27,9.044317592505166,1
28,8.553460154190642,0
29,57.39309083870569,1
30,82.90856049850353,1
31,12.813591742077286,1
32,18.562002333150744,1
33,25.270403706695028,1
34,12.741345191140791,1
35,43.1685348188618,1
36,57.974046829431835,1
37,176.79613642619256,1
38,42.81630686236706,0
39,0.37140369050116245,0
40,115.30865665756507,1
41,4.065494064144388,0
42,147.57141982064718,1
43,6.357519713151328,0
