ID,Time,Event
0,41.18830559281307,1
1,49.58002404917764,1
2,36.9220277422669,1
3,46.327610067392314,1
4,22.25339071938508,1
5,90.07279314077573,1
6,4.835983260628673,1
7,82.07185952557073,1
8,37.14165705869526,1
9,26.844080966595243,1
10,36.020927912316424,1
11,27.357747839005594,1
12,46.44805331327164,1
13,50.73916729353486,1
14,67.2157413554558,1
15,23.075329215229484,1
16,86.8339371794019,1
17,42.004761065078625,1
18,28.901734425248993,1
19,46.02788371871078,1
20,13.415608009057246,1
21,11.998998745233623,1
22,54.164594925020666,1
23,43.04918822799569,1
24,72.56286347647085,1
25,33.75350491537286,1
26,35.35518893591701,1
27,53.20857863537553,1
28,35.53166263890987,1
29,7.290815026440059,1
30,26.518077341520737,1
31,31.46258774336726,0
32,39.01183398175064,1
33,57.86744418978014,1
34,4.46125763253287,1
35,46.55274080790588,1
36,24.500304791478737,1
37,29.20112469095153,1
38,85.86461117770443,1
39,58.02973433806751,1
40,95.39623089326544,1
41,64.7417991182177,1
42,73.3364981174488,1
43,18.64256290436343,1
44,26.934136127242358,1
45,23.927407736600834,1
46,52.47096550327459,1
47,54.15765527509612,1
48,17.465209671337984,1
49,30.337869602620128,1
50,50.60160368597111,1
51,12.834592308547272,1
52,15.344771010581066,1
53,27.65722277991653,0
54,67.0326710490421,1
