ID,Time,Event
0,133.1583294806687,1
1,50.28225074198442,1
2,87.22440752228478,1
3,35.48538825488634,1
4,2.021010794875274,1
5,24.65249954979565,0
6,43.04164916260306,1
7,7.220460683435111,0
8,3.875636091217421,1
9,64.29159642186175,0
10,73.05535148311385,1
11,14.665870801236624,0
12,15.262025958449033,1
13,146.25973776927682,1
14,95.97848782697517,1
15,134.95873409427833,1
16,21.94252342571402,0
17,5.553228629873652,1
18,29.349276121768625,1
19,30.852653915027908,0
20,45.12753197605058,0
21,2.961435765665161,1
22,8.647441718160586,1
23,57.88960866492583,1
24,23.76974065372755,1
25,46.12446825304744,0
26,44.07150444856828,0
27,2.5861003343205238,0
28,118.83349401586726,1
29,0.046982753361355975,0
30,60.493974307068235,0
31,62.261453796285466,1
32,20.44423397075406,1
33,18.765658830775745,0
34,72.10193500177529,0
35,34.63825601649893,1
36,0.026606657443050092,0
37,72.47971829061477,1
38,98.8113400907296,1
39,24.46612262340652,1
40,3.962804020967309,0
41,8.261004000879094,0
42,46.44577961168782,0
43,89.70563296287659,1
44,0.8313928844323382,1
45,37.9777220831346,1
46,6.263894277747009,1
47,83.6606396582504,1
48,10.383971765307765,0
49,37.30017796909633,0
50,40.176283183295766,1
51,94.93166748314609,1
52,21.7447687904909,1
53,27.086755886085815,1
