ID,Time,Event
0,7.92161701816626,1
1,0.4541854946006788,0
2,5.032161315277897,0
3,0.7650929599040962,0
4,0.011018416786007778,0
5,3.3622895030338573,0
6,2.9167508925897954,0
7,0.7927002481595123,0
8,0.5941902388462735,0
9,12.524547916493043,1
10,0.2937466691730329,0
11,4.112272127850451,0
12,1.72507440796324,0
13,1.9929153190844524,0
14,8.370313143909703,1
15,3.2229803147716036,0
16,2.196749189554397,0
17,5.206503749422685,0
18,7.569796166523027,1
19,2.1823926808243233,1
20,3.6841961098663143,0
21,5.334770120105671,1
22,1.230670022339548,0
23,2.3090022901894134,1
24,4.500065359668077,0
25,5.798521450431796,0
26,1.8047435127541909,0
27,7.175168473718381,0
28,4.544910331885359,0
29,0.516082489078658,0
30,7.188421122735565,0
31,0.014086400859060896,0
32,6.34525640232204,0
33,5.9307429799481515,0
34,3.142963065463875,0
35,5.069881109840691,0
36,7.356186840865578,0
37,5.778398670161993,1
38,0.01167835885770096,0
39,3.1749142181306316,0
40,2.5425153883374234,0
41,0.3868432967065369,0
42,4.999763212176128,1
43,4.015068575826755,0
44,6.206468623394711,0
45,1.4545541939810533,0
46,1.5536928426706498,0
47,3.405745989104059,0
48,0.14197761654647512,0
49,5.208574593461483,0
50,1.5000699172848502,0
51,2.8243465090142177,0
52,1.2280339297837128,0
53,8.882968878205004,1
54,0.6875747477700044,0
55,3.957156572156666,0
