ID,Time,Event
0,11.974398312003437,1
1,22.53560850023252,1
2,42.70914967408682,1
3,53.54933425721793,1
4,21.158631836281817,1
5,3.3049524024517485,0
6,4.6796830541622505,0
7,4.62140609147009,0
8,25.226525159454628,0
9,9.296323149673727,1
10,24.251674028440924,1
11,66.05373723763039,1
12,5.4419348364093825,0
13,30.78825469502949,0
14,22.591614139759542,0
15,51.490946178602975,1
16,34.39474076621966,1
17,43.99098898981766,1
18,19.41748760012162,1
19,11.366964972619122,0
20,0.42172667321817486,0
21,38.96688855824624,1
22,34.1428314483833,1
23,5.826092313958261,0
24,29.18644010352933,1
25,27.36623067154578,1
26,27.725688323802995,1
27,10.867396588026232,0
28,4.124374957385861,0
29,53.02008022001817,1
30,42.934801763768014,1
31,5.666369504662953,0
32,43.58362098276823,1
33,30.30022130637708,0
34,16.372350181312516,1
