ID,Time,Event
0,62.25526060501609,1
1,28.21251625608804,0
2,50.38611812129675,1
3,1.8401675469031502,0
4,1.2061270507660837,0
5,18.37173015605536,0
6,33.09252283912194,0
7,1.5931466894444086,0
8,4.748874637228376,0
9,8.292280958593306,0
10,18.39826731807869,0
11,31.81002242564389,0
12,21.076475127664057,1
13,32.08642612412893,0
14,13.643841390650335,0
15,28.50194311115745,0
16,10.72713127915209,0
17,2.4811579270095887,0
18,16.168788117386686,0
19,19.793912942727193,0
20,64.34174088716443,1
21,2.5874637709175254,0
22,14.653981623393378,0
23,41.048018109518424,1
24,26.30292871850375,1
25,36.43553934895479,0
26,39.907895752525505,0
27,9.027232008882605,1
28,58.81137316940033,1
29,1.6887772104962693,1
30,60.079867489972656,0
31,17.24496486733479,0
32,20.948191578337642,0
33,5.152156419728783,0
34,50.4892529027276,1
35,26.13982641513104,0
36,24.897165534055027,0
37,36.4528621235014,0
38,0.14722117684336838,0
39,1.9606680709888922,0
40,24.09584469882952,0
41,24.480140437903437,1
42,21.95696973452748,0
43,26.933952896439198,0
44,4.9192063199335525,1
45,33.247296954380985,1
46,13.502497200717672,1
47,16.153423318144412,0
48,38.434572321688655,0
49,18.75125361972991,0
