ID,Time,Event
0,11.594695247950236,0
1,2.578239541909559,0
2,9.213188211239624,0
3,0.8880160905390413,0
4,1.391864903848947,0
5,56.653651932970796,1
6,0.16330904049392886,1
7,20.710527712240793,0
8,9.633036386138246,1
9,5.031966364266139,1
10,6.128953119048215,0
11,1.688312062358317,0
12,15.065227116210608,1
13,1.738489934406823,0
14,19.0887895317343,0
15,3.7182318010509325,1
16,20.409813418108094,0
17,12.320765355029268,1
18,5.832952789868843,1
19,12.076823859665069,0
20,0.7517894222871152,0
21,0.5931664268740925,0
22,4.907870956056621,0
23,12.941081795324777,1
24,23.457829513073754,0
25,7.955700061247194,1
26,1.876694535275498,0
27,7.501604096283613,0
28,1.3293475681080487,0
