ID,Time,Event
0,5.345132958865326,1
1,2.7535692651063908,1
2,4.7278037384443685,0
3,3.249061296416941,0
4,1.4306266049337408,0
5,2.280906980986991,0
6,0.5311819709447367,0
7,0.36459334799062026,0
8,2.375594735773808,1
9,1.925149874239359,0
10,0.9646337357308009,0
11,0.6783139137057405,1
12,9.623690205462738,1
13,4.123466244451966,0
14,2.8729956329679487,0
15,1.2339501658744254,1
16,0.43977582926424913,0
17,3.2724917017547295,0
18,1.4721639993123101,0
19,1.9556731883086496,0
20,3.892155033572556,1
21,0.6393097689697996,0
22,7.1848698816713314,0
23,2.6139527624244034,0
24,6.19668767881862,1
25,3.3017908324857506,1
26,9.399543776741435,1
27,1.9125555164338888,0
28,4.213489929644421,0
29,6.826400127176953,1
30,4.573936654420727,0
31,1.689130413452169,1
32,2.4904864740783124,0
33,4.520868340492051,1
34,9.018400544115499,1
35,2.213768538759633,0
36,3.436221240572392,0
37,5.049395872541093,0
38,2.9290815637434804,0
39,0.15330049305421037,0
40,7.8586332174359255,1
41,2.01554601822487,1
42,2.0257669371011806,0
43,5.914569257598996,0
44,4.211500006692889,0
45,0.9241967403531729,0
46,3.451636963064728,0
47,5.883628186211593,0
48,6.594723070429975,0
49,0.1160730253377763,0
50,14.039243555293353,0
51,8.085923955177634,1
52,3.0212106769144134,0
53,1.069342498407823,0
54,2.031511524653151,0
55,7.54469315149151,0
56,1.810769290217205,1
57,0.6211864352299575,0
