ID,Time,Event
0,7.055619748220488,0
1,0.7611581152677,0
2,6.90766499874369,1
3,3.099826198817003,0
4,7.626752457390759,1
5,3.293853403586471,0
6,9.357727148772259,1
7,0.9313526071060536,0
8,3.2878433077680334,1
9,1.9162454153425068,0
10,10.616522246675807,0
11,0.7838662697321791,0
12,7.010193198885863,0
13,1.9298552979131933,0
14,2.208367906534916,0
15,0.9065221721642854,0
16,2.2996378669659014,0
17,4.199012515949851,0
18,16.520316777879582,0
19,6.034099882831955,1
20,2.1532702236712264,0
21,3.719788762381834,0
22,12.19761812238817,1
23,7.849209638094536,1
24,8.46481357436687,0
25,0.7079996189794564,0
26,13.009048486700527,1
27,3.4873089263606962,0
28,1.3433334482653885,0
29,3.7561532438773835,0
30,0.3878911920299844,0
31,1.9085704900689382,0
32,5.215732700284501,0
33,6.256920212338116,1
34,1.0577324512085147,0
35,3.9908931907079177,0
36,11.897349756943912,1
37,7.260120045901009,1
38,4.067466735425744,0
39,5.083474518635392,1
40,10.876415174296984,1
41,2.7895328221295217,1
42,11.104729428790945,0
43,11.807096845111012,1
