ID,Time,Event
0,36.06560753549551,0
1,2.310093916843199,0
2,37.999906345009805,1
3,21.315255268634658,0
4,46.3232789294288,1
5,71.71578381103993,0
6,14.520421780432525,0
7,15.933503934643639,1
8,8.60879200156188,1
9,8.528592672587004,0
10,90.88449132622452,1
11,0.05947939034427583,0
12,67.2368060302353,0
13,4.457274213808542,0
14,9.20300984790706,0
15,0.7284550663138297,0
16,1.6173696948165937,0
17,17.950277226604797,0
18,237.1525637456336,1
19,27.75935912606781,0
20,23.10881991784133,1
21,8.87331918108165,0
22,118.48682345026056,1
23,38.33936185796156,0
24,58.5755967585128,1
25,16.630167411269294,1
26,117.10184684522704,0
27,3.6658633883956315,0
28,41.59852627741722,1
29,52.05091383171023,0
30,34.116720066828485,1
31,0.6743239406686096,0
32,24.83782363661,0
33,31.17749550521688,1
34,100.26846778463532,0
35,96.52817587803648,0
36,112.0257419878457,0
37,22.281767978884233,0
38,14.387477023454112,1
39,20.312357238384585,0
40,37.454529835889936,0
41,4.488661175505776,0
42,183.1644610656367,1
