ID,Time,Event
0,6.41459046596941,1
1,4.874312263536889,0
2,5.227535437801869,0
3,0.4643767710721239,0
4,0.4579755120706436,0
5,6.339159625035362,0
6,5.278640445813274,0
7,1.294837530672719,0
8,3.8263780334441897,0
9,1.8535420852633453,0
10,1.6189628994846599,1
11,6.190022258784757,0
12,0.22203677411409248,0
13,8.00136595436442,0
14,7.013182353958056,1
15,0.08238154465980325,0
16,1.2736702748567288,0
17,1.8337018793248385,0
18,4.190520747337668,0
19,5.171375315181751,0
20,6.545585899296806,1
21,0.8721374735949651,0
22,1.4152649405199929,0
23,1.1482210841555538,0
24,3.7776622436626055,0
25,6.416829068677104,1
26,1.38797073319812,0
27,7.140864765277531,0
28,0.6353320579050936,0
29,4.610326022330859,0
30,4.726161199332249,0
31,0.6005787274385714,0
32,5.764961470271488,1
33,5.557195267286919,0
34,1.4196312713323422,0
35,6.416021344781017,1
36,8.091277602898352,1
37,4.711879881090533,1
38,7.316349313190932,1
39,4.143753582598626,0
40,1.3034723411338913,0
41,7.242749479973216,1
42,2.06473535868233,1
43,5.074133244937276,0
44,7.015882586558913,1
45,7.315912896730917,1
46,1.5153811305731266,0
47,1.6952165190008908,0
48,6.853378625899949,1
49,5.865032630122828,1
50,0.145562455672451,0
51,6.662774492470147,1
52,0.2798776632923874,0
53,1.8595336016770292,0
54,3.2605433303025455,0
55,3.1155651075218893,0
56,7.065998693712098,1
57,2.7329833121437197,0
58,2.758572283712373,0
59,2.070957618504928,0
60,1.1642306625031258,0
61,3.5858156398072505,0
62,1.5728536733584615,0
63,0.5147237728870223,0
