ID,Time,Event
0,6.343153332606194,1
1,10.40254897329255,1
2,6.21538020287775,1
3,15.309832077608805,1
4,7.68192346346408,1
5,4.699571506904816,1
6,9.024219708489102,1
7,0.7157319970284749,0
8,1.4243979705299057,1
9,6.397616268247793,1
10,4.23284070980468,1
11,5.0978442127708385,1
12,2.4748114523911946,1
13,7.154265282425041,1
14,11.804296055449214,1
15,7.739239574049836,1
16,3.5374125393985163,1
17,4.6219058320162665,1
18,7.847212114618362,1
19,15.135078501023473,1
20,8.486745013796767,1
21,1.859560936681592,1
22,6.456070882352758,1
23,6.2107257486590886,1
24,0.8978125334459411,1
25,7.038991794538685,1
26,4.431283873532094,1
27,3.3065008209164133,1
28,10.709716885414247,1
29,8.329339031130125,1
30,10.01106820278073,1
31,3.935647323954443,1
32,4.736888304329839,1
33,5.526966379187384,1
34,3.9245365098700287,1
35,7.223777936206976,1
36,8.371389349393894,1
37,14.618981541694618,1
38,10.290288616910606,1
39,2.5351148656112508,1
40,11.806242219577914,1
41,6.036776888074639,1
42,13.356167613775229,1
43,4.543235643142942,1
44,7.024968474059226,1
45,12.75961134676927,1
