ID,Time,Event
0,17.88231095250117,0
1,4.8191080027810145,0
2,16.115396680196515,0
3,2.4809918698282365,0
4,9.236982927547102,1
5,8.494002844744848,1
6,0.6319305949018281,0
7,9.758358312338554,0
8,7.949953390294858,1
9,11.613780694593576,1
10,5.7548873176011535,0
11,7.279321421507533,0
12,1.7698888076018087,0
13,5.577759328030297,0
14,18.444113929636572,0
15,8.983239742220912,1
16,10.316283510258595,1
17,4.490576339698092,0
18,5.87923137494185,0
19,5.0370126588694255,0
20,1.586880016259949,0
21,5.038993148441255,0
22,3.088711349392171,1
23,11.740287566529155,1
24,5.787548343104993,0
25,4.278989798479882,0
26,1.9280221832698772,0
27,0.051513367613191016,0
28,4.317061042288155,1
29,4.785126228467449,0
30,2.006805979310952,0
31,13.020997102559082,0
32,0.9857223193956153,0
33,9.512563133956151,0
34,3.0805229968159638,1
35,9.969608994059259,1
36,12.935312289754131,1
37,9.823860976257738,0
38,9.60068744024799,0
39,1.986055664067822,0
40,0.2743730214917366,0
41,3.482104146390154,1
42,11.073113688555297,1
43,4.728785465474909,0
44,5.856166511927656,0
45,8.484480127390462,0
46,10.669432849461188,0
47,7.348904450074203,0
48,9.083091875327495,1
49,1.7081675190782981,1
50,17.822902106128982,1
51,2.715793080777114,0
52,4.989348280099179,0
53,6.536875100859932,0
54,7.980535511199832,1
55,7.427242130102819,1
56,14.590300384605749,1
57,7.063892568874932,0
58,8.676382908479976,0
59,6.359012262255607,0
60,11.003457574407623,1
61,2.270362497447884,0
62,0.6307118380909169,0
63,14.88132926485219,1
64,3.2102831690279365,1
65,3.215512095201015,1
66,19.406142922118615,1
67,7.615466555148788,0
68,5.417455113148205,1
69,0.18117617987009813,0
70,2.8656423702991645,0
71,7.9344743429031235,0
72,6.624752843047352,1
73,2.557898373828933,0
74,2.228439035664216,0
75,2.9557044409216564,0
76,1.4144409347328255,0
