ID,Time,Event
0,8.071577674287683,1
1,6.523152239340688,0
2,0.0809569100319587,0
3,0.013813479498974834,0
4,6.533206072647846,1
5,16.710811425634958,0
6,0.11759467757938287,0
7,8.966300215648312,1
8,31.067856749506205,0
9,71.91253158593291,1
10,28.558271873221596,0
11,0.013604520540354074,0
12,26.19948511918958,0
13,0.8606313244328898,1
14,12.695017770845649,1
15,10.077816393434622,1
16,37.39305687684303,1
17,0.06720537801044538,0
18,3.6457642356234476,1
19,8.502683380253394,0
20,0.40740120854712714,0
21,1.6065331780424645,1
22,1.4055850044157305,0
23,0.37248718616539006,0
24,20.628252601270724,1
25,4.818395796458155,0
26,3.8268100927554913,0
27,17.63052904091016,0
28,19.067495158168363,0
29,0.256078662030277,0
30,0.16533719733707997,0
31,11.942441490801999,0
32,0.9506809685033812,0
33,9.71195024577717,0
34,5.512071231434941,0
35,14.158136965581205,0
36,25.34111558148278,0
37,0.4855448941964216,0
38,16.810251852855743,0
39,13.34599904381988,1
40,22.532052536193042,1
41,3.0597368732729535,0
42,5.1383636510467054,0
43,5.959425650042328,0
44,0.7295478057107613,0
45,8.853775085558361,1
46,1.2590792079750592,1
47,16.44873662626435,0
48,20.508025613645987,0
49,6.554094581216923,1
50,1.064985359900637,0
