ID,Time,Event
0,7.810213872261711,0
1,7.488048356824194,1
2,6.82693660235045,0
3,4.242257289165572,0
4,1.5012243575053286,1
5,1.367559097422485,0
6,2.6084659133565933,0
7,1.3611328761250587,0
8,2.0788960852384046,1
9,8.64842695001261,1
10,8.583774789043595,0
11,9.334951586296484,1
12,4.125412494624165,1
13,1.3676361005852447,0
14,10.345422633295856,1
15,2.7220537319095106,0
16,2.290060285817309,0
17,2.330316848429632,0
18,5.720842385733179,1
19,5.510541823706151,0
20,8.616851034089192,0
21,1.8172406549829523,1
22,0.26651577667962245,0
23,3.209202492237442,0
24,5.148414529623983,1
25,4.582447836150335,0
26,5.241783409365531,0
27,1.3100542457526565,0
28,11.511468223668698,1
29,0.33055349922688926,1
