ID,Time,Event
0,27.190340118066445,0
1,2.2413170979105494,0
2,36.0,1
3,8.824209451060042,0
4,32.240504039276956,1
5,18.354928422268458,0
6,17.51737428949633,0
7,4.36002119298017,0
8,11.947889053569858,0
9,15.904854080813198,0
10,36.0,1
11,17.13358355623267,0
12,28.861309173356773,1
13,2.162112555885585,0
14,22.721395070001964,0
15,13.320260325350475,0
16,36.0,1
17,17.316305775924526,0
18,12.022377086247086,0
19,12.245723010215253,0
20,27.196618532287918,0
21,3.365372284223827,0
22,5.988140967934667,0
23,17.58941364828182,1
24,19.50500048299476,0
25,3.441448897661193,0
26,4.5159128135858895,0
27,29.251426679214457,0
28,26.57386514951416,1
29,21.22163402082889,1
30,31.50661541565617,1
31,10.489009744809188,0
32,33.655622259748306,0
33,32.051796088718774,1
34,13.535051295105077,0
35,13.79872259329678,0
36,15.267535369465325,0
37,32.818475036701045,1
38,27.32116259037453,0
39,5.9693285621236,0
40,0.2708799229879548,0
41,33.86256780236466,1
42,19.966004494737305,1
43,17.721753610669058,0
44,27.130290880290765,1
45,19.227172128067618,1
46,15.622871255174747,0
47,10.509869604390445,0
48,14.920496832858852,0
