ID,Time,Event
0,55.49437659860893,1
1,34.101396372778424,1
2,44.91421587816696,1
3,28.64768869280754,1
4,6.836740953082065,1
5,25.93543686847791,1
6,31.550718919714246,1
7,13.364431585475838,1
8,9.467521581364252,1
9,7.641865706103288,0
10,41.104637760389174,1
11,16.006449946386347,0
12,14.991248758556964,0
13,58.16037569157689,1
14,47.11419331853256,1
15,55.86828063031434,1
16,28.349368393105127,1
17,4.311854860153515,0
18,26.053345876737744,1
19,29.701524353616165,1
20,57.354266372065005,1
21,8.275913953443515,1
22,14.141928260841231,1
23,36.590227933486396,1
24,23.446446416986067,1
25,32.84451582343239,1
26,29.71177442711305,0
27,8.046880020667434,1
28,33.30983101812896,0
29,1.5053770171331853,1
30,57.70332446448284,1
31,37.94673693709512,1
32,2.328611856734245,0
33,32.85398358049834,1
34,45.006150284119435,1
35,28.303674228017513,1
36,25.86519966084767,1
37,40.94237731685828,1
38,18.665668323771143,0
39,15.246313791048822,0
40,24.141134632945615,1
41,21.82161185168004,1
42,45.74245879528942,0
43,45.54856146721191,1
44,4.38498346054075,1
45,29.63666042261402,1
46,12.036134093669107,1
47,43.98710687083584,1
48,39.63624407619658,1
