ID,Time,Event
0,5.11081330001326,1
1,18.101776328339728,1
2,65.01663156580442,1
3,102.20938322938092,1
4,15.957240091072167,1
5,11.977925412535683,1
6,20.187155252106283,1
7,4.76604046523737,1
8,46.50035358589238,1
9,3.080385280251012,1
10,20.963609443244792,1
11,116.98340405509198,0
12,12.381897333798758,1
13,59.71164795969353,1
14,23.971878938391182,1
15,94.50273126909318,1
16,42.16641675244412,1
17,68.97791571073932,1
18,13.439053682968918,1
19,8.256439636441597,1
20,0.08359834902040747,1
21,54.12202963329869,1
22,41.55101948415405,1
23,56.499352297439245,1
24,30.363013287198264,1
25,26.69393400546581,1
26,27.39979348160447,1
27,27.126978145185547,1
28,1.9209692045526496,1
29,100.19899758246507,1
30,65.70547206380239,1
31,3.046489632106393,1
32,67.70632383087919,1
33,142.2210530318116,1
34,9.554427422984926,1
35,35.98897462712213,1
36,5.949772099720504,1
37,57.127986748414344,1
38,98.82476964063085,1
39,42.088562988255354,1
40,62.95977854978647,1
41,53.758769589045045,1
42,35.22043689795647,1
43,82.23641490575677,1
44,18.06000273769361,1
45,94.77555894598109,1
46,206.26752122157777,1
47,5.177830707565993,0
48,110.55193483618996,1
49,33.163103929462196,1
50,24.02601475843845,1
51,9.494345798071867,1
52,145.36438185265405,1
53,5.366544007297246,0
54,68.10589603667428,1
55,28.436168079849114,1
56,116.93018608614429,1
57,53.763330054834015,1
58,197.6329477917972,1
