ID,Time,Event
0,5.118080383668944,1
1,8.393472307643096,1
2,5.014984476234139,1
3,12.352996549979482,1
4,6.198289671652593,1
5,3.791928632325294,1
6,7.281344064397723,1
7,1.8567298487330735,1
8,1.1492995564260884,1
9,5.162024723010614,1
10,3.4153390069707847,1
11,4.113281690711182,1
12,1.996843412668768,1
13,5.7725397576821615,1
14,9.524495612278164,1
15,6.244536143379712,1
16,2.854221043936429,1
17,3.7292627709960082,1
18,6.331655611076959,1
19,12.211993675636242,1
20,6.8476735306140055,1
21,1.5004181442917637,1
22,5.209189815528193,1
23,5.011228951247732,1
24,0.7244152040313082,1
25,5.679529397349936,1
26,3.57545622474726,1
27,2.6679060244574715,1
28,8.641315924703616,1
29,6.720667855374042,1
30,8.077599436993614,1
31,3.1755435048728873,1
32,3.822038320498934,1
33,4.459526157299169,1
34,3.1665785568998146,1
35,5.828627216250961,1
36,6.754596864771708,1
37,11.795572128637799,1
38,8.30289314334816,1
39,2.0455002399731526,1
40,9.52606590767041,1
41,4.870875375599097,1
42,10.776649385672567,1
43,3.6657864005948118,1
44,5.668214444408331,1
45,10.29530788755313,1
46,7.912601913111592,1
47,7.089563306168695,1
48,5.688539164113482,1
49,2.9119221112850164,1
50,10.513419545939374,1
51,8.338701841190574,1
52,8.399714918978862,1
53,9.233752228701483,1
54,4.8786884536036315,1
