ID,Time,Event
0,54.32183263202885,0
1,17.634113800924982,1
2,307.3110692713793,1
3,20.9484569429304,1
4,6.595190759637256,1
5,102.89350986202412,1
6,28.50695077883352,1
7,11.826316831954669,0
8,1.6987027915239263,1
9,43.68130588626334,1
10,59.53966282177172,1
11,10.131668443125399,0
12,79.70723075875443,0
13,11.926506640870583,1
14,0.26181461483311347,0
15,7.361192318355282,1
16,52.76195123944821,1
17,26.43312152324395,1
18,39.374933627224095,1
19,37.18727305239037,0
20,58.5608661000793,0
21,51.3830383635504,1
22,162.35954167073206,1
23,116.10287313675697,1
24,14.108202517701493,0
25,1.1782457720338075,0
26,82.02156168578554,1
27,9.018774217170453,1
28,481.53471992053767,1
29,4.272374169210609,0
30,15.006205643473145,0
31,89.77243988521892,0
32,18.289511604983062,1
33,102.97628243840806,1
34,0.4496916467997876,0
35,20.34419949357956,0
36,68.4092294494762,1
37,2.1438590280388365,0
38,26.57588995990169,0
39,214.73397757775527,1
40,30.250332658307208,0
41,32.33327949391806,1
42,13.733506634844668,0
43,66.68601052638948,1
44,30.240426222313403,1
45,15.343139693587629,1
46,58.69775098200483,1
47,14.723389280268602,0
48,46.325979586297365,1
49,128.12538682178672,1
50,8.51353273781531,1
51,13.621764860783419,0
52,7.151249758121439,1
53,1.251035928617338,0
