ID,Time,Event
0,13.493229299287112,1
1,9.58305215668312,1
2,2.6224000734341786,1
3,1.0446413747025185,1
4,14.326706285800865,1
5,15.280661613252814,1
6,13.392652841367296,1
7,13.862079518503439,1
8,13.206388497447792,1
9,15.651038311316166,1
10,14.344170859822006,1
11,0.1718900396184829,1
12,14.664748774698166,1
13,2.1413742373398224,1
14,13.862816084220388,1
15,8.062993015419078,1
16,14.71657353094087,1
17,13.200458772217631,1
18,10.107635378403106,1
19,11.905631151214992,1
20,1.80075308713362,1
21,6.980032171007977,1
22,13.615220534424216,1
23,13.529054951278205,1
24,13.42085147386436,1
25,11.495778352868749,1
26,22.565507371028033,1
27,22.23249420848201,1
28,13.673324365393889,1
29,13.540727559111543,1
30,13.684958436768676,1
31,11.549338363286337,1
32,7.369435398201759,1
33,13.825504450084626,1
34,13.133041893808334,1
35,10.297572306107881,1
