ID,Time,Event
0,10.132354351555723,1
1,27.250814557724265,1
2,9.728264063572325,1
3,59.02565360097318,1
4,13.24633347311993,0
5,5.561814171703723,1
6,20.507809328542738,1
7,1.333501789670746,1
8,0.5109314576900443,1
9,10.307096092901437,1
10,0.9754692755871572,0
11,6.54444872410688,1
12,0.4919086609680024,0
13,12.889320715099089,1
14,35.089738900026056,1
15,15.083305653371642,1
16,1.5402347957152198,0
17,5.3795027747471496,1
18,4.369958432146813,0
19,57.68585127923898,1
20,18.13770182600771,1
21,0.05649190714286505,0
22,10.496307133138318,1
23,9.713699289056102,1
24,0.20298842691674696,1
25,0.8716321979183337,0
26,4.9449180087445415,1
27,1.4631104436803894,0
28,28.88390652320054,1
29,17.47113137971317,1
30,25.238340221875376,1
31,2.5692265010286537,0
32,5.650491665354131,1
33,3.1061187646776047,0
34,2.3314834477956707,0
35,13.141009349185028,1
36,17.64798121113857,1
37,53.81882177435561,1
38,26.665827286931954,1
39,1.6184348966439865,1
40,35.10131028391899,1
41,9.177200087174281,1
42,32.150250012303204,0
43,5.197930591209011,1
44,12.427641293522285,1
45,15.264883626484337,0
46,24.217806114721444,1
47,19.441740153786117,1
