ID,Time,Event
0,2.2212241698692683,1
1,3.7421957486056585,1
2,8.782858258613922,1
3,12.101303426651462,1
4,20.750534094267472,1
5,22.91629967455639,1
6,4.235354571631611,1
7,2.984529998721036,1
8,8.648945700960128,1
9,9.838086633668736,1
10,31.609220456540417,1
11,6.099563711473065,1
12,15.85724562595084,1
13,18.274863234205014,1
14,7.564678058803486,1
15,47.710907214282045,1
16,28.266548843322823,1
17,33.515993288906344,0
18,1.272455433913757,1
19,2.6290302253254527,1
20,1.501029068767791,1
21,10.65226052204953,1
22,31.496426425105444,1
23,26.239230574429985,1
24,13.429775436559556,1
25,9.422850693855422,0
26,16.642529130346446,1
27,19.672987895584818,1
28,9.501496704186206,1
29,8.642151024808294,1
30,3.7235162610307473,1
31,6.498212593715996,1
32,23.851197755439426,1
33,14.574162806802741,1
34,32.752445149466716,1
35,12.3264330429883,1
36,6.3778193146670725,1
37,18.12632746175901,1
38,60.224206663911104,1
39,16.297503514575272,1
40,17.768178419616977,1
