ID,Time,Event
0,21.19913879970235,0
1,36.0,1
2,2.2816663444028746,0
3,15.15052749592395,1
4,17.975108375769892,0
5,20.77000134959463,0
6,17.316305775924526,0
7,1.6589519977015046,0
8,36.0,1
9,20.457393662592246,0
10,36.0,1
11,35.92071205374452,1
12,34.38432942526257,1
13,36.0,1
14,18.011869634335003,0
15,32.56193861844343,1
16,36.0,1
17,3.365372284223827,0
18,2.6074192988205773,0
19,36.0,1
20,36.0,1
21,13.79872259329678,0
22,36.0,1
23,20.955397055863667,1
24,36.0,1
25,36.0,1
26,36.0,1
27,36.0,1
28,31.659150592063273,1
29,25.282694237174542,1
30,36.0,1
31,36.0,1
32,36.0,1
33,36.0,1
34,27.383485111954666,1
35,36.0,1
36,36.0,1
37,24.033207056135957,0
38,35.88243527153717,1
39,24.96955563606084,1
40,21.508770276101423,0
41,36.0,1
42,23.78678221870397,1
43,35.3376891118167,1
44,32.32205626667409,1
45,22.906563815130344,1
46,5.666998405680464,0
47,36.0,1
48,36.0,1
49,12.192907776422066,0
50,33.655622259748306,0
51,7.70625302216271,1
52,36.0,1
53,22.216131255283997,0
54,36.0,1
55,27.78364059198293,1
56,32.745329459224806,1
57,31.55458286096663,1
58,36.0,1
59,16.741508451449825,0
60,12.077369991306586,0
61,36.0,1
62,36.0,1
