ID,Time,Event
0,29.829387754360216,1
1,48.9191496227906,1
2,29.22852032590536,1
3,71.9961970885385,1
4,36.12510397834555,1
5,22.100260455348185,1
6,42.43740214844544,1
7,10.821462435345751,1
8,6.6983907138191485,1
9,13.06333403517356,0
10,12.528712041419526,0
11,2.3744672999710303,0
12,11.638077555659093,1
13,14.906372430567965,0
14,35.09620098452721,0
15,18.738695342887805,0
16,16.635077973355585,1
17,0.28328204988895483,0
18,36.90239234079642,1
19,71.17439885600493,1
20,7.495817290590632,0
21,8.744793216333282,1
22,30.36039515699518,1
23,29.2066322345424,1
24,4.222063820090561,1
25,33.10164592108086,1
26,20.838607863026812,1
27,15.549189799689401,1
28,50.36364107300921,1
29,39.169648070768595,1
30,47.07816752924016,1
31,5.452742007181829,0
32,20.644496302571163,0
33,11.481115737016223,0
34,8.294026384744154,0
35,33.9706234126262,1
36,39.36739439391617,1
37,57.22483799671641,0
38,43.08805546400736,0
39,11.30471281253706,0
40,55.52017405592049,1
41,28.38861826897572,1
42,12.73006173845216,0
43,21.365073576592764,1
44,33.03569968862339,1
45,60.003498969704744,1
46,46.116522781711225,1
47,40.89373572828197,0
48,33.15415698113059,1
49,16.971373494870555,1
50,61.27470550497331,1
51,48.59993433916344,1
52,48.95553304395149,1
53,8.4864317020307,0
54,20.27956632162007,0
55,20.90539194456165,0
56,4.961713818750122,1
57,24.02721276570658,1
58,36.81975829712372,1
59,6.055714709000584,0
60,34.623256190665295,1
61,12.490113274408584,1
62,12.49775789362188,1
63,31.160604856703753,1
64,19.496893317572255,1
65,15.677163815631795,1
