ID,Time,Event
0,39.37539093281797,1
1,47.397745580860466,1
2,35.29689448156823,1
3,44.28848749983597,1
4,21.27390157339769,1
5,86.10821424389313,1
6,3.061502253976291,0
7,78.45944393416734,1
8,35.50685675290243,1
9,5.51754784256446,0
10,34.435456809803775,1
11,26.153589002949065,1
12,44.403629402943146,1
13,11.620258105254885,0
14,64.25722191330115,1
15,22.059662219066325,1
16,83.01191742326267,1
17,26.97534133820648,0
18,26.740717978098505,0
19,17.710711473182005,0
20,12.82511631287513,1
21,11.470859497517335,1
22,51.780525301884715,1
23,41.154366304244604,1
24,69.36898897558166,1
25,14.207962335270329,0
26,33.79902051853971,1
27,50.866588333584474,1
28,3.2848182317714025,0
29,6.9699077870062505,1
30,25.350876834595407,1
31,47.14406651943337,1
32,37.29471732155106,1
33,55.32039263234957,1
34,4.264894144216781,1
35,44.50370904855303,1
36,23.42191710129489,1
37,27.915829113028842,1
38,71.74883695654204,0
39,55.47553953488385,1
40,91.19733941167812,1
41,61.892170927725815,1
42,70.1085718739127,1
43,17.822005343114817,1
44,25.74862267781555,1
45,22.874236268704063,1
46,50.16144144745662,1
47,51.77389110257054,1
48,16.696473638200906,1
49,8.712945394774692,0
50,48.37436010745483,1
