ID,Time,Event
0,4.062717254032803,0
1,10.80477898506253,1
2,9.829916312244958,1
3,5.395204748037662,0
4,2.62725285020635,1
5,8.688805592977005,1
6,8.885775662029289,1
7,1.8610956612680778,0
8,1.5051285441254667,0
9,17.06024982439903,1
10,3.8969880187545494,0
11,6.797935105882871,1
12,9.102765107538596,1
13,12.70689658070903,1
14,11.40157986505075,1
15,7.848172291991582,0
16,8.7587615700365,1
17,9.616719132549939,1
18,9.702811332334932,0
19,2.972735191565153,1
20,10.00964805047489,1
21,7.266730233423553,1
22,11.247785616599831,1
23,3.1451958328864746,1
24,10.3184938814361,1
25,1.7083153056499554,0
26,6.709306995587941,1
27,11.381151417863984,1
28,11.190816146217177,1
29,0.7072917151159704,0
30,4.063141101555955,0
31,0.05688663453423895,1
32,7.857416429663273,0
33,7.2749293093347625,0
34,6.418614615936682,1
35,7.989482000483298,1
36,10.796302052506677,1
37,7.871016627124857,1
38,4.011212872547388,0
39,2.013478922535406,0
40,9.218190418747161,1
41,1.1524294822356875,0
42,4.171492639078658,0
43,5.6441933338036465,0
44,10.765809731487987,1
45,9.668707670836678,0
