ID,Time,Event
0,6.588412709144233,1
1,5.54389239833583,0
2,16.72593225198531,1
3,15.6322862381123,1
4,4.7238860406292575,0
5,14.109826751810921,1
6,14.731457819779678,1
7,6.4831028326931355,0
8,4.837167197103552,0
9,7.750472506219365,1
10,6.53101652340988,0
11,15.284021800155031,1
12,14.077462156910247,1
13,1.9624961034449968,0
14,11.555678128645132,0
15,12.690117958838231,0
16,11.542567830618799,1
17,8.658085153584114,0
18,16.10139746833363,1
19,5.775560952860789,0
20,0.1097219543514137,1
21,19.688673736793287,1
22,11.837438882756759,1
23,10.336245923421725,0
24,3.7650344592168956,0
25,15.642893360218327,1
26,14.622917866194957,1
27,9.748907038217856,0
28,2.2674365449415976,1
29,16.154412082342912,1
30,13.382670604269482,1
31,6.815270228270746,1
32,2.0201979665946417,0
33,12.240042464897906,0
34,10.038845696558134,1
35,0.8203446162062041,0
36,6.345088546954034,0
37,14.030558282909336,0
38,16.232794722195695,1
39,10.254326866143142,1
40,16.9547083143299,1
41,15.92552649067262,1
42,16.037796480593464,1
43,16.872192485333787,1
44,2.7841920600130865,0
45,15.868698365334703,0
46,9.68002047730415,0
47,2.6819235488398245,0
48,17.137606065139803,1
49,13.61783851495671,1
50,14.740398583829933,1
51,8.950492726285262,1
52,16.112144035252292,1
53,11.703338072476157,1
54,8.598144656405944,0
55,11.362209280758853,1
