ID,Time,Event
0,1.0202974325730747,1
1,1.0610542224011275,0
2,4.034319387243308,1
3,5.558614472364095,1
4,9.531553342563903,1
5,10.526376418549958,1
6,1.9454683836466184,1
7,1.3709144427829707,1
8,3.972807973574735,1
9,4.519028142195335,1
10,14.519383912224692,1
11,0.2785275333026492,0
12,7.283869507322394,1
13,8.394378330387456,1
14,1.9961333905524752,0
15,21.915535044501702,1
16,12.983960648258705,1
17,22.230813193451212,1
18,0.26336209376831987,0
19,0.6086575283636022,0
20,0.6651867797345216,0
21,4.893010894252212,1
22,14.467573085454585,1
23,10.03988914983604,0
24,6.168834998207822,1
25,8.690374431958022,1
26,7.644581746206406,1
27,8.470388599264373,0
28,4.364418875134644,1
29,3.9696869060449815,1
30,1.7103604997677313,1
31,2.9848899159388633,1
32,10.955812638712553,1
33,5.023528544407704,0
34,15.044512908599467,1
35,5.6620255430072515,1
36,2.929588449666821,1
37,0.9377980338704118,0
38,14.012934420528302,0
39,7.486097629781545,1
40,3.986948348063608,0
41,2.330900269956252,1
42,4.557125435960262,1
43,15.553205543119345,1
44,3.681944274765487,1
45,0.8644372415741399,1
46,5.833362116142363,0
47,0.03938091795933131,0
48,2.0450949067268263,1
