ID,Time,Event
0,13.29334558282837,1
1,9.44109236058027,1
2,2.5835528070687137,1
3,1.0291664431119658,1
4,14.114475749025656,1
5,15.054299534505159,1
6,13.194259027418276,1
7,13.656731791095334,1
8,13.010753934711405,1
9,15.419189608925159,1
10,14.131681609296049,1
11,0.16934372404204798,1
12,14.44751060131477,1
13,2.1096527100912565,1
14,13.657457445599729,1
15,7.9435508141524025,1
16,14.498567644754809,1
17,13.00491205024125,1
18,9.957904600156285,1
19,11.72926552750047,1
20,1.7740773958296978,1
21,6.876632551806637,1
22,13.41352968485347,1
23,13.328640526839504,1
24,13.222039935785887,1
25,11.325484137170601,1
26,22.23123027715722,1
27,21.903150248635864,1
28,13.470772787126023,1
29,13.340140220970516,1
30,4.5557983877623744,0
31,11.37825072937092,1
32,7.260267303380084,1
33,13.620698532234718,1
34,12.938493860574996,1
35,10.145027872348335,1
36,12.444621249856922,1
37,14.762314586673144,1
38,15.39977093147425,1
39,11.027283271640677,1
40,13.088679015619178,1
41,10.355002878895576,1
