ID,Time,Event
0,2.788122250852928,1
1,4.485416625672593,1
2,0.8876703035002064,0
3,6.615360484580835,1
4,2.7092972255274415,0
5,5.971077353396973,1
6,3.2900684207657616,0
7,2.891045577927816,0
8,5.339736029628778,0
9,3.2798893759679024,1
10,5.749038460858545,1
11,2.216685069627769,0
12,4.432329343580619,0
13,6.622309553811443,1
14,6.905647408145212,1
15,2.798112657671359,0
16,1.0024888961404639,0
17,6.72310923374052,1
18,6.813881663633531,1
19,1.7259052958423824,0
20,0.046432765498987914,1
21,6.1761323284748455,0
22,2.9175778859105477,0
23,5.149329778117914,1
24,7.4562665258301095,1
25,0.617579697763567,0
26,2.436080484196623,0
27,4.328179050879017,0
28,0.7869617868747438,0
29,5.559044843451614,0
30,5.150564366502163,0
31,2.884125116000106,1
32,6.7446577317526115,1
33,3.0089606640175415,0
34,4.248296258157217,1
35,6.691234054934376,1
36,1.9677294937630505,0
37,2.1981897112842343,0
38,0.7171674084601017,0
39,4.33948481450341,1
40,6.042170018616185,0
41,0.132096150086372,0
42,6.786966633121179,1
43,3.828826904503179,0
44,5.946162281490596,1
45,6.957302237133042,1
46,1.9327638333591368,0
47,3.0817479174662132,1
48,1.8403317274089066,0
49,5.458253203362262,0
50,6.237926355308037,1
51,1.4411261216032483,0
52,3.277939519496463,0
53,2.7078680587908694,0
54,7.347949881195882,1
55,2.748205676984044,0
56,6.585742344258086,1
57,5.792448031317988,1
58,6.662961194637306,1
59,2.0078371162773023,0
60,4.0404721877961745,1
61,3.899618878178411,0
62,6.94079343844891,1
63,3.1697503964748797,0
