ID,Time,Event
0,13.17811144320664,1
1,17.104887855818884,1
2,26.204442085862762,1
3,30.75905976421765,1
4,40.2783452669411,1
5,42.32814410609151,1
6,18.197086842803547,1
7,15.275483130149833,1
8,26.003904711264187,1
9,27.73398663718012,1
10,0.9898091572946828,0
11,2.170907526586969,0
12,35.21039177470296,1
13,37.79932533753768,1
14,24.31936357986397,1
15,61.075329405941275,1
16,47.01033806029956,1
17,61.51307726397483,1
18,9.97420456275001,1
19,14.336883961856527,1
20,9.023914062039044,0
21,28.858773551024417,1
22,49.623526189701366,1
23,45.29315031328846,1
24,32.40345775747263,1
25,38.45997728542302,1
26,36.07170275486802,1
27,39.21860510941096,1
28,27.255427084239358,1
29,25.99368827374578,1
30,17.062144199970273,1
31,22.540001385570417,1
32,43.182927118473856,1
33,33.7558298415183,1
34,50.60330060452963,1
35,31.043858208171677,1
36,22.330224347054966,1
37,37.645397860563634,1
38,68.61870609104787,1
39,35.69583309927853,1
40,37.27163409887474,1
41,19.91827045812383,1
42,27.850645824424383,1
43,51.45170071189251,1
44,25.033892597706917,1
45,12.12988025094247,1
46,40.00902942653896,1
47,18.348007103950412,1
48,18.65720195453572,1
49,10.403437942285208,1
50,32.750922670157756,1
51,31.096015109359985,1
52,34.5211088012324,1
53,59.72490247548691,1
54,22.971713493387337,1
55,48.5759753352326,1
56,2.4205751636475465,0
57,45.33799035029436,1
58,19.196130179454872,1
