ID,Time,Event
0,4.262580315485322,0
1,4.1915921882179585,0
2,19.067521164812614,1
3,4.97830103384511,1
4,0.567716219123083,0
5,8.377115610910334,0
6,1.6481731661480896,0
7,6.107017342094963,1
8,1.0298730139516301,0
9,7.188742739778086,1
10,7.0473284164871215,0
11,2.2775536631208175,0
12,10.650786498500269,1
13,3.7418180086990596,0
14,1.552044194635566,0
15,2.9510680036690418,1
16,6.852438929606316,0
17,2.353858554879776,0
18,2.5679010718050526,0
19,10.589619320281372,0
20,8.682208010506068,1
21,0.6010051447714749,0
22,3.5600258140487835,0
23,9.079042905407768,0
24,7.195128423524739,0
25,4.714408900105021,1
26,6.874772794563692,0
27,0.8421065781363758,0
28,4.685245439576417,0
29,1.7912310368679512,0
30,3.148764973985956,0
31,5.740206976505351,0
32,0.5985415896021951,0
33,6.9772399306616935,0
34,0.562964150810775,0
35,5.205949605572775,0
36,6.204099126870001,0
37,0.14648687269549876,0
38,4.2201710700108945,0
39,15.93879627466623,1
40,7.361754869973658,1
41,2.113953197942045,0
42,3.822726674781075,0
43,3.8302594758137074,0
44,1.878944228215744,0
45,1.5551194805077302,0
46,5.541498536614057,0
47,7.53702908329865,0
48,3.3753174353672155,0
49,1.6337347079280764,0
50,3.0838110681933926,0
51,1.7752929771242976,0
52,0.3191831427202806,0
53,1.3379292244305148,1
54,3.78984205431246,0
