ID,Time,Event
0,12.917818379389677,1
1,12.935043452665266,1
2,11.767977374709417,1
3,8.925151820214968,1
4,3.1452406222783216,1
5,5.267358993116156,0
6,10.6376904569621,1
7,2.6285561648547295,1
8,2.6465083031818586,0
9,16.336611131146327,0
10,12.261808411457281,1
11,0.11829933665932832,0
12,10.897461425929901,1
13,15.212181539967313,1
14,13.649509276159554,1
15,3.1023816581262733,0
16,10.485634334268717,1
17,11.512746352663223,1
18,12.344102450787322,1
19,3.5588380779766524,1
20,11.983144926682604,1
21,8.699434894325707,1
22,13.465393035629983,1
23,3.7653009674489724,1
24,12.35288263711432,1
25,1.1482322088484156,0
26,8.03211038792931,1
27,13.625053167210302,1
28,13.397191494821632,1
29,1.06038349066476,1
30,2.9424403272327884,0
31,0.02177809383626494,0
32,5.897031290086994,0
