ID,Time,Event
0,11.917106330101568,0
1,22.867892795709807,0
2,36.0,1
3,36.0,1
4,26.38546728225858,0
5,20.588072497020423,0
6,21.691620904805532,0
7,11.215213567826563,0
8,2.8141150598605487,0
9,27.599806371508812,0
10,18.582234634224417,0
11,14.105200701700912,1
12,0.046593012014016645,0
13,36.0,1
14,7.867931911123781,0
15,24.039321738938913,0
16,25.39674317609335,0
17,30.43064976887524,0
18,33.727770178037396,1
19,36.0,1
20,18.133542492515204,0
21,26.94363234349545,0
22,36.0,1
23,23.56262326855873,0
24,21.805908952863128,0
25,4.6470435660680565,0
26,22.433399438806113,0
27,30.192778260328026,0
28,28.618771420461222,0
29,19.26246837518821,1
30,14.64716181299472,0
31,36.0,1
32,32.28074904906623,0
33,36.0,1
34,27.929172243829342,1
35,13.456597757982784,1
36,18.44388394812838,0
37,17.451843228292308,0
38,13.843611069579454,0
39,23.391237583166117,0
40,18.371325628278537,0
41,12.312939282835133,0
