ID,Time,Event
0,1.0824250163559677,1
1,3.8337959905959313,1
2,13.7699470426445,1
3,21.647042617171902,1
4,3.3796021988379183,1
5,2.536818574558546,1
6,4.275460787011121,1
7,0.7538847433987668,0
8,9.848363271387207,1
9,0.6523983349870621,1
10,4.439906911572271,1
11,32.93708869513468,1
12,2.622376251548899,1
13,12.646398474239971,1
14,5.077031761638413,1
15,20.01484195076474,1
16,8.930473813789765,1
17,14.608911959512168,1
18,2.8462726084239107,1
19,1.748640829531802,1
20,0.017705390315375373,1
21,2.0665579786158244,0
22,6.619669978614674,0
23,11.966062688006735,1
24,6.430617442810281,1
25,5.653538929390452,1
26,5.803033718214457,1
27,5.745253844904539,1
28,0.4068442732298237,1
29,21.221260732958083,1
30,13.915837362549194,1
31,0.6452195367521041,1
32,14.339600055406386,1
33,30.121160100628643,1
34,2.023543153018235,1
35,7.622146253962379,1
36,1.2601090637252463,1
37,12.099201900091998,1
38,20.930211419453933,1
39,8.91398507569104,1
40,13.334323780980984,1
41,11.385631529828686,1
42,7.459376765971071,1
43,17.416944725644537,1
44,3.8249487138741896,1
45,20.072624437676755,1
46,43.685635128051324,1
47,1.9341472735599299,1
48,23.413921199769966,1
49,7.023651854621579,1
50,5.088497249117666,1
51,2.010818396700284,1
52,30.786889320340844,1
53,1.233971983618095,1
54,14.424225911606618,1
55,6.022528684202152,1
56,24.764778354645177,1
