ID,Time,Event
0,31.090306573451457,1
1,33.204954055138465,1
2,36.0,1
3,19.23506743924436,1
4,8.158538280928921,0
5,36.0,1
6,27.16306891939829,1
7,11.706137417664342,1
8,1.3378132348826888,0
9,10.678547867858814,0
10,36.0,1
11,25.283462114471085,1
12,36.0,1
13,36.0,1
14,3.9732333231262684,0
15,36.0,1
16,0.3529925656762978,0
17,0.46191936709397696,0
18,18.235853697851287,0
19,27.130123485484447,1
20,36.0,1
21,36.0,1
22,36.0,1
23,36.0,1
24,33.166468170598066,0
25,20.68079392378677,0
26,36.0,1
27,2.0683864358934994,0
28,20.98736491341392,1
29,20.67996703897025,1
30,27.88111818295209,1
31,36.0,1
32,28.244334867479992,0
33,27.014277397077922,0
34,36.0,1
35,19.983480440323145,0
36,36.0,1
37,36.0,1
38,24.80497693734846,0
39,36.0,1
40,36.0,1
41,29.788809947210805,0
42,36.0,1
43,36.0,1
44,36.0,1
45,35.661438166996604,1
46,36.0,1
47,28.62817969116017,1
48,12.49262503977657,0
49,8.124369968784203,1
50,36.0,1
51,33.37800967445728,0
52,36.0,1
53,10.661399992214413,0
