ID,Time,Event
0,3.6258347258090793,1
1,5.437148272127938,1
2,0.10562187860074926,1
3,0.012101511102762514,1
4,2.934782567295781,1
5,8.69189192989384,1
6,3.5919780293256234,1
7,4.027753184794338,1
8,15.020916592512036,1
9,32.30384006285715,1
10,17.525351629765918,1
11,0.0023081541648853838,0
12,12.100273838927338,1
13,0.38660433785929177,1
14,0.8570033755715312,0
15,4.527057548618333,1
16,16.797341188961116,1
17,1.8878094950051285,1
18,1.6377143479329601,1
19,7.957474763364216,1
20,0.19733021523876523,1
21,0.7216710313854282,1
22,5.493679657858786,1
23,4.130389836316862,1
24,9.266420721281046,1
25,2.2059552633030695,1
26,2.3901483968361537,1
27,9.876549003866819,1
28,9.199949848666746,1
29,1.7248931247067294,1
30,1.1239156071669103,1
31,6.523391082712991,1
32,2.8706912833002045,1
33,4.557731258590127,1
34,5.592462106171992,1
35,6.570727278258914,1
36,15.614884251327172,1
37,0.8195674222706392,1
38,3.52012974198631,0
39,5.995158410956795,1
40,10.121627001092211,1
41,3.194210902095799,1
42,2.4993284201338755,1
43,4.357342353702105,1
44,1.410320486166233,1
45,3.9772057527221643,1
46,0.5655911767240772,1
47,8.782583986268858,1
48,12.154365530075752,1
