ID,Time,Event
0,26.52441788234549,1
1,8.932198034125095,1
2,24.49666584474638,1
3,5.113588179597222,1
4,13.196013054939163,1
5,12.134586943283255,1
6,10.66704579657745,1
7,14.825281576493929,0
8,11.357354403203086,1
9,16.591521589371887,1
10,13.084946814967559,1
11,13.17290084416709,1
12,2.891120798464452,1
13,16.633058961980826,1
14,29.378090762594397,1
15,12.833513912910824,1
16,14.737908789875465,1
17,6.613192121805944,1
18,8.66126034168628,1
19,22.48646473728637,1
20,26.704063489401708,1
21,11.356003597501307,1
22,4.412552844280443,1
23,16.77225011801546,1
24,21.49549433138406,1
25,8.662345688002576,1
26,11.407139473363717,1
27,3.7125384557075543,1
28,6.167381094005305,1
29,9.025685285878778,1
30,6.902341448615575,1
31,34.744874570081365,1
32,3.7961856748382754,1
33,14.615002360293103,1
34,4.400854911271187,1
35,14.242647352513908,1
36,18.479470102326882,1
37,18.69470728806668,1
38,20.239432298901292,1
39,10.070712392384252,1
40,3.3395283272605334,0
41,4.974556317235106,1
42,15.819121236787211,1
