ID,Time,Event
0,3.910933922941544,0
1,0.037908417800929205,0
2,6.026787864843089,1
3,1.3923065309655203,0
4,2.9458548728247473,0
5,1.1884526622147542,0
6,3.2206780413686524,0
7,1.1908504964170596,0
8,5.273086598181207,1
9,2.771613737961689,0
10,1.7404079666871823,0
11,4.464203649155063,1
12,0.307267097356296,0
13,0.5674324731628829,0
14,8.041728934764818,1
15,0.3783031236947483,0
16,3.9433954199927577,0
17,2.6637402164813544,0
18,0.1828174480606984,0
19,0.6994342816639489,0
20,0.8968128413154893,0
21,5.63424335048149,1
22,1.090902211634912,0
23,2.1397211328895214,0
24,3.7007145302067994,0
25,4.535686070276038,1
26,1.7332860889216724,0
27,5.778449829488903,1
28,3.934579453513518,1
29,3.142117442026057,1
30,2.334004230552027,0
31,4.81382768895095,1
32,2.148868782082187,0
33,4.745652829550219,1
34,3.181580419349143,0
35,1.5859093591136535,0
36,4.527344169848464,1
37,2.7612758304482794,0
38,1.2701066013007003,0
39,3.103200772342796,1
40,2.3796999537467145,0
41,5.013759299551059,1
42,2.95620643108397,1
43,4.391745922231358,1
44,4.016964956540725,1
45,2.8468134378880796,1
46,2.8376458908348834,0
47,3.6751426906295,0
48,4.017521578736253,0
49,2.444689098792133,0
50,2.5311622953576554,0
51,0.9577283103792141,1
