ID,Time,Event
0,11.032293441843407,1
1,13.280016409794321,1
2,9.8895703199708,1
3,12.408856867662756,1
4,5.960573831789021,1
5,24.12601030203315,1
6,1.2953187960324244,1
7,21.982959108709665,1
8,9.948398063243927,1
9,7.190190859702602,1
10,9.648210603873531,1
11,7.327776603671,1
12,12.441117607999226,1
13,13.590493090707135,1
14,18.003745768891967,1
15,6.18073017342025,1
16,18.986785320184595,0
17,11.25098115483843,1
18,7.741333627795815,1
19,12.328575123043382,1
20,3.5933724907219644,1
21,3.213933500309526,1
22,14.50799436322717,1
23,11.530731117214732,1
24,19.435973180516868,1
25,9.040881035467342,1
26,9.469892325478698,1
27,14.251925265682457,1
28,9.517160831627823,1
29,0.740999873639061,0
30,7.102870742908231,1
31,13.208939989232805,1
32,10.449325214928237,1
33,15.499803059209766,1
34,1.1949484838811684,1
35,12.469158168150303,1
36,6.562410081791736,1
37,7.82152535254203,1
38,22.998848171785774,1
39,15.5432724982376,1
40,25.551893852219823,1
41,17.341099992947647,1
42,19.643191327833254,1
43,4.993413094051849,1
44,7.21431214713873,1
45,6.408959525124901,1
46,14.054355484581418,1
47,14.506135577019547,1
48,4.678058865114931,1
49,8.126002636896223,1
50,13.553646659087313,1
