ID,Time,Event
0,4.884959038426751,0
1,6.834506378731578,0
2,13.35780257145436,1
3,14.082105707385654,1
4,10.097454177529263,0
5,8.745198719527295,0
6,8.836441636137229,0
7,4.777280387650038,0
8,0.8410520155451224,0
9,9.233904459605142,0
10,6.502986073933068,0
11,4.215608540335198,1
12,0.013925211240882486,0
13,14.423287524862605,1
14,4.923008633015545,0
15,9.430462267316841,0
16,7.590301598255765,0
17,11.606226225385818,0
18,10.080188082105895,1
19,13.89060878672944,1
20,5.419555397659824,0
21,10.561065322499834,0
22,22.52539965908856,1
23,14.74326405946736,0
24,9.016012457772257,0
25,1.9690922255204293,0
26,8.56372224250041,0
27,11.081662002785336,0
28,12.253358175489451,0
29,5.7569564522813215,1
30,4.613576449806836,0
31,13.366633997405673,1
32,11.218836104662117,0
33,14.171417393912963,1
34,8.347166376823122,1
35,4.021761166827427,1
36,5.512306867020002,0
37,7.91130423286068,0
38,4.137427484244207,0
39,6.990917960686218,0
40,5.821916219563687,0
41,4.591160787655359,0
