ID,Time,Event
0,6.7758940665174965,1
1,4.815318315341765,0
2,1.1564837890928144,1
3,0.24626785061500858,0
4,6.096078783018477,1
5,10.491069512232297,1
6,6.744184480160581,1
7,7.141575477721622,1
8,13.791478380138669,1
9,20.225053605158116,1
10,10.01064219004412,0
11,0.2948829981856436,1
12,11.47657609147803,0
13,0.895097094890179,0
14,8.497751934028948,1
15,7.133023598721239,0
16,14.584208937537609,1
17,4.889243743689526,1
18,4.553881051949171,1
19,10.03807047946398,1
20,1.5807362050500136,1
21,1.1037130310337366,0
22,8.340541958330029,1
23,3.184805455301857,0
24,10.832248460080852,1
25,5.285194276558086,1
26,5.501422996848266,1
27,11.183177474224246,1
28,10.793327018433597,1
29,4.673515648766915,1
30,3.7725018088145417,1
31,0.9588095274209688,0
32,6.029146697064303,1
33,7.596909671711423,1
34,1.6789611601394068,0
35,9.121564356636563,1
36,14.06151097925403,1
37,3.221476362777923,1
38,1.9749724174216492,0
39,2.602510779666638,0
40,11.321077672571978,1
41,6.359813781377125,1
42,5.625670213293867,1
43,7.428026550803974,1
44,0.3835153239217555,0
