ID,Time,Event
0,1.8406831807462924,0
1,3.8277495931358,0
2,1.2399215293696224,0
3,6.038195058360131,1
4,0.41420457585480047,0
5,4.511121456402608,1
6,2.970340454168759,0
7,4.453672143833274,1
8,1.2862175247406809,0
9,0.6633472913358134,1
10,1.3895183006920917,0
11,1.287830131114452,0
12,3.331351818814237,0
13,2.126320054425287,0
14,1.2198495170291237,0
15,4.63867846052638,1
16,2.765521059974329,0
17,3.38015935953747,0
18,2.1029625512417955,0
19,3.580624538182853,1
20,2.0114873034801626,0
21,3.6985289352282646,1
22,0.7864248491839049,0
23,8.297884919880476,1
24,1.212500219222285,0
25,3.318506246813646,0
26,0.3135006676935098,0
27,3.6753791464455112,1
28,0.2172070388938373,0
29,6.292176113876,1
30,0.8798782074204436,0
31,0.014734479875659701,0
32,4.126236679046804,0
33,2.2493058459168234,0
34,2.3158242026754565,0
35,5.811949709545335,1
36,0.3277529821764141,0
37,0.6415236421814517,0
38,4.66417159728082,1
39,1.528127224141677,1
40,4.4367233595052475,0
41,2.330938408311188,0
42,5.055359089269731,1
43,2.3715902581841894,0
44,5.498307967107745,1
45,3.550519458638375,0
46,1.8443340037638885,0
47,3.6936579111927816,0
48,2.0022859799502477,0
49,1.3235202194859033,0
