ID,Time,Event
0,221.95753771330237,1
1,25.170674978623936,1
2,189.318097551877,1
3,8.249538890039688,1
4,43.275256912178534,0
5,18.350031838990784,0
6,35.89768932999986,1
7,9.531342699697017,0
8,40.69420153026038,1
9,86.84615760886727,1
10,54.01595999098191,1
11,12.781557112975204,0
12,2.637003167265366,1
13,76.49649840695558,0
14,136.05933751859607,0
15,51.96002447422583,1
16,68.52513570812746,1
17,13.797501655541277,1
18,22.625004886134974,0
19,155.125504179525,0
20,224.97428445894343,1
21,40.68452204179265,1
22,6.142681738020981,1
23,88.74846208236943,1
24,145.77164324396566,1
25,23.67277649043306,1
26,41.05175030820285,1
27,4.348305985041973,1
28,0.9446385426653179,0
29,25.700320999520695,1
30,15.030417848398642,1
31,307.368249010369,0
32,4.172021583746561,0
33,60.86361765799765,0
34,2.3963353263990865,0
35,19.669984883700273,0
36,37.49652345560554,0
37,47.351976996502,0
38,129.23341741182202,1
