ID,Time,Event
0,36.0,1
1,36.0,1
2,36.0,1
3,4.2082792487864955,0
4,36.0,1
5,32.97257606561444,1
6,36.0,1
7,23.22428011910358,1
8,36.0,1
9,36.0,1
10,36.0,1
11,36.0,1
12,34.61189982337647,1
13,36.0,1
14,36.0,1
15,32.77744764417174,1
16,36.0,1
17,36.0,1
18,23.363280583748036,1
19,36.0,1
20,36.0,1
21,36.0,1
22,36.0,1
23,21.094088957969923,1
24,36.0,1
25,36.0,1
26,36.0,1
27,36.0,1
28,31.868684575264652,1
29,25.450026067956692,1
30,36.0,1
31,36.0,1
32,36.0,1
33,36.0,1
34,27.564720887461604,1
35,36.0,1
36,36.0,1
37,36.0,1
38,36.0,1
39,25.13481497983186,1
40,36.0,1
41,36.0,1
42,23.944213455253895,1
43,35.57156925762792,1
44,32.535977647006796,1
45,23.05816938470125,1
46,25.337410022013355,1
47,36.0,1
48,36.0,1
49,33.14182147735792,1
50,36.0,1
51,7.757256345407151,1
52,36.0,1
53,36.0,1
