ID,Time,Event
0,12.850920438609128,1
1,11.191097669691471,0
2,1.1609647886039827,0
3,0.7424206356144637,1
4,4.91632619277443,0
5,2.2868135082406393,0
6,1.3493670345465083,0
7,6.770818271480429,0
8,19.81948066881011,0
9,28.173408663383558,0
10,18.985829037578064,0
11,0.5338687077578971,0
12,18.447263605976477,0
13,4.175695246464244,0
14,16.116535019469207,1
15,14.359464374327217,1
16,26.05874836679943,0
17,9.272766329921977,1
18,5.356615717760317,0
19,6.95091209031824,0
20,2.9979682394838685,1
21,5.73323665887248,1
22,15.010747998781545,0
23,2.7365429792847853,0
24,20.54405835823375,1
25,10.02371207163041,1
26,4.326437774986187,0
27,13.343143501755625,0
28,20.47024133201482,1
29,8.86362407400592,1
30,6.63359906544197,0
31,7.590872935395325,0
32,11.434665854582585,1
33,14.408029525266722,1
34,7.342301333284259,0
35,8.605231342316452,0
36,26.668563154485028,1
37,6.109737848100123,1
38,17.586658727006576,0
