ID,Time,Event
0,5.285573671827614,1
1,1.4027074906954804,1
2,4.00333633927471,0
3,4.097506766245054,1
4,5.617937347486056,1
5,10.653347237141372,1
6,8.457428718372418,1
7,1.9323637898586528,1
8,1.0440464323778404,1
9,0.9093801164932316,0
10,11.022176968662288,1
11,0.023346176398669337,0
12,17.133984660192166,1
13,9.121382625754974,1
14,1.9484497299450734,1
15,0.28168929744175164,1
16,0.47083596552242835,0
17,2.607211512699693,1
18,28.761095408387813,1
19,3.5165968263870777,1
20,2.802562890043917,1
21,2.1887092991973454,1
22,14.369698476230324,1
23,5.950445024233078,1
24,7.103858800286138,1
25,2.0168528816158933,1
26,16.345140384040693,1
27,0.5640707875781727,0
28,2.279113326651661,0
29,8.621018690700659,1
30,4.137565394046385,1
31,0.52783899158514,1
32,0.3170588460878223,0
33,3.7811057517468423,1
34,8.910834256102294,0
35,4.689339980907612,0
36,13.670929650120684,1
37,5.090790134799901,1
38,0.7299524537431046,0
39,2.4958523639613035,1
40,6.20091983837937,0
41,0.49151677298876034,0
