ID,Time,Event
0,13.463106961387028,1
1,3.57289523432982,1
2,11.738518552934947,1
3,10.436931787177143,1
4,14.309684455769418,1
5,27.135588728032594,1
6,21.54227232904755,1
7,4.922005066326645,1
8,2.6593345707538223,1
9,2.753064924457368,1
10,28.075050446724102,1
11,0.18834395055039327,0
12,43.64269282338272,1
13,23.233457246243375,1
14,4.962978240745206,1
15,0.7175026547354793,1
16,1.8998189583811882,1
17,6.640938078968931,1
18,73.25859553782249,1
19,8.957271651717033,1
20,7.138525786857254,1
21,5.5749534926617414,1
22,36.60166324414798,1
23,15.156628741379869,1
24,18.094537472178107,1
25,3.359736260389369,0
26,41.63339439617283,1
27,5.7024808619140215,1
28,12.850165156955413,1
29,21.958959226631535,1
30,10.538966802541754,1
31,1.3444808914458315,1
32,8.796445140538381,1
33,9.631013458276453,1
34,38.32545427398955,1
35,56.65461183119397,1
36,34.821799783471995,1
37,12.966965623446951,1
38,4.444423216109318,1
39,6.357290508491394,1
40,18.371003852215186,0
41,1.9143163445946896,1
42,56.581176935970475,1
43,34.2954895684799,1
44,10.98916881490136,1
45,1.1552810632913881,1
46,9.13291282101135,1
47,32.58828260004144,1
48,25.502162594808617,1
49,0.21071963993232315,1
50,93.63135091701272,1
51,30.80970756696013,1
52,34.363251018756,1
53,6.619410454582594,1
54,3.2646284819596367,1
55,87.22648408033034,1
56,1.5450925973716632,1
57,4.558185127474873,1
