ID,Time,Event
0,32.56766693824495,1
1,36.0,1
2,34.12645716307813,1
3,21.400824160109917,1
4,24.48891332993927,1
5,35.86614305798721,1
6,0.8010920532847025,1
7,34.81519322065424,1
8,34.430505657169704,1
9,30.060433773645226,1
10,24.61346132096264,1
11,23.56045777703048,1
12,22.585536199463057,1
13,29.42212242548788,1
14,31.14230853149895,1
15,32.03724720451584,1
16,36.0,1
17,34.36529558370451,1
18,32.54415104109429,1
19,36.0,1
20,21.01555259396141,1
21,18.956104745014596,1
22,32.46769089089561,1
23,6.81889972115917,1
24,5.513239910405077,1
25,31.46236588239594,1
26,30.01120483629944,1
27,36.0,1
28,32.60129167550473,1
29,31.43826244359704,1
30,30.909049813534025,1
31,22.287451863187314,1
32,1.8003164208259625,1
33,20.142298070273505,1
34,33.16455688587084,1
35,20.452196733070792,1
36,27.485483577231772,1
37,0.567711476338104,1
38,34.96873221677247,1
39,18.74898075940093,1
40,23.10849311815254,1
