ID,Time,Event
0,20.55536585010114,1
1,12.631310078710632,1
2,7.976962928178815,0
3,10.611232307369061,1
4,2.5323594952590867,1
5,8.142790129115864,0
6,11.68652771648021,1
7,4.628286824254707,0
8,3.506812432659141,1
9,14.588709539933825,1
10,15.225342081270643,1
11,11.225727837874752,0
12,6.959004795247533,1
13,21.542863864690382,1
14,17.451308398319828,1
15,13.066851376599773,0
16,10.500733131114712,1
17,0.6416850854882448,0
18,9.65027609894788,1
19,3.4905568313402884,0
20,21.244277359293758,1
21,3.065435625800913,1
22,5.23823362013878,1
23,5.437886566700712,0
24,8.684668853420773,1
25,12.165755889165391,1
26,15.898613547002434,1
27,2.980600430437752,1
28,0.01786071082010131,0
29,0.5575983951188714,1
30,21.135490392284787,0
31,14.055641460779807,1
32,3.38428186544707,0
33,4.89307227162509,0
34,16.6704798089019,1
35,10.483807807538513,1
36,9.580585897201752,1
37,15.165240085641397,1
38,17.706977541447493,1
39,8.810967835424153,1
40,8.941984482607614,1
41,8.082822846980678,1
42,20.338113179552657,0
43,5.522846806491988,0
44,1.6242175298229595,1
45,10.977551869234166,1
46,4.458238021227644,1
47,16.29302156067815,1
48,8.1225086354311,0
49,12.885021645032008,1
50,11.290831340304166,1
51,17.355878312399074,1
52,8.3065070675236,1
53,9.27084966561759,1
54,23.468437970112372,1
55,16.47953614545705,1
56,16.781374457502228,1
57,4.789088010075797,0
58,13.275402995814778,1
