ID,Time,Event
0,37.86533572160671,1
1,56.78125459685361,1
2,1.1030309418948263,1
3,0.12637856253710059,1
4,30.6485362913988,1
5,90.7712101819294,1
6,37.51176329602283,1
7,42.06265262462458,1
8,156.86651285375493,1
9,337.35562748360724,1
10,183.02084162212205,1
11,0.0717146797628544,1
12,126.36564153709976,1
13,4.0373883950832825,1
14,59.55478956934596,1
15,47.27699050629404,1
16,175.41807926958336,1
17,19.714781757145644,1
18,17.1029868402885,1
19,83.10154107858936,1
20,2.0607599113237134,1
21,7.536558599722093,1
22,57.37162345295985,1
23,43.134508227853914,1
24,96.77113218961306,1
25,23.037243269045337,1
26,24.960809941624063,1
27,103.14282698554791,1
28,96.07696323333583,1
29,18.01341268701575,1
30,11.737281207331401,1
31,68.12511106256899,1
32,29.979217867134494,1
33,47.59732235088742,1
34,58.40322882155458,1
35,68.61945266158659,1
36,163.06943894101428,1
37,8.558910688860681,1
38,81.63052048581363,1
39,62.60866892779783,1
40,105.70222677750829,1
41,33.357799601989456,1
42,26.100999318385732,1
43,45.50461991620132,1
44,14.728266102042939,1
45,41.534775423919896,1
46,5.9065846645993725,1
47,91.71832592812676,1
48,126.93053216228599,1
49,30.74652833478969,1
50,176.13215179703516,1
51,5.997948138779692,1
52,15.567708409606528,1
53,16.553747676977068,1
