ID,Time,Event
0,12.262918083337258,1
1,4.129584041485334,1
2,11.325436354588412,1
3,2.3641428526904718,1
4,6.100854987172993,1
5,5.61013049638539,1
6,4.93164861807211,1
7,7.751559476473264,1
8,5.250795976284531,1
9,7.670685593587003,1
10,6.049506218327717,1
11,6.090169619875587,1
12,1.336639230985721,1
13,7.689889385352006,1
14,13.582244182117565,1
15,5.933262344661795,1
16,2.9262163430080066,0
17,3.057448182983701,1
18,4.004322603409551,1
19,9.938422795308407,0
20,12.34597285095303,1
21,5.250171464193789,1
22,2.040036252928428,1
23,7.754241023602805,1
24,9.937917858022143,1
25,4.0048243868239055,1
26,5.273812889977457,1
27,1.7164016630081589,1
28,2.851338320787389,1
29,4.1728055936105095,1
30,3.1911293263078186,1
31,16.06344586179695,1
32,1.755073915897891,1
33,6.756890105073507,1
34,2.034627998735135,1
35,6.58474084326611,1
36,8.543532570384757,1
37,8.643042236871047,1
38,9.357208193431221,1
39,4.655948404087539,1
40,1.6040910479855188,1
41,2.2998648599864264,1
42,7.313585117591596,1
43,4.037831130048066,1
44,2.929720119901121,0
45,7.1457518262709465,1
46,7.617707713500033,1
47,4.91504535660707,1
48,5.999212816695949,1
49,1.1282127951776073,1
50,11.771694508149082,1
51,2.8672550750294095,1
52,5.093725975381064,1
53,5.172340152631379,1
