ID,Time,Event
0,4.375599958061145,0
1,8.300212490611539,1
2,11.795601530539416,1
3,0.2535452417528776,0
4,8.48082334928419,0
5,4.174446886642768,0
6,0.4347199144894165,0
7,1.1400230609113493,0
8,3.5491043907501574,0
9,5.844281475065259,0
10,0.6269139257737776,0
11,5.748957285040422,0
12,0.0969502260078007,0
13,8.890565307468286,0
14,9.798731178130739,1
15,11.093711422233605,1
16,13.592116596489868,1
17,6.911187701668008,0
18,7.883705588805859,0
19,1.9357161769819535,0
20,8.859612329654814,0
21,4.693564791325122,0
22,12.3476693100203,1
23,0.9989908811852388,0
24,8.265741354848192,0
25,5.809789690226681,0
26,2.1424044144443974,0
27,7.54277716486971,0
28,5.246192725039572,1
29,5.169352754931257,1
30,0.34159480081013677,0
31,11.998445533189717,0
32,11.233969630556803,1
33,12.011038809863535,1
34,11.125853646868798,1
35,1.0656632748068862,0
36,1.585194709934279,0
37,6.73899153751991,0
38,2.236701054532636,0
39,2.0859029484600002,0
40,12.357490362113422,1
41,3.2748618435853887,0
42,11.883247650201175,1
43,0.6252256141689663,0
44,9.775767773777464,0
45,2.6948100848504266,0
46,9.738410315401989,0
47,0.04855788599140869,0
48,1.610745283115051,0
