ID,Time,Event
0,5.110769799421957,0
1,5.375997261538784,0
2,5.123107304516612,0
3,1.803570062238787,0
4,3.6506209481617597,0
5,3.5616100251413303,0
6,15.218079703676654,1
7,3.8805833890439287,1
8,2.402047217986963,1
9,1.986698830700902,0
10,7.13809164399875,1
11,1.3556463843244393,0
12,4.173422096387167,1
13,12.064664071373715,1
14,3.003148118774769,0
15,4.162447506436732,0
16,1.0144603159920398,0
17,7.539860604736864,0
18,13.233221626860555,1
19,25.523185204955645,1
20,14.311704082652831,1
21,1.0683480328784438,0
22,6.544464600492906,0
23,6.898626634992944,0
24,0.9303268553950204,0
25,8.495351171869675,0
26,7.4727381818498495,1
27,4.970208536668407,0
28,18.06043407971648,1
29,3.03676040013258,0
30,16.882261153897318,1
31,5.190823400407815,0
32,7.988097153141504,1
33,9.320452913939196,1
34,3.517049315916291,0
35,9.00942116312581,0
36,4.389630329727711,0
37,24.023915860153128,0
38,4.453632379840878,0
