ID,Time,Event
0,5.896411975923576,1
1,9.933949093317935,1
2,8.978407952483236,0
3,5.821041499978105,0
4,55.08390346186915,1
5,60.83309630691651,1
6,11.243077469268277,1
7,7.922666548328454,1
8,22.959297716112797,1
9,21.811615030054103,0
10,83.90912928906361,1
11,3.1763371804913776,0
12,42.09428939336697,1
13,19.753830226305915,0
14,20.081025096427084,1
15,126.65230664090454,1
16,75.03574802520133,1
17,128.47433401631866,1
18,3.3778317205145925,1
19,6.978964805063521,1
20,3.984598176694939,1
21,21.65707579346112,0
22,83.60970877726312,1
23,69.65407431488333,1
24,21.107236477369803,0
25,48.90071568007411,0
26,44.17888541146541,1
27,52.22347343562048,1
28,25.222460531329137,1
29,22.941260720847904,1
30,1.6979063624373671,0
31,17.250009737621184,1
32,63.31485583176048,1
33,38.688246453823446,1
34,86.94390797641191,1
35,32.72147332134156,1
36,16.930416433156754,1
37,48.117743258357734,1
38,159.8698313437144,1
39,43.26298813264492,1
40,47.16700882556245,1
41,13.470531070330013,1
42,26.336133110339407,1
43,89.8836991064188,1
