ID,Time,Event
0,30.023128374828406,0
1,2.907201511409939,0
2,4.418630481806265,0
3,9.163505426398002,0
4,9.2655678302403,1
5,15.23952984168016,1
6,9.539084719081401,1
7,10.293617451407245,1
8,0.15903670254092883,0
9,0.5142975463103694,0
10,32.92253441044649,1
11,1.5650843569633648,1
12,0.14433711947875416,1
13,83.37659842518529,1
14,2.5884480648173387,1
15,27.288750912536326,1
16,4.901447758490543,1
17,3.5524036746575147,1
18,7.788973505236728,1
19,15.314471643339868,1
20,7.806996983970891,1
21,7.604471984208076,1
22,8.859851434999676,0
23,0.8834442714342355,0
24,12.752533104246226,1
25,1.5420183241374543,1
26,11.57958564007784,1
27,19.072405245555434,0
28,3.1961070581392734,0
29,12.65438965784864,0
30,14.586765437713101,1
31,0.7439204087711891,1
32,2.8259430296780046,1
33,10.792963619519172,1
34,1.685087941266867,1
35,5.510884333139718,1
36,5.019599314304852,1
37,1.6821875099624723,1
38,10.760287388579899,0
39,0.35899542636475984,0
40,5.37755999362777,0
41,22.404750595404142,1
42,2.7152138681775897,1
43,7.798571414907091,1
44,10.161015524224657,1
45,18.02025077768731,0
46,2.707912469503435,0
47,6.303277580816431,1
48,47.0894002297407,1
