ID,Time,Event
0,10.171133819699117,1
1,3.9402996840820834,1
2,5.440377500920882,1
3,5.604892162203985,1
4,5.02512307547798,1
5,6.444607426850532,1
6,5.098753730222751,1
7,5.296569742577228,1
8,0.8339942763576026,1
9,3.3376333436588443,1
10,2.5335514384026476,0
11,2.065282943953414,1
12,0.627190830052695,1
13,15.07414781451676,1
14,2.6560143120864224,1
15,8.623876166641029,1
16,3.654877894004934,1
17,3.1115145661965573,1
18,4.6073456657911445,1
19,6.460433971008758,1
20,4.612673223636314,1
21,4.552450321127499,1
22,6.330370812865002,1
23,6.636665868709648,1
24,5.8953407578369,1
25,2.0500075021485027,1
26,5.61768253239752,1
27,8.822741632997221,1
28,3.64804992174839,1
29,7.785862677079128,1
30,6.305073923220826,1
31,1.4238817372391632,1
32,2.7751878424180876,1
33,5.4235174233521155,1
34,2.1429990004522583,1
35,3.8754427977879797,1
36,3.6986667979508043,1
37,2.1411539043674956,1
38,5.69373516343939,1
39,1.3258848908741425,1
40,5.062286508813477,1
41,7.814131941635973,1
42,2.720274338761371,1
43,4.6101834770351715,1
44,5.2623440726943365,1
