ID,Time,Event
0,7.797598404094378,1
1,3.491137104573153,0
2,7.103518481329534,1
3,5.387500237706266,1
4,1.8985654184378604,1
5,0.4613317985820692,0
6,6.421242015819137,1
7,0.0014594096542131932,0
8,0.47707903356857007,0
9,5.911348975970856,0
10,0.020318948054480812,0
11,4.912479020738429,1
12,6.578047881450844,1
13,9.182547626470608,1
14,8.239269869149666,1
15,1.1115258820102099,0
16,2.5640541774207266,0
17,3.844479176040338,0
18,7.451285561020901,1
19,0.12300439205462972,0
20,7.233400332165579,1
21,0.825808953177899,0
22,8.128131559169104,1
23,0.7211259539258974,0
24,3.930414539338615,0
25,4.467916557441983,0
26,1.9494797094020615,0
27,1.6050909292405362,0
28,6.938929072188433,0
29,0.12012708363675773,0
30,6.232452660906969,0
31,0.0411087182147452,1
32,7.020027269623449,1
33,6.159977167249203,0
34,1.9489695715307596,0
35,2.839287576664067,0
36,4.92638254060105,0
37,5.2790475875360965,0
38,4.187490497121202,1
39,1.9358417344754362,0
40,5.484059691823497,0
41,7.776625395398492,1
42,4.717359749621183,0
43,4.945444967444553,0
44,7.779835144561557,1
45,6.507916042807226,0
46,2.4057085135253766,0
47,1.6130366298111856,0
48,0.05328609142773141,0
49,8.436547035785567,0
