ID,Time,Event
0,5.972027166411018,1
1,7.313131132159616,1
2,0.5915228475273185,0
3,0.2318480978823236,0
4,5.372862642682839,1
5,9.246447998848137,1
6,5.944079487580719,1
7,3.9598114763857235,0
8,12.155308619440866,1
9,17.825628380019992,1
10,13.129589344854185,1
11,0.2598991747494208,1
12,10.9097644024359,1
13,1.9500741885636388,1
14,7.489610213095501,1
15,0.7039775468581304,0
16,12.853992568445369,1
17,4.309202029116989,1
18,4.01362552127712,1
19,8.847191088469561,1
20,1.3932035340009343,1
21,2.664326282449207,1
22,0.6671302708254023,0
23,6.374018128195338,1
24,9.547150743778488,1
25,4.658178461692959,1
26,1.4483042509595607,0
27,9.856446843359235,1
28,9.512846797377987,1
29,4.119067113962084,1
30,3.1324754150223066,0
31,8.010405114208329,1
32,1.0601993578431579,0
33,6.695640530216969,1
34,7.416846615406476,1
35,8.039415847301948,1
36,4.524921875984656,0
37,2.839292374644304,1
38,8.76853725657311,1
39,7.679237582538538,1
40,9.977987074464027,1
41,5.6053091005922235,1
42,4.597074816014579,0
43,6.54679307538568,1
44,3.724574622446746,1
45,6.25470458014646,1
46,2.3586803312186717,1
47,9.294561992506681,1
48,10.93412209774619,1
49,5.381445069181779,1
