ID,Time,Event
0,192.60290724275748,1
1,11.049602085150942,0
2,143.98067260640252,0
3,7.158509641092532,1
4,47.67125533857204,1
5,36.99087376260943,0
6,31.15009924639706,1
7,76.95792532903155,1
8,35.312256584747125,1
9,75.36046133263663,1
10,29.14408575845128,0
11,47.504413546139084,1
12,1.6124109226472523,0
13,75.7382680232304,1
14,124.45219466879736,0
15,45.08813657442618,1
16,59.46245616419474,1
17,7.720199837405711,0
18,20.536824944290153,1
19,138.42466455099296,1
20,195.2206790905246,1
21,2.779124955631318,0
22,5.330291429606762,1
23,77.01117964494138,1
24,126.49285341508451,1
25,2.207678413940329,0
26,35.62251833491019,1
27,3.773227901734708,1
28,10.412923688379117,1
29,22.301367155971633,1
30,13.042594563354236,1
31,330.48565385208894,1
32,3.9451725929092034,1
33,58.4748201956437,1
34,3.711909927726852,0
35,20.565929959958943,0
36,93.48676736979053,1
37,95.67719942988887,1
38,26.634232848615113,0
39,27.76460516434075,1
40,3.295590287216416,1
41,5.3364915434893865,0
42,4.8926579934743,0
43,4.875444666278127,0
44,3.8818533403927074,0
45,25.64875888135942,0
46,74.32309629530907,1
