ID,Time,Event
0,39.14016975703104,0
1,21.066416785157852,1
2,55.68220025174092,0
3,22.96095100268284,1
4,10.439017500108399,0
5,50.88711663209463,1
6,23.23105055088529,0
7,28.166823382328143,1
8,1.685624054226242,0
9,33.15596399188586,1
10,25.310795835492115,0
11,18.21493383759478,1
12,8.772097756889888,0
13,5.487453817320993,0
14,21.261203416491874,0
15,11.314427083141231,0
16,25.192084222899307,0
17,25.79218165449651,1
18,5.178558133753061,0
19,0.35958766514543095,0
20,16.866141234446886,0
21,35.960336184951224,1
22,16.419573209602625,0
23,23.309933161162572,0
24,40.955777504160174,1
25,8.271879154001908,0
26,4.812391071793533,0
27,0.9448856959080069,0
28,110.08487554353174,1
29,6.911936942446763,0
30,59.711472071359616,1
31,10.269361499971511,0
32,15.56069371556017,0
33,42.02358736266195,0
34,1.7556896954201047,0
35,3.2324071009103523,0
36,41.4926527908978,1
37,7.094286547745137,0
38,10.460198033941952,0
39,73.51301534726385,1
40,33.95393161523427,1
41,6.937930034482403,0
42,16.05651763145646,0
43,40.96672257887847,1
44,9.429163385313624,0
45,19.650380857677046,1
46,15.230024864003699,0
47,45.5523951077794,1
48,34.144924622217225,1
