ID,Time,Event
0,32.81132511683322,1
1,12.711115229039137,1
2,17.550255271963405,1
3,18.080967396445633,1
4,16.210675221111817,1
5,20.789826707737298,1
6,16.448202265217446,1
7,17.0863420842126,1
8,2.6904038263805723,1
9,10.766958207498353,1
10,30.557070424117118,1
11,6.662449962172508,1
12,2.0232712104621817,1
13,48.62808547886569,1
14,8.56810564620098,1
15,27.819986413209808,1
16,11.790365653263043,1
17,10.037515762451903,1
18,14.862956209770688,1
19,20.84088196814944,1
20,14.880142517180982,1
21,14.685867889718208,1
22,20.421307843649018,1
23,21.409393030330257,1
24,19.01793307499976,1
25,6.613172517174835,1
26,18.122228184301157,1
27,28.461511693162983,1
28,11.768339119980755,1
29,25.11661690242297,1
30,20.33970194943178,1
31,4.593337128058505,1
32,8.952550637128128,1
33,17.495865909242365,1
34,6.913156210048539,1
35,12.50189171276411,1
36,11.931625417350999,1
37,6.907204066601985,1
38,18.36756834473365,1
39,4.277206552696341,1
40,16.33056170724447,1
41,25.207811458175637,1
42,8.775403737507625,1
