ID,Time,Event
0,14.630610492317835,1
1,14.650119462826265,1
2,0.036588963163661614,0
3,10.108550533169534,1
4,1.5927751567286446,0
5,0.6745685024512094,0
6,5.479017750762593,0
7,2.573315379671694,0
8,1.6103042619477912,0
9,5.97129447631104,0
10,13.88761921948727,1
11,7.915375498258298,0
12,4.040273008272581,0
13,9.531289484453033,0
14,15.459317337158966,1
15,2.3461949363197436,0
16,9.776891297356634,0
17,11.601378860515501,0
18,8.305363218047997,0
19,4.030709535843891,1
20,6.521363326042231,0
21,1.8491434462559757,0
22,1.6205801066164616,0
23,1.7275625026877608,0
24,12.922945827512274,0
25,5.110910944986865,0
26,1.2716771513514238,0
27,11.380309177213219,0
28,15.00452665629636,0
29,1.1228707551670751,0
30,5.9285966568052375,0
31,0.07713216465759255,1
32,13.17165610547222,1
33,6.516066377378988,0
34,5.804808323488946,0
35,10.832879220851837,1
36,12.560510709527659,0
37,2.0827917707609602,0
38,7.292164741482445,0
39,1.0338159412872083,0
40,4.986892132654052,0
41,11.580418690907662,0
42,4.541142271453415,0
43,2.9918217141400048,0
44,9.217250490550443,0
45,13.219760626675887,1
46,4.513823666651185,0
47,9.245570536822527,1
48,0.779804947788422,0
49,16.007778123487984,1
50,5.765882623347615,1
