ID,Time,Event
0,29.420487455452545,1
1,11.109544051476206,1
2,19.271679040485456,1
3,7.840271232572869,1
4,0.4465295034104056,1
5,2.578266709267708,0
6,9.509779104236879,1
7,1.706290191192983,1
8,0.3443038494848264,0
9,14.204820031892927,0
10,16.141116070209154,1
11,17.265656424614107,1
12,3.372047734501858,1
13,32.31516043390647,1
14,21.205837502765938,1
15,29.81827542377585,1
16,4.24776164172743,0
17,1.226950607443421,1
18,4.094570298246291,0
19,0.007751712403606713,0
20,4.8038727446824145,0
21,0.6543104297995044,1
22,1.910597343651978,1
23,12.790341484231078,1
24,5.251773279597017,1
25,10.305703374834689,1
26,17.600213991110547,1
27,0.5713824493079432,0
28,26.255506010151397,1
29,0.021649230905556885,1
30,13.365759537332938,0
31,9.955088056354752,0
32,4.517023692162092,1
33,8.340510763856786,0
34,19.35065375248464,1
35,6.486956469625575,0
36,6.391217250474957,1
37,16.013933571112698,1
38,21.831738224215265,1
39,5.4056344543582835,1
40,5.567590256065799,1
41,4.549100830902704,1
42,29.30955500239068,0
43,6.288411908916934,0
44,0.18369097917036495,1
45,4.0233513100156895,0
46,1.3839676702124046,1
47,18.484287157853064,1
48,15.0084864729246,1
49,11.560317106689329,1
50,6.328109203836679,0
51,20.974549194224885,1
52,4.804368603281616,1
53,5.984646734932072,1
54,38.350215725272626,1
55,18.909907696432352,1
56,19.60895721479519,1
