ID,Time,Event
0,11.805156018696833,1
1,17.702512249764908,1
2,0.30141282100102307,0
3,0.009431310432017578,0
4,9.555197273959422,1
5,28.29945325407853,1
6,11.694923861279433,1
7,13.113740241066877,1
8,48.90577682877366,1
9,105.17629753793094,1
10,57.059829230286695,1
11,0.022358259006489883,1
12,39.39661659719415,1
13,1.2587238170144432,1
14,18.567208480489224,1
15,14.739397878962423,1
16,54.689540045353375,1
17,0.3599834585646285,0
18,5.332144141537729,1
19,25.9083047629523,1
20,0.642476603115669,1
21,2.349649050199823,1
22,17.886569681769583,1
23,13.447909274154739,1
24,30.1700299715669,1
25,7.182248509064951,1
26,7.781952809829931,1
27,32.1565131160068,1
28,29.953611110462955,1
29,5.615984729749824,1
30,3.6592950583242856,1
31,21.23915052008289,1
32,9.346525984664085,1
33,14.839266725523947,1
34,18.20819002644374,1
35,21.393269837704704,1
36,50.83964348641844,1
37,2.668384529189247,1
38,25.449689322906856,1
39,19.519306794204436,1
40,32.954449098417,1
41,10.39985573182709,1
42,8.137426047476458,1
43,14.186831502875727,1
44,4.5917849639000385,1
45,12.94916563491923,1
