ID,Time,Event
0,0.7885811874147098,0
1,7.973220640323199,0
2,11.447779503216276,1
3,11.50242615125019,1
4,12.147700653525046,0
5,13.596202521958055,1
6,13.56943795793813,0
7,10.29529410507977,0
8,13.770013027610627,1
9,6.906394334677251,0
10,2.6242253602583085,0
11,7.010221438686176,0
12,0.5649805234287698,1
13,9.029191750327682,0
14,12.689468627699448,0
15,14.274473574740956,1
16,3.115744820888403,1
17,2.269660913710133,0
18,12.79608578857495,0
19,10.027624506707603,0
20,7.20745233880308,0
21,1.4510060651760852,0
22,4.367475925950618,0
23,1.9961528852530177,0
24,12.848627925119407,0
25,10.215475801827404,0
26,6.418727879541431,1
27,9.383033500510688,0
28,4.349279502616054,0
29,12.197989281779044,1
30,13.363832162776676,0
31,2.095382515107355,0
32,11.444038051354699,0
33,15.086263068772535,1
34,10.323192901833748,0
35,4.174140089147711,0
36,6.672999706832457,0
37,7.8993842957666836,0
38,1.2861546238305694,0
