ID,Time,Event
0,66.69936020950728,1
1,3.2129052803544975,0
2,14.924546402220923,0
3,3.834789425368957,0
4,15.161311541604563,0
5,26.777859988428308,1
6,16.761427529522514,1
7,18.087240863188992,1
8,0.44844488191087367,1
9,4.27120339920969,0
10,57.84922671931677,1
11,1.638905742788207,0
12,0.25361931875117527,1
13,146.50365871752342,1
14,4.54824398042946,1
15,47.949927509996556,1
16,8.612488914092719,1
17,0.4909296098610213,0
18,13.686251750783125,1
19,26.909542598913816,1
20,2.32371729107163,0
21,13.36205829146492,1
22,25.836949255402608,1
23,28.39767847750797,1
24,17.092544924392236,0
25,2.7095291792014478,1
26,5.442140248332495,0
27,50.186863473143724,1
