ID,Time,Event
0,4.216265837398889,1
1,8.971109688851374,1
2,3.4038853688148345,0
3,2.5318301271982815,0
4,3.7476962147286934,0
5,2.03212982343895,0
6,4.799651488868077,1
7,4.526444028478183,1
8,0.7456225342198993,0
9,4.988781598631547,1
10,2.288343930848068,0
11,3.7242801455921124,1
12,2.903350924632506,0
13,3.316836039463526,1
14,4.063304440066258,0
15,1.8284749116871257,0
16,2.3389408809321415,0
17,5.250135816391125,0
18,5.321377644295724,1
19,5.099804085747047,0
20,0.07907419857450027,0
21,2.5421046000455294,0
22,4.5210397654793875,1
23,3.9121130408298876,1
24,0.4217534606395204,1
25,0.29835463370382886,0
26,4.615085635662951,1
27,4.609501931707189,1
28,5.3373169605130855,1
29,0.9135971353942428,0
30,3.656543039170747,0
31,3.5006871493456035,1
32,1.359666800520997,0
33,3.9234387886887667,0
34,2.3804076314481057,1
35,4.499145716495317,1
36,3.9620674292400895,0
37,3.3512825133810145,0
38,4.1895970269551475,0
39,0.866565831526111,0
40,1.6289126330532278,0
41,3.832828033347422,0
42,3.9747879516553137,0
43,2.6968736590352784,1
44,4.5354901316432015,1
45,2.6272692747233255,0
46,1.1238101177836852,0
47,0.7578523772129594,0
48,2.107435000986774,0
49,3.8535103184648887,1
50,0.7648347948287476,0
51,2.871937182785895,0
52,5.274251686786709,1
53,0.5414311077514734,0
