ID,Time,Event
0,34.14383596455338,1
1,36.0,1
2,20.00890166823034,1
3,36.0,1
4,27.21238399167618,1
5,31.392019912132056,1
6,6.88766133805921,0
7,30.99224128024548,1
8,25.08521886053644,0
9,4.616105236696211,1
10,36.0,1
11,34.762032058505035,1
12,13.252673458502946,0
13,36.0,1
14,26.800358357702176,1
15,32.27966438193504,1
16,19.319274476427836,1
17,30.822951664550082,1
18,19.617687774884015,0
19,5.362563565967065,0
20,0.2553058297139854,0
21,22.01127258534876,0
22,9.377083822721664,0
23,36.0,1
24,36.0,1
25,30.08049179400987,0
26,9.53254357917363,0
27,25.576251152825357,1
28,20.651730996662252,1
29,36.0,1
30,22.14058422287353,0
31,17.60369396602903,1
32,35.436986579429785,1
33,36.0,1
34,35.34623395637971,1
35,36.0,1
36,6.6729218481921775,1
37,34.69439063105584,1
38,2.6469586989009994,0
39,10.633941185609546,1
40,30.659396530945976,0
