ID,Time,Event
0,4.929103924986244,1
1,17.458187476543298,1
2,62.705036366630644,1
3,98.57544043822878,1
4,15.389897878806801,1
5,11.552063379808635,1
6,19.46942303433498,1
7,4.5965891111271535,1
8,44.84708439122118,1
9,2.9708655519300065,1
10,20.21827124624343,1
11,149.98760256980026,1
12,11.9416725214059,1
13,57.588665648334,1
14,23.119585010904718,1
15,91.14279005636907,1
16,40.66723594002911,1
17,66.52548138792183,1
18,12.961242833239684,1
19,7.962890958722886,1
20,0.08062610118780728,1
21,52.197780085807906,1
22,7.224792151481355,0
23,54.49057964370676,1
24,29.283489570622766,1
25,25.74486038833074,1
26,26.4256238030919,1
27,26.162508117466,1
28,1.8526712462600816,1
29,96.6365318533812,1
30,63.369385894398064,1
31,2.938175026469184,1
32,65.29909956607305,1
33,137.16453909849542,1
34,9.214730209673087,1
35,34.70942601059557,1
36,5.738234462493453,1
37,55.09686368458043,1
38,95.3111630824454,1
39,40.59215018124453,1
40,60.7213125091484,1
41,51.847435354976774,1
42,33.9682127995161,1
43,79.31258915048046,1
44,17.417899100207183,1
45,91.40591764371209,1
46,198.93390518644546,1
47,8.80764281455821,1
48,106.62138175042972,1
49,31.9840260537427,1
50,23.171796091101413,1
51,9.156784721197166,1
52,140.19611030229908,1
53,5.6192124681778,1
54,65.68446541927197,1
55,27.42515123641655,1
56,22.175569704263577,0
