ID,Time,Event
0,9.603187275145087,0
1,8.53710222788141,0
2,0.8272025241887797,0
3,0.3812669070895197,0
4,0.697859957390199,0
5,10.070052528065053,0
6,11.683170291984686,1
7,12.371583651771186,1
8,5.396342937492143,0
9,35.036518667110194,1
10,6.23677751726984,0
11,0.5108354159273909,1
12,21.44329254435467,1
13,1.4158893319634487,0
14,14.720932269328806,1
15,12.186144171018364,0
16,7.284590031902553,0
17,2.4428688706805604,0
18,7.621105679467421,0
19,16.18971727463124,0
20,2.217280231512543,0
21,3.969215138585852,0
22,3.7402289705794507,0
23,11.400166631853608,0
24,18.76505658712351,1
25,8.131357407387753,0
26,5.266550231409668,0
27,8.33616973526853,0
28,8.278429333354245,0
29,0.22964835814144302,0
30,0.9507026927184488,0
31,15.74456183713846,1
32,8.787127445738498,0
33,4.531248057437118,0
34,10.484724292805236,0
35,15.801582833532642,1
36,24.3592131586124,1
37,0.37217482181021383,0
38,12.615893293476379,0
39,15.0936474818109,1
40,12.286964136448566,0
41,0.1761858802904433,0
42,1.2138518242472538,0
43,7.542121506157879,0
44,0.3152798934029038,0
45,12.29370819966097,1
46,4.446301937166412,0
47,9.36737883777481,0
48,21.491167930749647,1
49,4.299783644811689,0
50,25.316069993959943,1
51,4.671736297557454,1
52,7.5264349344207,1
53,7.761133125026181,1
54,6.971766932835296,0
55,8.460115209961335,0
56,8.840347852067753,0
57,5.023935584740364,1
58,20.12157472566925,1
59,0.4067390057860223,0
60,4.797299282134227,1
61,12.501408035475064,1
62,7.751348271595844,1
