ID,Time,Event
0,9.667113263101179,0
1,12.980620390102331,1
2,6.163825809408343,1
3,12.944014373970045,1
4,8.382888654490495,1
5,9.670442973443508,1
6,11.712059676869004,1
7,9.547289494550412,1
8,10.734137823313,1
9,1.4220105165527355,1
10,11.34764024943953,1
11,10.70858930402471,1
12,8.651106973223271,1
13,2.434913259778678,0
14,6.3448474738567056,0
15,9.943885563310268,1
16,5.951383269873487,1
17,9.495139120692317,1
18,6.894529345916862,1
19,7.675746649797021,1
20,11.33472343780084,1
21,7.928497048775447,1
22,8.518803940315046,0
23,0.43564231271109316,0
24,13.241289040705528,1
25,11.235465078829959,1
26,10.715406563008724,1
27,7.878871093359606,1
28,6.3618520714857105,1
29,13.488470855010977,1
30,7.113495748349872,0
31,5.422891521378161,1
32,10.916511865954154,1
33,11.448103081935429,1
34,9.642036252559592,0
35,12.459014631696412,1
36,2.0556214725847823,1
37,6.3004518899159,0
38,9.998534928790797,1
39,3.27583003917014,1
40,9.811371516236651,0
41,11.87111864560843,1
42,10.837119384953917,1
43,7.645222846976671,1
44,9.745512488502754,0
45,10.493967083073747,1
46,2.5803708910325285,0
47,11.345648418468903,1
48,0.38939448499877155,0
49,11.665443201474988,1
50,11.092519398199505,1
51,11.496702455513697,1
52,6.744384705699188,1
53,11.572429195837582,1
54,2.8494100329833474,0
55,2.8585174016293773,0
56,11.889192722178741,1
57,11.932683347651622,1
