ID,Time,Event
0,74.79782466412645,1
1,9.654678852499478,0
2,33.666430712927806,0
3,8.96611392416319,0
4,37.212242512806554,1
5,17.12081356067835,0
6,30.080653408332342,1
7,41.438435510533374,0
8,7.606637279505214,0
9,23.36137169156548,0
10,8.615050186854027,0
11,22.924003215523978,0
12,6.4222225390595975,0
13,46.904578015052174,1
14,39.84918280268587,0
15,2.2937090465730665,0
16,2.9883771584983276,0
17,9.822873553063998,0
18,24.424416599129344,1
19,63.41095417046259,1
20,6.63954334411441,0
21,22.41923759649714,0
22,11.418432914618148,0
23,15.867346538125549,0
24,22.448448857691137,0
25,15.75120430147207,0
26,18.279640878189614,0
27,0.7476926327233882,0
28,17.3917743172528,1
29,2.0035916265546727,0
30,12.994176838234198,0
31,97.97919213902097,1
32,1.2026312428134418,0
33,9.278926743124343,0
34,6.278255615894945,0
35,25.467267638823785,0
36,36.72017648353066,0
