ID,Time,Event
0,13.066322529839578,1
1,10.699314188803468,1
2,13.971768679144985,1
3,4.365080894876279,1
4,11.066515517142214,1
5,8.523821570096851,0
6,5.883927447377091,0
7,6.647248652619886,1
8,11.887569020154448,0
9,10.911450059676394,1
10,12.506304628823328,1
11,10.349264338046078,1
12,3.0448752899040965,0
13,11.709483465270202,1
14,18.64296188560908,1
15,3.265191042848665,0
16,1.4717032724213526,0
17,12.838213799661665,1
18,6.687033336863397,1
19,11.070468645605796,1
20,11.362182572654312,1
21,3.6042341723756186,0
22,11.232994693258656,1
23,6.037545779030233,1
24,10.558604313429386,1
25,10.514980449999108,1
26,10.582986278018815,1
27,13.396052118015888,1
28,9.121448308291967,1
29,7.2843011977886825,1
30,10.81460910056574,1
31,11.159789997525797,1
32,5.581637099637219,0
33,8.878932959163327,0
34,7.889568711682192,1
35,5.075565829175739,0
36,10.49564160719722,1
37,4.236998418085039,0
38,10.338236256629402,1
39,2.8214390263099003,0
40,11.319850536686912,1
41,11.111617486223922,0
