ID,Time,Event
0,4.940841045693538,1
1,2.5452964691239277,1
2,4.613546258204374,1
3,4.350254416934232,1
4,1.011547933773859,0
5,7.014518392491342,1
6,1.960126094294384,0
7,2.9874404861816193,1
8,2.1959109471687244,1
9,2.234274149502771,1
10,7.134910122974349,1
11,0.6270080187890773,1
12,5.6121912366075195,0
13,6.490604610612277,1
14,2.999849172649501,1
15,1.1406173943308118,1
16,1.8560272265898239,1
17,3.44858018885265,0
18,11.525440375287081,1
19,4.030102638320456,1
20,3.5977625802895425,1
21,3.179427003774999,1
22,8.146642238409724,1
23,5.242392583062268,1
24,5.72798638807852,1
25,3.0520519872911294,1
26,8.688586806038225,1
27,2.6609632276786246,0
28,4.827058796895799,1
29,6.310069029572531,1
30,4.371467484132188,1
31,1.5613689954095018,1
32,3.9937588086655897,1
33,4.17892165279669,1
34,3.314245641919346,0
35,10.135516110110501,1
36,4.182186892622742,0
37,4.84894673930669,1
38,2.8388074603677618,1
39,3.395191406704437,1
40,7.264226701668544,1
41,1.8630953753568775,1
42,10.128945224847287,1
43,7.885817780671993,1
44,4.463860938077192,1
45,1.0483491384922414,0
46,4.069423513533309,1
47,7.687036991940747,1
48,6.800122546571104,1
49,0.6181313093616588,1
50,13.02983388004724,1
51,7.474325760940325,1
52,0.4678015259722613,0
53,3.4644786545090094,1
54,2.031503667212427,0
55,12.576286364356417,1
56,1.6738074248551051,1
57,2.2464525285423402,0
58,5.278818774624987,1
59,1.8849714824729424,0
