ID,Time,Event
0,6.278361291028751,1
1,16.885558215988524,1
2,6.027972809326462,1
3,36.57436030048853,1
4,9.208223166769322,1
5,3.446294670710792,1
6,12.707356235755013,1
7,0.8262843685979957,1
8,0.31659100886434566,1
9,6.386637388244345,1
10,2.7957590229052345,1
11,4.055169422124131,1
12,0.9556967706991486,1
13,7.986674117147126,1
14,21.742830025324132,1
15,9.346143953240604,1
16,1.9525731198906766,1
17,3.333328150013677,1
18,9.608745005770944,1
19,35.74417190176609,1
20,11.238754696251215,1
21,0.5395810803549523,1
22,3.456307347317679,0
23,6.018947965409394,1
24,0.12577873195732106,1
25,7.731376131924112,1
26,0.6624373679632417,0
27,1.7059769307768324,1
28,17.89747914028605,1
29,10.825724324182078,1
30,15.638558700279475,1
31,2.416953151942722,1
32,3.501242348634698,1
33,4.766609013239872,1
34,2.403325705983948,1
35,8.142629201504636,1
36,10.935306667773894,1
37,33.348025111755916,1
38,16.52307963408588,1
39,1.0028388915928097,1
40,21.750000059671173,1
41,5.686514287619052,1
42,27.835537096201683,1
43,3.220819671815973,1
44,7.7006013932054005,1
45,25.40450730494124,1
46,15.006200058623199,1
47,12.04678247292335,1
48,7.755925048572615,1
49,2.032317734909407,1
50,26.492325954452824,1
51,16.665908364317296,1
52,16.910684688654083,1
53,20.435653594813566,1
54,5.7047717092777,1
55,7.224860217758871,1
56,0.17370849095173851,1
57,4.073468974665841,1
58,9.565760233922207,1
59,1.1883544882410226,1
60,1.2760858956006134,0
61,1.1007542696194765,1
62,1.1021021232734243,1
63,6.851243181319582,1
64,2.682183306655783,1
65,1.7341737874479968,1
66,5.07078422391356,1
67,13.899209675702327,1
68,11.366221754630269,1
