ID,Time,Event
0,19.453515601081424,1
1,5.592111586886894,1
2,97.45416246326694,1
3,6.643152591644126,1
4,2.091459944120487,1
5,32.62948142507191,1
6,9.040094192244997,1
7,9.997012283137916,1
8,0.5386908392674533,1
9,13.852169694181674,1
10,18.881155135082757,1
11,1.0265819622953387,0
12,11.407139459133436,0
13,3.782121218589247,1
14,2.3449598995196346,0
15,2.3343735512593837,1
16,16.73181438000037,1
17,8.382443643976496,1
18,12.486537461165323,1
19,48.02557507321765,1
20,4.277020507948896,0
21,16.294534981802816,1
22,51.487286770879365,1
23,36.818420787602115,1
24,21.136099002698636,1
25,4.952346785919963,0
26,26.01059121290121,1
27,2.8600241763615126,1
28,152.70378297177174,1
29,4.277510378122261,1
30,44.92727114073102,1
31,34.486931337132106,1
32,5.7999506478949465,1
33,32.65573017727452,1
34,0.8668659095389801,1
35,7.784713499945234,0
36,16.67210230116692,0
37,1.0737544599443398,1
38,1.2549454328421812,0
39,68.09621269699913,1
40,14.526956090282162,1
41,10.253495522440558,1
42,9.072735888269488,0
43,21.147397388822736,1
44,9.589812098259603,1
45,4.865600292045014,1
46,18.614168939606873,1
47,23.153434577320215,0
48,9.701179089000238,0
49,40.630987658869245,1
50,2.6998025308184537,1
51,5.166298777510019,0
52,2.2677967877816076,1
53,0.4798198376880062,1
54,11.191568740292967,1
55,15.83336110082199,1
56,38.04814750906246,1
57,12.738783018638811,1
58,2.7070687521899646,0
59,0.12899911197294714,1
60,4.4706914223395104,0
