ID,Time,Event
0,3.5007724482187204,1
1,5.631899009138923,1
2,3.281985234300778,0
3,8.306261216620177,1
4,3.6918799500929804,1
5,5.922246631448275,0
6,7.827603390116027,1
7,4.879625482826545,1
8,1.8523192800614638,0
9,2.2443674808647094,0
10,7.218505372698949,1
11,8.121209884392151,1
12,7.480100873364124,1
13,8.314986483274405,1
14,8.670746118163308,1
15,10.07109227868122,1
16,6.133177326162766,1
17,0.456635204150957,0
18,8.555524846937308,1
19,6.226803472037546,1
20,0.05830108278205197,1
21,10.461634630761646,1
22,6.289857925978427,1
23,6.465509827810739,1
24,9.362104696885641,1
25,8.311897342112456,1
26,7.7699303669137985,1
27,7.461923971543942,0
28,1.2048090693527347,1
29,8.583694317835672,1
30,7.110921340733444,1
31,2.564414471178181,0
32,8.468607125373286,1
33,9.719795643677719,1
34,5.3341701526458545,1
35,8.401528238918214,1
36,6.287204370702404,1
37,8.68252304347124,1
38,7.406081319751739,0
39,1.6169341721146786,0
40,9.008934071785026,1
41,8.46207528628935,1
42,0.723450350173493,0
43,8.965089043635745,1
44,7.466014476700823,1
45,8.735604035380792,1
46,9.271967271785666,1
47,3.869449482898669,1
48,9.106117328988667,1
49,7.235878500945398,1
50,7.560034268104846,0
51,2.3439164596148987,0
52,1.0851791772610049,0
53,6.218603066479026,1
54,9.22610207895775,1
55,6.037343280843467,1
56,1.6002936240080343,0
57,1.5541493960021695,0
