ID,Time,Event
0,2.7457284202917203,1
1,3.563892816814462,1
2,5.45983251721038,1
3,6.408810924087404,1
4,4.387683372900196,0
5,8.819290135098344,1
6,3.7914581862607455,1
7,3.1827267772697834,1
8,5.418049506713087,1
9,5.778521121624891,1
10,10.357818019513356,1
11,4.549993431849387,1
12,7.336269222039828,1
13,7.8756870659666856,1
14,5.067066554446411,1
15,12.725364211047065,1
16,9.79484972607558,1
17,12.81657126601124,1
18,2.078177670280961,1
19,2.987164733136849,1
20,2.257126684420868,1
21,6.012876356016732,1
22,10.339321135760486,1
23,9.43706468075517,1
24,6.751429843635121,1
25,8.013337353494418,1
26,7.515727868078797,1
27,8.171401427070114,1
28,5.678810736644885,1
29,5.415920858539992,1
30,0.768671333927163,0
31,4.696327137958701,1
32,8.997388644918631,1
33,7.03320363815615,1
34,10.543462257791704,1
35,6.468150168939711,1
36,4.652618995175204,1
37,7.843615471336994,1
38,14.29706618355848,1
39,7.437413460120946,1
40,7.765739837383894,1
41,4.1500757916355715,1
42,5.802827673233986,1
43,10.720230855978485,1
