ID,Time,Event
0,83.85918581003197,1
1,11.155056505701243,0
2,77.4482765998104,1
3,16.167040619362574,1
4,4.48374794061697,0
5,38.364520786791154,1
6,33.72476559022632,1
7,47.87708556529171,0
8,35.90723451248734,1
9,52.45549583805834,1
10,41.36916373200042,1
11,41.64723781868165,1
12,9.140522416480625,1
13,52.58681974733788,1
14,92.88131347244992,1
15,17.425007239651222,0
16,46.59514252654286,1
17,20.90816505002689,1
18,27.383305585227177,1
19,71.09285613653142,1
20,84.42715055892513,1
21,17.940450387561224,0
22,13.950658239002891,1
23,53.026884334949074,1
24,67.95981955984121,1
25,27.38673699920995,1
26,36.06463421368662,1
27,11.737503667942468,1
28,18.96130532187724,0
29,28.535465803951148,1
30,21.82233505109273,1
31,105.01318937462067,0
32,9.686158186395854,0
33,14.201953227826394,0
34,12.767777625560539,0
35,45.02933169199519,1
36,58.424404405625616,1
37,59.104894934475105,1
38,63.98867343184239,1
39,31.83940720201259,1
40,10.969474666230386,1
41,15.727479652141511,1
42,43.83351126277476,0
43,10.829297364029811,0
