ID,Time,Event
0,9.768390767301403,1
1,11.758605803125745,1
2,7.91522190590586,0
3,10.987249704499114,1
4,5.277707186923525,1
5,21.362040225683142,1
6,1.1469220098772916,1
7,12.487875893012252,0
8,8.808670681460153,1
9,6.366454480140973,1
10,8.542873871211109,1
11,6.488277863300426,1
12,6.084326147198097,0
13,12.033513061464982,1
14,15.941166256388115,1
15,2.2490109552900073,0
16,20.5938996038649,1
17,9.962024760795497,1
18,6.477105829286849,0
19,9.564949392500658,0
20,3.1817016875847455,1
21,1.0708146042425548,0
22,3.076454908424522,0
23,10.209725473619628,1
24,3.1071842954338154,0
25,1.1644247273044093,0
26,4.777086185434648,0
27,12.619168980180774,1
28,4.800721174397606,0
29,1.7291201753831424,1
30,6.289138097360705,1
31,10.85248069829752,0
32,9.252209659950738,1
33,13.724085014301037,1
34,1.058050513148352,1
35,11.040642652216102,1
36,5.810594722860159,1
37,6.925460824872601,1
38,9.524862904386262,0
39,13.762574424422123,1
40,22.624568980951917,1
41,15.354435771575686,1
42,17.39279052163059,1
43,4.421348165038264,1
44,6.387812338570737,1
45,1.09217722594931,0
46,12.444233565728757,1
47,12.844255964252431,1
48,4.142122149648474,1
49,6.360838861797352,0
50,12.000887901126342,1
51,1.6669498358216062,0
52,3.6392300510722926,1
53,10.84081447122703,1
54,0.6050251738209422,0
