ID,Time,Event
0,5.639991100438603,1
1,9.249387576626814,1
2,5.526382099243683,1
3,13.612680025101303,1
4,6.830353563341449,1
5,4.178606457228386,1
6,8.023851257489541,1
7,2.046067868763394,1
8,1.266498136814034,1
9,3.596435548312762,0
10,2.458824526464096,0
11,0.4489523737597182,0
12,0.4132891789791184,0
13,6.361188261939052,1
14,6.694395916991238,0
15,4.331186373078524,0
16,2.61810610975097,0
17,4.109550312403805,1
18,6.977319350329704,1
19,13.457298535007933,1
20,7.1554528606042025,0
21,1.6534216632752141,1
22,2.5433685508914006,0
23,5.52224360865483,1
24,0.7982866616936807,1
25,6.258693270614533,1
26,3.9400595097974014,1
27,2.939962858488775,1
28,9.522504778729019,1
29,7.406000697890796,1
30,8.249462376191515,0
31,1.5457794356875914,0
32,4.16837149488563,0
33,4.9142815184372415,1
34,3.1070753969134715,0
35,6.422995178489956,1
36,5.308711091935467,0
37,6.065429239746728,0
38,3.972807111679917,0
39,2.254087916673846,1
40,10.497476185189974,1
41,1.0878971863838922,0
42,11.875586562040192,1
43,4.039601007720502,1
44,6.24622448757311,1
45,11.345160784764825,1
46,1.374992405287046,0
47,7.8125138636693015,1
48,6.268621798608265,1
49,3.208862222098346,1
50,11.58551414383389,1
51,9.189031951040166,1
52,4.765821723170577,0
53,10.17535413466849,1
54,0.07007018036393144,0
55,6.05020362324703,1
56,0.9381359755392047,1
57,4.5429449401663184,1
58,6.961695319600506,1
59,2.4537384718476374,1
60,6.546391712482075,1
61,2.3615680043864637,1
62,2.36301341066447,1
63,5.891690956694343,1
64,3.686374849622416,1
65,2.9641595438832646,1
66,1.4933186118009545,0
