ID,Time,Event
0,12.191094190171302,1
1,13.6611715689668,1
2,12.774598022045227,1
3,8.010996414877159,1
4,9.166964572142597,1
5,13.425816749084074,1
6,0.2998737580776129,1
7,13.03241342423535,1
8,12.88841286290806,1
9,11.252558564505646,1
10,9.213586772395434,1
11,8.819414681069293,1
12,8.454471106735525,1
13,11.013618704834483,1
14,11.657538052289436,1
15,11.992541529138547,1
16,20.44897777558044,1
17,12.864002697167,1
18,12.182291455923448,1
19,20.44897777558044,1
20,7.866777243125695,1
21,7.095861636740249,1
22,12.153670035339829,1
23,2.552526987321988,1
24,2.063777769780335,1
25,11.777345507899954,1
26,11.23413063679432,1
27,13.90637059799068,1
28,12.203680978774585,1
29,11.768322838475656,1
30,11.570222034019501,1
31,8.342888836287873,1
