ID,Time,Event
0,11.056883800652754,1
1,18.1329016022757,1
2,10.834159774577117,1
3,26.686889850111108,1
4,13.390522134222472,1
5,8.191921799777047,1
6,15.730306911456646,1
7,4.011200420406115,1
8,2.4828980193615875,1
9,11.151819287666147,1
10,7.37835354450646,1
11,8.886159318377729,1
12,4.313895821649839,1
13,12.470750076337291,1
14,20.57631638237251,1
15,13.490431050406858,1
16,6.166138094446981,1
17,8.05654113065027,1
18,13.678640253641891,1
19,26.382273220379,1
20,14.793423482444098,1
21,3.2414397254801237,1
22,11.253712753247095,1
23,10.826046497670086,1
24,1.5649958839955633,1
25,12.269814438489211,1
26,7.724263991143324,1
27,5.763631028073316,1
28,18.668332441407458,1
29,14.519045808026831,1
30,17.450503248843383,1
31,6.860309511615565,1
