ID,Time,Event
0,5.719167341469878,1
1,8.287020585984278,1
2,4.595746234837128,1
3,7.235436636709975,1
4,1.669465074476595,1
5,27.35093719064954,1
6,0.07884143663853072,1
7,22.70771832543213,1
8,4.6505841046969705,1
9,2.42930493055132,1
10,4.374160796890762,1
11,2.5231649088852275,1
12,7.273107144193585,1
13,8.679038652783072,1
14,15.230948076813084,1
15,1.795067413679558,1
16,25.41932053419758,1
17,5.948151052377633,1
18,2.8160007333769235,1
19,7.142117092441722,1
20,0.6067442534319218,1
21,0.48537227725454124,1
22,9.890447697730881,1
23,6.2476239975096295,1
24,17.750630206018066,1
25,3.8408089374408747,1
26,4.213968417442279,1
27,9.544391976817934,1
28,4.256141042804359,1
29,0.1791996311827453,1
30,2.3706586102792775,1
31,8.19855148964279,1
32,5.130712578501052,1
33,11.288950128003554,1
34,0.06709645258463212,1
35,7.305929248017113,1
36,2.0236151671649885,1
37,1.8389592864145778,0
38,24.854977068105423,1
39,11.352358991898353,1
