ID,Time,Event
0,36.67403773002875,1
1,54.99483455669244,1
2,1.0683279999906867,1
3,0.1224025109622284,1
4,29.684289202790165,1
5,87.91541719021086,1
6,36.331589202132506,1
7,40.739300998732,1
8,151.93126645629903,1
9,326.7419336179691,1
10,177.2627423768292,1
11,0.06945843266138223,1
12,122.38999647549511,1
13,3.910366341940931,1
14,57.68111012478933,1
15,45.789588301489054,1
16,169.89917387662064,1
17,19.09452633185745,1
18,16.564902244324024,1
19,80.48704692193338,1
20,1.9959254368182233,1
21,7.299447612795457,1
22,55.56662955839685,1
23,41.77743448110713,1
24,93.72657301105997,1
25,22.312458419924177,1
26,24.175506914859973,1
27,99.89780511285281,1
28,93.05424360981822,1
29,17.446684782811225,1
30,11.368009437719149,1
31,65.9817969617368,1
32,29.036028500037016,1
33,46.09984204494243,1
34,56.56577913648324,1
35,66.4605858621492,1
36,157.9390395560347,1
37,8.289635032923032,1
38,79.0623067554195,1
39,3.5515017938151208,0
40,102.37668250157282,1
41,32.308315188026256,1
42,25.279824291844825,1
43,44.07297904254715,1
44,14.26489364033312,1
45,40.22803157495613,1
46,5.720755004993125,1
47,88.83273531109381,1
48,122.93711482811537,1
49,29.77919827537788,1
