ID,Time,Event
0,16.645128327888145,1
1,8.924338062182798,1
2,37.25531979498591,1
3,9.726917067430524,1
4,5.457740402828223,1
5,21.55724138879153,1
6,11.346830744787916,1
7,11.932273844443829,1
8,2.7698604811901015,1
9,0.8809244524240046,0
10,16.398434113747754,1
11,2.025505838907108,0
12,20.81017525246026,1
13,7.339319954367911,1
14,5.345209602057404,0
15,5.765981915694979,1
16,15.436883191467974,1
17,10.926307534564966,1
18,13.33549408761171,1
19,21.740474527078444,0
20,16.963843027215578,1
21,15.233829284643809,1
22,27.079341682993466,1
23,22.899219359762387,1
24,15.363813316309985,0
25,9.21130805098369,1
26,19.247007289885794,1
27,6.382237348805107,1
28,46.63510908869712,1
29,7.805192793747018,1
30,25.295491321088797,1
31,22.162327849104948,1
32,9.088668181283639,1
33,16.573768812714267,0
34,3.513695003284104,1
35,12.934481963525938,0
36,17.577477194110777,1
37,0.9602504906710718,0
38,16.88125335461477,1
39,31.142220702271135,1
40,3.0446996073331625,0
41,12.084371612494103,1
42,12.511284508641893,1
43,17.354678079432535,1
44,11.686733692829101,1
45,1.486515287298708,0
46,16.28208151049303,1
47,12.743076162113192,0
48,14.464768904178523,1
49,9.532192794507349,0
50,6.200891024035748,1
51,9.433459124635073,1
52,0.03310212756510461,0
53,2.1579325449328435,0
54,12.625063822064504,1
55,15.016705276755983,1
56,3.8294812131474925,0
57,13.46951843761469,1
58,2.365338108676224,0
59,1.3554436248897597,1
60,8.323323069659581,1
