ID,Time,Event
0,3.864690010339124,1
1,4.127551908421633,1
2,5.865748336374454,1
3,2.391020905664699,1
4,5.472407163151053,1
5,5.671198448287328,1
6,3.376513539837309,1
7,1.4551349704713472,1
8,3.958347991255065,1
9,5.551798687666773,1
10,5.426028489044683,1
11,3.1428684445338564,1
12,4.916874243454091,1
13,5.569882174292448,1
14,4.872739296753138,1
15,5.516710542544857,1
16,6.759124162277637,1
17,5.5916981063390665,1
18,4.7378693173144155,1
19,3.3724182476589473,1
20,4.4870215895522625,1
21,5.298534695731374,1
22,6.14028208106495,1
23,5.768752941727379,1
24,0.4303420542638762,0
25,6.325772935648476,1
26,5.096058735116447,1
27,5.609308027764698,1
28,2.6088407759051675,1
29,2.5706295896707934,1
30,3.465770871836646,1
31,6.109355104514019,1
32,5.586458520213023,1
33,5.9728815639183575,1
34,0.21358485011603276,0
35,4.801553406573143,1
36,5.327619139795811,1
37,5.463936975136553,1
38,6.018704204707073,1
39,4.942115287568107,1
40,6.145165920166121,1
41,5.490180439095785,1
42,5.909333233614716,1
43,5.231169726325411,1
44,5.607233671561963,1
45,4.432905912738903,1
