ID,Time,Event
0,21.532303913646533,1
1,8.130867281537709,1
2,14.104581056119757,1
3,5.738147717667799,1
4,0.32680658294329495,1
5,4.703050937615647,1
6,6.960029269879548,1
7,1.2488018431806174,1
8,0.6267078785101888,1
9,10.846105747413551,1
10,7.9668223971560135,0
11,12.636410663362215,1
12,2.4679386002885804,1
13,23.65086086811803,1
14,15.52015542041385,1
15,21.82343747967255,1
16,5.619262519534262,1
17,0.8979821767571932,1
18,4.745910643097966,1
19,1.4811740071566288,0
20,22.999797102632556,1
21,0.47887755257775355,1
22,1.3983304227168982,1
23,9.36101145213157,1
24,3.8436745316703904,1
25,7.542551341028416,1
26,12.88126708218665,1
27,0.4527386785160538,1
28,19.215913253414755,1
29,0.015844666750032595,1
30,23.28060255356897,1
31,10.067958575897478,1
32,2.451084483215312,0
33,7.546900398058734,1
34,14.16238116914759,1
35,5.60116260465875,1
36,4.677612239557312,1
37,11.72029814353875,1
38,15.978240439379768,1
39,3.9562826446558286,1
40,4.07481506354334,1
41,3.329401722970613,1
42,22.943323162507827,1
43,14.505806428001963,1
44,0.13443998831360537,1
45,6.141169366057392,1
46,1.0129000250861566,1
47,13.528303679966466,1
48,10.984430237880792,1
49,8.460779640591198,1
