ID,Time,Event
0,11.922804250568591,1
1,6.1420861914751645,1
2,11.133005176407728,1
3,4.173543960029558,0
4,12.2919502614493,1
5,16.926820541733893,1
6,9.51480690344065,0
7,6.019345720951195,0
8,5.298979694477972,1
9,4.702741392703519,0
10,17.21733930618336,1
11,1.5130407561026185,1
12,11.298248711396493,0
13,15.662557755752609,1
14,2.270319458827786,0
15,2.7524378525095727,1
16,4.478802111159593,1
17,8.373759452940286,1
18,13.236140233381423,0
19,9.725090206711986,1
20,6.783956642678551,0
21,7.672314378140469,1
22,19.658762508183255,1
23,12.650481971477891,1
24,13.822274350336915,1
25,7.364944160417354,1
26,20.966535604855846,1
27,6.421203068094266,0
28,11.648234907604735,1
29,15.226905126353476,1
30,10.54884191153282,1
31,3.7677587121326503,1
32,4.73843562012364,0
33,7.304250209641458,0
34,3.116693752140136,0
35,24.458138491352596,1
36,15.49669924094734,0
37,11.70105297044046,1
38,6.850361171711728,1
39,8.192978110605758,1
40,17.529394731538115,1
41,4.495858347817303,1
42,24.442282207367395,1
43,19.02936380366955,1
44,10.771797690768091,1
45,0.2069835687872611,0
46,1.9500853796423798,0
47,9.846424497701106,0
48,16.409459291007142,1
49,1.4916202594880725,1
50,31.247393015772687,0
51,18.03638735359573,1
52,10.911166124263778,0
53,8.360176019827021,1
