ID,Time,Event
0,19.996493293288488,1
1,10.721182960691484,1
2,44.756383834637134,1
3,4.9395970807976735,0
4,6.55661327517748,1
5,25.897621475860554,1
6,13.631425388777327,1
7,3.034302998268059,0
8,3.3275499860618973,1
9,8.136770335123586,0
10,19.70012914989607,1
11,9.269997849246513,1
12,25.000139480497257,1
13,7.290147034987059,0
14,11.303363158510988,0
15,6.926916779201907,1
16,18.54497755299862,1
17,13.12623315551551,1
18,3.933867732719723,0
19,25.93592527145098,0
20,20.379378677049424,1
21,18.301040347709403,1
22,2.040311422010697,0
23,27.509796099428883,1
24,20.84333507674801,1
25,11.065932087486601,1
26,23.12224000960326,1
27,7.6672503706523685,1
28,37.7304012929796,0
29,9.37670664223639,1
30,23.354108386845393,0
31,26.624537310161728,1
32,10.91859964981245,1
33,25.908036039039427,1
34,4.221149707215643,1
35,13.249858470184291,0
36,21.116563231060567,1
37,3.905277655879221,0
38,20.280160226958536,1
39,37.412460579694695,1
40,0.4231973155996778,0
41,14.517464278000125,1
42,13.447877089651882,0
43,20.84890527645354,1
44,12.43249654261086,0
45,10.000529780216567,1
46,2.9443183471679775,0
47,23.182659264212937,1
48,17.377135741077925,1
49,26.560782851847403,0
50,7.449391397409289,1
