ID,Time,Event
0,8.761630550481724,1
1,7.174431662140672,1
2,9.368778018750112,1
3,2.92700765931129,1
4,4.61400283349685,0
5,6.328256949063712,1
6,7.895794400124317,1
7,2.2549261539971126,0
8,2.7499944537732457,0
9,7.316679499881448,1
10,8.386110205016866,1
11,6.93970552098019,1
12,6.642883926985569,1
13,5.496946524482036,0
14,12.501049475504134,1
15,3.1410537994766057,0
16,4.836625396978222,0
17,8.608672102181204,1
18,4.483994287034596,1
19,7.423309509770739,1
20,7.618918461669208,1
21,0.7722366285726554,0
22,7.532291450260296,1
23,4.048480008562344,1
24,7.080078569293271,1
25,0.5550421281091218,0
26,7.0964279105359696,1
27,8.98273092716122,1
28,6.116392732542778,1
29,4.884492615860718,1
30,7.251742735620183,1
31,4.825282359589744,0
32,8.71506353457893,1
33,7.377224636272631,1
34,5.290355116869148,1
35,3.1908263534549977,0
36,7.037858888185221,1
37,7.553687846244103,1
38,6.932310634252659,1
39,4.823995772821265,1
40,7.59053268910397,1
41,7.794002206540395,1
42,4.595489745373392,1
43,6.82706834600156,1
44,6.244462859969614,1
45,2.806109254477004,0
46,3.8306233503323095,0
47,9.05187935932662,1
48,8.268812090141878,1
49,0.4542726954983342,0
50,5.429694080776748,0
51,0.3535996224477627,0
52,8.483890845493164,1
53,7.306444843082801,1
54,7.963368069651136,1
55,5.3676631944442175,1
