ID,Time,Event
0,9.447092548016972,1
1,2.5071086518059693,1
2,8.236944968516081,1
3,7.323618596627756,1
4,10.041137886989365,1
5,19.041103869551335,1
6,15.116261125368839,1
7,3.453782066558412,1
8,1.866061071794684,1
9,1.93183187258646,1
10,19.700326278409282,1
11,0.15213971403321064,1
12,30.624176078349752,1
13,16.30296939964622,1
14,3.482533035545611,1
15,0.5034732326033313,1
16,1.333107251972336,1
17,4.659961242052409,1
18,51.405721871517464,1
19,6.285337739215414,1
20,4.2144758827116595,0
21,3.911957451360836,1
22,25.6834697273469,1
23,10.635440604194528,1
24,12.696977792978672,1
25,3.604792405016633,1
26,29.214246835948405,1
27,4.001443694260543,1
28,9.016989900119905,1
29,15.40865126208186,1
30,7.395216797255029,1
31,0.9434252767178917,1
32,6.172485413252547,1
33,6.758103885862685,1
34,26.8930577844767,1
35,39.75466902077749,1
36,24.43453551891605,1
37,9.09894905113622,1
38,3.118661804111098,1
39,4.460925101508711,1
40,20.420914352337352,1
41,1.343280100606466,1
42,39.70313958901854,1
43,24.065222452901104,1
44,7.711124565667091,1
45,0.8106633301798253,1
46,6.408585544222409,1
47,22.867271469096693,1
48,17.89492506437852,1
49,0.14786244704397566,1
50,65.7013303129654,1
51,21.619241353217674,1
52,24.112770815532567,1
53,4.644855259421508,1
