ID,Time,Event
0,9.580681265205012,0
1,6.373817779964293,1
2,6.075130695775262,0
3,5.354477146597318,1
4,1.2778403725000926,1
5,3.0609092946186705,0
6,5.897076208341375,1
7,0.002297556692868839,0
8,1.6961580687029967,0
9,5.2479635156158855,0
10,1.208189788413283,0
11,3.1880995079430776,0
12,1.1141357839911976,0
13,10.870629244035635,1
14,7.24956660393976,0
15,10.442218744502378,1
16,5.298718748624931,1
17,0.1556304888955357,0
18,4.869574177005489,1
19,5.551447276459339,1
20,4.504361869038694,0
21,0.5885318840620211,0
22,2.1379659104842728,0
23,4.877970440340514,0
24,4.345848947310041,0
25,6.070515955782252,0
26,8.022514297504227,1
27,0.22991279074833607,0
28,3.207552840585844,0
29,0.2813667420672649,1
30,10.785202793876193,1
31,7.092542016090427,1
32,3.824439397433372,0
33,5.741284335086675,0
34,3.407690516484685,0
35,3.2403283051068064,0
36,0.9072972657370499,0
37,4.233718621072736,0
38,3.5926345664728894,0
39,4.446055325866292,1
40,3.8246227019191927,0
41,1.9556531194005278,0
