ID,Time,Event
0,37.150015641821014,1
1,4.2129272959358035,1
2,31.68700805474161,1
3,1.3807618428289032,1
4,5.717262706770738,0
5,6.124819293522337,0
6,6.008355173940103,1
7,14.843951063169236,1
8,3.4457238666562358,0
9,14.535825846873735,1
10,9.04089033986743,1
11,9.162840434543664,1
12,0.4413668935090582,1
13,14.608698705679823,1
14,45.57371315720702,1
15,8.69677931127637,1
16,11.469355308415253,1
17,2.309348930440446,1
18,3.9612245673535047,1
19,26.69990046828117,1
20,37.65494189907991,1
21,5.9681186334547185,0
22,1.0281278347256202,1
23,14.854222967666248,1
24,24.398445227132825,1
25,0.2829745218347315,0
26,6.871013175699262,1
27,0.7277952216625794,1
28,2.008486182468667,1
29,4.301576495073876,1
30,2.515707571474156,1
31,63.745388819743404,1
32,0.18073180812617348,0
33,11.278856150301035,1
34,1.022683807713635,1
35,10.71146124156002,1
36,18.032099929382547,1
37,18.454599186844092,1
38,21.63036915870164,1
39,5.355347595268605,1
40,0.6356665767501133,1
41,1.3067002731187447,1
42,13.213929549130441,1
43,4.027797708641801,1
44,8.492147593096659,1
45,12.61441761024587,1
46,14.335734747966159,1
47,0.46979925333406,0
48,8.891189845617776,1
49,0.314451295423303,1
50,31.413967621737914,0
51,0.4741838416050478,0
52,6.4097708257299555,1
53,6.609148386122691,1
54,6.863672265069399,1
55,5.944942162548259,1
56,22.94145380170289,1
