ID,Time,Event
0,11.660798128360687,1
1,9.646461683725708,1
2,10.032043306722528,1
3,10.07993185484572,1
4,19.947108096691764,1
5,11.914772857822083,1
6,5.263121511539176,0
7,9.424155547403107,1
8,1.8180773653613385,0
9,6.1286599639081185,1
10,2.9430405024840662,1
11,0.77137277926863,0
12,0.4951099099087094,1
13,16.093162593335865,1
14,3.2121617918288043,0
15,11.192133573939165,0
16,2.730423569659696,1
17,7.363647027860231,0
18,12.90602782657303,1
19,10.619094479604298,1
20,11.898928888519363,1
21,6.1068729642919,1
22,7.271919570242731,1
23,11.290605525118924,1
24,0.06579664012132286,0
25,11.664867584454962,1
26,5.624929799140137,1
27,13.033556887941415,1
28,5.157686695499757,0
29,7.403740360952336,0
30,11.784245340394069,1
31,9.246731635679302,1
32,2.502650757347989,0
33,10.573402168154965,0
