ID,Time,Event
0,105.25574850528815,1
1,35.44527137408242,1
2,97.20910410964709,1
3,20.29204010352836,1
4,52.36519185997509,1
5,48.15317859879958,1
6,42.32959587046227,1
7,66.53360882252694,1
8,45.06891891281206,1
9,65.83944769220928,1
10,51.92445230166568,1
11,52.27347663156868,1
12,11.47271487771754,1
13,66.00427872692944,1
14,116.57986036071787,1
15,50.92670153396822,1
16,58.48383282007901,1
17,26.242856294812945,1
18,34.37012055484713,1
19,89.23210634289522,1
20,105.96862872457376,1
21,45.063558566513166,1
22,17.510150628150424,1
23,66.55662522436164,1
24,85.29967953969432,1
25,34.374427489665294,1
26,45.26647894400254,1
27,14.732312533435728,1
28,24.473762864329007,1
29,35.816252961790916,1
30,27.39027558816547,1
31,137.8766461838324,1
32,15.064246327385266,1
33,57.9961083279078,1
34,17.46373020526629,1
35,56.51850737819655,1
36,73.33131555343722,1
37,74.18543235975903,1
38,80.31530061818577,1
39,39.963190730282385,1
40,13.768321926227811,1
41,19.74032572457685,1
42,62.77436337564974,1
43,34.65773277150531,1
44,50.3239926565222,1
45,61.3338074996332,1
46,65.38472505727995,1
47,42.18708584949863,1
48,51.49277122888564,1
49,9.683737706037524,1
50,81.54368078161305,0
51,24.61038041898715,1
52,43.7207470991811,1
53,44.395512600620165,1
54,13.905576565963688,0
55,42.10562714947066,1
56,82.71357486826453,1
57,40.10942126500213,1
58,62.59861883261063,1
59,56.97301868917155,1
