ID,Time,Event
0,66.98520513406895,1
1,10.053068987325311,1
2,19.164532383899424,1
3,20.341111366124238,1
4,16.350594991244343,1
5,26.892618441047233,1
6,16.833259837548752,1
7,18.164755039994095,1
8,0.4503667248346624,1
9,7.213024478619749,1
10,58.09714375773503,1
11,2.7618448126105175,1
12,0.254706222655622,1
13,147.13151072603713,1
14,4.567735808437858,1
15,48.15542038682147,1
16,8.649398357244861,1
17,6.268791594203543,1
18,13.74490517095007,1
19,27.02486538686882,1
20,13.776710518071248,1
21,13.419322357151835,1
22,25.94767536713166,1
23,28.519378779229495,1
24,22.50390992977689,1
25,2.721141062154953,1
26,20.434054170906794,1
27,50.40194290056862,1
28,8.617111266753067,1
29,39.251262871264736,1
30,25.74070993532864,1
31,1.3127680388718486,1
32,3.990710779659877,0
33,19.045932222528,1
34,2.973610571643693,1
35,9.724847891208444,1
36,8.857895912073625,1
37,2.968492290883468,1
38,20.99107500341465,1
39,1.1382870588303766,1
40,16.593331800873347,1
41,39.53681086545917,1
42,4.7914345981351785,1
43,13.761842236940831,1
44,17.93075746465448,1
45,52.49895492850954,1
46,13.971302835676214,1
47,11.123154104484817,1
48,83.0968728137982,1
