ID,Time,Event
0,4.452859963158417,0
1,5.509759939290287,1
2,7.463315866160664,1
3,7.868000922508026,1
4,7.697441625304921,1
5,8.54384373402702,1
6,8.193787759157896,1
7,8.5678624644931,1
8,0.9420774139523044,1
9,6.729435647308786,1
10,7.03905222446816,1
11,2.3553588201581377,1
12,0.15425009935402448,0
13,8.058627161966212,1
14,12.585466192362045,1
15,7.890600843991072,1
16,5.79782946938231,1
17,7.671479143507532,1
18,5.632036200911866,1
19,7.761007126289728,1
20,5.440788243961045,1
21,7.884077559668454,1
22,12.585466192362045,1
23,12.585466192362045,1
24,8.31648122868085,1
25,8.522924011217366,1
26,7.678330232843583,1
27,7.382460385282768,1
28,8.611988583913478,1
29,3.2165458503575692,1
30,6.335538655171813,1
31,7.468250189831842,1
32,6.990423748098344,1
33,7.917901444957525,1
34,4.663756551602038,1
35,2.247051771107584,1
36,3.937646666327184,1
37,9.118136423193844,1
38,4.063292690519267,1
39,4.938470170776774,1
40,6.37418639896188,1
41,7.499979348162622,1
42,7.882488128887033,1
43,2.863686228692527,1
44,8.688933184676133,1
45,7.823137478153909,1
46,5.85281027231789,1
47,4.613948697808692,1
48,7.450752460581929,1
49,7.448569141856974,1
50,5.322594620885963,1
51,4.444056030569528,1
52,7.834056253316572,1
53,7.597987519495947,1
54,7.943306809821017,1
55,4.8797963906554465,1
56,7.715233988960857,1
57,2.7105701469537937,1
