ID,Time,Event
0,6.041533204447546,1
1,6.770058565547674,1
2,6.33069984693242,1
3,3.9700046678509455,1
4,4.5428671112429155,1
5,6.65342391922572,1
6,0.14860825765984112,1
7,6.458465270499191,1
8,6.387102999061791,1
9,5.576423669768745,1
10,4.565971646939063,1
11,4.370632021072392,1
12,4.189777153765666,1
13,5.458012387438305,1
14,5.7771191105880355,1
15,5.94313658181888,1
16,10.133887598685117,1
17,6.375006067929099,1
18,2.3401994058334563,0
19,10.133887598685117,1
20,3.898534059777319,1
21,3.5164918770863296,1
22,6.022986938580368,1
23,1.2649542615778575,1
24,1.0227451062416406,1
25,5.83649201919823,1
26,5.567291352733012,1
27,6.891571700663993,1
28,6.047770831693951,1
29,5.832020660346489,1
30,5.733847964009309,1
31,4.134480395212146,1
32,0.3339714648751672,1
33,0.22139608144680228,0
34,6.152260523196561,1
35,3.79402755195947,1
36,5.098752145402899,1
37,0.10531450537572423,1
38,6.486947843260231,1
39,3.4780689087203336,1
40,4.286789371274188,1
41,6.684444745977299,1
42,5.807064005076684,1
43,6.546660198183894,1
44,6.063930247686542,1
45,6.251431027031247,1
46,2.617295386606547,1
47,5.927771641161317,1
48,5.795496383270584,1
49,6.643651256900976,1
