ID,Time,Event
0,15.632642634479135,1
1,10.446616743744938,1
2,14.150598456261255,1
3,14.917889541928096,1
4,14.59450565050708,1
5,16.199301238399105,1
6,15.535588000688284,1
7,16.244841239164142,1
8,1.786197909697997,1
9,12.759146656793426,1
10,13.3461859751545,1
11,4.465808158487712,1
12,0.3739710523744902,1
13,15.27932076340842,1
14,23.862299501546083,1
15,14.960739452046417,1
16,8.796983001947671,0
17,14.545280257741833,1
18,10.678455019113258,1
19,14.715027131339138,1
20,10.315845008640313,1
21,14.948371172488008,1
22,23.862299501546083,1
23,23.862299501546083,1
24,15.768217310710773,1
25,16.15963701908904,1
26,14.558270062263173,1
27,13.997294822406134,1
28,16.328505257751637,1
29,6.098636257770781,1
30,12.012309959966505,1
31,14.159954034154007,1
32,13.253985396351576,1
33,15.012501945932344,1
34,8.842577139030796,1
35,4.260455793857673,1
36,7.465858049834312,1
37,17.288171840488033,1
38,7.70408546347351,1
39,2.0559931187427054,0
40,12.085586867097467,1
41,14.220113162743182,1
42,14.945357579446355,1
43,5.429607248795056,1
44,16.474393783481393,1
45,14.832827540291753,1
46,11.097047142245213,1
47,8.748140436680641,1
48,14.126777984131179,1
49,14.122638367487196,1
50,10.0917474988713,1
51,8.42602048920998,1
