ID,Time,Event
0,1.673597411673001,1
1,5.927644825083782,1
2,21.290479600173438,1
3,33.46969438718138,1
4,5.225390587794262,1
5,3.922316036780285,1
6,6.610527287091164,1
7,1.5606973916518048,1
8,15.227101213622287,1
9,1.008709285461539,1
10,6.8647865699666895,1
11,50.92586142714713,1
12,4.054601511151398,1
13,19.553298781587902,1
14,7.849880672441295,1
15,30.94605832061468,1
16,13.807901364002566,1
17,22.587649835651842,1
18,3.1780885156931333,0
19,2.7036706672785673,1
20,0.027375286931402305,1
21,17.722910893368603,1
22,13.606382111605255,1
23,18.50139385172806,1
24,9.942734642237099,1
25,8.741250410928055,1
26,8.972392603554708,1
27,8.88305593361722,1
28,0.6290445179506982,1
29,32.81136937751331,1
30,21.51604872329166,1
31,0.9976097469591901,1
32,22.17125174910213,1
33,46.571997892944154,1
34,3.12871241160064,1
35,11.785023488250026,1
36,1.9483245819428852,1
