ID,Time,Event
0,13.355205866188449,1
1,11.04817013795325,1
2,10.280076571927637,0
3,11.544627010667634,1
4,22.845583306902167,1
5,13.646085166166802,1
6,13.798544531076947,1
7,10.793561132358306,1
8,13.820533359261821,1
9,7.0192035400038835,1
10,3.370687953821135,1
11,14.784133964837164,1
12,0.5670533612222313,1
13,18.431628530581474,1
14,14.601476838019014,1
15,11.859298120618803,0
16,3.1271760709080043,1
17,8.662107765457865,1
18,14.78137745300894,1
19,12.16213430045532,1
20,13.62793894071584,1
21,6.994250714144263,1
22,8.32858796060896,1
23,12.931221300808703,1
24,14.183167925717685,1
25,13.359866646977567,1
26,6.442277331571941,1
27,14.927437512513288,1
28,7.620605686085515,1
29,12.242742069068173,1
30,13.496590950825414,1
31,10.590356099514729,1
32,12.00267540922188,1
33,15.14161254535497,1
34,12.408863329577748,1
35,13.35818496223518,1
36,16.84607593898148,1
37,9.810154859076501,1
38,15.232671794869551,1
39,11.412518322519082,1
40,10.458531126189994,1
41,15.079436614922455,1
