ID,Time,Event
0,8.075057051160652,1
1,9.048797268258223,1
2,8.461554494167167,1
3,5.306271289326125,1
4,6.071953899404646,1
5,8.8929044855291,1
6,0.11316241079763482,0
7,8.632324570165071,1
8,8.536942422346502,1
9,7.213605701135278,0
10,6.102835206777024,1
11,5.841746080913321,1
12,5.600017148527945,1
13,6.376504275446878,0
14,7.721643634269278,1
15,5.260329952048963,0
16,13.544859846038808,1
17,1.6399379009142494,0
18,0.7803272232701124,0
19,9.098964977021323,0
20,4.710079287713094,0
21,4.700110314135353,1
22,8.050268284816834,1
23,1.6907260928120715,1
24,1.3669915900845917,1
25,2.3435773293972644,0
26,1.5998858510287781,0
27,9.211210593704706,1
28,1.0639025228811259,0
29,7.795024534695394,1
30,7.6638078224864135,1
31,4.66997197845102,0
32,0.4463831516048544,1
33,4.994223453812648,1
34,8.223054154836605,1
35,5.071061914084047,1
36,6.814944662316247,1
37,0.14076238769948182,1
38,1.261195126594901,0
39,4.648754532228542,1
40,5.7296827755353785,1
41,8.934366633847471,1
42,7.7616677015389595,1
43,8.750205089658483,1
44,8.10499273069959,1
45,8.355604527259935,1
46,3.4982526539833962,1
47,7.923004404476649,1
48,7.746206525895375,1
49,8.390990869974765,0
50,6.75936777116177,1
51,8.02289226731602,1
52,2.298095993611423,1
