ID,Time,Event
0,31.427555340326062,1
1,84.52393716869433,1
2,30.174187223947797,1
3,183.08005530409417,1
4,46.0935473040126,1
5,17.25109649831686,1
6,63.6091366546684,1
7,4.1361266924963545,1
8,1.5847577082814805,1
9,31.96955234870785,1
10,13.994714120087394,1
11,20.298937178131336,1
12,4.7839255750758065,1
13,39.978846575849545,1
14,108.83795344058801,1
15,46.78393655504235,1
16,9.773983518451255,1
17,16.685620665333865,1
18,48.098437063736846,1
19,178.92438623149272,1
20,56.25776676431267,1
21,2.7009777675074753,1
22,32.5564288269404,1
23,30.1290116170507,1
24,0.6296098418026902,1
25,17.411701742292674,0
26,15.3376677306329,1
27,8.53959845826639,1
28,89.58930365116117,1
29,54.190263115870785,1
30,78.28183919556471,1
31,12.098527850920956,1
32,17.526147759104212,1
33,23.860186058955982,1
34,12.030313026675552,1
35,40.75951000330384,1
36,54.73879879387891,1
37,166.9300086613147,1
38,82.70948031214067,1
39,5.019904605999513,1
40,108.87384443838,1
41,28.464950356244827,1
42,139.33618056810414,1
43,16.12243765293433,1
44,38.54685406278994,1
45,127.16718936844349,1
46,75.11644534765355,1
