ID,Time,Event
0,32.68423056197706,1
1,46.914678706383256,0
2,0.9521034723406241,1
3,0.08571838628327713,0
4,23.543159812456093,0
5,9.005087487321514,0
6,15.541546922072044,0
7,26.46851920879907,0
8,56.145440323555256,0
9,144.84716831399592,0
10,157.97814204539418,1
11,0.06190197665961759,1
12,109.075059930182,1
13,3.4849534715165387,1
14,49.99888039238887,0
15,37.68750260928257,0
16,124.52027908233734,0
17,17.017212713154986,1
18,10.498452322615172,0
19,71.73077636595087,1
20,1.7787866076187964,1
21,2.8802545995934365,0
22,47.93313497681116,0
23,37.2324234086271,1
24,81.95918291579704,0
25,18.53406519859537,0
26,17.276860329705418,0
27,13.24443289553157,0
28,60.91129146436694,0
29,3.613083240546615,0
30,0.14899357167379845,0
31,58.8035678172727,1
32,25.877168395949152,1
33,41.084591703790046,1
34,50.41192848260836,1
35,59.230268769231984,1
36,140.7566851947667,1
37,0.2992849070188759,0
38,70.46103518184556,1
39,46.67278523769774,0
40,48.293920361889235,0
41,7.662811235791616,0
42,20.975452933385302,0
43,39.27823326091847,1
44,11.790341189069043,0
45,26.24357991059044,0
46,2.7476967415525846,0
47,59.98827770818172,0
