ID,Time,Event
0,21.199256594579488,1
1,57.01508160655665,1
2,20.35380514222061,1
3,123.49548120153048,1
4,27.714429686415457,0
5,11.63661688748701,1
6,42.90713659079016,1
7,2.7899978255518323,1
8,1.0689881835953297,1
9,14.204196821293678,0
10,1.4241657214044283,0
11,13.692518338653283,1
12,3.226966421574395,1
13,26.967475444368016,1
14,73.41594588667687,1
15,31.55780539704493,1
16,3.150014480210083,0
17,11.255178778425494,1
18,32.44449331393051,1
19,34.01152769160982,0
20,37.94831701543021,1
21,1.8219272905447494,1
22,21.244123723051207,0
23,3.456161869223328,0
24,0.4246992948166534,1
25,26.1054467642799,1
26,10.345925741378876,1
27,1.9624546435521804,0
28,60.43189219346255,1
29,7.90280171274909,0
30,37.79129162587394,0
31,4.3369303810418085,0
32,11.822150957539598,1
33,16.094736010509187,1
34,8.114970763836741,1
35,16.527022758676043,0
36,36.923706879023754,1
37,35.01262403301348,0
38,55.791151330550775,1
39,3.386144568691452,1
40,54.314514092285094,0
41,19.20085033721049,1
42,93.98833007484107,1
43,2.0026469461207315,0
44,26.001534046854523,1
45,27.35806576442892,0
46,50.66931812396876,1
47,40.676670383322076,1
48,26.188337626883524,1
49,6.862240503046865,1
