ID,Time,Event
0,7.008856444576798,1
1,4.977773324480053,1
2,1.3621665538522258,1
3,0.5426233608690058,1
4,7.441793617640477,1
5,7.937311465617996,1
6,6.956613505571733,1
7,7.200450182346785,1
8,6.8598612738918,1
9,8.129698110027837,1
10,7.450865329790683,1
11,0.08928571398413986,1
12,3.354522218174426,0
13,1.112304867184232,1
14,7.200832780408196,1
15,4.188201304908042,1
16,7.644304335647269,1
17,6.8567811666786085,1
18,5.25026024460252,1
19,6.184202296581153,1
20,0.9353742977238853,1
21,3.6256734677819,1
22,7.072222969787909,1
23,7.027465544464562,1
24,6.971260864089219,1
25,5.971310381436077,1
26,11.72131579880074,1
27,11.548337084908779,1
28,7.102404137032129,1
29,7.033528706278764,1
30,7.10844728165846,1
31,5.999131328954307,1
32,3.8279431585964137,1
33,7.181451809287818,1
34,6.821762476027793,1
35,5.3489201450814265,1
36,6.561370371657717,1
37,7.783363720065111,1
38,8.11945970000916,1
39,5.814085321339272,1
40,6.90094692100084,1
41,5.459628519332957,1
42,0.7317686695191906,0
43,5.615523715989124,1
44,6.013536251900787,1
45,7.7880147838223,1
46,4.608301230866978,1
47,6.984606158363696,1
48,2.857255176623413,1
49,7.513124365088917,1
50,7.3563790353240055,1
51,4.7120178512996915,1
52,7.710923890069838,1
53,1.9650524042242334,1
54,5.597901430450884,1
55,2.5106246192311596,0
56,5.881880653395971,0
57,7.385227376757192,1
58,4.63772841463558,1
59,1.7394187297697692,1
60,6.083496218387093,1
61,4.371312234053367,1
62,3.013982429362234,1
63,6.914464278536596,1
64,5.240821755864972,1
