ID,Time,Event
0,2.649877978301507,1
1,4.9870240772372645,1
2,9.451333774315586,1
3,11.850215593602305,1
4,4.68230562346908,1
5,4.056688585065168,1
6,5.266455627066271,1
7,2.558937805085843,1
8,7.992984954134103,1
9,2.057232551618151,1
10,5.36678130044266,1
11,14.61738111008485,1
12,4.124530003409781,1
13,2.494215214269819,0
14,5.73894292640719,1
15,11.394704001437177,1
16,2.2223643507234505,0
17,9.734998780771173,1
18,4.296998600249175,1
19,3.368040249626831,1
20,0.33890635935778934,1
21,8.62318900565699,1
22,7.555647875955262,1
23,8.810541525009663,1
24,6.458821802998674,1
25,6.056018024133654,1
26,6.135564310471359,1
27,6.104942482163592,1
28,1.624579875720264,1
29,11.733094166574366,1
30,9.501269519529984,1
31,1.1493967580556235,0
32,9.644850158450604,1
33,13.978572162876485,1
34,1.4480040561633905,0
35,7.0317853387726545,1
36,2.8591111108143634,1
37,6.187652851203592,0
38,10.150824166390652,0
39,7.604364344897117,1
40,9.30063206077737,1
41,8.594201420369462,1
42,6.95629894328547,1
43,1.5554637249642975,0
