ID,Time,Event
0,3.29936653797658,0
1,4.446680949314937,1
2,3.455294087648556,0
3,2.5758869534601825,1
4,5.895516087787658,1
5,0.5261398392277798,0
6,3.6375747091306554,1
7,1.567641327217422,1
8,0.2248706742833303,0
9,5.981045909685433,1
10,5.845551563735882,1
11,0.6941758903940336,0
12,5.2970311491261795,1
13,6.000527553347262,1
14,5.249483830267819,1
15,0.26142962480599474,0
16,5.85876148042653,0
17,3.7025373416533536,0
18,5.104186137710393,1
19,0.011578056404928509,0
20,1.2323113401651162,0
21,3.829656252811668,0
22,2.954294918074925,0
23,3.409993100014501,0
24,4.603755067223158,1
25,5.409333108006038,0
26,1.0573598212694961,0
27,3.656977857591905,0
28,2.8105479556402675,1
29,1.5491293400273178,0
30,3.7337331310219266,1
31,2.6722070249557266,0
32,6.018385529031078,1
33,6.4346855598834765,1
34,4.253620072327714,0
35,4.565987325523745,0
36,5.739533520050812,1
37,4.850568539123949,0
38,6.484051059909471,1
39,5.324223749605317,1
40,6.620290388554151,1
41,1.7109815896535936,0
42,6.366223877028461,1
43,3.768491658814862,0
44,6.040766948277188,1
45,0.5037372004892672,0
46,5.775497379914119,1
47,3.4631576151288823,0
48,2.710254770761673,1
49,1.0879846755815201,1
50,3.7605193149275884,0
51,1.000791087851807,0
52,6.479537873402015,0
53,6.236241434385858,0
54,4.3996128803388705,0
55,7.399353063284464,1
56,0.3767516165544626,0
57,6.191434041134246,1
58,4.693651350909301,0
59,0.7722959846184739,0
60,2.7195907999726345,0
61,0.9261353905873004,0
62,5.9006607181210216,1
63,1.1163415541012922,0
64,0.31292619671009947,0
65,2.9130267400950234,0
66,2.603504216862785,0
67,5.385894195452491,1
