ID,Time,Event
0,6.2603801442501235,0
1,21.405645647001876,1
2,38.7993845028062,1
3,36.58513090824746,1
4,42.83839780241867,1
5,58.99127937176117,1
6,52.56103962534318,1
7,25.124025124162145,1
8,18.467354266061083,1
9,18.789984311326293,1
10,60.00375974597691,1
11,5.273064112899693,1
12,74.81246430410701,1
13,54.585225734974436,1
14,25.228380726229847,1
15,9.592458897432742,1
16,15.608971923511929,1
17,29.183199648297677,1
18,96.9276057197216,1
19,33.89269189008364,1
20,30.256762561819844,1
21,26.738609285362145,1
22,68.51230852031884,1
23,44.08790855476493,1
24,48.17169566744454,1
25,25.66740029253578,1
26,73.06999895665777,1
27,27.042703657080708,1
28,40.59499998409177,1
29,53.066942611066864,1
30,36.7635303226315,1
31,13.130930657934218,1
32,33.587044532895874,1
33,35.144242398268936,1
34,70.10707476886604,1
35,85.23850519353424,1
36,66.82574326751347,1
37,40.77907502009368,1
38,23.874038758877084,1
39,28.553162681546343,1
40,15.3922562165334,0
41,15.668414228061982,1
42,85.18324481689925,1
43,66.31880533272084,1
44,37.54054846540608,1
45,12.172002087783373,1
46,34.223375852265065,1
47,64.64708214580378,1
48,57.188235379979176,1
49,5.1984120246971255,1
50,109.57937916426305,1
