ID,Time,Event
0,9.624802561112471,0
1,8.224407879054553,1
2,11.140476988082925,1
3,11.744549579744259,1
4,11.489956050585182,1
5,12.753378821908152,1
6,4.613719195102263,0
7,7.577955217981819,0
8,0.02062460944370273,0
9,10.045015421569534,1
10,6.331048724094379,0
11,0.19218950148223832,0
12,0.2944197671967524,1
13,12.0290969943375,1
14,10.145907374774113,0
15,11.778284438315088,1
16,8.654408702885284,1
17,11.451201904813495,1
18,7.6048055300580675,0
19,11.584840149510704,1
20,8.121453964410744,1
21,11.768547144572459,1
22,11.585605766907648,0
23,13.537470919250811,0
24,12.413995255114953,1
25,12.722151992609033,1
26,11.46142851245818,1
27,11.019784170006615,1
28,12.855098505977612,1
29,4.801331696209724,1
30,9.457046152243349,1
31,1.402650237740814,0
32,10.434591848877474,1
33,11.819035991951806,1
34,6.961580277838532,1
35,1.0830808583104685,0
36,3.7375413810111273,0
37,13.610624395165463,1
38,6.065269047477962,1
39,7.371644759579876,1
40,9.514735563767083,1
41,11.195204495918652,1
42,11.766174604355466,1
43,4.274618829478911,1
44,12.9699535609593,1
45,11.677582004152383,1
46,8.736478439832547,1
