ID,Time,Event
0,10.735756671464156,1
1,28.873656017172497,1
2,10.307601984550196,1
3,62.540751383895696,1
4,4.4371975403765065,0
5,5.893031523334378,1
6,21.72909110528819,1
7,0.2601833777978904,0
8,0.5413584656871575,1
9,3.7205809755052606,0
10,4.780640551038262,1
11,6.934183962890901,1
12,1.6342047719666901,1
13,13.65690599209253,1
14,37.17940425544327,1
15,15.981547197967348,1
16,3.3388250415504666,1
17,5.699863111704561,1
18,16.43058491194289,1
19,61.121161107545696,1
20,13.753880002564582,0
21,0.9226629234437265,1
22,11.12138358179555,1
23,2.225136913572805,0
24,0.21507680079969574,1
25,7.946919193143808,0
26,5.239397938552298,1
27,2.9171550293102513,1
28,30.604001932362927,1
29,12.193079741088832,0
30,23.836301081623382,0
31,0.6235065982004127,0
32,5.9869899421810215,1
33,8.150718339078901,1
34,4.109594651487589,1
35,4.44069861302133,0
36,18.698954404043775,1
37,57.023842126649015,1
38,28.25383156401706,1
39,1.7148159880835891,1
40,37.191664738793584,1
41,9.723721027000533,1
42,47.59769934096434,1
43,5.507477935156468,1
44,13.167732621491862,1
45,43.44073176769875,1
46,25.660025749536313,1
47,20.599535341836393,1
48,13.262333947326209,1
49,3.4751852704407664,1
50,45.300859877962935,1
51,28.49806320701755,1
52,28.916621320385467,1
53,34.944182764655984,1
54,5.183994306022839,0
