ID,Time,Event
0,29.868801603557877,1
1,4.482678264376623,1
2,8.545493209343267,1
3,9.070131510004606,1
4,7.290754382495965,1
5,11.991458161666289,1
6,7.505975348176726,1
7,8.099691019545206,1
8,0.2008191857591099,1
9,3.216298236040243,1
10,25.905601948371014,1
11,1.2315106687002255,1
12,0.11357387973158671,1
13,65.60615728073091,1
14,2.0367601228753593,1
15,6.9336181998655455,0
16,3.8567794635488806,1
17,2.795263402516405,1
18,6.1288734548044275,1
19,12.050427269538925,1
20,6.1430555059184515,1
21,5.983695598718091,1
22,11.570106653598945,1
23,12.716832991831437,1
24,10.034526574211776,1
25,1.2133608064366905,1
26,9.111574843513432,1
27,22.47430055514245,1
28,3.842382602356542,1
29,17.502195910938887,1
30,11.477820462805823,1
31,0.5853652015557123,1
32,2.2236366843125785,1
33,8.492609222751557,1
34,1.3259373324736525,1
35,3.1247695185620383,0
36,3.9497488302552,1
37,1.3236550835461096,1
38,9.359951252929903,1
39,0.5075638756357226,1
40,7.398991083334279,1
41,17.629522182013474,1
42,2.13650774259306,1
43,6.136425717469174,1
44,7.9953511561448645,1
45,23.4093613062065,1
46,6.229824506871516,1
47,4.959830793795409,1
48,37.053017946033926,1
49,15.91444389054339,1
50,11.33805250315701,1
51,4.211245995630543,1
52,1.9081723427839457,1
53,1.6222171231183766,1
54,0.15836441311108929,1
55,3.786620669026828,1
56,0.03206556297283741,0
57,5.183125297375651,1
