ID,Time,Event
0,71.17167634132015,0
1,0.18632282438243422,0
2,49.28034247751605,0
3,12.314261453628927,0
4,0.5230441529154434,0
5,6.593562519872103,0
6,10.489163220901087,0
7,2.530253013210543,0
8,0.5460548994008217,0
9,43.50732368486687,1
10,47.38738372978885,1
11,47.044983294716275,0
12,0.38673781757003417,0
13,65.53489140324419,0
14,62.256485529509945,1
15,87.54103827274496,1
16,10.830840673025106,0
17,2.4506618787922054,0
18,19.037420004682993,1
19,0.06792248446659578,0
20,13.750245712746445,0
21,1.7091115668220072,0
22,1.9165130377699542,0
23,37.55011842501677,1
24,5.26739926877802,0
25,24.0125514121813,0
26,51.67103008833928,1
27,0.6654222009329989,0
28,77.08139467624184,1
29,0.0635582079897115,1
30,55.476440714214775,0
31,29.78328077326931,0
32,13.26116075778018,1
33,30.273117935816902,1
34,41.20679672385587,0
35,22.468118984601723,1
36,0.9187633663502357,0
37,47.013999023168665,1
38,64.09401631332065,1
39,7.956519022150658,0
40,11.552530608686869,0
41,13.355333408286086,1
42,17.961169097825294,0
43,38.81072153500844,0
44,0.24112615636621504,0
45,21.82781035398104,0
46,1.8477244298430917,0
47,54.26650825821371,1
48,10.162895599748177,0
49,31.935167288532085,0
50,5.2958463423918225,0
51,17.161412854305134,0
52,11.076095292249716,0
53,1.0060241152368872,0
54,112.58926463256192,1
55,33.362225900856984,0
56,19.417655865680185,0
57,1.1739971956457362,0
58,25.121878057639396,0
59,14.529158377167402,0
60,2.175280300444779,0
