ID,Time,Event
0,86.99118184338447,1
1,32.8489583404216,1
2,56.9829489867106,1
3,23.182296402359576,1
4,1.3203088252166848,1
5,19.000473008999837,1
6,28.118736122224565,1
7,5.045198538073267,1
8,2.531919447208323,1
9,43.818606738494786,1
10,47.72642755647169,1
11,51.05149464138619,1
12,9.970549199797807,1
13,95.55021825728143,1
14,62.701913730613214,1
15,88.16737056357205,1
16,22.701996480400602,1
17,3.627876103908011,1
18,19.173627560798796,1
19,24.919237818301646,1
20,92.91990026427322,1
21,0.002321004205106223,0
22,5.649298680138405,1
23,37.81877929719758,1
24,15.528565427660226,1
25,30.4721435245314,1
26,52.040722238251796,1
27,1.8290784334212857,1
