ID,Time,Event
0,16.22719869030223,1
1,19.87124783980287,1
2,2.7695964611453565,1
3,0.9374742629097066,1
4,14.599148196928384,1
5,25.12445852570148,1
6,16.151259227089014,1
7,17.10294805395916,1
8,33.02841775720666,1
9,48.435816757328986,1
10,35.675734400428645,1
11,0.706198319362128,1
12,29.64402366057983,1
13,5.2987436990627685,1
14,20.350776989826738,1
15,18.132077200358385,1
16,34.92688254082127,1
17,11.708968424729754,1
18,10.905827617219717,1
19,24.0395972160228,1
20,3.785614152832279,1
21,7.239510262824215,1
22,19.974283867779583,1
23,17.31948896742434,1
24,25.941528350190666,1
25,4.073967691867504,0
26,13.175041282063148,1
27,26.781948047251177,1
28,25.848317629845443,1
29,11.192333627162917,1
30,9.034547442773256,1
31,21.765881459676788,1
32,14.438856396780306,1
33,18.19340170683904,1
34,20.153063663309737,1
35,21.844709455086658,1
36,33.6751032861845,1
37,7.7149283182015225,1
