ID,Time,Event
0,108.7792384403495,1
1,41.07640103410748,1
2,71.25505900148953,1
3,28.988599700682233,1
4,1.6509970949896426,1
5,23.759385033376223,1
6,35.161434026584,1
7,6.308833184264997,1
8,3.16607112839883,1
9,54.793538488902804,1
10,59.680123123494695,1
11,63.83799588249756,1
12,12.467801055268945,1
13,119.48199523888513,1
14,78.40641177456655,1
15,110.25001870258897,1
16,28.388002506500882,1
17,3.3634773324619385,0
18,23.975908362270427,1
19,31.160580359386778,1
20,27.902015478311938,0
21,2.419245784589365,1
22,7.06423795062236,1
23,47.290977355604966,1
24,19.417893693330473,1
25,38.10428248016306,1
26,65.07498821150108,1
27,2.287194573278073,1
28,97.07704377688589,1
29,0.08004581345878764,1
30,117.61148395294101,1
31,50.86240984370547,1
32,16.70123236382149,1
33,38.12625352021473,1
34,71.54705990869152,1
35,28.296563384895997,1
36,23.630871047469405,1
37,55.446621042999034,0
38,44.8935594379876,0
39,19.986779624993247,1
40,20.58559461055103,1
41,16.8198342982331,1
42,115.90757918509111,1
43,73.2820130409331,1
44,0.6791785776075289,1
45,31.024628365455513,1
46,5.1170786826602725,1
