ID,Time,Event
0,34.14233132030801,1
1,49.47192232919881,1
2,27.435722937517706,1
3,43.19416798777511,1
4,3.4305363952765315,0
5,163.27984542660533,1
6,0.47066824430249354,1
7,118.31864473338045,0
8,27.76309449527553,1
9,0.4401546637632685,0
10,26.11290040297442,1
11,15.062810222439431,1
12,43.41905368716417,1
13,26.895631978507918,0
14,90.92583666686531,1
15,10.716207923439491,1
16,151.74846473239074,1
17,35.50932012444343,1
18,6.256800620897425,0
19,42.637068219778456,1
20,3.6221467375426535,1
21,2.8975793352914656,1
22,59.04407443257601,1
23,37.297116127547824,1
24,105.96785536308093,1
25,13.534718282397273,0
26,25.156582644188063,1
27,56.97818819892346,1
28,0.6402107893557502,0
29,0.38021718168422153,0
30,14.152376891055225,1
31,48.94377880435433,1
32,30.629369330437065,1
33,67.3928655197684,1
34,0.40055294377399403,1
35,23.885106665714265,0
36,11.683725310313198,0
37,5.528668569597615,0
38,148.37944255707222,1
39,67.77140426684134,1
40,183.15034960596248,1
41,84.35578042295602,1
42,108.23946979591155,1
43,6.994498062905796,1
44,14.599951778657545,1
45,5.3892961329046205,0
46,55.409397914050295,1
47,59.028945769335394,1
48,4.612333703591768,0
49,12.183818534219636,0
50,51.5316302122814,1
51,2.9048388658705404,0
52,4.738775599907198,1
53,42.050479027867496,1
54,90.43121585399642,1
55,130.11438665767363,1
56,23.295246441409894,0
57,63.025437739697985,1
58,36.84547078625353,1
59,45.21842932064858,1
60,2.9931371103694286,0
61,63.0571851835285,0
62,42.671505180620244,1
63,42.23398356497381,1
64,1.2716896909515087,1
65,52.359444057270785,1
66,6.2970738012250775,0
67,51.35394345307172,1
68,27.44934999865599,1
