ID,Time,Event
0,4.454192761582028,1
1,11.979484405970544,1
2,1.3297628672115747,0
3,11.266685143732841,0
4,6.532787629642008,1
5,2.2659333404467703,0
6,3.9943462320058916,0
7,0.5558722617854365,0
8,0.1073129656411706,0
9,1.3885580446923667,0
10,1.4669143180009379,0
11,2.8035492766652355,0
12,0.6780204962715601,1
13,5.607751140356229,0
14,15.425483119853737,1
15,4.229151678810945,0
16,1.0834276028299605,0
17,2.3648346167946803,1
18,0.6751960237341031,0
19,16.56724696407501,0
20,7.973351245136067,1
21,0.004989284293852499,0
22,1.3594236282161793,0
23,3.5544435150922475,0
24,0.07945479757008576,0
25,5.485036302879234,1
26,1.0143526005374348,0
27,0.24530442224307633,0
28,6.537572208070424,0
29,7.6803262329863715,1
30,11.09479874372548,1
31,1.7147110106341341,1
32,2.483961594901741,1
33,0.5332635511817919,0
34,0.32023886961599185,0
35,5.776800405133344,1
36,7.758069589731596,1
37,22.886788376461197,0
38,11.722323436587288,1
39,0.4498158533011706,0
40,3.960213341635239,0
41,2.539242690709254,0
42,12.134503451492956,0
43,2.2850153094985393,1
44,2.4551908486216334,0
45,7.961439935889325,0
46,7.592971624968585,0
