ID,Time,Event
0,15.49436574911093,1
1,12.817802337981384,1
2,6.022063096053996,0
3,13.393778810494709,1
4,26.504857136279394,1
5,15.831836418441485,1
6,16.008715845495136,1
7,12.52241152969043,1
8,16.03422671741313,1
9,7.928713821952637,0
10,3.9105853182578,1
11,17.152171312834795,1
12,0.1657563151636824,0
13,21.383900530324293,1
14,7.086835161661736,0
15,16.621636095055635,1
16,3.6280691057849515,1
17,10.049554250302435,1
18,14.428470310696945,0
19,14.110194858032827,1
20,15.810783635210724,1
21,8.114549471700547,1
22,8.393759992389414,0
23,15.00246978031846,1
24,16.454945998136655,1
25,15.499773066897461,1
26,7.474164174832761,1
27,17.31842839663314,1
28,5.581144733932997,0
29,14.203713914318532,1
30,1.437583713491839,0
31,6.668386330663261,0
32,13.925194760881668,1
33,17.56690875151695,1
34,14.39644352064794,1
35,12.394688063790706,0
36,19.54438326530797,1
37,3.121607431350161,0
38,2.662619864400608,0
39,13.24050971428473,1
