ID,Time,Event
0,32.284850909156084,1
1,5.418893895162389,0
2,1.1865919246941359,0
3,33.08719030681761,0
4,21.240450843357525,0
5,26.2847735800696,0
6,35.949482534189386,1
7,5.233021569129492,0
8,32.94780857041636,1
9,4.364778155050547,1
10,34.83091840431489,1
11,10.410989970944954,0
12,6.520411391342185,0
13,28.424922078918097,0
14,25.341194082253367,1
15,11.450302447954234,0
16,10.768683557458699,0
17,19.245908641946553,0
18,21.162354798447684,1
19,0.5770066226779633,0
20,34.79127100605926,1
21,16.824418340452112,0
22,20.110338370918726,0
23,5.922261593067647,0
24,36.0,1
25,34.48660327547698,1
26,13.903291828698983,0
27,23.305160294526566,0
28,19.527333042936828,1
29,24.2445559375058,0
30,32.42132128024765,1
31,3.523378696651829,0
32,27.85402052138265,0
33,16.94459766954302,0
34,33.42178350044085,1
35,32.20977103906225,0
36,6.3096099460233175,1
37,32.8054302413619,1
38,23.585724051478785,0
39,10.054968812249252,1
40,27.830289467553673,0
41,36.0,1
