ID,Time,Event
0,28.516323109066974,1
1,6.197689808367893,0
2,25.562607098946405,1
3,10.33321761382743,0
4,13.49983203285326,0
5,29.16813481006129,0
6,3.348146014391749,1
7,7.4786283952051065,0
8,14.649497603849332,0
9,16.430408302537376,0
10,9.384144280333734,0
11,7.783850925956707,0
12,3.9519468124711725,0
13,35.1287693922498,1
14,30.816934543710754,0
15,8.823956885106412,0
16,1.8246181959723882,0
17,26.984970938849223,0
18,20.009834962151334,1
19,6.133226109436666,0
20,2.224415522397364,0
21,8.307390174945088,1
22,37.50033092458969,1
23,19.121843937578262,0
24,50.23819336173945,1
25,23.36891111146372,1
26,0.6167645052875993,0
27,36.83844233702398,1
28,24.600001331210763,1
29,2.8757855465375015,0
30,13.79397476845632,0
31,32.26292049840637,0
32,27.00946414010765,1
33,5.827702151456323,0
34,3.088708367364761,1
35,32.230337698633775,1
36,15.332731842987517,0
37,20.217114903134693,1
38,32.55555945034276,0
39,1.5290018287493135,0
40,66.04665339800204,1
41,37.87906667335762,0
42,18.897264979206803,0
