ID,Time,Event
0,3.228214421853026,0
1,12.177955575377121,1
2,27.491606506558163,0
3,15.988633263037537,0
4,19.274394591411316,0
5,3.9324915805470266,0
6,6.294885053515831,0
7,9.712339006142964,1
8,28.14563523551273,1
9,16.75943118288287,0
10,102.86358821167435,1
11,5.060174760778429,0
12,51.60308165403288,1
13,59.4705588811498,1
14,7.441856948813377,0
15,13.37052548652801,0
16,55.66603482133727,0
17,126.71872585982443,0
18,0.865686864319236,0
19,7.417354190529509,0
20,4.884689777015211,1
21,13.368167226232142,0
22,102.49653079505082,1
23,77.1337449013781,0
24,2.5975141312083228,0
25,61.567563911685596,1
26,0.36749117956453875,0
27,50.816518818464836,0
28,18.96411014878625,0
29,10.294308144084185,0
30,7.52178170127474,0
31,11.906060300313037,0
32,75.63657010702352,0
33,47.427638512947276,1
34,65.50944461936034,0
35,40.11301494752202,1
36,1.3288148375941593,0
37,25.984123617787883,0
38,189.65260300099058,0
39,7.847326899696772,0
40,38.66483063202958,0
41,3.4659455207233267,0
42,32.28527306030429,1
43,110.18776967609126,1
44,26.084991070380614,1
45,2.385946171214298,0
46,65.07031413332733,0
47,11.104121294554407,0
48,2.6775354140349052,0
49,0.19816130831039158,0
50,24.41176424154911,0
51,33.16552974705154,0
52,38.226659111987125,0
53,135.05511401223447,0
