ID,Time,Event
0,21.19464775103113,1
1,21.276721220758446,0
2,20.349380104809715,1
3,47.027023164213794,0
4,31.08534813239158,1
5,11.037844228906254,0
6,35.220485106644055,0
7,2.6352302167352963,0
8,0.4553167317566913,0
9,17.634059912746835,0
10,0.868746557264209,0
11,13.689541504323062,1
12,2.6206312792192925,0
13,26.961612555984985,1
14,56.99777121742381,0
15,22.011280530460475,0
16,6.591544762380775,1
17,9.217513376488457,0
18,32.437439689525206,1
19,30.62928136461443,0
20,21.24001826885039,0
21,0.603854854568678,0
22,0.5865139978037913,0
23,17.72861394313926,0
24,0.4162048343820017,0
25,24.3971659600903,0
26,10.343676476038262,1
27,4.278394406041408,0
28,36.868270368195546,0
29,13.324422254490294,0
30,52.79303430018692,1
31,8.159210391311618,1
32,11.81958075212106,1
33,2.974632809443641,0
34,5.248792184940573,0
35,18.652064985786573,0
36,14.25701980135619,0
37,112.57709021081095,1
38,42.319630412051126,0
39,0.07436061211209939,0
40,12.234469431813652,0
41,2.909458203824384,0
42,18.223614711518348,0
43,2.708105526698626,0
44,11.321207794635265,0
45,85.76116579753248,1
46,36.187749673410174,0
47,20.96423661580853,0
48,18.958579902435254,0
49,4.710886583140182,0
50,63.0177373472882,0
51,4.445063243660821,0
52,46.155271233992174,0
53,19.10918544878259,0
54,10.756914720353578,0
55,15.848804587604125,0
56,0.03846185351908113,0
57,13.7513175876264,1
58,0.636941250260935,0
59,1.4836089612550978,0
60,28.554419953814072,1
61,1.585670079350409,0
