ID,Time,Event
0,1.935125831056051,0
1,7.888832875760552,1
2,12.085578459235148,1
3,14.186183735364043,1
4,18.23996654853001,0
5,0.8201493176305376,0
6,8.392558790132206,1
7,0.40477777583715085,0
8,11.99308993508421,1
9,12.791009646103056,1
10,22.927483937779694,1
11,10.07160978588338,1
12,16.239153307643107,1
13,17.43317833579917,1
14,11.216173794506295,1
15,8.341997956790035,0
16,21.68132895794155,1
17,28.3700419610855,1
18,4.600137313230937,1
19,6.612219997442557,1
20,2.227676847917365,0
21,0.6523567079162116,0
22,22.886540275287846,1
23,20.889356086405535,1
24,14.944585723109991,1
25,6.492754412286117,0
26,16.636392882310542,1
27,5.365304385987472,0
28,6.580308634610881,0
29,11.988378079102006,1
30,0.0771594619673478,0
31,10.395525854891002,1
32,19.916113919910845,1
33,15.568304361127892,1
34,23.338415591845205,1
35,13.274743892608885,0
36,8.08005769753816,0
37,14.366635350248922,0
38,0.4060679562963811,0
39,16.463040509526266,1
40,17.189805328802294,1
41,9.186374569821163,1
42,12.844813262902505,1
43,0.16101708822520275,0
44,11.545717025316005,1
45,5.594342325379279,1
46,2.0365360815543,0
47,8.462163731584585,1
48,8.604765455891327,1
49,4.798101218308465,1
50,15.104837731159913,1
51,2.122022771229171,0
52,15.921253638983968,1
53,10.731530525514428,0
54,10.594632957943501,1
55,22.403406232584786,1
56,9.911651059523141,1
57,20.91003646508233,1
58,8.853320999444405,1
59,11.34482477382396,1
60,9.689022597154265,1
