ID,Time,Event
0,1.3474852736789773,1
1,2.270168734372715,1
2,5.328040422407519,1
3,7.341144752937526,1
4,12.58812122265202,1
5,13.901963051526,1
6,2.5693390120180544,1
7,1.810537755118353,1
8,5.246803597305893,1
9,5.968185039525676,1
10,19.175443728476687,1
11,3.7002443916141887,1
12,9.61965264556649,1
13,11.086278197683194,1
14,4.589042575095022,1
15,28.943384345080734,1
16,17.14764264713848,1
17,29.359765538700763,1
18,0.771923420368911,1
19,1.5948770775763133,1
20,0.9105855198972149,1
21,6.462096162810293,1
22,19.107018263645525,1
23,15.917788610139487,1
24,8.14705011545266,1
25,11.47719399850695,1
26,10.096037682335819,1
27,11.934437702487958,1
28,5.763995845387271,1
29,5.242681669326623,1
30,2.2588369945292106,1
31,3.9420810803544115,1
32,14.469110399132418,1
33,8.841282219399945,1
34,19.868970504891614,1
35,7.477717570214561,1
36,3.869045601644536,1
37,8.421783378639507,0
38,36.534462707289805,1
39,9.886731056466967,1
40,10.778902501292169,1
41,3.078370765140048,1
42,6.018499330904219,1
43,20.54079012528981,1
44,4.862666052428567,1
45,1.1416440107109698,1
46,12.42034638350801,1
47,2.612134137726517,1
48,2.70091365724662,1
49,0.8397914283750978,1
50,8.322709861581005,1
51,7.502865359917352,1
52,9.246708119133025,1
53,11.270166357729252,0
54,4.094533774921474,1
