ID,Time,Event
0,7.031797409168119,1
1,8.385451283650234,0
2,17.85154820556294,1
3,4.9511963425467185,0
4,5.740501141494158,0
5,10.076648545164378,0
6,15.722850328823931,1
7,8.415909406797423,0
8,9.329057109890456,0
9,0.16213585986532578,0
10,7.901916807515511,0
11,8.608973859867566,0
12,15.024842293991853,1
13,11.827312384272043,0
14,3.7216667777126253,0
15,11.221903118157861,0
16,6.071557157063627,0
17,6.244605448444282,0
18,12.131894645129064,0
19,8.50359473098169,0
20,0.11710598415704727,1
21,21.013675233214443,1
22,6.60824785146029,0
23,5.112482325629249,0
24,18.805113592978113,1
25,16.695623340293746,1
26,15.60700589130881,1
27,3.6212312813539005,0
28,0.4795281916961113,0
29,16.642101316103467,0
30,14.283292901830926,1
31,7.2739219064738325,1
32,10.031036072106001,0
33,9.667833888651817,0
34,4.0765555311937405,0
35,14.33520482305294,0
36,6.07122921679455,0
37,2.1871509305974564,0
38,17.32522367833268,1
39,1.3872596056091495,0
40,12.115687026944112,0
41,16.997277016560137,1
42,17.11710251309544,1
43,18.007651409070014,1
44,0.7780588055172102,0
45,6.820353016364119,0
46,18.624059805089217,1
47,7.772337463007196,1
