ID,Time,Event
0,108.01154574708553,0
1,11.863898371530084,0
2,33.93051441385267,0
3,13.377389282033974,0
4,13.543939522090524,0
5,12.338663941500826,0
6,13.109900186824328,0
7,21.229111297789895,0
8,0.7119293801893234,0
9,2.9789667404278144,0
10,87.74592063747473,0
11,0.08756828738419599,0
12,0.2682033893097536,0
13,176.684483338048,0
14,4.98572078261921,0
15,96.84698062435685,0
16,2.284266891577955,0
17,8.586360932142819,0
18,23.839313599128126,0
19,27.577266740435753,0
20,16.43280003718821,0
21,21.718296626084797,0
22,54.77597241150453,1
23,60.20488090363413,1
24,40.33700935930857,0
25,1.357086559055759,0
26,43.136626756885086,1
27,23.25396478472501,0
28,2.348159451434014,0
29,12.88536502115515,0
30,44.01052251494039,0
31,0.7470590872310353,0
32,10.466008634614008,0
33,24.47758084861089,0
34,6.277341161792047,1
35,20.52931494856284,1
36,10.875789753215784,0
37,3.0740577896979038,0
38,22.197006452854353,0
39,2.402942832013618,1
40,16.65685423206335,0
41,43.08129150297471,0
42,3.449676215400326,0
43,21.249984262127477,0
44,5.04071258193752,0
45,110.82616327316667,1
46,14.75866243428914,0
47,23.481162521709386,1
48,171.38699761431465,0
