ID,Time,Event
0,5.505438011621562,1
1,4.369853937479792,0
2,0.1595890030357523,0
3,0.018374836213292212,1
4,2.216590156627409,0
5,11.39806121432755,0
6,3.9760705220504495,0
7,3.793044206959226,0
8,22.807637807969748,1
9,0.7213426187295454,0
10,26.610351636482076,1
11,0.007900816025183966,0
12,9.184564570269359,0
13,0.5870168879893958,1
14,6.157772287494638,0
15,6.653376952336921,0
16,24.413594413971087,0
17,1.2623123182531897,0
18,2.439930023620611,0
19,11.465673708337489,0
20,0.2996245968090954,1
21,1.0460206320500143,0
22,7.733914028716283,0
23,6.271550395226586,1
24,13.114133844988968,0
25,0.4982857377724363,0
26,3.6291819215289247,1
27,14.996471825504434,1
28,5.940073583541034,0
29,1.2048875326151685,0
30,0.1961376340602195,0
31,9.90506406036675,1
32,4.042487266979936,0
33,5.082936372752268,0
34,8.25912528980437,0
35,9.976938955388592,1
36,18.630596662707845,0
37,1.244424520383686,1
38,10.5623654460849,0
39,3.7746121386272566,0
40,15.368596266845504,1
