ID,Time,Event
0,31.12710487775043,1
1,36.0,1
2,30.67819914777875,1
3,25.675614210530874,0
4,36.0,1
5,33.962844035202686,1
6,35.43402172259978,1
7,33.41703379989649,1
8,18.68401134848406,1
9,21.9676449219833,0
10,26.720904581117843,1
11,27.494959558215797,1
12,24.072437384449206,1
13,24.486952968406,1
14,36.0,1
15,34.952791203081645,1
16,25.42533202212976,0
17,36.0,1
18,36.0,1
19,16.79862419655275,0
20,29.966141434748547,0
21,4.167923799188127,0
22,33.3771361587994,1
23,28.881659177034116,1
24,3.113647172204749,1
25,23.929304088697993,1
26,34.07144144632583,1
27,24.309481218316655,0
28,9.138063438291006,0
29,35.910939251429994,1
30,36.0,1
31,25.8442565635514,1
32,21.511565785518457,1
33,31.2539999967697,1
34,14.395206013845469,0
35,33.21550062982473,1
36,36.0,1
37,36.0,1
38,36.0,1
39,9.792417069718638,1
40,36.0,1
41,36.0,1
42,35.62891236161888,0
43,19.910003890699116,1
44,18.702709416664796,0
45,36.0,1
46,0.46920359877153306,0
47,15.583081995576768,0
48,35.831766331669584,1
49,28.44901731916152,1
50,35.807064133067264,1
51,3.3137211733422256,0
52,36.0,1
53,6.761471302582177,0
54,26.74360201988997,1
55,36.0,1
56,16.968884306308123,1
57,22.96151779093828,0
58,25.115130800468823,0
59,8.343461827380635,0
60,27.472652895620747,1
61,6.908122154517886,0
62,33.404515868835425,1
63,3.4023028069567296,0
64,36.0,1
65,13.322850155369363,1
66,24.719156260896188,0
67,30.690232260871646,1
68,28.73705412478318,1
69,29.106012865042562,0
70,36.0,1
71,36.0,1
72,36.0,1
73,25.520666795199524,1
74,22.574837990916528,1
75,24.04604567469164,1
76,31.88448822448652,1
