ID,Time,Event
0,56.46439917706602,1
1,11.822861180286143,0
2,52.147780392406,1
3,2.585395702992447,0
4,28.091283736552697,1
5,25.831751107737077,1
6,15.897367779282796,0
7,35.69192467485212,1
8,24.177201379590095,1
9,35.319542247174155,1
10,27.854849197756405,1
11,10.997794125769925,0
12,3.1135362375343583,0
13,8.266919731675552,0
14,62.53921391365597,1
15,27.319606244981593,1
16,31.37362594112214,1
17,14.077968514016614,1
18,1.9815435259762162,0
19,47.86852351064232,1
20,56.84682345164286,1
21,24.174325824217146,1
22,8.619701936021247,0
23,35.704271813315046,1
24,45.75897491207458,1
25,18.440146242103427,1
26,19.128530502847006,0
27,7.903142464921189,1
28,13.12893913501456,1
29,19.213612871317245,1
30,14.693501080392966,1
31,73.96386513680892,1
32,8.08120820012408,1
33,31.111986355584406,1
34,9.36841025249276,1
35,30.319327987431564,1
36,31.748096724566874,0
37,20.96195706892171,0
38,43.08510707045571,1
39,1.6876211473795926,0
40,7.386010135131188,1
41,10.589688899906614,1
42,33.67527913737462,1
43,5.714436935186954,0
44,23.660455655181483,0
45,2.349837593498037,0
46,35.07560649318342,1
