ID,Time,Event
0,52.417609793968616,1
1,28.103866849088526,1
2,117.32170382196463,1
3,20.22753678451888,0
4,17.18711331969187,1
5,67.88647375333458,1
6,35.73260203599531,1
7,0.9202674832256391,0
8,8.722640224016695,1
9,36.572179189452584,0
10,51.6407385797302,1
11,24.299817119225626,1
12,65.53386820694836,1
13,4.892320802212526,0
14,41.239246407816246,0
15,18.15780474516328,1
16,48.6126933734553,1
17,34.40832137509816,1
18,41.99515388073274,1
19,48.55117896458392,0
20,53.421282605367544,1
21,47.97325099455714,1
22,85.27626449346768,1
23,55.41970648142132,0
24,54.63747012205465,1
25,29.00757156071529,1
26,60.61125501403119,1
27,20.09847087821184,1
28,146.85984407911332,1
29,10.390185921436004,0
30,53.64693545852714,0
31,69.79196738147212,1
32,28.62136313333118,1
33,67.91377386545315,1
34,11.06506900932564,1
35,58.918174513974435,1
36,49.52582808900108,0
37,12.314893350278442,1
38,47.07531761451654,0
39,98.07078327862979,1
40,45.2965866406811,1
41,18.350694328911953,0
42,39.39961389763111,1
43,54.65207150992584,1
44,36.80299931664536,1
45,6.437101062486602,0
46,51.27432954786349,1
47,58.561926652806555,0
48,45.55138279762117,1
49,75.7542241039516,1
50,2.9393568297059285,0
51,29.70715332810001,1
