ID,Time,Event
0,15.510387709297168,1
1,29.190278792810453,1
2,55.32098172443849,1
3,69.36222716690604,1
4,27.406686718449542,1
5,23.744796283250476,1
6,30.825860397528608,1
7,14.978092503074244,1
8,46.78490730832166,1
9,12.041488228917094,1
10,31.413091245139757,1
11,85.55912769134156,1
12,24.141888794637747,1
13,53.01602646652253,1
14,33.59144479820872,1
15,66.69600575655681,1
16,42.96345076784745,0
17,56.981342792273985,1
18,25.151389921316834,1
19,19.71396816004117,1
20,1.983702296418573,1
21,50.47364665976725,1
22,44.22506579948625,1
23,51.57026704654301,1
24,37.805072961881386,1
25,35.44736334954255,1
26,35.91296733283366,1
27,35.733730238405094,1
28,9.509065679052206,1
29,68.67668664121214,1
30,55.613267925980665,1
31,11.975054482355393,1
32,56.45368072817122,1
33,81.82002176853959,1
34,21.20703624581968,1
35,41.1587694927837,1
36,16.735080707797152,1
37,51.856369162161556,1
38,68.2041107743795,1
39,44.5102152770484,1
40,54.438887520639945,1
41,50.30397519177986,1
42,40.71692904942334,1
43,62.21709511502136,1
44,29.156578037637306,1
45,66.7922114520656,1
46,98.53557847091413,1
47,20.73330389888289,1
48,72.13745554251555,1
49,39.509836431006455,1
50,33.629353276112894,1
51,21.140252411198478,1
52,82.7192615362692,1
53,16.560612421333644,1
54,56.6200177666955,1
55,36.585852744580755,1
56,46.27129418035281,0
57,50.30610884080635,1
58,96.4511299658547,1
59,21.20855971691827,1
60,20.20358493950461,1
61,62.768414304834536,1
62,30.976104567908305,1
63,77.40799487562822,1
64,49.319627976550045,1
65,34.64588540027091,1
