ID,Time,Event
0,6.743409331456133,1
1,7.202071053786178,1
2,10.235010301385037,1
3,2.1812602648570576,0
4,9.548678271942958,1
5,9.895544645083834,1
6,5.8916013577836495,1
7,2.5390317754213823,1
8,6.906831003254973,1
9,9.687206729807773,1
10,9.467753182760443,1
11,5.483919367325634,1
12,8.579341568457432,1
13,9.718760192603133,1
14,8.50233150797902,1
15,9.625982226780204,1
16,11.793841375746993,1
17,9.756826314166315,1
18,2.8027227590781676,0
19,5.884455575996048,1
20,7.829301490283499,1
21,9.245292174702447,1
22,10.714037962282228,1
23,10.0657652525916,1
24,7.456476299132166,1
25,11.037696717926787,1
26,8.891996495475013,1
27,9.78755346386011,1
28,4.552106685259973,1
29,4.485432859123974,1
30,6.047344437796524,1
31,10.660074187255166,1
32,9.747683880004505,1
33,10.421944623257124,1
34,2.087392928362301,0
35,8.378120874054035,1
36,9.296040956876347,1
37,9.533898834331309,1
38,10.501899502603184,1
39,8.62338408983917,1
40,10.72255966158542,1
41,9.579690455206197,1
