ID,Time,Event
0,42.6362188765064,1
1,61.77948684525319,1
2,34.261148637598055,1
3,53.939960433221856,1
4,12.44581143935777,1
5,79.03828173549789,0
6,0.5877605162353355,1
7,169.2853506294416,1
8,34.66996329233146,1
9,18.11039449496895,1
10,32.60923592582563,1
11,18.810117783527264,1
12,54.2207929227023,1
13,64.70196963018297,1
14,113.54625544717979,1
15,13.382173064384533,1
16,189.50026276195294,1
17,44.34328548856824,1
18,20.993199963581347,1
19,53.2442660642135,1
20,4.523259986433139,1
21,3.6184355893133056,1
22,73.73298727760503,1
23,46.57584720146931,1
24,132.33040921394036,1
25,28.633114008075857,1
26,31.415006601044496,1
27,71.15315238567484,1
28,31.729402242608707,1
29,1.3359278093326605,1
30,17.67318795805061,1
31,61.11995241826212,1
32,38.24930648614202,1
33,84.15878043180695,1
34,0.5002020167327843,1
35,54.465480710111535,1
36,15.085989627100153,1
37,21.430385725670654,1
38,185.29309935769984,1
39,84.63149158682525,1
40,228.7142702661242,1
41,105.34170862176556,1
42,135.1671531155962,1
43,8.734580762619734,1
44,18.23210998046358,1
45,14.388718991757782,1
46,69.1940803665534,1
47,73.71409492396975,1
48,7.666169863865767,1
