ID,Time,Event
0,8.91990044546039,1
1,5.481295211161854,1
2,7.219296057993885,1
3,4.604692345328374,1
4,1.0989050136374114,1
5,4.168737970508979,1
6,5.071311527330667,1
7,2.1481347581369,1
8,1.5217640984029674,1
9,6.330699130967192,1
10,3.064470249954463,0
11,6.833239181710588,1
12,3.019826084622281,1
13,9.348420377650385,1
14,7.572909900568554,1
15,8.979999989655505,1
16,4.556741768399609,1
17,1.8215815347009638,1
18,4.187690100071725,1
19,4.774080844784453,1
20,9.218850224439867,1
21,1.330230792461287,1
22,2.2731058518947056,1
23,5.8813380823091155,1
24,3.76866956001772,1
25,5.279270248288712,1
26,6.89912556625266,1
27,1.2934169744816448,1
28,8.426462095471548,1
29,0.2419670955642148,1
30,9.274956151290256,1
31,6.099376846003666,1
32,3.4951133061170143,1
33,5.280792050237778,1
34,7.234073154320961,1
35,4.549397107039269,1
36,4.157448377976739,1
37,1.4602223674657422,0
38,7.683856274391608,1
39,3.8234763853522153,1
40,3.8803304184108747,1
41,3.5075014299979306,1
42,9.20752523811259,1
43,7.321257731394137,1
44,0.7048212507354183,1
45,4.763654927015789,1
46,1.9346305778022068,1
47,7.0702769941831844,1
48,6.370940135950732,1
49,5.591392104107078,1
50,4.899601020796315,1
51,7.53149848166595,1
52,3.604568103148555,1
53,4.023039855636126,1
54,10.184013840008344,1
