ID,Time,Event
0,2.236512764605155,1
1,0.33566593345290835,0
2,2.9964642822459595,0
3,2.943747500410405,0
4,2.3586042097578,1
5,4.789743604403211,1
6,3.3461483246719754,0
7,1.225050175900417,0
8,4.499430953378241,0
9,0.521329395864536,0
10,4.611633474099896,1
11,2.827554176218234,0
12,2.3663802477692024,0
13,1.0902225631277542,0
14,5.539415845720017,1
15,3.093147702312731,0
16,3.918257921770795,1
17,5.392991506916751,1
18,5.465805279005776,1
19,2.1332210144277712,0
20,0.0019324365643703224,0
21,2.5429105134263628,0
22,1.9318868799013047,0
23,3.197496255697287,0
24,4.222410939941259,0
25,4.82935002755957,0
26,3.3748894645836103,0
27,4.174800173824496,0
28,0.45389674246983247,0
29,3.086952977392688,0
30,4.54290205430111,1
31,1.2649122490123783,0
32,3.6223603731309626,0
33,6.209614405957707,1
34,2.8697625687953074,0
35,5.367422597858977,1
36,0.07872821811393395,0
37,2.1560800922400425,0
38,1.9223150776023996,0
39,2.580280117567239,0
40,3.010398075123219,0
41,1.9909698449943722,0
42,2.143195845540669,0
43,5.2774394359092405,0
44,1.6599698459818397,0
45,0.6998915992081348,0
46,5.610400585528329,0
47,1.8392184652769867,0
48,5.817558251361939,1
49,4.622732516856608,1
