ID,Time,Event
0,98.40540249122878,0
1,4.205199220106867,0
2,140.4843980528089,1
3,0.4401716577639513,0
4,40.76614189733358,1
5,32.22695391698246,0
6,2.992570483350416,0
7,9.63923935961155,0
8,30.197326511015557,1
9,36.62135197430006,0
10,40.082800972042975,1
11,20.743918597722615,0
12,1.357810618294105,0
13,64.76768776833681,1
14,36.97147791478823,0
15,23.794207366168774,0
16,50.84940407667795,1
17,3.3031170166451096,0
18,8.55900570171995,0
19,118.37404903853354,1
20,166.94324176227028,1
21,22.324062357417287,0
22,4.558206307558069,1
23,6.156408260522379,0
24,72.21347431579827,0
25,10.34429455452099,0
26,30.462647288549782,1
27,2.437071101769555,0
28,8.904626522454919,1
29,19.0710458855751,1
30,11.15339331643069,1
31,108.32582821989666,0
32,3.3737199616364366,1
33,14.598449956925608,0
34,4.534070205580858,1
35,3.0098525264876015,0
36,50.692264373721365,0
37,39.35539025324679,0
38,32.17219279252995,0
39,11.855054147385651,0
40,2.818228727772434,1
41,5.793257633772036,1
42,58.583976606905686,1
43,17.85724722256806,1
44,14.295254590137846,0
45,55.92603952069762,1
46,63.55750164968311,1
47,7.535853885191057,0
48,39.41910360476429,1
49,0.6975198047946645,0
50,56.207202150441006,0
