ID,Time,Event
0,41.12048539511443,0
1,4.723884108758753,0
2,14.72109356176681,0
3,23.151163209240686,0
4,27.71872680678119,1
5,13.948992702035355,0
6,8.761846865566165,0
7,16.50804589801723,0
8,4.600336978328972,1
9,16.508450181119176,0
10,11.419365680209681,0
11,8.526283650647189,0
12,2.530560196898894,0
13,42.99269604576656,0
14,14.313918373551397,0
15,23.728055695314122,0
16,20.160414050441993,1
17,17.063296536839804,0
18,1.0024921121361834,0
19,27.320698696776955,0
20,25.443641282908906,1
21,25.11144997991391,1
22,29.51647226280629,0
23,20.465089245094234,0
24,25.434835509561164,0
25,11.30790172706393,1
26,25.98868735098085,0
27,25.1203435938271,0
28,20.122750754482734,1
29,0.6450438790472179,0
30,16.859921964584764,0
31,1.0138524107486706,0
32,5.220836454907758,0
33,29.916281757022592,1
34,11.820845569059259,1
35,2.6743436415818755,0
36,14.596619831225757,0
37,5.910073924421179,0
38,31.406810765630507,1
39,2.4210330067128236,0
40,5.462983695905542,0
41,24.519318296404677,0
42,8.727259110283708,0
43,16.644314902129803,0
44,20.117642858454886,0
