ID,Time,Event
0,39.02612403248273,1
1,4.107078695564806,0
2,0.14603796167967645,0
3,10.400079129687844,1
4,0.08279986738335764,0
5,0.33299549566964526,0
6,5.257060548732128,0
7,0.5842736151402983,0
8,0.5694785019887768,0
9,19.65797389194947,1
10,11.285933042353713,0
11,2.433698900009851,0
12,4.473003832087515,1
13,42.86589272637915,1
14,22.325052238437276,0
15,29.16961248005088,0
16,10.184606205536646,1
17,0.0931908636433157,0
18,5.998083934097661,0
19,10.375666334238272,0
20,6.212792429773812,0
21,0.8679393918189504,1
22,2.5343974678324104,1
23,7.586038089716087,0
24,6.9664500192381045,1
25,9.44322398637844,0
26,15.572014850542654,0
27,0.16014089937311146,0
28,11.74732756093655,0
29,0.02544594542933503,0
30,25.35686594135223,0
31,8.298286485342924,0
32,2.8790700767504855,0
33,11.823226736940512,0
34,25.668541848518352,1
35,5.616037339193586,0
36,0.4151261153044608,0
37,21.242399832445948,1
38,28.95968753315184,1
39,7.170546069621656,1
40,6.120988366464634,0
41,2.9675509542672582,0
42,35.710051064029386,0
43,10.489766434164716,0
44,0.16577556984874742,0
45,9.903150824496796,0
46,1.0905795253588635,0
47,24.519311053791146,1
48,7.294635698075999,0
49,3.2760308419480406,0
50,4.11536870214767,0
51,9.506302477440581,0
52,1.295080601969163,0
53,0.021793103435478838,0
54,11.049839933470967,0
55,25.083894490911902,1
