ID,Time,Event
0,7.861807598469354,1
1,4.215132944996631,1
2,17.596389194362374,1
3,4.594206124700321,1
4,2.577793581653452,1
5,10.18189111035481,1
6,5.359321863470273,1
7,5.635837665492345,1
8,1.3082572719631997,1
9,6.634103823664234,1
10,7.745289274968185,1
11,3.644586001159588,1
12,9.829037704152594,1
13,3.4664990409339866,1
14,6.729743776854776,1
15,2.723381853505906,1
16,7.2911306648222505,1
17,5.160700831277667,1
18,6.298605014157355,1
19,12.352636149112898,1
20,8.012342553535946,1
21,7.195224480374609,1
22,12.79008308083839,1
23,10.815732580443118,1
24,8.194751333666062,1
25,3.720813996668734,0
26,9.09072403520589,1
27,3.0144509009283786,1
28,22.026640333837747,1
29,3.686539557077959,1
30,11.947536958423855,1
31,10.46768484157241,1
32,4.292749155190684,1
33,10.185985692876532,1
34,1.659584325897929,1
35,8.836788894086615,1
36,8.302173527556988,1
37,1.847038094566055,1
38,7.973333895698189,1
39,14.709057360652276,1
40,6.793767408246225,1
41,5.707676305904893,1
42,5.909315307101172,1
43,8.196941309564718,1
44,5.519864427457303,1
45,3.931801434465212,1
46,7.690333749101971,1
47,9.11447842793952,1
48,6.831982778435095,1
49,11.361928501080282,1
50,2.9287976163191196,1
51,4.455600411421741,1
52,2.684265256966324,1
