ID,Time,Event
0,7.440712892922339,0
1,5.397793294106585,1
2,6.884826347007919,0
3,4.192792901551081,0
4,0.8705538970364535,0
5,11.981710113337808,0
6,5.515987760471872,0
7,6.109758998440728,0
8,0.5199720632565625,1
9,2.1995979676067643,0
10,4.698477467513937,0
11,1.0365713587364798,0
12,22.39821399123264,0
13,0.3866864084629429,0
14,4.3580394112977165,0
15,1.8600363892393896,0
16,3.1702744940967613,0
17,5.8684729967417875,0
18,0.07020179003881807,0
19,46.35675147894181,1
20,8.892213770190487,0
21,3.8253711361136866,0
22,49.698173390404584,1
23,19.321479523939104,0
24,16.530932301719776,0
25,1.5094801135054234,0
26,1.5746437323279865,0
27,2.7499894219686833,0
28,147.39753363337323,1
29,0.5312753128224724,0
30,43.36610940572264,1
31,14.011865942278552,0
32,1.913507078945786,0
33,18.487637051461114,0
34,0.31390180897107656,0
35,8.92577411467855,0
36,18.16171779939717,0
37,1.0364429488488003,1
38,3.448948144732252,0
39,43.70938902327445,0
40,14.02216406979074,1
41,9.897200460370746,1
42,10.608843013637426,1
43,14.24579020678683,0
44,6.399415975999621,0
45,4.696527281356417,1
46,7.567647606339797,0
