ID,Time,Event
0,11.291797407643077,1
1,3.8245795884181506,0
2,0.3199308298333721,0
3,0.03768726983777389,1
4,5.064210042676024,0
5,26.559796042845022,0
6,11.186358802054695,1
7,0.828904250089283,0
8,26.300678143857105,0
9,100.60260465879108,1
10,52.72624579162397,0
11,0.021385988519681123,1
12,37.68341667467543,1
13,1.203986996138937,1
14,9.571364860413299,0
15,7.9018371001863015,0
16,43.01945434740188,0
17,3.0145764159976696,0
18,4.089808023491289,0
19,5.758586015625918,0
20,0.2949707647303039,0
21,2.247472291928778,1
22,1.1409830158800731,0
23,12.863113951193894,1
24,24.278782077130497,0
25,6.869921495934674,1
26,6.8743402204340125,0
27,18.028064713090238,0
28,21.716091612595886,0
29,4.780527526974162,0
30,3.5001670785159686,1
31,16.449716147674028,0
32,3.0781598829976544,0
33,1.7679253693739456,0
34,10.700163642787071,0
35,8.805186960613822,0
36,45.18125351683657,0
37,0.10339740232875227,0
38,22.663740560502724,0
39,18.670490886245684,1
40,13.956185946776783,0
41,2.5750834878497586,0
42,1.1579139447974636,0
43,3.611362095641074,0
44,3.9007104797904484,0
45,9.066671679474098,0
46,0.5078654532196417,0
47,0.7758285605945073,0
48,36.2321975256156,0
49,0.14662660778749068,0
50,12.69383700010158,0
51,1.2864283155571936,0
