ID,Time,Event
0,1.253196636086385,0
1,0.05712348930651682,0
2,4.848696817571725,0
3,5.287296080974223,0
4,4.036116387010072,0
5,7.276548846947901,0
6,0.9927655218599134,0
7,17.31142337717358,0
8,8.100943238778008,0
9,5.429644832299737,0
10,2.758370231557054,0
11,2.106235303639388,0
12,4.253680937497395,0
13,11.287991447029839,1
14,5.3146979546989,0
15,4.160913021780474,0
16,19.318029689421188,1
17,2.5373540401213583,0
18,0.9712997387752317,0
19,6.43536716902233,0
20,2.984583242899198,1
21,1.1478460134054151,0
22,8.746521544029365,0
23,2.168501708975522,0
24,16.143130169161534,1
25,7.50917476804071,1
26,6.907389203909149,0
27,4.025509419979792,0
28,7.904763230473231,1
29,1.2412271580564294,0
30,3.0746207365512994,0
31,10.240619835161667,0
32,7.781075477060563,0
33,12.873826077925125,1
34,0.06820000656418858,0
35,9.039364750016489,0
36,5.450606418822232,1
37,6.184831586833213,0
38,14.383664513247442,0
39,10.23788064684184,0
40,21.22289142374776,1
41,0.2055503774650753,0
42,7.251769293353176,0
43,4.147428935870294,1
44,4.096679988714306,0
45,2.2711207820844512,0
46,2.09425432911288,0
47,6.995999376324464,0
48,2.016958221731425,0
49,3.869591694898222,0
50,4.715760739697616,0
51,2.855324120060138,1
52,1.7735020260261003,0
53,7.553339319163174,0
54,2.9605107279103433,0
55,9.221702405456593,0
