ID,Time,Event
0,14.099777033359247,1
1,17.400762365160112,1
2,8.262722808806346,1
3,17.351691321657537,1
4,11.237417706291616,1
5,12.963408149199893,1
6,15.70023320296518,1
7,12.798318626799599,1
8,14.389310822213643,1
9,1.906231469349491,1
10,15.211722202151762,1
11,14.355062558297362,1
12,11.59696933679847,1
13,11.976533797406184,0
14,11.067270755694352,1
15,13.329963012048626,1
16,7.977939644704587,1
17,12.72841008348753,1
18,9.24224445076591,1
19,10.289480734690747,1
20,15.194406976601234,1
21,10.628297331906431,1
22,13.73747188216903,1
23,23.845261102165534,1
24,17.750193525526818,1
25,15.06134930560386,1
26,14.36420122039498,1
27,10.561772818332834,1
28,8.528180685619121,1
29,18.081545331716132,1
30,14.159377798110036,1
31,7.269486654697486,1
