ID,Time,Event
0,14.485073248451819,1
1,4.163882128589131,1
2,72.56429689081352,1
3,4.946486479043328,1
4,1.5572995189159589,1
5,24.295887601667765,1
6,6.7312474121794885,1
7,7.443767910972112,1
8,0.4011087982793854,1
9,8.821080624852787,0
10,14.058894071149396,1
11,3.1129509583022172,1
12,22.64111837969661,1
13,2.8161646464942116,1
14,10.613849677249213,1
15,1.7381728101300655,1
16,12.458496543438754,1
17,6.241561303051523,1
18,8.007754458746426,0
19,35.75980748157973,1
20,15.045093477147928,1
21,12.132898628757543,1
22,38.33739543708865,1
23,27.414968735578594,1
24,15.737923597912543,1
25,4.435974216744135,1
26,19.367466872335754,1
27,2.1295718746403156,1
28,113.70312323078724,1
29,3.185031046247981,1
30,33.45281267774385,1
31,25.678943424751317,1
32,4.318638938840114,1
33,24.31543240303591,1
34,0.6454677115307585,1
35,18.30057913564287,1
36,16.15323407520971,1
37,0.7995167722938968,1
38,14.89895388200331,1
39,50.704389329163426,1
40,10.816760700728194,1
41,7.634745140203236,1
42,8.183709420240772,1
43,15.746336367817628,1
44,7.140566956157672,1
45,3.6229223587762545,1
46,13.860096348563014,1
47,19.46881490412566,1
48,10.938792879892285,1
49,30.253803192413493,1
50,2.0102709565301886,1
51,4.652521022158509,1
