ID,Time,Event
0,2.2425258626304005,1
1,2.7283691024306123,0
2,4.459223109973081,1
3,5.234284694641174,1
4,6.8541863038831075,1
5,3.6304171256349194,0
6,3.0966074346377375,1
7,2.5994366591272295,1
8,4.425097563918974,1
9,4.7195064767633035,1
10,8.459567456678789,1
11,3.716127884430986,1
12,5.9917701051787935,1
13,6.4323302337153905,1
14,4.138438351018096,1
15,10.393219571086508,1
16,7.999772908701978,1
17,10.467711344599119,1
18,1.6973154148475134,1
19,2.4397147658489504,1
20,1.8434689052419926,1
21,4.910912032492183,1
22,8.44446044904929,1
23,7.707558204777195,1
24,5.514112729502178,1
25,6.544753708483755,1
26,6.138339828550148,1
27,6.673849787442851,1
28,4.638069756569855,1
29,4.423359027600039,1
30,2.9034736733909594,1
31,3.8356433900795115,1
32,7.348460460712072,1
33,5.744246568287944,1
34,8.611189154772035,1
35,5.2827489893131565,1
36,3.7999455257622823,1
37,6.406136317419313,1
38,11.676879781490562,1
39,6.07437789991796,1
40,6.342532749813012,1
41,3.3895021174855726,1
42,4.739358429422541,1
43,8.75556182841492,1
44,4.260030113921173,1
45,2.0641478326069795,1
46,6.808356691656752,1
47,3.1222896115016505,1
48,3.1749054549795206,1
49,1.7703582752649776,1
50,5.57324100872573,1
51,5.2916245554618815,1
52,5.874474474364004,1
53,6.304086978767311,0
54,3.9091080569373107,1
55,8.266198192451226,1
56,3.6571078175278267,1
57,7.715188656462203,1
58,3.266615142493638,1
59,4.18590677977631,1
60,3.5749644606598348,1
61,2.0438461280920195,1
62,5.503952595333003,1
63,2.3538329213886,0
