ID,Time,Event
0,17.624270852833078,0
1,10.722957580186144,0
2,343.71964205637477,1
3,8.91346167296233,0
4,6.397836290939473,0
5,43.29895001807977,0
6,31.88430192589845,1
7,3.7347129362007814,0
8,1.8999560180084494,1
9,22.27506306976911,0
10,16.196594270299446,0
11,9.80539277772644,0
12,106.83169848391798,0
13,8.446034184875318,0
14,17.183817289148738,0
15,3.262498648311151,0
16,22.138514135922115,0
17,20.43922491035279,0
18,44.03986528839113,1
19,137.24882136728624,0
20,41.79822473603385,0
21,41.683096717395934,0
22,181.5950322902946,1
23,55.998295290583584,0
24,56.88876209812572,0
25,5.515576755714309,0
26,91.73903787581106,1
27,4.245947915145185,0
28,69.30138221905375,0
29,0.08787407579933157,0
30,110.58677559256725,0
31,76.88974621887765,0
32,8.615987979640686,0
33,115.17636193172491,1
34,0.9684033431635028,0
35,86.68544696839557,1
36,12.587107223412286,0
37,0.7433996397622487,0
38,70.57276532345107,1
39,174.48044440248282,0
40,13.208902926962642,0
41,2.646842382942511,0
42,38.76426552924607,1
43,74.58661258978917,1
44,22.115808351291683,0
45,3.064456442236348,0
46,55.12692888718824,0
47,92.21909915529072,1
48,51.814434016536154,1
