ID,Time,Event
0,49.396693728736174,1
1,14.199583716323898,1
2,247.4572470346125,1
3,16.868404698247087,1
4,5.31067023689519,1
5,82.85332756985906,1
6,22.954759090867302,1
7,25.384581588179653,1
8,1.3678528317159806,1
9,35.17366207185376,1
10,47.94334641500943,1
11,10.615720227460047,1
12,77.21026819090946,1
13,9.603625756427382,1
14,36.195128101679515,1
15,5.927480550282226,1
16,42.485704250238285,1
17,18.148155052365638,0
18,31.706025756459503,1
19,121.94734729111285,1
20,51.306462995643756,1
21,41.37535705389657,1
22,130.7373838075497,1
23,93.48995279392135,1
24,53.66913777777583,1
25,15.127466462518612,1
26,66.04653031329788,1
27,7.2622214510500624,1
28,387.74801189439955,1
29,10.861526235281087,1
30,114.08008187904139,1
31,87.56979560083055,1
32,14.727332152751101,1
33,82.9199788425597,1
34,2.201160485100129,1
35,62.40825207552675,1
36,55.08542087814441,1
37,2.7264953690317326,1
