ID,Time,Event
0,37.00707453622443,1
1,7.057622881861916,0
2,25.993077184490033,0
3,43.443072272336515,0
4,6.154193446894173,0
5,176.97998866209454,1
6,0.32730427849362886,0
7,64.6974878871885,0
8,30.092582070744047,1
9,14.208964685195282,0
10,28.30392694933175,1
11,16.326668949382995,1
12,26.81221864292704,0
13,56.159544064637984,1
14,65.26460750904147,0
15,4.370719075309473,0
16,164.4810570322398,1
17,37.250503294435035,0
18,10.064230743105801,0
19,6.722369218901864,0
20,3.926066238413325,1
21,2.7765604512973714,0
22,19.22635075111388,0
23,3.909414282864895,0
24,20.73811267567905,0
25,24.852761624341785,1
26,27.267368483311845,1
27,61.758994657824715,1
28,23.273562562126504,0
29,0.2493076915652321,0
30,14.495358369900533,0
31,53.050450870057404,1
32,13.362683600106733,0
33,73.04752490689964,1
34,0.2916547057469741,0
35,11.325278734451116,0
36,2.5201607563932398,0
