ID,Time,Event
0,9.032137620349737,1
1,9.64647016248789,1
2,2.3548560245986363,0
3,1.0962046807727859,0
4,12.789521146569468,1
5,13.254114746644381,1
6,7.891224105218392,1
7,3.400784868726759,1
8,9.25102497499235,1
9,12.975066474499256,1
10,12.681129900167448,1
11,7.345173930571827,1
12,11.491189386476407,1
13,0.2591847733006924,0
14,11.388041938323164,1
15,10.739881702919638,0
16,15.796697655801298,1
17,10.91443728708488,0
18,11.072838335476533,1
19,3.2093646489129273,0
20,10.486584019389488,1
21,12.383165125796014,1
22,14.350406535990071,1
23,13.482108611062172,1
24,6.030339214439886,0
25,14.394784948553704,0
26,11.90996009869319,1
27,10.04032518570763,0
28,6.097101929137075,1
29,0.6766755381423241,0
30,3.1192038664633026,0
31,14.278127334387344,1
32,13.056069705448829,1
33,13.959176060960829,1
34,12.930417788475133,1
35,11.221673935970397,1
36,7.371845898479747,0
37,12.769725534602522,1
38,2.548895306302604,0
39,11.550180038639763,1
