ID,Time,Event
0,7.675713920170292,1
1,20.643717084824168,1
2,7.36959736118876,1
3,44.71458609445258,1
4,11.257664773481762,1
5,4.213324265805204,1
6,15.53558749266646,1
7,1.0101875531007432,1
8,0.38705354806725883,1
9,7.808088644735285,1
10,3.4180012036292244,1
11,4.957714113477985,1
12,1.1684028150465446,1
13,9.76423987967169,1
14,26.582054672092738,1
15,11.426282100762874,1
16,2.3871504014767235,1
17,4.075215186821955,1
18,1.3953138208844729,0
19,43.69962560507405,1
20,13.740124511576097,1
21,0.659673729745233,1
22,7.951424513676065,1
23,7.3585638897348975,1
24,0.15377285871166918,1
25,9.452121126364547,1
26,3.7459976898649927,1
27,2.085670172209457,1
28,21.88085766414075,1
29,13.235167432907451,1
30,19.119177304857924,1
31,2.954885852025628,1
32,4.280501453732286,1
33,5.827496293852089,1
34,2.938225393700046,1
35,9.954905334626439,1
36,13.369139130476762,1
37,40.77017691324212,1
38,20.200562929161073,1
39,1.2260371907692156,1
40,26.590820515581918,1
41,6.952141626047262,1
