ID,Time,Event
0,22.23388291284672,1
1,2.521391461077218,1
2,18.964331906079963,1
3,0.8263710422082468,1
4,5.5031210311395045,1
5,4.653434301339487,1
6,3.595935644392983,1
7,8.883944305288416,1
8,4.076410836852473,1
9,8.69953469298404,1
10,5.410875171159043,1
11,5.48386098501129,1
12,0.2641533162866324,1
13,8.74314831150416,1
14,27.275374848034225,1
15,5.204928439063997,1
16,6.864285212468937,1
17,1.3821203796888581,1
18,2.3707500979591125,1
19,15.979601907035045,1
20,22.53607582150537,1
21,4.075441225207538,1
22,0.6153233989757628,1
23,8.890091929130097,1
24,14.602205815087089,1
25,2.371344294646744,1
26,4.112227136430785,1
27,0.43557757549794457,1
28,1.2020572761968793,1
29,2.5744470488044735,1
30,1.160279593577485,0
31,38.15092636614001,1
32,0.45542669504545374,1
33,6.7502735249007815,1
34,0.6120652076380831,1
35,6.410693803375941,1
36,10.792016950090058,1
37,11.04487819008883,1
