ID,Time,Event
0,8.248082764546636,0
1,1.2127523167794374,0
2,6.90551302559412,0
3,0.6157297275386822,0
4,3.888137697345883,0
5,2.8523198277175603,0
6,3.981264129555482,1
7,0.5849901617408058,0
8,2.2268336577851384,0
9,5.087744209395221,0
10,3.082345274731328,0
11,4.767715243803913,0
12,0.594083241387191,0
13,0.05099107378379869,0
14,10.964792050060373,1
15,0.40663218664763895,0
16,5.500633327047103,1
17,2.4682433242062762,1
18,1.6221389940391875,0
19,7.527397268068516,0
20,7.369910749789952,0
21,1.7602856628334296,0
22,0.5826591779635478,0
23,4.343709247830317,0
24,5.085751201716002,0
25,1.103784059221531,0
26,1.2429349783948347,0
27,1.3856316420846513,1
28,1.1160649423083202,0
29,0.9594364629216265,0
30,2.5761625986582204,1
31,10.536882365028024,0
32,1.416851314280027,1
33,5.45476093006677,1
34,0.38119000965298383,0
35,4.995904987092291,0
36,6.256452369362174,0
37,5.219639957210108,0
38,7.553968301142589,1
39,0.6877689431179109,0
40,0.31268406636599244,0
41,0.9480800290838265,0
42,1.6893794845544816,0
43,1.9396074643016306,0
44,0.5347181321822789,0
45,5.768684597760228,1
46,0.9007402312162884,0
47,3.366907549449914,0
48,3.7328801463215515,0
49,0.9107934242285988,1
50,3.608239435002975,0
51,0.14408417072354818,0
52,3.960543794943528,0
53,3.7515622125553922,0
54,4.255214540869894,1
