ID,Time,Event
0,36.0,1
1,36.0,1
2,11.89641064104381,0
3,29.765711864041958,0
4,33.55219399073467,1
5,36.0,1
6,36.0,1
7,0.8816643897610752,0
8,7.747854017867049,0
9,5.6915431749990315,1
10,31.878729601558085,0
11,36.0,1
12,34.62572764159262,1
13,36.0,1
14,33.04417661142384,1
15,23.015929682397164,0
16,23.82018588270806,1
17,36.0,1
18,27.59509229137857,1
19,30.721884929220064,1
20,36.0,1
21,31.733508817748874,1
22,5.418893895162389,0
23,21.22207423502573,0
24,36.0,1
25,28.98197399322035,0
26,36.0,1
27,31.534882812833978,1
28,10.763670909367448,0
29,36.0,1
30,24.2445559375058,0
31,21.704917697854007,1
32,36.0,1
33,34.69215142241895,0
34,10.147601785123516,0
35,36.0,1
36,8.22754700227809,1
37,36.0,1
38,36.0,1
39,13.111385524133839,1
40,36.0,1
41,33.08719030681761,0
42,32.20977103906225,0
43,30.59971456578398,1
44,36.0,1
45,36.0,1
46,36.0,1
47,36.0,1
48,24.849940780745683,1
49,36.0,1
