ID,Time,Event
0,7.707486699820366,1
1,16.399513521213013,1
2,7.596331648400758,1
3,10.298677363860737,1
4,1.6204571541138917,0
5,8.409653570978563,1
6,8.773936805902565,1
7,4.397256942635993,0
8,4.626410632576026,1
9,6.006885927466064,0
10,2.027656045970788,0
11,6.808119031285972,1
12,5.960656852013336,1
13,6.063296444187516,1
14,10.414677361520376,1
15,8.654777705070643,1
16,6.793110372120162,1
17,9.697399170230115,1
18,7.194343794746798,0
19,3.0570021317195706,0
20,1.886079182327412,0
21,5.5827719883281235,1
22,7.994939016205366,0
23,7.151484368687713,1
24,0.1666837440874138,0
25,5.925215137223712,1
26,8.436543739696594,1
27,7.5109450002971725,0
28,2.7495040552664434,0
29,3.0293745003440042,0
30,4.6510955551239626,0
31,6.399382933704867,1
32,5.326550857696625,1
33,1.4250933632887681,0
34,4.351471388923577,1
35,4.9439093213823035,0
36,8.95831737675954,1
37,10.03956369722714,1
38,10.721266837195106,1
39,2.4247331905865614,1
40,11.73088890781137,1
41,10.043178675781721,1
42,16.399513521213013,1
43,4.929982752447536,1
44,8.291040274721485,1
45,9.327976764193245,1
46,10.136037691563732,1
47,7.494203486893897,1
48,8.872423680810165,1
49,7.044356469114819,1
50,8.866307086673594,1
51,9.399184581802524,1
52,9.641523161758785,1
