ID,Time,Event
0,43.98827860968634,0
1,31.553477544355783,1
2,43.565932307535995,1
3,44.88334724718745,1
4,40.24062148375805,1
5,51.607692822656034,1
6,25.963265558978787,0
7,42.41433592213118,1
8,1.1983593192435815,0
9,8.630430119341085,0
10,68.6160954728763,0
11,16.538553972946364,1
12,5.022473760572297,1
13,74.44374649025028,0
14,21.269064455291485,1
15,69.05903225297524,1
16,22.888709097516433,0
17,24.91665935716522,1
18,36.89510688537704,1
19,51.73443001163654,1
20,26.617479681858413,0
21,36.455511127691025,1
22,6.378311047477586,0
23,53.145675265181175,1
24,17.808255338114378,0
25,16.41622994974617,1
26,44.98577109589016,1
27,70.6515245835376,1
28,29.213174254635902,1
29,62.34831430134853,1
30,50.490324189186,1
31,11.40228511128097,1
32,22.223392708138018,1
33,25.733958768779488,0
34,17.160895429226596,1
35,31.034110879544713,1
36,29.61850851717192,1
37,17.146120106904558,1
38,45.5947920278419,1
39,0.15572235971802517,0
40,2.2159773477438938,0
41,62.574691398500136,1
