ID,Time,Event
0,13.608217931234902,1
1,7.594397561510067,0
2,1.9280612998362014,0
3,1.0535437567704973,1
4,7.187159931994042,0
5,2.292584735783027,0
6,0.1986348899837737,0
7,6.431528335014302,0
8,13.318932686285729,1
9,9.7897069399259,0
10,10.62534134975953,0
11,0.16157709328458092,0
12,7.8283791911226315,0
13,2.1596229225565593,1
14,13.718043030693558,0
15,8.131705442643346,1
16,6.154316908828499,0
17,13.24767243569657,0
18,9.914756511329715,0
19,11.461854305337145,0
20,1.6162110868469919,0
21,7.039515659540864,1
22,12.73468867885812,0
23,13.060509649430045,0
24,1.5556388565539867,0
25,11.593744806758423,1
26,22.027879847599777,0
27,22.4219584232461,1
28,13.78984775857732,1
29,6.0138436967288715,0
30,13.801580974932282,1
31,11.053069368155636,0
32,7.4322373617548125,1
33,11.466625314068803,0
34,9.419059703262883,0
35,8.969185358447358,0
36,12.739390320107676,1
37,7.25356868056031,0
38,11.945244453872094,0
39,5.643064203449274,0
40,5.69751227971326,0
41,10.600276279328796,1
42,13.467744691429381,1
